event,h_km,payload,phase_deg,ctrl,seed,completion_event_h,full_rms,full_maxabs,full_min_x,full_fuel_g,full_minA,full_minE,full_n_floor_viol,full_drag_imp,full_thr_imp,full_E_start_Wh,full_E_end_Wh,full_x_end,full_mean_gen_loss,full_max_slack,full_max_slack_x_m,full_max_slack_E_Wh,full_max_slack_T_mN,full_u_sat_frac,full_n_area_floor_viol,full_forced_fallback_steps,full_missing_measurement_steps,full_unserved_bus_Wh,full_n_energy_floor_viol,full_n_physical_battery_floor,full_powered_regime_valid,full_qp_attempts_all,full_qp_failures_all,full_max_qp_violation,full_max_kkt_scaled,full_max_complementarity,full_loop_med_ms,full_loop_p99_ms,full_loop_max_ms,event_window_rms,event_window_maxabs,event_window_min_x,event_window_fuel_g,event_window_minA,event_window_minE,event_window_n_floor_viol,event_window_drag_imp,event_window_thr_imp,event_window_E_start_Wh,event_window_E_end_Wh,event_window_x_end,event_window_mean_gen_loss,event_window_max_slack,event_window_max_slack_x_m,event_window_max_slack_E_Wh,event_window_max_slack_T_mN,event_window_u_sat_frac,event_window_n_area_floor_viol,event_window_forced_fallback_steps,event_window_missing_measurement_steps,event_window_unserved_bus_Wh,event_window_n_energy_floor_viol,event_window_n_physical_battery_floor,event_window_powered_regime_valid,event_window_qp_attempts_all,event_window_qp_failures_all,event_window_max_qp_violation,event_window_max_kkt_scaled,event_window_max_complementarity,event_window_loop_med_ms,event_window_loop_p99_ms,event_window_loop_max_ms,before_recovery_rms,before_recovery_maxabs,before_recovery_min_x,before_recovery_fuel_g,before_recovery_minA,before_recovery_minE,before_recovery_n_floor_viol,before_recovery_drag_imp,before_recovery_thr_imp,before_recovery_E_start_Wh,before_recovery_E_end_Wh,before_recovery_x_end,before_recovery_mean_gen_loss,before_recovery_max_slack,before_recovery_max_slack_x_m,before_recovery_max_slack_E_Wh,before_recovery_max_slack_T_mN,before_recovery_u_sat_frac,before_recovery_n_area_floor_viol,before_recovery_forced_fallback_steps,before_recovery_missing_measurement_steps,before_recovery_unserved_bus_Wh,before_recovery_n_energy_floor_viol,before_recovery_n_physical_battery_floor,before_recovery_powered_regime_valid,before_recovery_qp_attempts_all,before_recovery_qp_failures_all,before_recovery_max_qp_violation,before_recovery_max_kkt_scaled,before_recovery_max_complementarity,before_recovery_loop_med_ms,before_recovery_loop_p99_ms,before_recovery_loop_max_ms,recovery_rms,recovery_maxabs,recovery_min_x,recovery_fuel_g,recovery_minA,recovery_minE,recovery_n_floor_viol,recovery_drag_imp,recovery_thr_imp,recovery_E_start_Wh,recovery_E_end_Wh,recovery_x_end,recovery_mean_gen_loss,recovery_max_slack,recovery_max_slack_x_m,recovery_max_slack_E_Wh,recovery_max_slack_T_mN,recovery_u_sat_frac,recovery_n_area_floor_viol,recovery_forced_fallback_steps,recovery_missing_measurement_steps,recovery_unserved_bus_Wh,recovery_n_energy_floor_viol,recovery_n_physical_battery_floor,recovery_powered_regime_valid,recovery_qp_attempts_all,recovery_qp_failures_all,recovery_max_qp_violation,recovery_max_kkt_scaled,recovery_max_complementarity,recovery_loop_med_ms,recovery_loop_p99_ms,recovery_loop_max_ms,full_solve_med_ms,full_solve_p99_ms,full_solve_max_ms,event_window_solve_med_ms,event_window_solve_p99_ms,event_window_solve_max_ms,before_recovery_solve_med_ms,before_recovery_solve_p99_ms,before_recovery_solve_max_ms,recovery_solve_med_ms,recovery_solve_p99_ms,recovery_solve_max_ms
Feb2022,400.0,False,0.0,pid_lowdrag_preview,0,96.0,1.2412032966505002,4.862901778891683,-4.336439116857946,28.44937459385466,6.865544563718827,1126.6208062955911,0,502.21369400479165,502.1875068494874,1350.0,1500.0,-1.5406584301963449,0.2456992292297866,0.0,0.0,0.0,0.0,0.0,0,0,0,0.0,0,0,True,0,0,,,,0.160266499960926,0.4064341501020859,0.804123000079926,1.229037704141907,4.862901778891683,-3.874682274647057,17.98837327504621,6.865544563718827,1132.7824329606754,0,317.4964276711304,317.5302253999188,1284.3161860452176,1211.663939100462,1.1135959913954139,0.3147895426389856,0.0,0.0,0.0,0.0,0.0,0,0,0,0.0,0,0,True,0,0,,,,0.16305099995861383,0.4136879900238451,0.804123000079926,1.2024462865844345,4.862901778891683,-3.874682274647057,20.52212468110049,6.865544563718827,1132.7824329606754,0,362.24539356940846,362.2559292070467,1350.0,1211.663939100462,1.1135959913954139,0.3157141879802432,0.0,0.0,0.0,0.0,0.0,0,0,0,0.0,0,0,True,0,0,,,,0.16305099995861383,0.4136879900238451,0.804123000079926,1.3682344659633003,4.336439116857946,-4.336439116857946,7.927249912754171,8.636015156123575,1126.6208062955911,0,139.96830043538318,139.93157764244074,1211.663939100462,1500.0,-1.5406584301963449,0.0006468736031881583,0.0,0.0,0.0,0.0,0.0,0,0,0,0.0,0,0,True,0,0,,,,0.160266499960926,0.4064341501020859,0.804123000079926,,,,,,,,,,,,
Feb2022,400.0,False,0.0,pid_lowdrag_preview,1,96.0,1.2660430466623265,5.449443180114031,-4.782496408559382,28.477791089145107,6.854847543773959,1125.9435495028379,0,502.31793267937763,502.6891139718561,1350.0,1500.0,-1.513030274771154,0.24561832789999294,0.0,0.0,0.0,0.0,0.0,0,0,0,0.0,0,0,True,0,0,,,,0.16842399998040491,0.4911311499654393,1.4942539999083237,1.2805185571883186,5.449443180114031,-4.782496408559382,18.00253665802986,6.860907123387912,1130.4833577495936,0,317.57327455182815,317.7802370114424,1284.181199294942,1210.3842373752386,0.18600669782608747,0.3146534622317714,0.0,0.0,0.0,0.0,0.0,0,0,0,0.0,0,0,True,0,0,,,,0.16880949999631412,0.5100009900979774,1.3394300001436932,1.2342678134321492,5.449443180114031,-4.782496408559382,20.538838649472208,6.854847543773959,1130.4833577495936,0,362.3438746359875,362.5509636753231,1350.0,1210.3842373752386,0.18600669782608747,0.3156289046589874,0.0,0.0,0.0,0.0,0.0,0,0,0,0.0,0,0,True,0,0,,,,0.16880949999631412,0.5100009900979774,1.3394300001436932,1.3714710564018795,4.148045368492603,-4.148045368492603,7.938952439672899,8.759668895902848,1125.9435495028379,0,139.97405804339013,140.138150296533,1210.3842373752386,1500.0,-1.513030274771154,0.0005813092435124068,0.0,0.0,0.0,0.0,0.0,0,0,0,0.0,0,0,True,0,0,,,,0.16842399998040491,0.4911311499654393,1.4942539999083237,,,,,,,,,,,,
Feb2022,400.0,False,0.0,pid_lowdrag_preview,2,96.0,1.2650012695989659,4.319003409706056,-4.319003409706056,28.440239053707025,6.847836188675251,1126.6974241073792,0,502.3316644605139,502.02624656886326,1350.0,1500.0,-0.8262658277526498,0.24563833305708394,0.0,0.0,0.0,0.0,0.0,0,0,0,0.0,0,0,True,0,0,,,,0.15826300000298943,0.33700939989102946,1.2480919999688922,1.2837495570323958,4.319003409706056,-4.319003409706056,17.979909795462156,6.847836188675251,1131.6059414605545,0,317.59647094973815,317.3808283122036,1283.489837864207,1215.3963974098647,-0.558161853812635,0.31467416579682206,0.0,0.0,0.0,0.0,0.0,0,0,0,0.0,0,0,True,0,0,,,,0.1582239999606827,0.3069608999999208,1.2480919999688922,1.255502638101475,4.319003409706056,-4.319003409706056,20.516438775668547,6.847836188675251,1131.6059414605545,0,362.36614420327834,362.1555617749375,1350.0,1215.3963974098647,-0.558161853812635,0.31563001140023594,0.0,0.0,0.0,0.0,0.0,0,0,0,0.0,0,0,True,0,0,,,,0.1582239999606827,0.3069608999999208,1.2480919999688922,1.2976990769867667,3.671984465792775,-3.460164367221296,7.9238002780384775,8.612940727376978,1126.6974241073792,0,139.96552025723554,139.87068479392576,1215.3963974098647,1500.0,-0.8262658277526498,0.0006674588560515726,0.0,0.0,0.0,0.0,0.0,0,0,0,0.0,0,0,True,0,0,,,,0.15826300000298943,0.33700939989102946,1.2480919999688922,,,,,,,,,,,,
Feb2022,400.0,False,0.0,pid_lowdrag_preview,3,96.0,1.270176120313989,5.416857467964292,-4.178278129547834,28.457555851866406,6.84991435531076,1126.8725863846134,0,502.334330480087,502.3319221704718,1350.0,1500.0,1.3477807575836778,0.24561738687399715,0.0,0.0,0.0,0.0,0.0,0,0,0,0.0,0,0,True,0,0,,,,0.1601510000455164,0.42742629995018416,0.7769119999920804,1.264255337809462,5.416857467964292,-3.412020994350314,18.008005539824218,6.858816447089825,1129.72758048031,0,317.58625310149694,317.87677354881157,1285.5868041758667,1213.227251227337,0.6109119057655334,0.31467945653575446,0.0,0.0,0.0,0.0,0.0,0,0,0,0.0,0,0,True,0,0,,,,0.16056249990015203,0.4125731801150311,0.7769119999920804,1.2494867737339026,5.416857467964292,-4.178278129547834,20.531509632056505,6.84991435531076,1129.72758048031,0,362.36499885387417,362.4215920797731,1350.0,1213.227251227337,0.6109119057655334,0.3156119404844201,0.0,0.0,0.0,0.0,0.0,0,0,0,0.0,0,0,True,0,0,,,,0.16056249990015203,0.4125731801150311,0.7769119999920804,1.3400757451337173,4.028325580060482,-4.028325580060482,7.926046219809901,8.646922664978554,1126.8725863846134,0,139.9693316262128,139.91033009069866,1213.227251227337,1500.0,1.3477807575836778,0.000636449237517045,0.0,0.0,0.0,0.0,0.0,0,0,0,0.0,0,0,True,0,0,,,,0.1601510000455164,0.42742629995018416,0.7769119999920804,,,,,,,,,,,,
Feb2022,400.0,False,0.0,pid_lowdrag_preview,4,96.0,1.3223431253286428,5.700528172776103,-3.7061534551903605,28.465537349251296,6.852113334280283,1126.2292286341146,0,502.30057051083975,502.47281132285764,1350.0,1500.0,1.5389364836737514,0.24569588918278418,0.0,0.0,0.0,0.0,0.0,0,0,0,0.0,0,0,True,0,0,,,,0.1594105000322088,0.43090965000374115,2.404952000006233,1.2645373346833566,5.700528172776103,-3.5229327343404293,17.988209996156733,6.8564188582273395,1129.9145647818452,0,317.5663951989158,317.52734320585705,1283.7678084158908,1213.744895360206,0.05637685675173998,0.314777673487046,0.0,0.0,0.0,0.0,0.0,0,0,0,0.0,0,0,True,0,0,,,,0.15962049997142458,0.41030194000313686,0.7276620001448464,1.2418611950179872,5.700528172776103,-3.5229327343404293,20.51817278744125,6.852113334280283,1129.9145647818452,0,362.3327856921101,362.1861704987276,1350.0,1213.744895360206,0.05637685675173998,0.3157086220938623,0.0,0.0,0.0,0.0,0.0,0,0,0,0.0,0,0,True,0,0,,,,0.15962049997142458,0.41030194000313686,0.7276620001448464,1.5719076747848117,5.068505346775055,-3.7061534551903605,7.947364561810044,8.631077941856775,1126.2292286341146,0,139.96778481872963,140.28664082413002,1213.744895360206,1500.0,1.5389364836737514,0.0006513239940115767,0.0,0.0,0.0,0.0,0.0,0,0,0,0.0,0,0,True,0,0,,,,0.1594105000322088,0.43090965000374115,2.404952000006233,,,,,,,,,,,,
Feb2022,400.0,False,0.0,swmpc,0,96.0,1.1975711275548666,4.537740096449852,-4.345593034289777,28.62359824701947,6.334943981536803,1126.6208204042707,0,505.28908665108617,505.2628975484343,1350.0,1500.0,-1.5406602267175913,0.21044405223939677,34.465759538898176,0.0,1.2040557034408184e-14,34.465759538898176,0.0,0,0,0,0.0,0,0,True,1008,0,2.3247759553913897e-11,1.8994664353803847e-13,1.4668660913279399e-10,0.7006319999618427,1.2396136501024544,4.16604399993048,1.1600053832486543,4.537740096449852,-3.211756314150989,18.114623224603942,6.348087649167994,1129.3666160436476,0,319.87969524607166,319.7587857220093,1327.1244455753717,1210.5961259980165,0.5823622597381473,0.27138908160020714,34.44133087085017,0.0,1.2040557034408184e-14,34.44133087085017,0.0,0,0,0,0.0,0,0,True,1008,0,2.3247759553913897e-11,1.8994664353803847e-13,1.4668660913279399e-10,0.7210725000277307,1.0904683199828467,3.695058000175777,1.1441535735178205,4.537740096449852,-3.211756314150989,20.692884690247954,6.334943981536803,1129.3666160436476,0,365.2644595022706,365.2701797657134,1350.0,1210.5961259980165,0.5823622597381473,0.27056230213139665,34.465759538898176,0.0,1.2040557034408184e-14,34.465759538898176,0.0,0,0,0,0.0,0,0,True,1008,0,2.3247759553913897e-11,1.8994664353803847e-13,1.4668660913279399e-10,0.7210725000277307,1.0904683199828467,3.695058000175777,1.36820642657132,4.345593034289777,-4.345593034289777,7.930713556771515,9.930470769516646,1126.6208204042707,0,140.02462714881557,139.9927177827209,1210.5961259980165,1500.0,-1.5406602267175913,3.0177617397431078e-05,0.0,0.0,0.0,0.0,0.0,0,0,0,0.0,0,0,True,1008,0,2.3247759553913897e-11,1.8994664353803847e-13,1.4668660913279399e-10,0.7006319999618427,1.2396136501024544,4.16604399993048,0.26307650000489957,0.46830353997393015,0.8468270000321354,0.26307650000489957,0.46830353997393015,0.8468270000321354,0.26307650000489957,0.46830353997393015,0.8468270000321354,0.26307650000489957,0.46830353997393015,0.8468270000321354
Feb2022,400.0,False,0.0,swmpc,1,96.0,1.1513530169392086,4.148056246340275,-4.148056246340275,28.64904648393306,6.377007923235565,1125.9557685049344,0,505.3409299607702,505.71210906299467,1350.0,1500.0,-1.5130298864096403,0.2103547890573838,34.47868313518439,0.0,1.5742737524586693e-14,34.47868313518439,0.0,0,0,0,0.0,0,0,True,1008,0,2.985202624147967e-11,1.6916817891498551e-13,1.3854661821614263e-10,0.703025500001786,1.1550586001931147,3.226667000035377,1.1220968868664685,3.615428934805095,-3.3948667775839567,18.111382877283923,6.40193031133999,1129.837882351266,0,319.81415891598925,319.701587208329,1325.6365792224653,1210.4677580682803,0.46358929108828306,0.27174247058773326,34.42520050482014,0.0,1.5742737524586693e-14,34.42520050482014,0.0,0,0,0,0.0,0,0,True,1008,0,2.985202624147967e-11,1.6916817891498551e-13,1.3854661821614263e-10,0.7313130000738965,1.1701539100408807,3.226667000035377,1.0812130425515705,3.615428934805095,-3.3948667775839567,20.697701343332696,6.377007923235565,1129.837882351266,0,365.3166971801255,365.3552031814679,1350.0,1210.4677580682803,0.46358929108828306,0.2704468124840217,34.47868313518439,0.0,1.5742737524586693e-14,34.47868313518439,0.0,0,0,0,0.0,0,0,True,1008,0,2.985202624147967e-11,1.6916817891498551e-13,1.3854661821614263e-10,0.7313130000738965,1.1701539100408807,3.226667000035377,1.3688265819397636,4.148056246340275,-4.148056246340275,7.951345140600363,9.924642924195721,1125.9557685049344,0,140.0242327806447,140.35690588152676,1210.4677580682803,1500.0,-1.5130298864096403,3.2707064151149545e-05,0.0,0.0,0.0,0.0,0.0,0,0,0,0.0,0,0,True,1008,0,2.985202624147967e-11,1.6916817891498551e-13,1.3854661821614263e-10,0.703025500001786,1.1550586001931147,3.226667000035377,0.26943149998714944,0.4962823800883596,2.467892000140637,0.26943149998714944,0.4962823800883596,2.467892000140637,0.26943149998714944,0.4962823800883596,2.467892000140637,0.26943149998714944,0.4962823800883596,2.467892000140637
Feb2022,400.0,False,0.0,swmpc,2,96.0,1.1396146076635094,3.9563870057463646,-3.4601885182783008,28.621857581970705,6.288292644776206,1126.6974255891498,0,505.537591630374,505.2321713812185,1350.0,1500.0,-0.8262669621035457,0.20985472287982054,34.46725683350663,0.0,1.3479981796439034e-14,34.46725683350663,0.0,0,0,0,0.0,0,0,True,1008,0,2.3280805384860956e-11,1.8907835091520055e-13,1.2229060272652206e-10,0.7057094999254332,1.445290450021715,12.420713999972577,1.1200106072101954,3.9563870057463646,-3.0067487293854356,18.11571005744494,6.288292644776206,1129.13014401997,0,320.06337301991806,319.7779704627143,1327.9491907688462,1212.8789486438293,-0.17479357216507196,0.27070884366180004,34.43706608350738,0.0,1.3479981796439034e-14,34.43706608350738,0.0,0,0,0,0.0,0,0,True,1008,0,2.3280805384860956e-11,1.8907835091520055e-13,1.2229060272652206e-10,0.736150499960786,1.808834259936701,12.420713999972577,1.0891268995344152,3.9563870057463646,-3.0067487293854356,20.69801220412098,6.288292644776206,1129.13014401997,0,365.5141001191113,365.36069048677547,1350.0,1212.8789486438293,-0.17479357216507196,0.2698042617391747,34.46725683350663,0.0,1.3479981796439034e-14,34.46725683350663,0.0,0,0,0,0.0,0,0,True,1008,0,2.3280805384860956e-11,1.8907835091520055e-13,1.2229060272652206e-10,0.736150499960786,1.808834259936701,12.420713999972577,1.3009825638674704,3.6696609910577536,-3.4601885182783008,7.923845377849723,9.927799846725158,1126.6974255891498,0,140.0234915112627,139.87148089444304,1212.8789486438293,1500.0,-0.8262669621035457,3.133687208112246e-05,0.0,0.0,0.0,0.0,0.0,0,0,0,0.0,0,0,True,1008,0,2.3280805384860956e-11,1.8907835091520055e-13,1.2229060272652206e-10,0.7057094999254332,1.445290450021715,12.420713999972577,0.2704580000454371,0.5820237500211071,11.748199000066961,0.2704580000454371,0.5820237500211071,11.748199000066961,0.2704580000454371,0.5820237500211071,11.748199000066961,0.2704580000454371,0.5820237500211071,11.748199000066961
Feb2022,400.0,False,0.0,swmpc,3,96.0,1.1729479839449788,4.030378334224224,-4.030378334224224,28.63908832605305,6.365725494990103,1126.87251370973,0,505.53873898078837,505.53632795883476,1350.0,1500.0,1.34778225235641,0.2099136021511191,34.49638608641432,0.0,1.143909551076949e-14,34.49638608641432,0.0,0,0,0,0.0,0,0,True,1008,0,2.2869338547154817e-11,1.866119601273054e-13,1.3043587231901364e-10,0.6971965001412173,1.0095720499407428,1.27332099987143,1.138639025245815,3.094308187253773,-3.070474736392498,18.139719076834727,6.402279913155359,1127.848550797774,0,320.06033852225573,320.20177695271116,1325.8585307393485,1211.2967007956206,0.9884719615802169,0.2708118200024141,34.44106145307933,0.0,1.143909551076949e-14,34.44106145307933,0.0,0,0,0,0.0,0,0,True,1008,0,2.2869338547154817e-11,1.866119601273054e-13,1.3043587231901364e-10,0.7209379999721932,1.0285357301131626,1.27332099987143,1.1207617952879116,3.333013220690191,-3.333013220690191,20.70965492606974,6.365725494990103,1127.848550797774,0,365.5140813874839,365.56620746533196,1350.0,1211.2967007956206,0.9884719615802169,0.2698799726650578,34.49638608641432,0.0,1.143909551076949e-14,34.49638608641432,0.0,0,0,0,0.0,0,0,True,1008,0,2.2869338547154817e-11,1.866119601273054e-13,1.3043587231901364e-10,0.7209379999721932,1.0285357301131626,1.27332099987143,1.3396853632339263,4.030378334224224,-4.030378334224224,7.92943339998331,9.927872468224052,1126.87251370973,0,140.02465759330448,139.9701204935028,1211.2967007956206,1500.0,1.34778225235641,3.1305352333310665e-05,0.0,0.0,0.0,0.0,0.0,0,0,0,0.0,0,0,True,1008,0,2.2869338547154817e-11,1.866119601273054e-13,1.3043587231901364e-10,0.6971965001412173,1.0095720499407428,1.27332099987143,0.2610385000707538,0.4182079899487682,0.5674160001944983,0.2610385000707538,0.4182079899487682,0.5674160001944983,0.2610385000707538,0.4182079899487682,0.5674160001944983,0.2610385000707538,0.4182079899487682,0.5674160001944983
Feb2022,400.0,False,0.0,swmpc,4,96.0,1.2287075879267013,5.045865887776017,-3.7061557732522488,28.643440657566064,6.371850889722422,1126.2279115448628,0,505.44091676281124,505.61315518414165,1350.0,1500.0,1.5389376133680344,0.2101131418124067,34.47538978018296,0.0,1.4363758492350984e-14,34.47538978018296,0.0,0,0,0,0.0,0,0,True,1008,0,2.280139249670996e-11,1.80189768677776e-13,1.3858073835146597e-10,0.7027499998457643,1.0600440999269263,2.4587079999491834,1.107304314756769,4.0460850754752755,-2.5884651010856032,18.12703979175091,6.374907308108493,1128.3712219363674,0,319.95977924146973,319.9779625927939,1324.1378615399178,1211.3376081992815,1.3592082494869828,0.2712016961760343,34.44766090349078,0.0,1.4363758492350984e-14,34.44766090349078,0.0,0,0,0,0.0,0,0,True,1008,0,2.280139249670996e-11,1.80189768677776e-13,1.3858073835146597e-10,0.7277275001342787,1.1149479998402947,2.4587079999491834,1.1112193441164329,4.0460850754752755,-3.189855140633881,20.704169200083964,6.371850889722422,1128.3712219363674,0,365.4167305726029,365.4693735948068,1350.0,1211.3376081992815,1.3592082494869828,0.2701359410321408,34.47538978018296,0.0,1.4363758492350984e-14,34.47538978018296,0.0,0,0,0,0.0,0,0,True,1008,0,2.280139249670996e-11,1.80189768677776e-13,1.3858073835146597e-10,0.7277275001342787,1.1149479998402947,2.4587079999491834,1.572234399586777,5.045865887776017,-3.7061557732522488,7.9392714574821,9.923174172150574,1126.2279115448628,0,140.02418619020835,140.14378158933482,1211.3376081992815,1500.0,1.5389376133680344,3.334454333747683e-05,0.0,0.0,0.0,0.0,0.0,0,0,0,0.0,0,0,True,1008,0,2.280139249670996e-11,1.80189768677776e-13,1.3858073835146597e-10,0.7027499998457643,1.0600440999269263,2.4587079999491834,0.26201549997040274,0.5407323401163919,1.5839289999348694,0.26201549997040274,0.5407323401163919,1.5839289999348694,0.26201549997040274,0.5407323401163919,1.5839289999348694,0.26201549997040274,0.5407323401163919,1.5839289999348694
Feb2022,400.0,False,0.0,swmpc_nosw,0,96.0,1.079536048574177,3.8873897194862366,-3.8873897194862366,28.63705879624592,6.321325223779604,1126.8350176666008,0,505.5370322043069,505.50050275956966,1350.0,1500.0,-1.4271922716870904,0.2096715712196674,34.465759538898176,0.0,1.160104270344051e-14,34.465759538898176,0.0,0,0,0,0.0,0,0,True,1008,0,4.373901183536854e-11,1.9420884491841804e-13,1.3850316575878006e-10,0.7100310000396348,1.0968695999736155,3.0538869998508744,1.0136524614231386,3.2032923260703683,-2.908503854647279,18.126552338447947,6.3958340506251545,1128.9322031644722,0,320.1272158393447,319.96935808171276,1326.8048646631648,1210.6480862425417,0.4362489562481642,0.270236707408547,34.384597630113625,0.0,1.160104270344051e-14,34.384597630113625,0.0,0,0,0,0.0,0,0,True,1008,0,4.373901183536854e-11,1.9420884491841804e-13,1.3850316575878006e-10,0.7321844999523819,1.12272388993233,3.0538869998508744,1.0190407580356726,3.2032923260703683,-2.908503854647279,20.705756629473562,6.321325223779604,1128.9322031644722,0,365.51234550536907,365.49739485076816,1350.0,1210.6480862425417,0.4362489562481642,0.2695696699028809,34.465759538898176,0.0,1.160104270344051e-14,34.465759538898176,0.0,0,0,0,0.0,0,0,True,1008,0,4.373901183536854e-11,1.9420884491841804e-13,1.3850316575878006e-10,0.7321844999523819,1.12272388993233,3.0538869998508744,1.268754163692656,3.8873897194862366,-3.8873897194862366,7.931302166772358,9.934967691319951,1126.8350176666008,0,140.02468669893784,140.0031079088015,1210.6480862425417,1500.0,-1.4271922716870904,2.822582842021415e-05,0.0,0.0,0.0,0.0,0.0,0,0,0,0.0,0,0,True,1008,0,4.373901183536854e-11,1.9420884491841804e-13,1.3850316575878006e-10,0.7100310000396348,1.0968695999736155,3.0538869998508744,0.26461899994956184,0.4983243800393202,2.428051999913805,0.26461899994956184,0.4983243800393202,2.428051999913805,0.26461899994956184,0.4983243800393202,2.428051999913805,0.26461899994956184,0.4983243800393202,2.428051999913805
Feb2022,400.0,False,0.0,swmpc_nosw,1,96.0,1.0400036642203947,3.719692167825997,-3.719692167825997,28.659385743769842,6.377007923235565,1125.8908037404237,0,505.58946510446225,505.89461736745284,1350.0,1500.0,-1.4778920747339725,0.209589732668245,34.47868313518439,0.0,1.3973374063024842e-14,34.47868313518439,0.0,0,0,0,0.0,0,0,True,1008,0,2.1713391235186714e-11,1.6224077211556803e-13,1.466065031532485e-10,0.7019535000836186,1.016079349915344,1.2008409998998104,1.0087253712185038,3.438886161893606,-3.0634272284805775,18.123689591800407,6.407972858446831,1129.4343662670485,0,320.06029124055647,319.91882496377286,1325.4164664306431,1210.637249575558,0.44648062717169523,0.2706042267405153,34.38473366151992,0.0,1.3973374063024842e-14,34.38473366151992,0.0,0,0,0,0.0,0,0,True,1008,0,2.1713391235186714e-11,1.6224077211556803e-13,1.466065031532485e-10,0.72806299988315,1.0276130901434044,1.2008409998998104,0.9771084832752203,3.438886161893606,-3.0634272284805775,20.71090837009245,6.377007923235565,1129.4343662670485,0,365.5652678430459,365.5883332216209,1350.0,1210.637249575558,0.44648062717169523,0.2694634937075078,34.47868313518439,0.0,1.3973374063024842e-14,34.47868313518439,0.0,0,0,0,0.0,0,0,True,1008,0,2.1713391235186714e-11,1.6224077211556803e-13,1.466065031532485e-10,0.72806299988315,1.0276130901434044,1.2008409998998104,1.2351683443376893,3.719692167825997,-3.719692167825997,7.948477373677392,9.927264952979087,1125.8908037404237,0,140.02419726141636,140.3062841458319,1210.637249575558,1500.0,-1.4778920747339725,3.156903082490725e-05,0.0,0.0,0.0,0.0,0.0,0,0,0,0.0,0,0,True,1008,0,2.1713391235186714e-11,1.6224077211556803e-13,1.466065031532485e-10,0.7019535000836186,1.016079349915344,1.2008409998998104,0.25987200001509336,0.4657444401277638,0.5667949999406119,0.25987200001509336,0.4657444401277638,0.5667949999406119,0.25987200001509336,0.4657444401277638,0.5667949999406119,0.25987200001509336,0.4657444401277638,0.5667949999406119
Feb2022,400.0,False,0.0,swmpc_nosw,2,96.0,1.0298118888161694,3.4364526364952326,-3.123061298392713,28.636742220986342,6.379380388539191,1126.7269805560236,0,505.7636712765089,505.49491458257967,1350.0,1500.0,-0.6084245489910245,0.20914054777817648,34.46725683350663,0.0,1.5744701927460854e-14,34.46725683350663,0.0,0,0,0,0.0,0,0,True,1008,0,4.2847647715883084e-11,1.7366918456035842e-13,1.3033364871580983e-10,0.6964059999745587,0.9312311999792654,1.158798000005845,0.9976619215481974,3.4364526364952326,-2.633548367768526,18.13036826780201,6.3826757694117315,1128.6411212132234,0,320.28758728999594,320.03671675219,1327.6602991877746,1212.4764882773813,0.13531292229890823,0.2696613228293844,34.3851343253708,0.0,1.5744701927460854e-14,34.3851343253708,0.0,0,0,0,0.0,0,0,True,1008,0,4.2847647715883084e-11,1.7366918456035842e-13,1.3033364871580983e-10,0.7188800000221818,0.9667813800115252,1.158798000005845,0.982927712035324,3.4364526364952326,-2.633548367768526,20.713615695997962,6.379380388539191,1128.6411212132234,0,365.7401896442436,365.6361228572823,1350.0,1212.4764882773813,0.13531292229890823,0.2688864729345197,34.46725683350663,0.0,1.5744701927460854e-14,34.46725683350663,0.0,0,0,0,0.0,0,0,True,1008,0,4.2847647715883084e-11,1.7366918456035842e-13,1.3033364871580983e-10,0.7188800000221818,0.9667813800115252,1.158798000005845,1.1793185590660307,3.221892141737044,-3.123061298392713,7.92312652498838,9.93131837983451,1126.7269805560236,0,140.02348163226526,139.85879172529735,1212.4764882773813,1500.0,-0.6084245489910245,2.980973097466144e-05,0.0,0.0,0.0,0.0,0.0,0,0,0,0.0,0,0,True,1008,0,4.2847647715883084e-11,1.7366918456035842e-13,1.3033364871580983e-10,0.6964059999745587,0.9312311999792654,1.158798000005845,0.25863500002287765,0.41474251997897216,0.631742999985363,0.25863500002287765,0.41474251997897216,0.631742999985363,0.25863500002287765,0.41474251997897216,0.631742999985363,0.25863500002287765,0.41474251997897216,0.631742999985363
Feb2022,400.0,False,0.0,swmpc_nosw,3,96.0,1.0393537628427378,3.2355107190087438,-3.2355107190087438,28.65381294491815,6.365725494990103,1126.9244065781634,0,505.7987930784199,505.79624648931025,1350.0,1500.0,1.1597479851916432,0.20910218651548573,34.49638608641432,0.0,1.183901504632346e-14,34.49638608641432,0.0,0,0,0,0.0,0,0,True,1008,0,2.8912754244429383e-11,1.866119601273054e-13,1.3850909885783138e-10,0.7037414999331304,1.060671549964809,1.8164489999890066,0.9983283320151698,3.054388200864196,-3.054388200864196,18.153594991589028,6.439517771929253,1127.8467702813377,0,320.31552261466607,320.44671418368057,1325.6375980708076,1210.9812881099108,0.9372490104287863,0.2696136343925183,34.37863999387083,0.0,1.183901504632346e-14,34.37863999387083,0.0,0,0,0,0.0,0,0,True,1008,0,2.8912754244429383e-11,1.866119601273054e-13,1.3850909885783138e-10,0.7251734999726978,1.0981332999563154,1.8164489999890066,0.9912657773069082,3.2355107190087438,-3.2355107190087438,20.724558037089054,6.365725494990103,1127.8467702813377,0,365.7742194989435,365.8292767339554,1350.0,1210.9812881099108,0.9372490104287863,0.26883695501470173,34.49638608641432,0.0,1.183901504632346e-14,34.49638608641432,0.0,0,0,0,0.0,0,0,True,1008,0,2.8912754244429383e-11,1.866119601273054e-13,1.3850909885783138e-10,0.7251734999726978,1.0981332999563154,1.8164489999890066,1.192487171880507,3.2279180213809013,-3.2279180213809013,7.9292549078290975,9.92973544599981,1126.9244065781634,0,140.0245735794764,139.96696975535485,1210.9812881099108,1500.0,1.1597479851916432,3.0496768229415494e-05,0.0,0.0,0.0,0.0,0.0,0,0,0,0.0,0,0,True,1008,0,2.8912754244429383e-11,1.866119601273054e-13,1.3850909885783138e-10,0.7037414999331304,1.060671549964809,1.8164489999890066,0.2624005001052865,0.5026199899020866,0.7142270001168072,0.2624005001052865,0.5026199899020866,0.7142270001168072,0.2624005001052865,0.5026199899020866,0.7142270001168072,0.2624005001052865,0.5026199899020866,0.7142270001168072
Feb2022,400.0,False,0.0,swmpc_nosw,4,96.0,1.0988976081908912,4.561726313084364,-3.3832813343033195,28.65952124532764,6.371850889722422,1126.319447870412,0,505.73889618744624,505.8970092368864,1350.0,1500.0,1.367971446365118,0.20920122311582912,34.47538978018296,0.0,1.663059510426839e-14,34.47538978018296,0.0,0,0,0,0.0,0,0,True,1008,0,2.4279201888718478e-11,2.0229516686254968e-13,1.3042271424360123e-10,0.7073514999547115,1.0968276000426158,2.042090000031749,0.9780267495093494,3.6365093076601624,-3.3832813343033195,18.142839501855732,6.414316362209059,1128.6437415036587,0,320.25527153513264,320.256858601574,1323.9137207843953,1211.2002204549963,1.2202794048935175,0.26984043954113734,34.384502437011285,0.0,1.663059510426839e-14,34.384502437011285,0.0,0,0,0,0.0,0,0,True,1008,0,2.4279201888718478e-11,2.0229516686254968e-13,1.3042271424360123e-10,0.7321089999550168,1.1004651300117985,2.042090000031749,0.9982920002662823,3.6365093076601624,-3.3832813343033195,20.7208436298206,6.371850889722422,1128.6437415036587,0,365.7146626436734,365.7637101282859,1350.0,1211.2002204549963,1.2202794048935175,0.2689639403789156,34.47538978018296,0.0,1.663059510426839e-14,34.47538978018296,0.0,0,0,0,0.0,0,0,True,1008,0,2.4279201888718478e-11,2.0229516686254968e-13,1.3042271424360123e-10,0.7321089999550168,1.1004651300117985,2.042090000031749,1.395004508060703,4.561726313084364,-3.3095867736265063,7.938677615507039,9.926933950659825,1126.319447870412,0,140.02423354377282,140.1332991086005,1211.2002204549963,1500.0,1.367971446365118,3.171269502599827e-05,0.0,0.0,0.0,0.0,0.0,0,0,0,0.0,0,0,True,1008,0,2.4279201888718478e-11,2.0229516686254968e-13,1.3042271424360123e-10,0.7073514999547115,1.0968276000426158,2.042090000031749,0.264018499933627,0.47398985989957465,0.6798150000122405,0.264018499933627,0.47398985989957465,0.6798150000122405,0.264018499933627,0.47398985989957465,0.6798150000122405,0.264018499933627,0.47398985989957465,0.6798150000122405
Feb2022,400.0,False,180.0,pid_lowdrag_preview,0,96.16666666666667,1.249012994408805,4.863276328891516,-4.503630668856204,28.440025153366253,6.876717704042338,1128.4059893346366,0,502.1155425865973,502.0224708064664,1350.0,1260.0542299363667,0.3048017593100667,0.24466344945121898,0.0,0.0,0.0,0.0,0.0,0,0,0,0.0,0,0,True,0,0,,,,0.15814349990250776,0.4432016399300663,2.7951960000791587,1.2133866166165326,4.863276328891516,-4.503630668856204,17.97598986215504,6.896816212471403,1128.4059893346366,0,317.17318670760704,317.311633767065,1418.4275444531515,1424.701053806584,1.8016249043866992,0.3134635089258647,0.0,0.0,0.0,0.0,0.0,0,0,0,0.0,0,0,True,0,0,,,,0.15937549994760047,0.4256449701142625,0.7993550000264804,1.2202445157092106,4.863276328891516,-4.503630668856204,20.565676890316354,6.876717704042338,1128.4059893346366,0,362.9470331498146,363.0247114975576,1350.0,1424.701053806584,1.8016249043866992,0.31487961054032554,0.0,0.0,0.0,0.0,0.0,0,0,0,0.0,0,0,True,0,0,,,,0.15937549994760047,0.4256449701142625,0.7993550000264804,1.3442274794646767,3.6988455187529325,-3.6988455187529325,7.8743482630498995,8.709169797793324,1137.7725401275393,0,139.1685094367827,138.99775930890883,1424.701053806584,1260.0542299363667,0.3048017593100667,0.0006017584932209719,0.0,0.0,0.0,0.0,0.0,0,0,0,0.0,0,0,True,0,0,,,,0.15814349990250776,0.4432016399300663,2.7951960000791587,,,,,,,,,,,,
Feb2022,400.0,False,180.0,pid_lowdrag_preview,1,96.16666666666667,1.2397954562339404,5.016158988699317,-5.016158988699317,28.4421438484957,6.886687853992627,1130.2686586441737,0,502.13028901334764,502.0598699493308,1350.0,1259.5627237923475,0.5909203700721264,0.24455144582527866,0.0,0.0,0.0,0.0,0.0,0,0,0,0.0,0,0,True,0,0,,,,0.15778750002937159,0.34452678997695324,1.5626469999006076,1.2159495396157733,5.016158988699317,-5.016158988699317,17.974514419954186,6.905933033377263,1130.2686586441737,0,317.22324210866867,317.2855893055999,1418.1889029951158,1426.206767827838,-0.7062542149797082,0.3133067034407846,0.0,0.0,0.0,0.0,0.0,0,0,0,0.0,0,0,True,0,0,,,,0.15858900007970078,0.3325627399976832,1.5626469999006076,1.1796202171298589,5.016158988699317,-5.016158988699317,20.568871195371283,6.886687853992627,1130.2686586441737,0,362.9508683030736,363.08109727455917,1350.0,1426.206767827838,-0.7062542149797082,0.3147526322298676,0.0,0.0,0.0,0.0,0.0,0,0,0,0.0,0,0,True,0,0,,,,0.15858900007970078,0.3325627399976832,1.5626469999006076,1.4293844011664811,4.777471418492496,-4.616399517282844,7.873272653124417,8.83308473697915,1136.6253808045428,0,139.17942071027403,138.97877267477162,1426.206767827838,1259.5627237923475,0.5909203700721264,0.0005418048051898383,0.0,0.0,0.0,0.0,0.0,0,0,0,0.0,0,0,True,0,0,,,,0.15778750002937159,0.34452678997695324,1.5626469999006076,,,,,,,,,,,,
Feb2022,400.0,False,180.0,pid_lowdrag_preview,2,96.16666666666667,1.25141523695577,5.010982907377183,-4.305707837454975,28.439177852342386,6.869975910704021,1130.6161487244144,0,502.1291262220346,502.00751427420835,1350.0,1260.3597100449952,-1.030676861293614,0.2445407541344391,0.0,0.0,0.0,0.0,0.0,0,0,0,0.0,0,0,True,0,0,,,,0.167747999967105,0.4363303201375856,3.4028619998025533,1.2395373106877408,4.305707837454975,-4.305707837454975,17.957346738225297,6.896109080584263,1130.6161487244144,0,317.21158585970835,316.9825459027515,1418.7525194178452,1423.5141087396942,-0.9466119203716516,0.3132472605466613,0.0,0.0,0.0,0.0,0.0,0,0,0,0.0,0,0,True,0,0,,,,0.17194450003898964,0.43830291999711285,3.4028619998025533,1.2228470187691707,4.305707837454975,-4.305707837454975,20.550532900037613,6.869975910704021,1130.6161487244144,0,362.96333067236435,362.75739023547766,1350.0,1423.5141087396942,-0.9466119203716516,0.3147184881510917,0.0,0.0,0.0,0.0,0.0,0,0,0,0.0,0,0,True,0,0,,,,0.17194450003898964,0.43830291999711285,3.4028619998025533,1.34600606356792,5.010982907377183,-3.2819666173309088,7.888644952304773,8.686744561208021,1137.920372558068,0,139.16579554967024,139.2501240387307,1423.5141087396942,1260.3597100449952,-1.030676861293614,0.0006126303800058075,0.0,0.0,0.0,0.0,0.0,0,0,0,0.0,0,0,True,0,0,,,,0.167747999967105,0.4363303201375856,3.4028619998025533,,,,,,,,,,,,
Feb2022,400.0,False,180.0,pid_lowdrag_preview,3,96.16666666666667,1.2512744456275504,6.598638227209449,-3.9176285061985254,28.438387653293756,6.8893572726035135,1130.421533372947,0,502.1617595419118,501.9935657043198,1350.0,1263.359267837244,-1.2207084288820624,0.24453317075703862,0.0,0.0,0.0,0.0,0.0,0,0,0,0.0,0,0,True,0,0,,,,0.15978099997937534,0.6994734699742222,1.6457719998470566,1.2347879209491117,6.598638227209449,-3.9176285061985254,17.98302793087934,6.9000726311124225,1130.421533372947,0,317.24409672931637,317.43586954504815,1418.6767789734859,1426.4760834554852,-1.1046063220128417,0.31327250727429456,0.0,0.0,0.0,0.0,0.0,0,0,0,0.0,0,0,True,0,0,,,,0.162560500143627,1.2643534699873265,1.6457719998470566,1.2184514961116748,6.598638227209449,-3.9176285061985254,20.566629063404143,6.8893572726035135,1130.421533372947,0,362.9826803152919,363.041519228342,1350.0,1426.4760834554852,-1.1046063220128417,0.31472800460538175,0.0,0.0,0.0,0.0,0.0,0,0,0,0.0,0,0,True,0,0,,,,0.162560500143627,1.2643534699873265,1.6457719998470566,1.3592107795288328,3.7973220562562346,-3.587453270331025,7.8717585898896125,8.82520607613513,1137.5430376983752,0,139.17907922661993,138.9520464759778,1426.4760834554852,1263.359267837244,-1.2207084288820624,0.000545610346246006,0.0,0.0,0.0,0.0,0.0,0,0,0,0.0,0,0,True,0,0,,,,0.15978099997937534,0.6994734699742222,1.6457719998470566,,,,,,,,,,,,
Feb2022,400.0,False,180.0,pid_lowdrag_preview,4,96.16666666666667,1.3344202934727818,5.6531364638358355,-5.513669526204467,28.45191321947339,6.889341233034615,1130.2218588758972,0,502.2015093524529,502.2323185927478,1350.0,1260.9459108805959,0.5071411058306694,0.24443639465432754,0.0,0.0,0.0,0.0,0.0,0,0,0,0.0,0,0,True,0,0,,,,0.16604100005679356,0.4442076101827296,2.2592469999835885,1.2709369382450781,4.714549090713263,-4.311411662958562,17.966946197057727,6.900939383299212,1130.2218588758972,0,317.269229205372,317.15199526207886,1418.1890901544625,1425.1300308264606,-0.617663973942399,0.313154784636552,0.0,0.0,0.0,0.0,0.0,0,0,0,0.0,0,0,True,0,0,,,,0.16704199993000657,0.44308566016979894,0.5619880000722333,1.2548235421460476,4.714549090713263,-4.311411662958562,20.553073149805947,6.889341233034615,1130.2218588758972,0,363.03381031121995,362.80223064818176,1350.0,1425.1300308264606,-0.617663973942399,0.31458540609679675,0.0,0.0,0.0,0.0,0.0,0,0,0,0.0,0,0,True,0,0,,,,0.16704199993000657,0.44308566016979894,0.5619880000722333,1.5802014729501088,5.6531364638358355,-5.513669526204467,7.898840069667443,8.696074056661022,1136.7527155254015,0,139.16769904123294,139.43008794456603,1425.1300308264606,1260.9459108805959,0.5071411058306694,0.0006081066060209528,0.0,0.0,0.0,0.0,0.0,0,0,0,0.0,0,0,True,0,0,,,,0.16604100005679356,0.4442076101827296,2.2592469999835885,,,,,,,,,,,,
Feb2022,400.0,False,180.0,swmpc,0,96.16666666666667,1.1868245410477956,3.777447497472167,-3.777447497472167,28.57210090949637,5.852459847123454,1127.7642005117543,0,504.44694151810506,504.3538680914057,1350.0,1260.0542301787652,0.3048023357987404,0.21182370920412563,34.469914742268564,0.0,1.2771844311429952e-14,34.469914742268564,0.0,0,0,0,0.0,0,0,True,1008,0,3.388107330575111e-11,1.5318661735575448e-13,3.024261674659904e-10,0.7173364999744081,1.315539859858745,2.495753999937733,1.1605176943797275,3.777447497472167,-3.777447497472167,18.1219702074574,6.389793671540776,1127.7642005117543,0,319.71280782259294,319.88847444293367,1418.191106228835,1418.5643605577027,1.5100004253908992,0.2706322970861109,34.41117348977979,0.0,1.2771844311429952e-14,34.41117348977979,0.0,0,0,0,0.0,0,0,True,1008,0,3.388107330575111e-11,1.5318661735575448e-13,3.024261674659904e-10,0.7490040001130183,1.3515843698451122,2.495753999937733,1.1376158248662254,3.777447497472167,-3.777447497472167,20.705491325367827,5.852459847123454,1127.7642005117543,0,365.37941127817,365.492711710655,1350.0,1418.5643605577027,1.5100004253908992,0.27242238968986165,34.469914742268564,0.0,1.2771844311429952e-14,34.469914742268564,0.0,0,0,0,0.0,0,0,True,1008,0,3.388107330575111e-11,1.5318661735575448e-13,3.024261674659904e-10,0.7490040001130183,1.3515843698451122,2.495753999937733,1.3439237592739357,3.69884692505002,-3.69884692505002,7.866609584128543,8.020796614719476,1137.772547426897,0,139.06753023993508,138.86115638075069,1418.5643605577027,1260.0542301787652,0.3048023357987404,0.0011910542743954755,0.0,0.0,0.0,0.0,0.0,0,0,0,0.0,0,0,True,1008,0,3.388107330575111e-11,1.5318661735575448e-13,3.024261674659904e-10,0.7173364999744081,1.315539859858745,2.495753999937733,0.27066350003224215,0.6305217599106032,1.7035089999808406,0.27066350003224215,0.6305217599106032,1.7035089999808406,0.27066350003224215,0.6305217599106032,1.7035089999808406,0.27066350003224215,0.6305217599106032,1.7035089999808406
Feb2022,400.0,False,180.0,swmpc,1,96.16666666666667,1.1975976188242956,4.776223096065223,-4.616399273276329,28.568460944034854,5.883985506048742,1129.6568571607381,0,504.3600365713202,504.28961553027693,1350.0,1259.5627242894648,0.5909208124503493,0.21210604505626895,34.44651362476283,0.0,1.1984801278838445e-14,34.44651362476283,0.0,0,0,0,0.0,0,0,True,1008,0,4.207844203145799e-11,1.6451474741830503e-13,2.0993384011949041e-10,0.6895100000292587,0.9042301700173988,2.566710000110106,1.147338336104403,3.673516372218728,-3.673516372218728,18.122364525214195,6.490504624027896,1129.6568571607381,0,319.72312028068075,319.895434928146,1418.239654276517,1419.3281742614136,1.2941465452313423,0.2706292366883589,34.42524930754628,0.0,1.1984801278838445e-14,34.42524930754628,0.0,0,0,0,0.0,0,0,True,1008,0,4.207844203145799e-11,1.6451474741830503e-13,2.0993384011949041e-10,0.7078574999468401,0.9590857299099288,2.566710000110106,1.1221083373394738,3.673516372218728,-3.673516372218728,20.70304361686491,5.883985506048742,1129.6568571607381,0,365.28943825582576,365.4495048335916,1350.0,1419.3281742614136,1.2941465452313423,0.2727913317370294,34.44651362476283,0.0,1.1984801278838445e-14,34.44651362476283,0.0,0,0,0,0.0,0,0,True,1008,0,4.207844203145799e-11,1.6451474741830503e-13,2.0993384011949041e-10,0.7078574999468401,0.9590857299099288,2.566710000110106,1.4293034906023163,4.776223096065223,-4.616399273276329,7.8654173271699435,8.041512547840217,1136.6253806550856,0,139.07059831549446,138.84011069668531,1419.3281742614136,1259.5627242894648,0.5909208124503493,0.0011723589383156874,0.0,0.0,0.0,0.0,0.0,0,0,0,0.0,0,0,True,1008,0,4.207844203145799e-11,1.6451474741830503e-13,2.0993384011949041e-10,0.6895100000292587,0.9042301700173988,2.566710000110106,0.2566720000913847,0.3916851600729387,2.049210999985007,0.2566720000913847,0.3916851600729387,2.049210999985007,0.2566720000913847,0.3916851600729387,2.049210999985007,0.2566720000913847,0.3916851600729387,2.049210999985007
Feb2022,400.0,False,180.0,swmpc,2,96.16666666666667,1.211481191381765,5.032468058168888,-3.6292198300361633,28.56826351649592,5.940278177897364,1128.249357603257,0,504.4077446496419,504.28613054527625,1350.0,1260.359710417581,-1.0306772831827402,0.2118895454977331,34.45309061924392,0.0,1.2129404842987816e-14,34.45309061924392,0.0,0,0,0,0.0,0,0,True,1008,0,2.2818502777385105e-11,2.096042853408317e-13,2.7573121027455826e-10,0.6970155000090017,1.103081790017768,2.0317940000040835,1.1985348354355512,3.6292198300361633,-3.6292198300361633,18.102929318743264,6.416623890456376,1128.249357603257,0,319.66542521978874,319.55236524657437,1417.9734726902564,1419.7345071929908,0.10031921230256557,0.2708327326479534,34.409595873426916,0.0,1.2129404842987816e-14,34.409595873426916,0.0,0,0,0,0.0,0,0,True,1008,0,2.2818502777385105e-11,2.096042853408317e-13,2.7573121027455826e-10,0.723665999998957,1.1125982599310191,2.0317940000040835,1.1697593351912479,3.6292198300361633,-3.6292198300361633,20.689788213372424,5.940278177897364,1128.249357603257,0,365.3342773353576,365.21552084880136,1350.0,1419.7345071929908,0.10031921230256557,0.2725184146754459,34.45309061924392,0.0,1.2129404842987816e-14,34.45309061924392,0.0,0,0,0,0.0,0,0,True,1008,0,2.2818502777385105e-11,2.096042853408317e-13,2.7573121027455826e-10,0.723665999998957,1.1125982599310191,2.0317940000040835,1.3464816340655148,5.032468058168888,-3.411098492331803,7.878475303123498,8.064132340156737,1137.9203731224152,0,139.0734673142843,139.0706096964749,1419.7345071929908,1260.359710417581,-1.0306772831827402,0.0011519588386481594,0.0,0.0,0.0,0.0,0.0,0,0,0,0.0,0,0,True,1008,0,2.2818502777385105e-11,2.096042853408317e-13,2.7573121027455826e-10,0.6970155000090017,1.103081790017768,2.0317940000040835,0.259896999978082,0.50917948999313,0.8511640000961052,0.259896999978082,0.50917948999313,0.8511640000961052,0.259896999978082,0.50917948999313,0.8511640000961052,0.259896999978082,0.50917948999313,0.8511640000961052
Feb2022,400.0,False,180.0,swmpc,3,96.16666666666667,1.1933067283686245,3.8046402679756284,-3.7206610329449177,28.561080085405504,5.729262842005523,1129.6457181680253,0,504.3275246883043,504.15932883517826,1350.0,1263.3592673276928,-1.2207087380811572,0.21220085145392076,34.4465136909752,0.0,1.2941931440800029e-14,34.4465136909752,0.0,0,0,0,0.0,0,0,True,1008,0,3.34290336743688e-11,1.8337632100913536e-13,2.4345248854731115e-10,0.7132004999448327,1.0766004500464987,4.218251999873246,1.1649522078787924,3.7206610329449177,-3.7206610329449177,18.1297656113901,6.440010153390967,1129.6457181680253,0,319.7176364446723,320.0260786792904,1418.3603578973311,1421.8783585297272,1.25928102619946,0.27065450613657405,34.42179331650884,0.0,1.2941931440800029e-14,34.42179331650884,0.0,0,0,0,0.0,0,0,True,1008,0,3.34290336743688e-11,1.8337632100913536e-13,2.4345248854731115e-10,0.746285500099475,1.0809750300359156,4.218251999873246,1.1410184929681266,3.7206610329449177,-3.7206610329449177,20.698296334311994,5.729262842005523,1129.6457181680253,0,365.26418167987043,365.36570594438587,1350.0,1421.8783585297272,1.25928102619946,0.27290053464873987,34.4465136909752,0.0,1.2941931440800029e-14,34.4465136909752,0.0,0,0,0,0.0,0,0,True,1008,0,3.34290336743688e-11,1.8337632100913536e-13,2.4345248854731115e-10,0.746285500099475,1.0809750300359156,4.218251999873246,1.359498745810156,3.8046402679756284,-3.587453642860055,7.8627837510935095,7.991929074212499,1137.5430513633637,0,139.0633430084339,138.7936228907924,1421.8783585297272,1263.3592673276928,-1.2207087380811572,0.0012171250388256505,0.0,0.0,0.0,0.0,0.0,0,0,0,0.0,0,0,True,1008,0,3.34290336743688e-11,1.8337632100913536e-13,2.4345248854731115e-10,0.7132004999448327,1.0766004500464987,4.218251999873246,0.26334699998642463,0.5340119700395004,3.7399699999696168,0.26334699998642463,0.5340119700395004,3.7399699999696168,0.26334699998642463,0.5340119700395004,3.7399699999696168,0.26334699998642463,0.5340119700395004,3.7399699999696168
Feb2022,400.0,False,180.0,swmpc,4,96.16666666666667,1.285802121916432,5.653477928601205,-5.513613512739539,28.56962609794509,5.829584907237507,1128.7209406068548,0,504.2793758576553,504.31018279214743,1350.0,1260.9459104728944,0.5071412427350879,0.2122933421624964,34.44651358580971,0.0,1.4264006952165127e-14,34.44651358580971,0.0,0,0,0,0.0,0,0,True,1008,0,4.2311052042673873e-11,1.6689379708900608e-13,3.1427110310514103e-10,0.6894399999737288,0.837840120175315,0.9817410000323434,1.2047561557805395,3.796441201120615,-3.263396779075265,18.11585171515926,6.483335128586041,1128.7209406068548,0,319.5828015041783,319.7804710004403,1418.2711722984238,1423.11025532902,1.7058687591925263,0.2711349265390681,34.414787472086196,0.0,1.2828750511535513e-14,34.414787472086196,0.0,0,0,0,0.0,0,0,True,1008,0,4.2311052042673873e-11,1.6689379708900608e-13,3.1427110310514103e-10,0.7069309998541939,0.8422475998077061,0.9817410000323434,1.187517866932962,3.796441201120615,-3.263396779075265,20.692219682344952,5.829584907237507,1128.7209406068548,0,365.1932655503029,365.2584410661631,1350.0,1423.11025532902,1.7058687591925263,0.2730579285115917,34.44651358580971,0.0,1.4264006952165127e-14,34.44651358580971,0.0,0,0,0,0.0,0,0,True,1008,0,4.2311052042673873e-11,1.6689379708900608e-13,3.1427110310514103e-10,0.7069309998541939,0.8422475998077061,0.9817410000323434,1.5805786563563673,5.653477928601205,-5.513613512739539,7.877406415600138,8.13957911545091,1136.7527164289481,0,139.08611030735239,139.05174172598436,1423.11025532902,1260.9459104728944,0.5071412427350879,0.0010840213352965034,0.0,0.0,0.0,0.0,0.0,0,0,0,0.0,0,0,True,1008,0,4.2311052042673873e-11,1.6689379708900608e-13,3.1427110310514103e-10,0.6894399999737288,0.837840120175315,0.9817410000323434,0.25508500004889356,0.37238399993839266,0.39299200011555513,0.25508500004889356,0.37238399993839266,0.39299200011555513,0.25508500004889356,0.37238399993839266,0.39299200011555513,0.25508500004889356,0.37238399993839266,0.39299200011555513
Feb2022,400.0,False,180.0,swmpc_nosw,0,96.16666666666667,1.0605775914899165,3.360808172263205,-3.2800547843798995,28.587666725945244,5.852459847123454,1127.8802600999159,0,504.71076283567635,504.6286354163848,1350.0,1260.1091920378087,0.18928830232471228,0.2109801185835738,34.469914742268564,0.0,1.4328151702892603e-14,34.469914742268564,0.0,0,0,0,0.0,0,0,True,1008,0,4.2036403605029177e-11,2.0693372474741824e-13,2.6942736045944826e-10,0.7190439999931186,1.1827571600724696,4.241156000034607,1.0113885770754032,3.0225893780589104,-3.0225893780589104,18.134528257901078,6.448456479259656,1127.8802600999159,0,319.97088796846236,320.1101487726225,1418.2087658886728,1418.7448969614886,1.257089477032423,0.26938836040521585,34.375070835188694,0.0,1.4328151702892603e-14,34.375070835188694,0.0,0,0,0,0.0,0,0,True,1008,0,4.2036403605029177e-11,2.0693372474741824e-13,2.6942736045944826e-10,0.7559355001376389,1.195782800000415,4.241156000034607,1.0090434383554252,3.0225893780589104,-3.0225893780589104,20.719045461916245,5.852459847123454,1127.8802600999159,0,365.6437179056107,365.73196892238224,1350.0,1418.7448969614886,1.257089477032423,0.2713355564551114,34.469914742268564,0.0,1.4328151702892603e-14,34.469914742268564,0.0,0,0,0,0.0,0,0,True,1008,0,4.2036403605029177e-11,2.0693372474741824e-13,2.6942736045944826e-10,0.7559355001376389,1.195782800000415,4.241156000034607,1.2229255713875486,3.360808172263205,-3.2800547843798995,7.868621264028999,8.01870620164814,1137.926904182225,0,139.06704493006566,138.89666649400255,1418.7448969614886,1260.1091920378087,0.18928830232471228,0.001192941430091965,0.0,0.0,0.0,0.0,0.0,0,0,0,0.0,0,0,True,1008,0,4.2036403605029177e-11,2.0693372474741824e-13,2.6942736045944826e-10,0.7190439999931186,1.1827571600724696,4.241156000034607,0.2721255000324163,0.5295849600338438,0.7054739999148296,0.2721255000324163,0.5295849600338438,0.7054739999148296,0.2721255000324163,0.5295849600338438,0.7054739999148296,0.2721255000324163,0.5295849600338438,0.7054739999148296
Feb2022,400.0,False,180.0,swmpc_nosw,1,96.16666666666667,1.0890596888212962,4.283946231938899,-4.283946231938899,28.586636439589107,5.883985506048742,1129.6412525726337,0,504.6642972432993,504.61044883252987,1350.0,1259.6827111593893,0.4872746728360653,0.21116780110863276,34.44651362476283,0.0,1.6124312812077566e-14,34.44651362476283,0.0,0,0,0,0.0,0,0,True,1008,0,2.2355527231855382e-11,1.3690109927651704e-13,2.814190199470865e-10,0.7090939999443435,1.8546171000025422,2.3222419999910926,1.0439324541662836,3.485542017966509,-3.485542017966509,18.138475218363194,6.497633974889954,1129.6412525726337,0,320.0261474282717,320.1798204002901,1418.2542056916109,1419.180707867254,1.3412515176460147,0.26922778839309036,34.37820149046532,0.0,1.2987621173862418e-14,34.37820149046532,0.0,0,0,0,0.0,0,0,True,1008,0,2.2355527231855382e-11,1.3690109927651704e-13,2.814190199470865e-10,0.736139999844454,1.8628967898757764,2.3222419999910926,1.0290028618773996,3.485542017966509,-3.485542017966509,20.719830651222,5.883985506048742,1129.6412525726337,0,365.5948882301529,365.745829060451,1350.0,1419.180707867254,1.3412515176460147,0.2715813160394174,34.44651362476283,0.0,1.6124312812077566e-14,34.44651362476283,0.0,0,0,0,0.0,0,0,True,1008,0,2.2355527231855382e-11,1.3690109927651704e-13,2.814190199470865e-10,0.736139999844454,1.8628967898757764,2.3222419999910926,1.2760074325243955,4.283946231938899,-4.283946231938899,7.866805788367106,8.034422527188019,1136.9829632791811,0,139.0694090131464,138.86461977207887,1419.180707867254,1259.6827111593893,0.4872746728360653,0.001178756107836132,0.0,0.0,0.0,0.0,0.0,0,0,0,0.0,0,0,True,1008,0,2.2355527231855382e-11,1.3690109927651704e-13,2.814190199470865e-10,0.7090939999443435,1.8546171000025422,2.3222419999910926,0.2642884999204398,0.6624086301735568,1.5627770001174213,0.2642884999204398,0.6624086301735568,1.5627770001174213,0.2642884999204398,0.6624086301735568,1.5627770001174213,0.2642884999204398,0.6624086301735568,1.5627770001174213
Feb2022,400.0,False,180.0,swmpc_nosw,2,96.16666666666667,1.103490442357249,4.310580130666494,-2.9243286764249206,28.58407355262353,5.940278177897364,1128.615609563959,0,504.6666270575607,504.5652088287051,1350.0,1260.293914425531,-0.8933850042521954,0.21106533491660995,34.45309061924392,0.0,1.2661240954009233e-14,34.45309061924392,0.0,0,0,0,0.0,0,0,True,1008,0,3.3882644845412453e-11,1.624115072150637e-13,2.564147055605147e-10,0.7008720000385438,1.1474546300405564,1.3277929999730986,1.0806159481312148,2.977212991565466,-2.9243286764249206,18.12138504092059,6.395932807994918,1128.615609563959,0,319.9263241309551,319.8781451007789,1417.9897103878413,1420.129045115748,0.6040123570710421,0.26958778256504057,34.375497174451745,0.0,1.2661240954009233e-14,34.375497174451745,0.0,0,0,0,0.0,0,0,True,1008,0,3.3882644845412453e-11,1.624115072150637e-13,2.564147055605147e-10,0.7258949999595643,1.161570990127529,1.3277929999730986,1.066851114205446,2.977212991565466,-2.9243286764249206,20.708835237614508,5.940278177897364,1128.615609563959,0,365.59489529730865,365.551738349314,1350.0,1420.129045115748,0.6040123570710421,0.271454364642407,34.45309061924392,0.0,1.2661240954009233e-14,34.45309061924392,0.0,0,0,0,0.0,0,0,True,1008,0,3.3882644845412453e-11,1.624115072150637e-13,2.564147055605147e-10,0.7258949999595643,1.161570990127529,1.3277929999730986,1.2223302374093905,4.310580130666494,-2.90765851829201,7.875238315009021,8.053665155619765,1137.9004211983738,0,139.07173176025202,139.01347047939112,1420.129045115748,1260.293914425531,-0.8933850042521954,0.0011613971110810972,0.0,0.0,0.0,0.0,0.0,0,0,0,0.0,0,0,True,1008,0,3.3882644845412453e-11,1.624115072150637e-13,2.564147055605147e-10,0.7008720000385438,1.1474546300405564,1.3277929999730986,0.26342749993091275,0.5060825598661721,0.6143160001101933,0.26342749993091275,0.5060825598661721,0.6143160001101933,0.26342749993091275,0.5060825598661721,0.6143160001101933,0.26342749993091275,0.5060825598661721,0.6143160001101933
Feb2022,400.0,False,180.0,swmpc_nosw,3,96.16666666666667,1.0670160386979488,3.483607097528875,-3.2279766323044896,28.577914780610573,5.729262842005523,1129.101016278065,0,504.60328287968434,504.45649436989595,1350.0,1263.0456195152237,-1.0919446982443333,0.2113182119896323,34.4465136909752,0.0,1.5255381467520417e-14,34.4465136909752,0.0,0,0,0,0.0,0,0,True,1008,0,2.3808156251066595e-11,1.434798829884301e-13,3.140519921167214e-10,0.6937265000033221,0.8497156300791175,2.338045999977112,1.0373366641648585,3.1567710349336267,-3.1567710349336267,18.146079327927335,6.47112126761542,1129.101016278065,0,319.99383183477113,320.31404791419334,1418.376705907613,1422.0235179591532,1.3405252089723945,0.2693337556806886,34.3762179597691,0.0,1.5255381467520417e-14,34.3762179597691,0.0,0,0,0,0.0,0,0,True,1008,0,2.3808156251066595e-11,1.434798829884301e-13,3.140519921167214e-10,0.711211999941952,0.8593441101857022,2.338045999977112,1.0223852722995723,3.1567710349336267,-3.1567710349336267,20.71519210947444,5.729262842005523,1129.101016278065,0,365.5409666344357,365.6639496606793,1350.0,1422.0235179591532,1.3405252089723945,0.2717624683606128,34.4465136909752,0.0,1.5255381467520417e-14,34.4465136909752,0.0,0,0,0,0.0,0,0,True,1008,0,2.3808156251066595e-11,1.434798829884301e-13,3.140519921167214e-10,0.711211999941952,0.8593441101857022,2.338045999977112,1.2094018616532385,3.483607097528875,-3.2279766323044896,7.862722671136133,7.986186312994535,1137.6206639485918,0,139.06231624524867,138.79254470921666,1422.0235179591532,1263.0456195152237,-1.0919446982443333,0.0012223139829136143,0.0,0.0,0.0,0.0,0.0,0,0,0,0.0,0,0,True,1008,0,2.3808156251066595e-11,1.434798829884301e-13,3.140519921167214e-10,0.6937265000033221,0.8497156300791175,2.338045999977112,0.25557549997756723,0.38677951015188206,1.8465450000348937,0.25557549997756723,0.38677951015188206,1.8465450000348937,0.25557549997756723,0.38677951015188206,1.8465450000348937,0.25557549997756723,0.38677951015188206,1.8465450000348937
Feb2022,400.0,False,180.0,swmpc_nosw,4,96.16666666666667,1.1675487735857442,4.992460143752396,-4.830499247647822,28.58433842691788,5.829584907237507,1128.6443461695997,0,504.52810646539126,504.569884381802,1350.0,1260.8686348272386,0.4878936791792512,0.21146420245563546,34.44651358580971,0.0,1.147580733660454e-14,34.44651358580971,0.0,0,0,0,0.0,0,0,True,1008,0,4.150955776079332e-11,1.751193938633477e-13,2.9548313995634774e-10,0.7259850000309598,1.2385641899459183,3.8583389998620987,1.0861551268450733,3.2334887254983187,-3.2334887254983187,18.131488988985573,6.493188096683338,1128.6443461695997,0,319.83686905289335,320.0564996889029,1418.2852225799625,1422.3021052678525,1.6909518549218774,0.269894636215655,34.37564144303057,0.0,1.0467601095889214e-14,34.37564144303057,0.0,0,0,0,0.0,0,0,True,1008,0,4.150955776079332e-11,1.751193938633477e-13,2.9548313995634774e-10,0.7584935000295445,1.2656932199092805,3.8583389998620987,1.0818582487680077,3.2334887254983187,-3.2334887254983187,20.708514121854176,5.829584907237507,1128.6443461695997,0,365.45047301538915,365.54607002354555,1350.0,1422.3021052678525,1.6909518549218774,0.27197613634722195,34.44651358580971,0.0,1.147580733660454e-14,34.44651358580971,0.0,0,0,0,0.0,0,0,True,1008,0,4.150955776079332e-11,1.751193938633477e-13,2.9548313995634774e-10,0.7584935000295445,1.2656932199092805,3.8583389998620987,1.4258865741075462,4.992460143752396,-4.830499247647822,7.875824305063706,8.085094169462772,1136.9706600234952,0,139.0776334500021,139.02381435825646,1422.3021052678525,1260.8686348272386,0.4878936791792512,0.001133066722120879,0.0,0.0,0.0,0.0,0.0,0,0,0,0.0,0,0,True,1008,0,4.150955776079332e-11,1.751193938633477e-13,2.9548313995634774e-10,0.7259850000309598,1.2385641899459183,3.8583389998620987,0.2720100001170067,0.5882983899050469,2.5819439999850147,0.2720100001170067,0.5882983899050469,2.5819439999850147,0.2720100001170067,0.5882983899050469,2.5819439999850147,0.2720100001170067,0.5882983899050469,2.5819439999850147
Feb2022,400.0,True,0.0,pid_lowdrag_preview,0,96.0,1.2466106540284385,4.862911239266396,-4.336444028653204,28.890308359245026,6.865544563718827,995.4494886771133,0,509.99704355397387,509.97085644814064,1350.0,1500.0,-1.5406631594523787,0.23100955467937312,0.0,0.0,0.0,0.0,0.0,0,0,0,0.0,0,0,True,0,0,,,,0.16548999997212377,0.4435381501366463,0.6539259998135094,1.2372191816214602,4.862911239266396,-3.8747969595715404,18.429307033958416,6.865544563718827,995.4494886771133,0,325.279777219697,325.31357488422265,1284.3161860452176,1211.6639398659775,1.1135967606678605,0.2927550308155923,0.0,0.0,0.0,0.0,0.0,0,0,0,0.0,0,0,True,0,0,,,,0.16716749996703584,0.443290190130483,0.6539259998135094,1.2096165423013117,4.862911239266396,-3.8747969595715404,20.963058440012695,6.865544563718827,995.4494886771133,0,370.02874311797507,370.03927869135055,1350.0,1211.6639398659775,1.1135967606678605,0.29682746356019174,0.0,0.0,0.0,0.0,0.0,0,0,0,0.0,0,0,True,0,0,,,,0.16716749996703584,0.443290190130483,0.6539259998135094,1.3682356976727434,4.336444028653204,-4.336444028653204,7.927249919232331,8.636015163491898,1126.620806245888,0,139.9683004359988,139.9315777567901,1211.6639398659775,1500.0,-1.5406631594523787,0.0006468735965081684,0.0,0.0,0.0,0.0,0.0,0,0,0,0.0,0,0,True,0,0,,,,0.16548999997212377,0.4435381501366463,0.6539259998135094,,,,,,,,,,,,
Feb2022,400.0,True,0.0,pid_lowdrag_preview,1,96.0,1.275903336944291,5.449606413021684,-4.771699715405703,28.918311188680512,6.854847543773959,996.6860884518592,0,510.0939797545127,510.46516155324997,1350.0,1500.0,-1.5130293983966112,0.2309316306891237,0.0,0.0,0.0,0.0,0.0,0,0,0,0.0,0,0,True,0,0,,,,0.15630050006620877,0.33261939995554657,0.47807099986130197,1.295115137977186,5.449606413021684,-4.771699715405703,18.443056720714353,6.860907123387912,996.6860884518592,0,325.34932163203115,325.55628394234634,1284.181199294942,1210.3842393103728,0.1860069027170539,0.29262341639675915,0.0,0.0,0.0,0.0,0.0,0,0,0,0.0,0,0,True,0,0,,,,0.1572824999129807,0.34799757997234315,0.47807099986130197,1.2472536641303522,5.449606413021684,-4.771699715405703,20.9793587121567,6.854847543773959,996.6860884518592,0,370.1199217161905,370.327010606227,1350.0,1210.3842393103728,0.1860069027170539,0.296746008228977,0.0,0.0,0.0,0.0,0.0,0,0,0,0.0,0,0,True,0,0,,,,0.1572824999129807,0.34799757997234315,0.47807099986130197,1.371472203186063,4.148050112649798,-4.148050112649798,7.938952476523813,8.759668780740684,1125.943551979044,0,139.9740580383222,140.13815094702295,1210.3842393103728,1500.0,-1.5130293983966112,0.0005813092996371783,0.0,0.0,0.0,0.0,0.0,0,0,0,0.0,0,0,True,0,0,,,,0.15630050006620877,0.33261939995554657,0.47807099986130197,,,,,,,,,,,,
Feb2022,400.0,True,0.0,pid_lowdrag_preview,2,96.0,1.274266322065072,4.301909165456891,-4.301909165456891,28.881355646254917,6.847836188675251,993.1314498839936,0,510.11824100129513,509.8128234270177,1350.0,1500.0,-0.8262687604874372,0.23093900549468827,0.0,0.0,0.0,0.0,0.0,0,0,0,0.0,0,0,True,0,0,,,,0.16606000008323463,0.4540447500289697,1.2388790000841254,1.2974210716211918,4.301909165456891,-4.301909165456891,18.421026378731106,6.847836188675251,993.1314498839936,0,325.3830474874233,325.1674050065686,1283.489837864207,1215.3963947098828,-0.558163596317172,0.2926251744650654,0.0,0.0,0.0,0.0,0.0,0,0,0,0.0,0,0,True,0,0,,,,0.16871500008619478,0.47261721987297267,1.2388790000841254,1.2674912899894137,4.301909165456891,-4.301909165456891,20.957555358937498,6.847836188675251,993.1314498839936,0,370.1527207409635,369.94213846930245,1350.0,1215.3963947098828,-0.558163596317172,0.2967308759730162,0.0,0.0,0.0,0.0,0.0,0,0,0,0.0,0,0,True,0,0,,,,0.16871500008619478,0.47261721987297267,1.2388790000841254,1.2977004169973156,3.671987149864435,-3.4601666051894426,7.92380028731742,8.612940767431763,1126.697425829921,0,139.96552026033163,139.87068495771524,1215.3963947098828,1500.0,-0.8262687604874372,0.0006674588205406451,0.0,0.0,0.0,0.0,0.0,0,0,0,0.0,0,0,True,0,0,,,,0.16606000008323463,0.4540447500289697,1.2388790000841254,,,,,,,,,,,,
Feb2022,400.0,True,0.0,pid_lowdrag_preview,3,96.0,1.278794520963609,5.416861206293106,-4.178278129547834,28.89980645646026,6.84991435531076,991.8350833122106,0,510.1409249537238,510.1385165752442,1350.0,1500.0,1.347784275189042,0.23088001842838235,0.0,0.0,0.0,0.0,0.0,0,0,0,0.0,0,0,True,0,0,,,,0.1588589999528267,0.35187950006729746,2.569835999793213,1.2772205561581405,5.416861206293106,-3.412020994350314,18.450256125047932,6.858816447089825,991.8350833122106,0,325.39284756335394,325.68336761166285,1285.5868041758667,1213.2272505901628,0.610908629372716,0.29257340391337583,0.0,0.0,0.0,0.0,0.0,0,0,0,0.0,0,0,True,0,0,,,,0.1580134999130678,0.35085364007045405,1.1943009999413334,1.260738169458719,5.416861206293106,-4.178278129547834,20.97376021728022,6.84991435531076,991.8350833122106,0,370.1715933157311,370.2281861426244,1350.0,1213.2272505901628,0.610908629372716,0.2966638953795241,0.0,0.0,0.0,0.0,0.0,0,0,0,0.0,0,0,True,0,0,,,,0.1580134999130678,0.35085364007045405,1.1943009999413334,1.3400771839912915,4.0283286441117525,-4.0283286441117525,7.926046239180042,8.64692274863646,1126.8725853707958,0,139.9693316379927,139.9103304326198,1213.2272505901628,1500.0,1.347784275189042,0.0006364490993863159,0.0,0.0,0.0,0.0,0.0,0,0,0,0.0,0,0,True,0,0,,,,0.1588589999528267,0.35187950006729746,2.569835999793213,,,,,,,,,,,,
Feb2022,400.0,True,0.0,pid_lowdrag_preview,4,96.0,1.327982373454233,5.700528172776103,-3.900898104533553,28.90666389692128,6.852113334280283,990.7493110055036,0,510.087323256474,510.2595639085382,1350.0,1500.0,1.5389392152428627,0.23099299732970469,0.0,0.0,0.0,0.0,0.0,0,0,0,0.0,0,0,True,0,0,,,,0.1554794999947262,0.2060130000359095,0.48925800001597963,1.2733702732619148,5.700528172776103,-3.900898104533553,18.429336538604975,6.8564188582273395,990.7493110055036,0,325.35314794476983,325.3140956993578,1283.7678084158908,1213.7448952727907,0.05637361202389002,0.29272333570622555,0.0,0.0,0.0,0.0,0.0,0,0,0,0.0,0,0,True,0,0,,,,0.15642100015611504,0.20714067011795123,0.48925800001597963,1.2495735092968285,5.700528172776103,-3.900898104533553,20.959299329889493,6.852113334280283,990.7493110055036,0,370.11953843796414,369.97292299222835,1350.0,1213.7448952727907,0.05637361202389002,0.29680490399601633,0.0,0.0,0.0,0.0,0.0,0,0,0,0.0,0,0,True,0,0,,,,0.15642100015611504,0.20714067011795123,0.48925800001597963,1.5719091850185731,5.0685115195810795,-3.7061594733968377,7.947364567031787,8.631077937841058,1126.2292278565326,0,139.96778481850987,140.28664091630986,1213.7448952727907,1500.0,1.5389392152428627,0.0006513239976142504,0.0,0.0,0.0,0.0,0.0,0,0,0,0.0,0,0,True,0,0,,,,0.1554794999947262,0.2060130000359095,0.48925800001597963,,,,,,,,,,,,
Feb2022,400.0,True,0.0,swmpc,0,96.0,1.2003888318651936,4.537740096449852,-4.3455967446789145,28.959043812398285,6.334943981536803,1023.0106208579139,0,511.21036167591814,511.1841726051357,1350.0,1500.0,-1.5406638234853745,0.20076865493954377,45.78601181587662,0.0,1.2040557034408184e-14,45.78601181587662,0.0,0,0,0,0.0,0,0,True,1008,0,2.3247759553913897e-11,1.6770750192720794e-13,3.256303651195778e-10,0.7212679998929161,1.242487800050184,2.4500050001279305,1.16436538680959,4.537740096449852,-3.2117780428379774,18.450068789641914,6.348087649167994,1023.0106208579139,0,325.8009702706323,325.6800607726941,1327.1244455753717,1210.5961266610009,0.5823629144579172,0.2568759856512578,45.78601181587662,0.0,1.2040557034408184e-14,45.78601181587662,0.0,0,0,0,0.0,0,0,True,1008,0,2.3247759553913897e-11,1.6770750192720794e-13,3.256303651195778e-10,0.7527600000685197,1.2613564299590507,2.4500050001279305,1.1479433402867882,4.537740096449852,-3.2117780428379774,21.028330255285926,6.334943981536803,1023.0106208579139,0,371.18573452683125,371.1914548163982,1350.0,1210.5961266610009,0.5823629144579172,0.25812250560372574,45.78601181587662,0.0,1.2040557034408184e-14,45.78601181587662,0.0,0,0,0,0.0,0,0,True,1008,0,2.3247759553913897e-11,1.6770750192720794e-13,3.256303651195778e-10,0.7527600000685197,1.2613564299590507,2.4500050001279305,1.368207356623738,4.3455967446789145,-4.3455967446789145,7.930713557112359,9.930470775254799,1126.6208203655494,0,140.02462714908688,139.99271778873748,1210.5961266610009,1500.0,-1.5406638234853745,3.0177614906756745e-05,0.0,0.0,0.0,0.0,0.0,0,0,0,0.0,0,0,True,1008,0,2.3247759553913897e-11,1.6770750192720794e-13,3.256303651195778e-10,0.7212679998929161,1.242487800050184,2.4500050001279305,0.2708184999846708,0.5455547499968815,1.4715600000272389,0.2708184999846708,0.5455547499968815,1.4715600000272389,0.2708184999846708,0.5455547499968815,1.4715600000272389,0.2708184999846708,0.5455547499968815,1.4715600000272389
Feb2022,400.0,True,0.0,swmpc,1,96.0,1.1610159391622346,4.148059882223606,-4.148059882223606,28.986627805501673,6.377007923235565,1020.1249349161374,0,511.2999049043012,511.67108442388354,1350.0,1500.0,-1.5130292139947414,0.2006010609279144,45.77358742461703,0.0,1.5742737524586693e-14,45.77358742461703,0.0,0,0,0,0.0,0,0,True,1008,0,2.985202624147967e-11,1.5910282598729473e-13,2.77156766734149e-10,0.7095155000342857,1.2830912500362475,2.2121310000784433,1.1369331496143025,4.029854380525649,-3.394625867716968,18.44896417990165,6.40193031133999,1020.1249349161374,0,325.77313385931916,325.6605622346989,1325.6365792224653,1210.4677576812044,0.4635900445282459,0.25711187839413174,45.77358742461703,0.0,1.5742737524586693e-14,45.77358742461703,0.0,0,0,0,0.0,0,0,True,1008,0,2.985202624147967e-11,1.5910282598729473e-13,2.77156766734149e-10,0.7344174999843744,1.3381007598832184,2.2121310000784433,1.0944173193820819,4.029854380525649,-3.394625867716968,21.035282645950424,6.377007923235565,1020.1249349161374,0,371.2756721234554,371.3141782078378,1350.0,1210.4677576812044,0.4635900445282459,0.25790630488950617,45.77358742461703,0.0,1.5742737524586693e-14,45.77358742461703,0.0,0,0,0,0.0,0,0,True,1008,0,2.985202624147967e-11,1.5910282598729473e-13,2.77156766734149e-10,0.7344174999843744,1.3381007598832184,2.2121310000784433,1.3688274573799755,4.148059882223606,-4.148059882223606,7.9513451595512485,9.924642928361573,1125.9557705491704,0,140.02423278084575,140.35690621604573,1210.4677576812044,1500.0,-1.5130292139947414,3.270706234304033e-05,0.0,0.0,0.0,0.0,0.0,0,0,0,0.0,0,0,True,1008,0,2.985202624147967e-11,1.5910282598729473e-13,2.77156766734149e-10,0.7095155000342857,1.2830912500362475,2.2121310000784433,0.27061800005867553,0.5446915100947078,1.4435819998652732,0.27061800005867553,0.5446915100947078,1.4435819998652732,0.27061800005867553,0.5446915100947078,1.4435819998652732,0.27061800005867553,0.5446915100947078,1.4435819998652732
Feb2022,400.0,True,0.0,swmpc,2,96.0,1.1467424813822584,3.9563870057463646,-3.460190217010677,28.956632930419833,6.288292644776206,1019.8491174283799,0,511.4470358171191,511.1416157887856,1350.0,1500.0,-0.8262691870331764,0.200210536067848,45.783133259741206,0.0,1.3479981796439034e-14,45.783133259741206,0.0,0,0,0,0.0,0,0,True,1008,0,2.3280805384860956e-11,1.8907835091520055e-13,1.9187040844014002e-10,0.6919335000930005,1.1208236500806374,1.2443870000424795,1.1308705300868802,3.9563870057463646,-3.00675306096673,18.450485385339896,6.288292644776206,1019.8491174283799,0,325.9728172062536,325.6874145074589,1327.9491907688462,1212.878948466555,-0.17479553166776896,0.2562425634450507,45.783133259741206,0.0,1.3479981796439034e-14,45.783133259741206,0.0,0,0,0,0.0,0,0,True,1008,0,2.3280805384860956e-11,1.8907835091520055e-13,1.9187040844014002e-10,0.7114679999631335,1.1453104899533173,1.2443870000424795,1.0987036644778845,3.9563870057463646,-3.00675306096673,21.032787532015938,6.288292644776206,1019.8491174283799,0,371.4235443054468,371.2701345315201,1350.0,1212.878948466555,-0.17479553166776896,0.25740459298196094,45.783133259741206,0.0,1.3479981796439034e-14,45.783133259741206,0.0,0,0,0,0.0,0,0,True,1008,0,2.3280805384860956e-11,1.8907835091520055e-13,1.9187040844014002e-10,0.7114679999631335,1.1453104899533173,1.2443870000424795,1.3009836031058837,3.6696637580171227,-3.460190217010677,7.923845398403895,9.9277998550844,1126.6974268930053,0,140.02349151167232,139.8714812572655,1212.878948466555,1500.0,-0.8262691870331764,3.1336868453024636e-05,0.0,0.0,0.0,0.0,0.0,0,0,0,0.0,0,0,True,1008,0,2.3280805384860956e-11,1.8907835091520055e-13,1.9187040844014002e-10,0.6919335000930005,1.1208236500806374,1.2443870000424795,0.26092849998349266,0.48809937005898907,0.5937159999120922,0.26092849998349266,0.48809937005898907,0.5937159999120922,0.26092849998349266,0.48809937005898907,0.5937159999120922,0.26092849998349266,0.48809937005898907,0.5937159999120922
Feb2022,400.0,True,0.0,swmpc,3,96.0,1.1847219318098812,4.030380601063371,-4.030380601063371,28.97355448163926,6.365725494990103,1021.1093422986776,0,511.44272546040224,511.4403145032623,1350.0,1500.0,1.3477849150076509,0.200274440116762,45.790340675931624,0.0,1.1518074607394879e-14,45.790340675931624,0.0,0,0,0,0.0,0,0,True,1008,0,2.2869338547154817e-11,1.8672813162015402e-13,2.1755223351650753e-10,0.689624999949956,0.8810544498942361,2.6693459999478364,1.1567784943059969,3.34797365963459,-3.1269342666491866,18.474185219872663,6.402279913155359,1021.1093422986776,0,325.9643250016104,326.1057632756373,1325.8585307393485,1211.2967035052586,0.9884715778753161,0.25635307695146725,45.790340675931624,0.0,1.1518074607394879e-14,45.790340675931624,0.0,0,0,0,0.0,0,0,True,1008,0,2.2869338547154817e-11,1.8672813162015402e-13,2.1755223351650753e-10,0.7056989999227881,0.8963289801340574,2.6693459999478364,1.136572224019947,3.34797365963459,-3.333013220690191,21.044121069107675,6.365725494990103,1021.1093422986776,0,371.41806786683856,371.4701937882581,1350.0,1211.2967035052586,0.9884715778753161,0.25748676433567474,45.790340675931624,0.0,1.1518074607394879e-14,45.790340675931624,0.0,0,0,0,0.0,0,0,True,1008,0,2.2869338547154817e-11,1.8672813162015402e-13,2.1755223351650753e-10,0.7056989999227881,0.8963289801340574,2.6693459999478364,1.3396864481113657,4.030380601063371,-4.030380601063371,7.9294334125315835,9.927872472294156,1126.8725129762913,0,140.0246575935637,139.9701207150042,1211.2967035052586,1500.0,1.3477849150076509,3.1305350566612766e-05,0.0,0.0,0.0,0.0,0.0,0,0,0,0.0,0,0,True,1008,0,2.2869338547154817e-11,1.8672813162015402e-13,2.1755223351650753e-10,0.689624999949956,0.8810544498942361,2.6693459999478364,0.2593105000414653,0.37047879002557227,0.47780099998817605,0.2593105000414653,0.37047879002557227,0.47780099998817605,0.2593105000414653,0.37047879002557227,0.47780099998817605,0.2593105000414653,0.37047879002557227,0.47780099998817605
Feb2022,400.0,True,0.0,swmpc,4,96.0,1.233495199638809,5.045870820991695,-3.706160357221961,28.979566922301366,6.371850889722422,1021.4893902370477,0,511.3742075882294,511.5464459254554,1350.0,1500.0,1.538939692080021,0.20041334468021255,45.783553484191984,0.0,1.4363758492350984e-14,45.783553484191984,0.0,0,0,0,0.0,0,0,True,1008,0,2.280139249670996e-11,2.0612772884239854e-13,1.5626182123347627e-10,0.704081499975473,1.280101300085334,3.8593560000208527,1.1152594936132576,4.0460850754752755,-2.5912814559414983,18.46316605025863,6.374907308108493,1021.4893902370477,0,325.89307006652007,325.91125322418407,1324.1378615399178,1211.3376102101201,1.3592087449505925,0.2566520004787167,45.783553484191984,0.0,1.4363758492350984e-14,45.783553484191984,0.0,0,0,0,0.0,0,0,True,1008,0,2.280139249670996e-11,2.0612772884239854e-13,1.5626182123347627e-10,0.7322840001506847,1.33883148983841,3.8593560000208527,1.1180176570841256,4.0460850754752755,-3.189855140633881,21.040295458591682,6.371850889722422,1021.4893902370477,0,371.3500213976532,371.40266422619703,1350.0,1211.3376102101201,1.3592087449505925,0.2576647732915829,45.783553484191984,0.0,1.4363758492350984e-14,45.783553484191984,0.0,0,0,0,0.0,0,0,True,1008,0,2.280139249670996e-11,2.0612772884239854e-13,1.5626182123347627e-10,0.7322840001506847,1.33883148983841,3.8593560000208527,1.5722355575620226,5.045870820991695,-3.706160357221961,7.939271463709684,9.923174178880743,1126.2279109886426,0,140.0241861905762,140.14378169925834,1211.3376102101201,1500.0,1.538939692080021,3.334454041636903e-05,0.0,0.0,0.0,0.0,0.0,0,0,0,0.0,0,0,True,1008,0,2.280139249670996e-11,2.0612772884239854e-13,1.5626182123347627e-10,0.704081499975473,1.280101300085334,3.8593560000208527,0.2703024998709225,0.515803329976734,1.9664859999011242,0.2703024998709225,0.515803329976734,1.9664859999011242,0.2703024998709225,0.515803329976734,1.9664859999011242,0.2703024998709225,0.515803329976734,1.9664859999011242
Feb2022,400.0,True,0.0,swmpc_nosw,0,96.0,1.0817038017628773,3.8873920617625117,-3.8873920617625117,28.970908346109187,6.321325223779604,1022.9260706534666,0,511.4301344913013,511.3936049982658,1350.0,1500.0,-1.4271946121007204,0.2000706411932287,45.73799069847144,0.0,1.160104270344051e-14,45.73799069847144,0.0,0,0,0,0.0,0,0,True,1008,0,4.373901183536854e-11,2.514463094289118e-13,3.256354070086729e-10,0.730666499975996,1.1866537500736725,2.59467399996538,1.0171126931620251,3.2032923260703683,-2.9087539222091436,18.460401886109757,6.3958340506251545,1022.9260706534666,0,326.02031812606754,325.862460281551,1326.8048646631648,1210.6480867090438,0.43624973949044943,0.25583531236968915,45.73799069847144,0.0,1.160104270344051e-14,45.73799069847144,0.0,0,0,0,0.0,0,0,True,1008,0,4.373901183536854e-11,2.514463094289118e-13,3.256354070086729e-10,0.7642020000275807,1.2790413899824657,2.59467399996538,1.0219917510163428,3.2032923260703683,-2.9087539222091436,21.039606177135372,6.321325223779604,1022.9260706534666,0,371.40544779209193,371.3904970506064,1350.0,1210.6480867090438,0.43624973949044943,0.2572256170124315,45.73799069847144,0.0,1.160104270344051e-14,45.73799069847144,0.0,0,0,0,0.0,0,0,True,1008,0,4.373901183536854e-11,2.514463094289118e-13,3.256354070086729e-10,0.7642020000275807,1.2790413899824657,2.59467399996538,1.2687549130380154,3.8873920617625117,-3.8873920617625117,7.931302168973815,9.934967696851743,1126.835017465786,0,140.02468669920938,140.00310794765937,1210.6480867090438,1500.0,-1.4271946121007204,2.8225826019134814e-05,0.0,0.0,0.0,0.0,0.0,0,0,0,0.0,0,0,True,1008,0,4.373901183536854e-11,2.514463094289118e-13,3.256354070086729e-10,0.730666499975996,1.1866537500736725,2.59467399996538,0.27113899989217316,0.5702142200766501,1.5301280000130646,0.27113899989217316,0.5702142200766501,1.5301280000130646,0.27113899989217316,0.5702142200766501,1.5301280000130646,0.27113899989217316,0.5702142200766501,1.5301280000130646
Feb2022,400.0,True,0.0,swmpc_nosw,1,96.0,1.0465882746921724,3.719695607200265,-3.719695607200265,28.996785623230167,6.377007923235565,1020.6803232128898,0,511.5452374108266,511.85038991769625,1350.0,1500.0,-1.4778916873037815,0.1998545959693646,45.72728737529397,0.0,1.3973374063024842e-14,45.72728737529397,0.0,0,0,0,0.0,0,0,True,1008,0,2.239160385414747e-11,1.6224077211556803e-13,3.9574998747171497e-10,0.6924795001168604,0.9047330498901826,3.1781329998921137,1.018889247779321,3.4330392256379128,-3.0625698091462255,18.46108944881076,6.407972858446831,1020.6803232128898,0,326.0160635461103,325.8745971177264,1325.4164664306431,1210.6372497381265,0.44648080598562956,0.25600152169481105,45.72728737529397,0.0,1.3973374063024842e-14,45.72728737529397,0.0,0,0,0,0.0,0,0,True,1008,0,2.239160385414747e-11,1.6224077211556803e-13,3.9574998747171497e-10,0.7072320000816035,0.9367930799680826,3.1781329998921137,0.9861061566166787,3.4330392256379128,-3.0625698091462255,21.048308227102805,6.377007923235565,1020.6803232128898,0,371.5210401485997,371.5441053755745,1350.0,1210.6372497381265,0.44648080598562956,0.25694688938261834,45.72728737529397,0.0,1.3973374063024842e-14,45.72728737529397,0.0,0,0,0,0.0,0,0,True,1008,0,2.239160385414747e-11,1.6224077211556803e-13,3.9574998747171497e-10,0.7072320000816035,0.9367930799680826,3.1781329998921137,1.2351691555586664,3.719695607200265,-3.719695607200265,7.9484773961273625,9.927264971060918,1125.8908041621303,0,140.0241972622269,140.30628454212177,1210.6372497381265,1500.0,-1.4778916873037815,3.1569022976962735e-05,0.0,0.0,0.0,0.0,0.0,0,0,0,0.0,0,0,True,1008,0,2.239160385414747e-11,1.6224077211556803e-13,3.9574998747171497e-10,0.6924795001168604,0.9047330498901826,3.1781329998921137,0.2552149999246467,0.36547859010170203,2.670107000085409,0.2552149999246467,0.36547859010170203,2.670107000085409,0.2552149999246467,0.36547859010170203,2.670107000085409,0.2552149999246467,0.36547859010170203,2.670107000085409
Feb2022,400.0,True,0.0,swmpc_nosw,2,96.0,1.035931722398699,3.4364526364952326,-3.123063218779862,28.969355203436084,6.379380388539191,1020.3046504802445,0,511.63494565923276,511.36618897039557,1350.0,1500.0,-0.6084264358505607,0.19960050960671538,45.735402540884124,0.0,1.23672994829432e-14,45.735402540884124,0.0,0,0,0,0.0,0,0,True,1008,0,4.2847647715883084e-11,1.7366918456035842e-13,1.9190314233903685e-10,0.7048979998671712,1.1894620500015662,2.303680000068198,1.007120454589187,3.4364526364952326,-2.6335566453635693,18.46298122942457,6.3826757694117315,1020.3046504802445,0,326.15886167248283,325.9079907723654,1327.6602991877746,1212.4764885352693,0.13531094510108232,0.25535126557282817,45.735402540884124,0.0,1.23672994829432e-14,45.735402540884124,0.0,0,0,0,0.0,0,0,True,1008,0,4.2847647715883084e-11,1.7366918456035842e-13,1.9190314233903685e-10,0.7302209999124898,1.2090590800676175,2.303680000068198,0.9911610804417436,3.4364526364952326,-2.6335566453635693,21.046228657620524,6.379380388539191,1020.3046504802445,0,371.6114640267305,371.5073968774577,1350.0,1212.4764885352693,0.13531094510108232,0.2566207095717572,45.735402540884124,0.0,1.23672994829432e-14,45.735402540884124,0.0,0,0,0,0.0,0,0,True,1008,0,4.2847647715883084e-11,1.7366918456035842e-13,1.9190314233903685e-10,0.7302209999124898,1.2090590800676175,2.303680000068198,1.1793194625652348,3.221894858404994,-3.123063218779862,7.92312654581556,9.931318384226085,1126.7269830281657,0,140.02348163250224,139.85879209293785,1212.4764885352693,1500.0,-0.6084264358505607,2.9809729068630553e-05,0.0,0.0,0.0,0.0,0.0,0,0,0,0.0,0,0,True,1008,0,4.2847647715883084e-11,1.7366918456035842e-13,1.9190314233903685e-10,0.7048979998671712,1.1894620500015662,2.303680000068198,0.2712340000243785,0.5336549701382858,1.331378000031691,0.2712340000243785,0.5336549701382858,1.331378000031691,0.2712340000243785,0.5336549701382858,1.331378000031691,0.2712340000243785,0.5336549701382858,1.331378000031691
Feb2022,400.0,True,0.0,swmpc_nosw,3,96.0,1.0466875785154326,3.2355107190087438,-3.2355107190087438,28.98774398189047,6.365725494990103,1021.5812451035297,0,511.69333379021714,511.6907871360117,1350.0,1500.0,1.1597502464428544,0.1995138312790552,45.74202741065611,0.0,1.183901504632346e-14,45.74202741065611,0.0,0,0,0,0.0,0,0,True,1008,0,2.2992413210586658e-11,1.866119601273054e-13,1.8077547815213406e-10,0.7117929999367334,1.1867135000557028,2.865481000071668,1.0097557460521698,3.1148082679137588,-3.1148082679137588,18.487526019336443,6.439517771929253,1021.5812451035297,0,326.2100633251589,326.3412546675452,1325.6375980708076,1210.981289561389,0.9372491920366883,0.25523110154191064,45.74202741065611,0.0,1.183901504632346e-14,45.74202741065611,0.0,0,0,0,0.0,0,0,True,1008,0,2.2992413210586658e-11,1.866119601273054e-13,1.8077547815213406e-10,0.7403009999507049,1.1961512798461624,2.865481000071668,1.0011377911375337,3.2355107190087438,-3.2355107190087438,21.05848906483647,6.365725494990103,1021.5812451035297,0,371.6687602094363,371.72381721782006,1350.0,1210.981289561389,0.9372491920366883,0.2565090697141811,45.74202741065611,0.0,1.183901504632346e-14,45.74202741065611,0.0,0,0,0,0.0,0,0,True,1008,0,2.2992413210586658e-11,1.866119601273054e-13,1.8077547815213406e-10,0.7403009999507049,1.1961512798461624,2.865481000071668,1.1924881226369342,3.2279207184910774,-3.2279207184910774,7.929254917054003,9.929735473909679,1126.924406354673,0,140.02457358078084,139.96696991819164,1210.981289561389,1500.0,1.1597502464428544,3.0496756115550028e-05,0.0,0.0,0.0,0.0,0.0,0,0,0,0.0,0,0,True,1008,0,2.2992413210586658e-11,1.866119601273054e-13,1.8077547815213406e-10,0.7117929999367334,1.1867135000557028,2.865481000071668,0.26648700008991,0.5056553600638835,1.516736999974455,0.26648700008991,0.5056553600638835,1.516736999974455,0.26648700008991,0.5056553600638835,1.516736999974455,0.26648700008991,0.5056553600638835,1.516736999974455
Feb2022,400.0,True,0.0,swmpc_nosw,4,96.0,1.1053058971295455,4.561729340814054,-3.845598547719419,28.99340248891719,6.371850889722422,1021.6046786771262,0,511.63255805760537,511.79067093228616,1350.0,1500.0,1.367973349057138,0.19960354663782132,45.73626166245504,0.0,1.3137573704187735e-14,45.73626166245504,0.0,0,0,0,0.0,0,0,True,1008,0,2.4279201888718478e-11,2.0229516686254968e-13,2.219708635253358e-10,0.7233260000703012,1.1802120999732308,2.192397000044366,0.9887988091085296,3.845598547719419,-3.845598547719419,18.47672074295119,6.414316362209059,1021.6046786771262,0,326.1489334039116,326.15052025295023,1323.9137207843953,1211.2002213211586,1.2202803958207369,0.2554439248285211,45.73626166245504,0.0,1.3137573704187735e-14,45.73626166245504,0.0,0,0,0,0.0,0,0,True,1008,0,2.4279201888718478e-11,2.0229516686254968e-13,2.219708635253358e-10,0.7499754998434582,1.2195371400048314,2.192397000044366,1.0073465141790883,3.845598547719419,-3.845598547719419,21.054724870916058,6.371850889722422,1021.6046786771262,0,371.6083245124524,371.6573717796621,1350.0,1211.2002213211586,1.2202803958207369,0.2566240706252444,45.73626166245504,0.0,1.3137573704187735e-14,45.73626166245504,0.0,0,0,0,0.0,0,0,True,1008,0,2.4279201888718478e-11,2.0229516686254968e-13,2.219708635253358e-10,0.7499754998434582,1.2195371400048314,2.192397000044366,1.3950055803943626,4.561729340814054,-3.3095909813418984,7.938677618001133,9.926933981041147,1126.319447806845,0,140.02423354515298,140.13329915262403,1211.2002213211586,1500.0,1.367973349057138,3.1712681839768386e-05,0.0,0.0,0.0,0.0,0.0,0,0,0,0.0,0,0,True,1008,0,2.4279201888718478e-11,2.0229516686254968e-13,2.219708635253358e-10,0.7233260000703012,1.1802120999732308,2.192397000044366,0.26580600001580024,0.5588825200970852,1.6002429999844026,0.26580600001580024,0.5588825200970852,1.6002429999844026,0.26580600001580024,0.5588825200970852,1.6002429999844026,0.26580600001580024,0.5588825200970852,1.6002429999844026
Feb2022,400.0,True,180.0,pid_lowdrag_preview,0,96.16666666666667,1.2577682998028734,4.863276328891516,-4.504198963753879,28.87974759900595,6.876717704042338,921.9965571764577,0,509.8775098598452,509.7844382252258,1350.0,1260.0542304934197,0.3048038212582469,0.2300250989607373,0.0,0.0,0.0,0.0,0.0,0,0,0,0.0,0,0,True,0,0,,,,0.15574499991544144,0.2716389799206806,1.8753679999008455,1.2268978020742078,4.863276328891516,-4.504198963753879,18.415712279466533,6.896816212471403,921.9965571764577,0,324.9351539822056,325.07360068577657,1418.4275444531515,1424.7010531528153,1.8016260601580143,0.2914720981169501,0.0,0.0,0.0,0.0,0.0,0,0,0,0.0,0,0,True,0,0,,,,0.15661650002130045,0.25030150990687594,1.8753679999008455,1.2317701292351169,4.863276328891516,-4.504198963753879,21.005399307627847,6.876717704042338,921.9965571764577,0,370.70900042441315,370.7866784162691,1350.0,1424.7010531528153,1.8016260601580143,0.2960298298469701,0.0,0.0,0.0,0.0,0.0,0,0,0,0.0,0,0,True,0,0,,,,0.15661650002130045,0.25030150990687594,1.8753679999008455,1.3442287240050006,3.6988508626818657,-3.6988508626818657,7.8743482913781015,8.709169781733904,1137.772537173562,0,139.16850943543204,138.9977598089567,1424.7010531528153,1260.0542304934197,0.3048038212582469,0.0006017585010044124,0.0,0.0,0.0,0.0,0.0,0,0,0,0.0,0,0,True,0,0,,,,0.15574499991544144,0.2716389799206806,1.8753679999008455,,,,,,,,,,,,
Feb2022,400.0,True,180.0,pid_lowdrag_preview,1,96.16666666666667,1.2488499093287164,5.016163778491318,-5.016163778491318,28.88047467963159,6.886687853992627,926.6794455756444,0,509.8676916749901,509.7972726306155,1350.0,1259.5627253815246,0.5909220417961478,0.22995395879255842,0.0,0.0,0.0,0.0,0.0,0,0,0,0.0,0,0,True,0,0,,,,0.16076249983143498,0.35168025010989357,1.5080249997936335,1.2297902788256807,5.016163778491318,-5.016163778491318,18.412845250128,6.905933033377263,926.6794455756444,0,324.96064475324624,325.0229919699041,1418.1889029951158,1426.206773325645,-0.7062586583197117,0.29137668244342363,0.0,0.0,0.0,0.0,0.0,0,0,0,0.0,0,0,True,0,0,,,,0.1659209999615996,0.34732567991341035,1.5080249997936335,1.191855221231917,5.016163778491318,-5.016163778491318,21.007202025545098,6.886687853992627,926.6794455756444,0,370.6882709476512,370.8184999388634,1350.0,1426.206773325645,-0.7062586583197117,0.2959554713749869,0.0,0.0,0.0,0.0,0.0,0,0,0,0.0,0,0,True,0,0,,,,0.1659209999615996,0.34732567991341035,1.5080249997936335,1.4293857534433565,4.77747540269047,-4.616401950828731,7.873272654086492,8.833084927978124,1136.6253801420066,0,139.17942072733894,138.9787726917521,1426.206773325645,1259.5627253815246,0.5909220417961478,0.0005418047129447379,0.0,0.0,0.0,0.0,0.0,0,0,0,0.0,0,0,True,0,0,,,,0.16076249983143498,0.35168025010989357,1.5080249997936335,,,,,,,,,,,,
Feb2022,400.0,True,180.0,pid_lowdrag_preview,2,96.16666666666667,1.2584753244140467,5.010987179353833,-4.347705754451454,28.87822184558103,6.869975910704021,927.6401632590567,0,509.8791172669741,509.75750567154097,1350.0,1260.359710964001,-1.0306780524551868,0.22992417104629037,0.0,0.0,0.0,0.0,0.0,0,0,0,0.0,0,0,True,0,0,,,,0.1549090000025899,0.2402997699778094,0.42441999994480284,1.2502290561326095,4.347705754451454,-4.347705754451454,18.39639073959731,6.896109080584263,927.6401632590567,0,324.961576898316,324.7325374436504,1418.7525194178452,1423.5141108297614,-0.9466124782338738,0.2912885512427913,0.0,0.0,0.0,0.0,0.0,0,0,0,0.0,0,0,True,0,0,,,,0.1555949999101358,0.2522328700410974,0.32710400000723894,1.2321411971764538,4.347705754451454,-4.347705754451454,20.989576901409627,6.869975910704021,927.6401632590567,0,370.713321710972,370.5073817763766,1350.0,1423.5141108297614,-0.9466124782338738,0.2958967373192031,0.0,0.0,0.0,0.0,0.0,0,0,0,0.0,0,0,True,0,0,,,,0.1555949999101358,0.2522328700410974,0.32710400000723894,1.3460073260352634,5.010987179353833,-3.28197402972728,7.8886449441714035,8.686744631413802,1137.920372738315,0,139.16579555600208,139.2501238951644,1423.5141108297614,1260.359710964001,-1.0306780524551868,0.0006126303459595972,0.0,0.0,0.0,0.0,0.0,0,0,0,0.0,0,0,True,0,0,,,,0.1549090000025899,0.2402997699778094,0.42441999994480284,,,,,,,,,,,,
Feb2022,400.0,True,180.0,pid_lowdrag_preview,3,96.16666666666667,1.2596192146465945,7.090648173354566,-3.9181850543245673,28.87514689076372,6.8893572726035135,932.2184312416526,0,509.87142012813075,509.703226661352,1350.0,1263.3592656033056,-1.2207092819735408,0.22999323468806798,0.0,0.0,0.0,0.0,0.0,0,0,0,0.0,0,0,True,0,0,,,,0.15740249989448785,0.3138331800755616,0.4884959998889826,1.2474685198482343,7.090648173354566,-3.9181850543245673,18.419787154430004,6.900342368913109,932.2184312416526,0,324.95375729081945,325.14553025638384,1418.6767789734859,1426.4760832349093,-1.1046111276373267,0.2914289459562238,0.0,0.0,0.0,0.0,0.0,0,0,0,0.0,0,0,True,0,0,,,,0.15879449995281902,0.33516857995436905,0.4884959998889826,1.22947301883952,7.090648173354566,-3.9181850543245673,21.003388286954806,6.8893572726035135,932.2184312416526,0,370.69234087679496,370.7511799396777,1350.0,1426.4760832349093,-1.1046111276373267,0.2960049520470355,0.0,0.0,0.0,0.0,0.0,0,0,0,0.0,0,0,True,0,0,,,,0.15879449995281902,0.33516857995436905,0.4884959998889826,1.3592121440827196,3.7973240735009313,-3.5874549206346273,7.871758603808914,8.825206352459324,1137.543037636358,0,139.1790792513358,138.95204672167432,1426.4760832349093,1263.3592656033056,-1.2207092819735408,0.000545610212760339,0.0,0.0,0.0,0.0,0.0,0,0,0,0.0,0,0,True,0,0,,,,0.15740249989448785,0.3138331800755616,0.4884959998889826,,,,,,,,,,,,
Feb2022,400.0,True,180.0,pid_lowdrag_preview,4,96.16666666666667,1.3416789162237333,5.653144487179816,-5.513675536960363,28.889290912289972,6.889341233034615,929.7476505442402,0,509.92208720902505,509.95289650501786,1350.0,1260.9459090923144,0.5071417763829231,0.22987745344574906,0.0,0.0,0.0,0.0,0.0,0,0,0,0.0,0,0,True,0,0,,,,0.15472350003165047,0.21287416999712133,0.3999730001851276,1.282365542545702,4.714554156176746,-4.33112810831517,18.404323888104543,6.900903477391345,929.7476505442402,0,324.9898070622555,324.8725731431058,1418.1890901544625,1425.1300276681577,-0.6176680503413081,0.2912826715701132,0.0,0.0,0.0,0.0,0.0,0,0,0,0.0,0,0,True,0,0,,,,0.1557349999075086,0.22142082009622743,0.3999730001851276,1.2647506222710032,4.714554156176746,-4.33112810831517,20.990450840852763,6.889341233034615,929.7476505442402,0,370.75438816810345,370.5228085292087,1350.0,1425.1300276681577,-0.6176680503413081,0.2958378806112779,0.0,0.0,0.0,0.0,0.0,0,0,0,0.0,0,0,True,0,0,,,,0.1557349999075086,0.22142082009622743,0.3999730001851276,1.5802028615463963,5.653144487179816,-5.513675536960363,7.89884007143721,8.696074051909113,1136.7527176096792,0,139.1676990409216,139.43008797580916,1425.1300276681577,1260.9459090923144,0.5071417763829231,0.0006081066083248876,0.0,0.0,0.0,0.0,0.0,0,0,0,0.0,0,0,True,0,0,,,,0.15472350003165047,0.21287416999712133,0.3999730001851276,,,,,,,,,,,,
Feb2022,400.0,True,180.0,swmpc,0,96.16666666666667,1.1944216805488632,3.7648950833827257,-3.7648950833827257,28.908876071837234,5.852459847123454,1006.6823009124071,0,510.3916863886455,510.2986131537882,1350.0,1260.0542306028456,0.30480391439050436,0.20200911154034984,45.77042229250043,0.0,1.2604916663935319e-14,45.77042229250043,0.0,0,0,0,0.0,0,0,True,1008,0,3.3007721637130245e-11,1.5318661735575448e-13,2.889795587264795e-10,0.7021085000360472,1.0473565800111826,1.6667140000663494,1.1721682156354394,3.7648950833827257,-3.7648950833827257,18.458745363430292,6.389793671540776,1006.6823009124071,0,325.6575526932329,325.83321939290863,1418.191106228835,1418.5643604816416,1.5100020058453083,0.25588768161406306,45.77042229250043,0.0,1.235955207884033e-14,45.77042229250043,0.0,0,0,0,0.0,0,0,True,1008,0,3.3007721637130245e-11,1.5318661735575448e-13,2.889795587264795e-10,0.729849999970611,1.0722655098925313,1.6667140000663494,1.1478084954485859,3.7648950833827257,-3.7648950833827257,21.042266481340718,5.852459847123454,1006.6823009124071,0,371.32415614880995,371.43745666062995,1350.0,1418.5643604816416,1.5100020058453083,0.2597841478566776,45.77042229250043,0.0,1.2604916663935319e-14,45.77042229250043,0.0,0,0,0,0.0,0,0,True,1008,0,3.3007721637130245e-11,1.5318661735575448e-13,2.889795587264795e-10,0.729849999970611,1.0722655098925313,1.6667140000663494,1.3439247118062947,3.6988510182127357,-3.6988510182127357,7.866609590496516,8.020796613694802,1137.772545164595,0,139.06753023983555,138.86115649315826,1418.5643604816416,1260.0542306028456,0.30480391439050436,0.0011910542753204023,0.0,0.0,0.0,0.0,0.0,0,0,0,0.0,0,0,True,1008,0,3.3007721637130245e-11,1.5318661735575448e-13,2.889795587264795e-10,0.7021085000360472,1.0473565800111826,1.6667140000663494,0.26177499989898934,0.4814242199449835,0.8024409999052295,0.26177499989898934,0.4814242199449835,0.8024409999052295,0.26177499989898934,0.4814242199449835,0.8024409999052295,0.26177499989898934,0.4814242199449835,0.8024409999052295
Feb2022,400.0,True,180.0,swmpc,1,96.16666666666667,1.2066430905725694,4.77622627466917,-4.616401123814285,28.901477079729748,5.883985506048742,1008.7506473837536,0,510.2384273162261,510.16800636707154,1350.0,1259.562725496204,0.5909220827743411,0.20242594492943566,45.79308127084502,0.0,1.1984801278838445e-14,45.79308127084502,0.0,0,0,0,0.0,0,0,True,1008,0,4.207844203145799e-11,1.637200654586836e-13,2.3603769365468954e-10,0.687606999917989,1.0334430700072514,2.8777610000361165,1.16148863980041,3.673519448377192,-3.673519448377192,18.455380659926938,6.49050364388938,1008.7506473837536,0,325.6015110151834,325.7738257476071,1418.239654276517,1419.328173287536,1.2941473936662078,0.25608667887929026,45.79308127084502,0.0,1.1984801278838445e-14,45.79308127084502,0.0,0,0,0,0.0,0,0,True,1008,0,4.207844203145799e-11,1.637200654586836e-13,2.3603769365468954e-10,0.7097604999444229,1.0593082598711578,2.8777610000361165,1.1345177365880954,3.673519448377192,-3.673519448377192,21.036059751577653,5.883985506048742,1008.7506473837536,0,371.1678289903284,371.3278956530527,1350.0,1419.328173287536,1.2941473936662078,0.2603262821863991,45.79308127084502,0.0,1.1984801278838445e-14,45.79308127084502,0.0,0,0,0,0.0,0,0,True,1008,0,4.207844203145799e-11,1.637200654586836e-13,2.3603769365468954e-10,0.7097604999444229,1.0593082598711578,2.8777610000361165,1.429304507442146,4.77622627466917,-4.616401123814285,7.865417328152095,8.041512615088063,1136.625380151221,0,139.07059832589766,138.84011071401886,1419.328173287536,1259.562725496204,0.5909220827743411,0.0011723588776456628,0.0,0.0,0.0,0.0,0.0,0,0,0,0.0,0,0,True,1008,0,4.207844203145799e-11,1.637200654586836e-13,2.3603769365468954e-10,0.687606999917989,1.0334430700072514,2.8777610000361165,0.2569580000226779,0.418254829955913,1.3598610000826739,0.2569580000226779,0.418254829955913,1.3598610000826739,0.2569580000226779,0.418254829955913,1.3598610000826739,0.2569580000226779,0.418254829955913,1.3598610000826739
Feb2022,400.0,True,180.0,swmpc,2,96.16666666666667,1.2221428309497877,5.032471684738994,-3.6292198300361633,28.90397753418682,5.940278177897364,1008.3341059942068,0,510.33375796524746,510.2121443141402,1350.0,1260.3597111197575,-1.030678192153573,0.20207955917972442,45.78195838529792,0.0,1.1627465618860846e-14,45.78195838529792,0.0,0,0,0,0.0,0,0,True,1008,0,2.2818502777385105e-11,1.5773603265985004e-13,2.3021716391276494e-10,0.6900709998944876,0.962193620034668,1.2672910002038407,1.214687028059565,4.038498571142554,-3.6292198300361633,18.43864332050914,6.416623890456376,1008.3341059942068,0,325.59143852126533,325.4783787343291,1417.9734726902564,1419.7345034658686,0.10031735431402922,0.2560950448970414,45.78195838529792,0.0,1.1627465618860846e-14,45.78195838529792,0.0,0,0,0,0.0,0,0,True,1008,0,2.2818502777385105e-11,1.5773603265985004e-13,2.3021716391276494e-10,0.7115380000186633,0.981243290093516,1.2672910002038407,1.1839541051777918,4.038498571142554,-3.6292198300361633,21.0255022151383,5.940278177897364,1008.3341059942068,0,371.2602906368342,371.1415343365561,1350.0,1419.7345034658686,0.10031735431402922,0.25988611088894986,45.78195838529792,0.0,1.1627465618860846e-14,45.78195838529792,0.0,0,0,0,0.0,0,0,True,1008,0,2.2818502777385105e-11,1.5773603265985004e-13,2.3021716391276494e-10,0.7115380000186633,0.981243290093516,1.2672910002038407,1.3464825966113256,5.032471684738994,-3.4111010218039155,7.878475319048519,8.06413243190284,1137.9203732633266,0,139.07346732841324,139.07060997758407,1419.7345034658686,1260.3597111197575,-1.030678192153573,0.0011519587559338795,0.0,0.0,0.0,0.0,0.0,0,0,0,0.0,0,0,True,1008,0,2.2818502777385105e-11,1.5773603265985004e-13,2.3021716391276494e-10,0.6900709998944876,0.962193620034668,1.2672910002038407,0.25726800004122197,0.43513843003438457,0.6838209999386891,0.25726800004122197,0.43513843003438457,0.6838209999386891,0.25726800004122197,0.43513843003438457,0.6838209999386891,0.25726800004122197,0.43513843003438457,0.6838209999386891
Feb2022,400.0,True,180.0,swmpc,3,96.16666666666667,1.203540099058621,3.9792527090758085,-3.721839565783739,28.897188967893058,5.729262842005523,1008.7848217441815,0,510.26050819101033,510.09231274558033,1350.0,1263.3592656049348,-1.2207093955948949,0.2023993243428882,45.77247086603745,0.0,1.1796418693287894e-14,45.77247086603745,0.0,0,0,0,0.0,0,0,True,1008,0,3.34290336743688e-11,1.7514411474341992e-13,2.2300327835573117e-10,0.7287739999810583,1.188612730088607,2.59936999987076,1.1806613407064483,3.9792527090758085,-3.721839565783739,18.4658744621065,6.440289880077889,1008.7848217441815,0,325.650619929488,325.959062028871,1418.3603578973311,1421.8783547495093,1.2592803509905934,0.2559295267848677,45.77247086603745,0.0,1.1796418693287894e-14,45.77247086603745,0.0,0,0,0,0.0,0,0,True,1008,0,3.34290336743688e-11,1.7514411474341992e-13,2.2300327835573117e-10,0.7698860000573404,1.2091851299805962,2.59936999987076,1.1547756577330281,3.9792527090758085,-3.721839565783739,21.034405185028394,5.729262842005523,1008.7848217441815,0,371.19716516468617,371.2986892939665,1350.0,1421.8783547495093,1.2592803509905934,0.2602791237758486,45.77247086603745,0.0,1.1796418693287894e-14,45.77247086603745,0.0,0,0,0,0.0,0,0,True,1008,0,3.34290336743688e-11,1.7514411474341992e-13,2.2300327835573117e-10,0.7698860000573404,1.2091851299805962,2.59936999987076,1.359499792982028,3.804641852155328,-3.587454912252724,7.862783782864664,7.991929189649392,1137.543051314633,0,139.06334302632416,138.79362345161383,1421.8783547495093,1263.3592656049348,-1.2207093955948949,0.0012171249345295232,0.0,0.0,0.0,0.0,0.0,0,0,0,0.0,0,0,True,1008,0,3.34290336743688e-11,1.7514411474341992e-13,2.2300327835573117e-10,0.7287739999810583,1.188612730088607,2.59936999987076,0.27172999989488744,0.5204025498574075,2.093376999937391,0.27172999989488744,0.5204025498574075,2.093376999937391,0.27172999989488744,0.5204025498574075,2.093376999937391,0.27172999989488744,0.5204025498574075,2.093376999937391
Feb2022,400.0,True,180.0,swmpc,4,96.16666666666667,1.2940395504273614,5.65348410140723,-5.513618136756122,28.906139856546968,5.829584907237507,1007.6994952553134,0,510.2195064565145,510.250313563565,1350.0,1260.9459090989037,0.5071417586877942,0.20246981729423374,45.78246926899241,0.0,1.4264006952165127e-14,45.78246926899241,0.0,0,0,0,0.0,0,0,True,1008,0,4.2311052042673873e-11,1.6527699519452658e-13,2.367686059014482e-10,0.7127950000267447,1.07456485001876,1.4027299998815579,1.2179336443131197,3.796441201120615,-3.244470251724124,18.452365457261998,6.483335128586041,1007.6994952553134,0,325.5229320639365,325.72060148062144,1418.2711722984238,1423.1102562554372,1.7058692360296845,0.2563768996726181,45.78246926899241,0.0,1.1776191634320036e-14,45.78246926899241,0.0,0,0,0,0.0,0,0,True,1008,0,4.2311052042673873e-11,1.6527699519452658e-13,2.367686059014482e-10,0.7363654999608116,1.099998090066947,1.4027299998815579,1.198984129070909,3.796441201120615,-3.244470251724124,21.028733424447694,5.829584907237507,1007.6994952553134,0,371.1333961100611,371.1985715463442,1350.0,1423.1102562554372,1.7058692360296845,0.2604081911974917,45.78246926899241,0.0,1.4264006952165127e-14,45.78246926899241,0.0,0,0,0,0.0,0,0,True,1008,0,4.2311052042673873e-11,1.6527699519452658e-13,2.367686059014482e-10,0.7363654999608116,1.099998090066947,1.4027299998815579,1.58057970975421,5.65348410140723,-5.513618136756122,7.877406432099274,8.13957937001369,1136.752718029727,0,139.08611034645344,139.05174201722076,1423.1102562554372,1260.9459090989037,0.5071417586877942,0.0010840211063581906,0.0,0.0,0.0,0.0,0.0,0,0,0,0.0,0,0,True,1008,0,4.2311052042673873e-11,1.6527699519452658e-13,2.367686059014482e-10,0.7127950000267447,1.07456485001876,1.4027299998815579,0.26609650001319096,0.5243398099992189,0.6329050002022996,0.26609650001319096,0.5243398099992189,0.6329050002022996,0.26609650001319096,0.5243398099992189,0.6329050002022996,0.26609650001319096,0.5243398099992189,0.6329050002022996
Feb2022,400.0,True,180.0,swmpc_nosw,0,96.16666666666667,1.06594369251322,3.3608090952038765,-3.2800562605261803,28.926217171687874,5.852459847123454,1006.6628443210739,0,510.6868450874979,510.6047177281186,1350.0,1260.109192155677,0.18928982131183147,0.2010952781082339,45.72945032006699,0.0,1.4328151702892603e-14,45.72945032006699,0.0,0,0,0,0.0,0,0,True,1008,0,4.2036403605029177e-11,2.0693372474741824e-13,3.834043324091632e-10,0.7019634999778646,1.1077642100872251,1.2969750000593194,1.019828057725522,3.000608109869063,-3.000608109869063,18.47307869912334,6.446907234281197,1006.6628443210739,0,325.9469702150622,326.0862310045612,1418.2087658886728,1418.7448956521544,1.2570914309471846,0.25453821812718236,45.72945032006699,0.0,1.4328151702892603e-14,45.72945032006699,0.0,0,0,0,0.0,0,0,True,1008,0,4.2036403605029177e-11,2.0693372474741824e-13,3.834043324091632e-10,0.7221140000410742,1.1224611599595846,1.2969750000593194,1.0162982622052994,3.003921194933355,-3.003921194933355,21.05759590313851,5.852459847123454,1006.6628443210739,0,371.61980015221053,371.70805115432097,1350.0,1418.7448956521544,1.2570914309471846,0.2586068630739399,45.72945032006699,0.0,1.4328151702892603e-14,45.72945032006699,0.0,0,0,0,0.0,0,0,True,1008,0,4.2036403605029177e-11,2.0693372474741824e-13,3.834043324091632e-10,0.7221140000410742,1.1224611599595846,1.2969750000593194,1.2229264158038013,3.3608090952038765,-3.2800562605261803,7.868621268549365,8.018706235147212,1137.9269022695212,0,139.06704493528736,138.89666657379763,1418.7448956521544,1260.109192155677,0.18928982131183147,0.0011929413998492677,0.0,0.0,0.0,0.0,0.0,0,0,0,0.0,0,0,True,1008,0,4.2036403605029177e-11,2.0693372474741824e-13,3.834043324091632e-10,0.7019634999778646,1.1077642100872251,1.2969750000593194,0.2613340000152675,0.40706468999360357,0.5356880001272657,0.2613340000152675,0.40706468999360357,0.5356880001272657,0.2613340000152675,0.40706468999360357,0.5356880001272657,0.2613340000152675,0.40706468999360357,0.5356880001272657
Feb2022,400.0,True,180.0,swmpc_nosw,1,96.16666666666667,1.0951265651090674,4.283948318101466,-4.283948318101466,28.921133306249523,5.883985506048742,1008.5692449487731,0,510.5688259518082,510.51497748791286,1350.0,1259.6827116209045,0.48727596271783113,0.20142880693609921,45.75003992099456,0.0,1.6124312812077566e-14,45.75003992099456,0.0,0,0,0,0.0,0,0,True,1008,0,2.2355527231855382e-11,1.8098513016786193e-13,4.908490338706771e-10,0.6957489999876998,1.1774311699014104,12.52434799994262,1.053423769030905,3.4855637326836586,-3.4855637326836586,18.472972079984405,6.497636137347939,1008.5692449487731,0,325.9306761225004,326.0843489667217,1418.2542056916109,1419.1807060542744,1.3412524554878473,0.2545967531943094,45.75003992099456,0.0,1.2987621173862418e-14,45.75003992099456,0.0,0,0,0,0.0,0,0,True,1008,0,2.2355527231855382e-11,1.8098513016786193e-13,4.908490338706771e-10,0.7189740000512757,1.1850703599316148,12.52434799994262,1.0372606944701563,3.4855637326836586,-3.4855637326836586,21.054327512843212,5.883985506048742,1008.5692449487731,0,371.4994169243816,371.65035762688257,1350.0,1419.1807060542744,1.3412524554878473,0.25904042872617683,45.75003992099456,0.0,1.6124312812077566e-14,45.75003992099456,0.0,0,0,0,0.0,0,0,True,1008,0,2.2355527231855382e-11,1.8098513016786193e-13,4.908490338706771e-10,0.7189740000512757,1.1850703599316148,12.52434799994262,1.2760083518043503,4.283948318101466,-4.283948318101466,7.866805793406311,8.034422619671075,1136.9829623668193,0,139.06940902742662,138.8646198610303,1419.1807060542744,1259.6827116209045,0.48727596271783113,0.0011787560243819994,0.0,0.0,0.0,0.0,0.0,0,0,0,0.0,0,0,True,1008,0,2.2355527231855382e-11,1.8098513016786193e-13,4.908490338706771e-10,0.6957489999876998,1.1774311699014104,12.52434799994262,0.26411850001295534,0.4901789100586027,0.5780520000371325,0.26411850001295534,0.4901789100586027,0.5780520000371325,0.26411850001295534,0.4901789100586027,0.5780520000371325,0.26411850001295534,0.4901789100586027,0.5780520000371325
Feb2022,400.0,True,180.0,swmpc_nosw,2,96.16666666666667,1.1098245251989867,4.310584744438529,-2.924412902444601,28.9216516907327,5.940278177897364,1008.4575804441806,0,510.62554599718646,510.52412799525604,1350.0,1260.2939151527403,-0.8933859160169959,0.2011939889718527,45.738535721849715,0.0,1.2569641488304927e-14,45.738535721849715,0.0,0,0,0,0.0,0,0,True,1008,0,3.3882644845412453e-11,1.593800604111146e-13,2.100542721299274e-10,0.7201514998769198,1.2444027500737318,3.390332999970269,1.0903171778795215,2.9772148858755827,-2.924412902444601,18.458963158939696,6.395932807994918,1008.4575804441806,0,325.885243061486,325.83706391270476,1417.9897103878413,1420.1290428783998,0.6040108976885676,0.25475791332787356,45.738535721849715,0.0,1.2569641488304927e-14,45.738535721849715,0.0,0,0,0,0.0,0,0,True,1008,0,3.3882644845412453e-11,1.593800604111146e-13,2.100542721299274e-10,0.7533110000395027,1.2584412199657888,3.390332999970269,1.0752782646706351,2.9772148858755827,-2.924412902444601,21.046413355633614,5.940278177897364,1008.4575804441806,0,371.5538142278396,371.51065716123986,1350.0,1420.1290428783998,0.6040108976885676,0.25874304815340665,45.738535721849715,0.0,1.2569641488304927e-14,45.738535721849715,0.0,0,0,0,0.0,0,0,True,1008,0,3.3882644845412453e-11,1.593800604111146e-13,2.100542721299274e-10,0.7533110000395027,1.2584412199657888,3.390332999970269,1.2223311046926566,4.310584744438529,-2.907661239616573,7.875238335099084,8.053665214436107,1137.9004227370785,0,139.07173176934685,139.01347083401618,1420.1290428783998,1260.2939151527403,-0.8933859160169959,0.0011613970580377497,0.0,0.0,0.0,0.0,0.0,0,0,0,0.0,0,0,True,1008,0,3.3882644845412453e-11,1.593800604111146e-13,2.100542721299274e-10,0.7201514998769198,1.2444027500737318,3.390332999970269,0.2656855000395808,0.5689967700345729,2.8427669999473437,0.2656855000395808,0.5689967700345729,2.8427669999473437,0.2656855000395808,0.5689967700345729,2.8427669999473437,0.2656855000395808,0.5689967700345729,2.8427669999473437
Feb2022,400.0,True,180.0,swmpc_nosw,3,96.16666666666667,1.0731646289963357,3.4836091343313456,-3.227978284470737,28.91474154746021,5.729262842005523,1008.1851113069838,0,510.548938700077,510.4021503535233,1350.0,1263.0456185164212,-1.0919454516842961,0.2014895555639451,45.73485628371417,0.0,1.5255381467520417e-14,45.73485628371417,0.0,0,0,0,0.0,0,0,True,1008,0,2.3808156251066595e-11,1.5667736013729776e-13,3.833740484459932e-10,0.6978975001175058,1.140600709973114,2.3967159997937415,1.046821684341382,3.1628385735675693,-3.1628385735675693,18.482906071613918,6.47112126761542,1008.1851113069838,0,325.93948764428933,326.2597034889483,1418.376705907613,1422.023515959758,1.3405255628749728,0.25456801954374386,45.73485628371417,0.0,1.5255381467520417e-14,45.73485628371417,0.0,0,0,0,0.0,0,0,True,1008,0,2.3808156251066595e-11,1.5667736013729776e-13,3.833740484459932e-10,0.7172069999796804,1.162099139901329,2.3967159997937415,1.0306385828369715,3.1628385735675693,-3.1628385735675693,21.052018853161023,5.729262842005523,1008.1851113069838,0,371.4866224439539,371.60960523543423,1350.0,1422.023515959758,1.3405255628749728,0.2591061231003744,45.73485628371417,0.0,1.5255381467520417e-14,45.73485628371417,0.0,0,0,0,0.0,0,0,True,1008,0,2.3808156251066595e-11,1.5667736013729776e-13,3.833740484459932e-10,0.7172069999796804,1.162099139901329,2.3967159997937415,1.2094028692249676,3.4836091343313456,-3.227978284470737,7.862722694299187,7.986186382527109,1137.6206639722284,0,139.0623162561231,138.7925451180891,1422.023515959758,1263.0456185164212,-1.0919454516842961,0.0012223139200814304,0.0,0.0,0.0,0.0,0.0,0,0,0,0.0,0,0,True,1008,0,2.3808156251066595e-11,1.5667736013729776e-13,3.833740484459932e-10,0.6978975001175058,1.140600709973114,2.3967159997937415,0.26207500002328743,0.48496843003022144,0.5996539998704975,0.26207500002328743,0.48496843003022144,0.5996539998704975,0.26207500002328743,0.48496843003022144,0.5996539998704975,0.26207500002328743,0.48496843003022144,0.5996539998704975
Feb2022,400.0,True,180.0,swmpc_nosw,4,96.16666666666667,1.172185592285874,4.992465534247458,-4.830503907985985,28.922275897990534,5.829584907237507,1007.4871006636065,0,510.49336856426055,510.5351464830502,1350.0,1260.8686339244741,0.48789425753057003,0.20158392631597777,45.74362811622105,0.0,1.2628866244480371e-14,45.74362811622105,0.0,0,0,0,0.0,0,0,True,1008,0,4.150955776079332e-11,1.5731552558423982e-13,3.222019768230501e-10,0.697016000003714,0.9355966500811518,1.4449899999817717,1.0936318005631591,3.282112058252096,-3.282112058252096,18.46942644937724,6.493188096683338,1007.4871006636065,0,325.802131103977,326.02176160161224,1418.2852225799625,1422.302107664633,1.69095323048532,0.25505135109058386,45.74362811622105,0.0,1.2628866244480371e-14,45.74362811622105,0.0,0,0,0,0.0,0,0,True,1008,0,4.150955776079332e-11,1.5731552558423982e-13,3.222019768230501e-10,0.7161749999795575,0.9418760299558926,1.4449899999817717,1.0882952741905734,3.282112058252096,-3.282112058252096,21.046451582245844,5.829584907237507,1007.4871006636065,0,371.4157350664728,371.5113319362549,1350.0,1422.302107664633,1.69095323048532,0.25925332052573247,45.74362811622105,0.0,1.2628866244480371e-14,45.74362811622105,0.0,0,0,0,0.0,0,0,True,1008,0,4.150955776079332e-11,1.5731552558423982e-13,3.222019768230501e-10,0.7161749999795575,0.9418760299558926,1.4449899999817717,1.425887560022367,4.992465534247458,-4.830503907985985,7.8758243157446906,8.085094480294881,1136.9706609882087,0,139.07763349778776,139.02381454679528,1422.302107664633,1260.8686339244741,0.48789425753057003,0.001133066442071562,0.0,0.0,0.0,0.0,0.0,0,0,0,0.0,0,0,True,1008,0,4.150955776079332e-11,1.5731552558423982e-13,3.222019768230501e-10,0.697016000003714,0.9355966500811518,1.4449899999817717,0.2577539999037981,0.38026767012752316,0.6529949998821394,0.2577539999037981,0.38026767012752316,0.6529949998821394,0.2577539999037981,0.38026767012752316,0.6529949998821394,0.2577539999037981,0.38026767012752316,0.6529949998821394
Feb2022,550.0,False,0.0,pid_lowdrag_preview,0,96.0,0.5712978013968559,2.2199428863823414,-2.2199428863823414,2.1913703350540774,6.631581395843352,1138.8463800708826,0,38.73003821101352,38.68200341326411,1350.0,1478.9715195272838,-0.41416156850755215,0.2809895872900098,0.0,0.0,0.0,0.0,0.0,0,0,0,0.0,0,0,True,0,0,,,,0.15493849991798925,0.25257610018343246,0.8624709998912294,0.5656407659858061,1.8475275356322527,-1.1600703336298466,1.387515047859341,6.646086452080093,1139.4018079691423,0,24.337748304106242,24.49237399936147,1179.5128822514482,1247.8528082323714,0.519085381180048,0.36053864529735646,0.0,0.0,0.0,0.0,0.0,0,0,0,0.0,0,0,True,0,0,,,,0.1557649999313071,0.2541026500875885,0.48957800004245655,0.5596334236336518,1.8475275356322527,-1.300212916918099,1.5698280027365317,6.631581395843352,1139.4018079691423,0,27.637009487675257,27.71055680946499,1350.0,1247.8528082323714,0.519085381180048,0.3611139521003037,0.0,0.0,0.0,0.0,0.0,0,0,0,0.0,0,0,True,0,0,,,,0.1557649999313071,0.2541026500875885,0.48957800004245655,0.610370223304052,2.2199428863823414,-2.2199428863823414,0.6215423323175457,8.815111306065564,1138.8463800708826,0,11.093028723338264,10.971446603799123,1247.8528082323714,1478.9715195272838,-0.41416156850755215,0.0005543104539810217,0.0,0.0,0.0,0.0,0.0,0,0,0,0.0,0,0,True,0,0,,,,0.15493849991798925,0.25257610018343246,0.8624709998912294,,,,,,,,,,,,
Feb2022,550.0,False,0.0,pid_lowdrag_preview,1,96.0,0.5429092735566546,1.7702995957806706,-1.457525740377605,2.192717380636637,6.624661534473509,1138.942773228796,0,38.726917685798455,38.70578142147629,1350.0,1478.7022734640298,-0.40496903005987406,0.28097607753905063,0.0,0.0,0.0,0.0,0.0,0,0,0,0.0,0,0,True,0,0,,,,0.1597009999159127,0.40297930006545335,0.5849920000855491,0.5807193278167448,1.7702995957806706,-1.457525740377605,1.3819075055797887,6.624661534473509,1139.274673652696,0,24.334247986310963,24.39338983126916,1179.5749503066857,1247.788415405267,0.5734751066192985,0.36051909951696415,0.0,0.0,0.0,0.0,0.0,0,0,0,0.0,0,0,True,0,0,,,,0.16158349990291754,0.4068741800938367,0.5849920000855491,0.5529615157220529,1.7702995957806706,-1.457525740377605,1.5708975288647016,6.624661534473509,1139.274673652696,0,27.633871191602996,27.729436052593748,1350.0,1247.788415405267,0.5734751066192985,0.36109727645269873,0.0,0.0,0.0,0.0,0.0,0,0,0,0.0,0,0,True,0,0,,,,0.16158349990291754,0.4068741800938367,0.5849920000855491,0.5061567191774299,1.6120632598176599,-1.1333324369043112,0.6218198517719353,8.820103921438873,1138.942773228796,0,11.093046494195459,10.97634536888254,1247.788415405267,1478.7022734640298,-0.40496903005987406,0.0005518813412823675,0.0,0.0,0.0,0.0,0.0,0,0,0,0.0,0,0,True,0,0,,,,0.1597009999159127,0.40297930006545335,0.5849920000855491,,,,,,,,,,,,
Feb2022,550.0,False,0.0,pid_lowdrag_preview,2,96.0,0.4921612290231627,1.7927463306114078,-1.003721596673131,2.192499788707473,6.6234026742066785,1138.9775295530212,0,38.731390275836105,38.70194049527034,1350.0,1478.993631361484,0.04379838518798351,0.280946714261436,0.0,0.0,0.0,0.0,0.0,0,0,0,0.0,0,0,True,0,0,,,,0.15552000013485667,0.29153629999427705,0.4882769999312586,0.4778123448493359,1.2619684478268027,-0.9952685898169875,1.3829356657927743,6.6234026742066785,1138.9775295530212,0,24.33900439059864,24.41153888450405,1179.4531465473963,1247.351017980181,0.49819047935307026,0.3604767675256513,0.0,0.0,0.0,0.0,0.0,0,0,0,0.0,0,0,True,0,0,,,,0.15620099998159276,0.26257845010832154,0.4882769999312586,0.4749261883868536,1.292965148575604,-1.003721596673131,1.5680029363647476,6.6234026742066785,1138.9775295530212,0,27.638446153871193,27.67834079262241,1350.0,1247.351017980181,0.49819047935307026,0.3610580936582728,0.0,0.0,0.0,0.0,0.0,0,0,0,0.0,0,0,True,0,0,,,,0.15620099998159276,0.26257845010832154,0.4882769999312586,0.548233475479496,1.7927463306114078,-0.7263693939894438,0.6244968523427252,8.809817764890655,1139.0622363869988,0,11.092944121964912,11.023599702647932,1247.351017980181,1478.993631361484,0.04379838518798351,0.0005568863725073925,0.0,0.0,0.0,0.0,0.0,0,0,0,0.0,0,0,True,0,0,,,,0.15552000013485667,0.29153629999427705,0.4882769999312586,,,,,,,,,,,,
Feb2022,550.0,False,0.0,pid_lowdrag_preview,3,96.0,0.4852677986571134,1.4583102017641068,-1.383805563673377,2.19474279442704,6.626153477269813,1138.250912644924,0,38.727459713575975,38.741533964942356,1350.0,1478.038816047273,0.2307926882058382,0.28095302906733066,0.0,0.0,0.0,0.0,0.0,0,0,0,0.0,0,0,True,0,0,,,,0.1614589999689997,0.4696107501445105,1.8100409999988187,0.5025594237088907,1.4583102017641068,-1.1908168429508805,1.38912170426723,6.626153477269813,1138.250912644924,0,24.33466300473332,24.520734650074132,1179.4938674731998,1246.7698494105132,0.728744144551456,0.3604835440530191,0.0,0.0,0.0,0.0,0.0,0,0,0,0.0,0,0,True,0,0,,,,0.16270000003260066,0.46803458013982835,1.140451000082976,0.5015188999538013,1.4583102017641068,-1.1908168429508805,1.571161768229798,6.626153477269813,1138.250912644924,0,27.634428333771616,27.734100397939464,1350.0,1246.7698494105132,0.728744144551456,0.361066873121794,0.0,0.0,0.0,0.0,0.0,0,0,0,0.0,0,0,True,0,0,,,,0.16270000003260066,0.46803458013982835,1.140451000082976,0.4235062447270348,1.383805563673377,-1.383805563673377,0.6235810261972419,8.81456787620447,1139.3331284047829,0,11.093031379804358,11.007433567002892,1246.7698494105132,1478.038816047273,0.2307926882058382,0.0005545748767092906,0.0,0.0,0.0,0.0,0.0,0,0,0,0.0,0,0,True,0,0,,,,0.1614589999689997,0.4696107501445105,1.8100409999988187,,,,,,,,,,,,
Feb2022,550.0,False,0.0,pid_lowdrag_preview,4,96.0,0.5449649592872828,2.1935040587559342,-1.5711425896734,2.1934430447982907,6.628370302386793,1138.8411129704143,0,38.72952165978844,38.71859082348798,1350.0,1477.8962630920696,-0.14833752252161503,0.28096236898797056,0.0,0.0,0.0,0.0,0.0,0,0,0,0.0,0,0,True,0,0,,,,0.15725749994999205,0.2817941999865069,0.4597740000917838,0.5462234888133979,2.1935040587559342,-1.2008985541760921,1.3875673610464867,6.628370302386793,1138.8411129704143,0,24.33713157419822,24.493297430171705,1179.5060816044152,1247.3647943735948,0.6966312881559134,0.3604947992964467,0.0,0.0,0.0,0.0,0.0,0,0,0,0.0,0,0,True,0,0,,,,0.15857900007176795,0.2842441200891697,0.35443499996290484,0.5373649533706442,2.1935040587559342,-1.5711425896734,1.5698991561874263,6.628370302386793,1138.8411129704143,0,27.63649245383344,27.711812808045714,1350.0,1247.3647943735948,0.6966312881559134,0.3610789332036972,0.0,0.0,0.0,0.0,0.0,0,0,0,0.0,0,0,True,0,0,,,,0.15857900007176795,0.2842441200891697,0.35443499996290484,0.5707686089308289,1.6318813851103187,-1.4718775507062674,0.6235438886108644,8.814939126342798,1139.3495579550518,0,11.093029205954998,11.006778015442265,1247.3647943735948,1477.8962630920696,-0.14833752252161503,0.0005543942329276907,0.0,0.0,0.0,0.0,0.0,0,0,0,0.0,0,0,True,0,0,,,,0.15725749994999205,0.2817941999865069,0.4597740000917838,,,,,,,,,,,,
Feb2022,550.0,False,0.0,swmpc,0,96.0,0.5660430933739699,2.2264827201142907,-2.2264827201142907,2.217001075267015,5.204178641191779,1138.836776581693,0,39.18174154777107,39.134436470580575,1350.0,1478.9659596998752,-0.40670898277312517,0.22375114449935118,34.202885898661954,0.0,1.1546402314183127e-14,34.202885898661954,0.0,0,0,0,0.0,0,0,True,1008,0,6.918473052550434e-11,1.3311790375634062e-13,4.815134999997512e-10,0.689896000153567,0.8290164999380064,1.271677999966414,0.5463615382772906,1.714246797375381,-1.1142242243513465,1.4096467203273382,5.205538570550059,1139.2686797161243,0,24.72863974301478,24.8830416178161,1179.535827701156,1311.7187845460185,0.48225997295230627,0.28862461763476543,34.202885898661954,0.0,1.1546402314183127e-14,34.202885898661954,0.0,0,0,0,0.0,0,0,True,1008,0,6.918473052550434e-11,1.3311790375634062e-13,4.815134999997512e-10,0.7100964999153803,0.839060860103018,1.271677999966414,0.5517096937499407,1.714246797375381,-1.3652045652270317,1.5953829012272809,5.204178641191779,1139.2686797161243,0,28.08431405223476,28.16165111097646,1350.0,1311.7187845460185,0.48225997295230627,0.28762227598122736,34.202885898661954,0.0,1.1546402314183127e-14,34.202885898661954,0.0,0,0,0,0.0,0,0,True,1008,0,6.918473052550434e-11,1.3311790375634062e-13,4.815134999997512e-10,0.7100964999153803,0.839060860103018,1.271677999966414,0.6135788249132224,2.2264827201142907,-2.2264827201142907,0.6216181740397342,9.550133214606083,1138.836776581693,0,11.097427495536309,10.972785359604114,1311.7187845460185,1478.9659596998752,-0.40670898277312517,0.0002021843127847367,0.0,0.0,0.0,0.0,0.0,0,0,0,0.0,0,0,True,1008,0,6.918473052550434e-11,1.3311790375634062e-13,4.815134999997512e-10,0.689896000153567,0.8290164999380064,1.271677999966414,0.26686800003972166,0.3697046900651912,0.7927060000838537,0.26686800003972166,0.3697046900651912,0.7927060000838537,0.26686800003972166,0.3697046900651912,0.7927060000838537,0.26686800003972166,0.3697046900651912,0.7927060000838537
Feb2022,550.0,False,0.0,swmpc,1,96.0,0.5446222141167776,1.597052214667201,-1.3534756312146783,2.218968386622121,5.199999999999999,1138.8517436106326,0,39.18841412974333,39.169163391602005,1350.0,1478.6859573890067,-0.3901916332542896,0.22431080016793736,34.16544276911076,0.0,1.2005373226457797e-14,34.16544276911076,0.0,0,0,0,0.0,0,0,True,1008,0,6.669213181026009e-11,1.8066912179629743e-13,3.835888966544638e-10,0.6900614998812671,0.8689830499292839,1.2444470000900765,0.5834830277943425,1.597052214667201,-1.3534756312146783,1.4062120710176902,5.199999999999999,1138.8517436106326,0,24.735725882059114,24.822413291241997,1179.4230233153642,1309.929344349052,0.620436605066061,0.2894063750627235,34.16544276911076,0.0,1.2005373226457797e-14,34.16544276911076,0.0,0,0,0,0.0,0,0,True,1008,0,6.669213181026009e-11,1.8066912179629743e-13,3.835888966544638e-10,0.7129459999077881,0.8731390898810786,1.2444470000900765,0.5564450988962016,1.597052214667201,-1.3534756312146783,1.5972570926193372,5.199999999999999,1138.8517436106326,0,28.0909869686303,28.194734281203615,1350.0,1309.929344349052,0.620436605066061,0.2883421153530016,34.16544276911076,0.0,1.2005373226457797e-14,34.16544276911076,0.0,0,0,0,0.0,0,0,True,1008,0,6.669213181026009e-11,1.8066912179629743e-13,3.835888966544638e-10,0.7129459999077881,0.8731390898810786,1.2444470000900765,0.501049981731326,1.5810751235112548,-1.1336364885792136,0.6217112940027836,9.552243904298507,1138.9308879206305,0,11.097427161113028,10.97442911039839,1309.929344349052,1478.6859573890067,-0.3901916332542896,0.0002011970202128177,0.0,0.0,0.0,0.0,0.0,0,0,0,0.0,0,0,True,1008,0,6.669213181026009e-11,1.8066912179629743e-13,3.835888966544638e-10,0.6900614998812671,0.8689830499292839,1.2444470000900765,0.2661370000396346,0.36460905004105354,0.4613160001554206,0.2661370000396346,0.36460905004105354,0.4613160001554206,0.2661370000396346,0.36460905004105354,0.4613160001554206,0.2661370000396346,0.36460905004105354,0.4613160001554206
Feb2022,550.0,False,0.0,swmpc,2,96.0,0.4728506244412047,1.8676324738189578,-0.8977548936381936,2.2173730310443918,5.203042158550112,1138.8905753949603,0,39.170117674646505,39.14100222280463,1350.0,1478.9901540032884,0.04589938931167126,0.22382989330764846,34.18358664061716,0.0,1.1400857991380742e-14,34.18358664061716,0.0,0,0,0,0.0,0,0,True,1008,0,6.945560782889089e-11,1.0490493331530307e-13,3.1858266928314817e-10,0.7309579999628113,1.1792895499070248,4.354520000106277,0.45155376266536396,1.1748693212866783,-0.8697062246501446,1.4058355220207812,5.203042158550112,1138.8905753949603,0,24.717872400714814,24.815766459645097,1179.4346100715884,1311.1760077019862,0.44947831612080336,0.28872767975272684,34.18358664061716,0.0,1.1400857991380742e-14,34.18358664061716,0.0,0,0,0,0.0,0,0,True,1008,0,6.945560782889089e-11,1.0490493331530307e-13,3.1858266928314817e-10,0.7558550000794639,1.2061186001460555,4.354520000106277,0.44599604303473767,1.1748693212866783,-0.8977548936381936,1.593185901093231,5.203042158550112,1138.8905753949603,0,28.072858315176514,28.122869730520634,1350.0,1311.1760077019862,0.44947831612080336,0.28772093163599366,34.18358664061716,0.0,1.1400857991380742e-14,34.18358664061716,0.0,0,0,0,0.0,0,0,True,1008,0,6.945560782889089e-11,1.0490493331530307e-13,3.1858266928314817e-10,0.7558550000794639,1.2061186001460555,4.354520000106277,0.5567324871477456,1.8676324738189578,-0.7356718340888619,0.6241871299511608,9.53075388904602,1139.0527253561338,0,11.09725935946999,11.018132492283996,1311.1760077019862,1478.9901540032884,0.04589938931167126,0.00021125915844011356,0.0,0.0,0.0,0.0,0.0,0,0,0,0.0,0,0,True,1008,0,6.945560782889089e-11,1.0490493331530307e-13,3.1858266928314817e-10,0.7309579999628113,1.1792895499070248,4.354520000106277,0.2758614999720521,0.5631452199531849,3.8175290001163376,0.2758614999720521,0.5631452199531849,3.8175290001163376,0.2758614999720521,0.5631452199531849,3.8175290001163376,0.2758614999720521,0.5631452199531849,3.8175290001163376
Feb2022,550.0,False,0.0,swmpc,3,96.0,0.4921382082752928,1.3787145977839828,-1.3787145977839828,2.2208258749361303,5.200694735760161,1138.4103601440845,0,39.18752055635151,39.201951719596615,1350.0,1478.0353290066887,0.23315629921853542,0.22365325277685788,34.16746860925369,0.0,1.74991758037362e-14,34.16746860925369,0.0,0,0,0,0.0,0,0,True,1008,0,9.595152134032283e-11,1.581905426706287e-13,3.516358540365408e-10,0.6902864998892255,1.012124900069011,1.889660999950138,0.5122110419479075,1.3021481046453118,-1.229565124027431,1.4125162927438777,5.202895718449511,1138.4103601440845,0,24.723011506237103,24.933695224026213,1179.4421448579756,1310.926208259851,0.6821282310411334,0.2889210674430698,34.16746860925369,0.0,1.74991758037362e-14,34.16746860925369,0.0,0,0,0,0.0,0,0,True,1008,0,9.595152134032283e-11,1.581905426706287e-13,3.516358540365408e-10,0.7146834999502971,1.0488367500283848,1.889660999950138,0.5108062167221257,1.3021481046453118,-1.229565124027431,1.5967745879795952,5.200694735760161,1138.4103601440845,0,28.090172642932142,28.18621712377824,1350.0,1310.926208259851,0.6821282310411334,0.2874944573649528,34.16746860925369,0.0,1.74991758037362e-14,34.16746860925369,0.0,0,0,0,0.0,0,0,True,1008,0,9.595152134032283e-11,1.581905426706287e-13,3.516358540365408e-10,0.7146834999502971,1.0488367500283848,1.889660999950138,0.42032083406960763,1.3787145977839828,-1.3787145977839828,0.6240512869565351,9.535496401183705,1139.3303715730433,0,11.097347913419366,11.015734595818376,1310.926208259851,1478.0353290066887,0.23315629921853542,0.00020903671852545713,0.0,0.0,0.0,0.0,0.0,0,0,0,0.0,0,0,True,1008,0,9.595152134032283e-11,1.581905426706287e-13,3.516358540365408e-10,0.6902864998892255,1.012124900069011,1.889660999950138,0.26483949989142275,0.4112838199580436,0.5891990001600789,0.26483949989142275,0.4112838199580436,0.5891990001600789,0.26483949989142275,0.4112838199580436,0.5891990001600789,0.26483949989142275,0.4112838199580436,0.5891990001600789
Feb2022,550.0,False,0.0,swmpc,4,96.0,0.543302475543055,1.8868872486054897,-1.6181272426620126,2.219260451712893,5.199999999999999,1138.7381554101996,0,39.185370022269844,39.17431891582213,1350.0,1477.897409017937,-0.1469576470553875,0.22349982247362465,34.16933926202748,0.0,1.2644712686088838e-14,34.16933926202748,0.0,0,0,0,0.0,0,0,True,1008,0,8.751295893880226e-11,1.0347622586389485e-13,4.359348228183444e-10,0.7419844999958514,1.2169089498684114,2.048240000021906,0.5374376935930281,1.8868872486054897,-1.0965653881430626,1.4132430475669515,5.199999999999999,1138.7381554101996,0,24.72837237033115,24.94652387836036,1179.2440904771051,1310.964565613628,0.7730916552245617,0.2885289218063115,34.16933926202748,0.0,1.2644712686088838e-14,34.16933926202748,0.0,0,0,0,0.0,0,0,True,1008,0,8.751295893880226e-11,1.0347622586389485e-13,4.359348228183444e-10,0.7687999999461681,1.2264334798874186,2.048240000021906,0.5343094430690215,1.8868872486054897,-1.6181272426620126,1.5968682876706084,5.199999999999999,1138.7381554101996,0,28.088047635763836,28.18787110791291,1350.0,1310.964565613628,0.7730916552245617,0.2872967140927266,34.16933926202748,0.0,1.2644712686088838e-14,34.16933926202748,0.0,0,0,0,0.0,0,0,True,1008,0,8.751295893880226e-11,1.0347622586389485e-13,4.359348228183444e-10,0.7687999999461681,1.2264334798874186,2.048240000021906,0.5736689606000185,1.6697793565690517,-1.4791677193716168,0.6223921640422847,9.531943023966834,1139.3420346094217,0,11.097322386506008,10.986447807909219,1310.964565613628,1477.897409017937,-0.1469576470553875,0.0002107018067680766,0.0,0.0,0.0,0.0,0.0,0,0,0,0.0,0,0,True,1008,0,8.751295893880226e-11,1.0347622586389485e-13,4.359348228183444e-10,0.7419844999958514,1.2169089498684114,2.048240000021906,0.2803880000783465,0.531935019987486,1.3749139998253668,0.2803880000783465,0.531935019987486,1.3749139998253668,0.2803880000783465,0.531935019987486,1.3749139998253668,0.2803880000783465,0.531935019987486,1.3749139998253668
Feb2022,550.0,False,0.0,swmpc_nosw,0,96.0,0.4690077384516207,1.7380977012217045,-1.7380977012217045,2.21644190818739,5.204178641191779,1138.8971257248784,0,39.17906315097793,39.12456607006637,1350.0,1478.996384597822,-0.38437083549797535,0.22352583771889456,34.152553821428356,0.0,1.517394666280777e-14,34.152553821428356,0.0,0,0,0,0.0,0,0,True,1008,0,8.279831753851671e-11,1.4183384783919415e-13,4.2875799827697886e-10,0.6982085001254745,0.8619102999773529,1.1272210001607164,0.4222868030221953,1.1772442758083344,-0.9536033207550645,1.4074914085534354,5.205735657526933,1139.3450132005917,0,24.726174011068984,24.8449961190432,1179.5449556937115,1313.768344239206,0.34770746622234583,0.2882823197226151,34.152553821428356,0.0,1.517394666280777e-14,34.152553821428356,0.0,0,0,0,0.0,0,0,True,1008,0,8.279831753851671e-11,1.4183384783919415e-13,4.2875799827697886e-10,0.7217640001044856,0.8786751198749697,1.1272210001607164,0.4540681466615551,1.4442936778068542,-1.4442936778068542,1.5940048835914198,5.204178641191779,1139.3450132005917,0,28.081685129458375,28.137326385009455,1350.0,1313.768344239206,0.34770746622234583,0.2873318954557743,34.152553821428356,0.0,1.517394666280777e-14,34.152553821428356,0.0,0,0,0,0.0,0,0,True,1008,0,8.279831753851671e-11,1.4183384783919415e-13,4.2875799827697886e-10,0.7217640001044856,0.8786751198749697,1.1272210001607164,0.5179136780675514,1.7380977012217045,-1.7380977012217045,0.6224370245959701,9.544894633093941,1138.8971257248784,0,11.097378021519557,10.987239685056917,1313.768344239206,1478.996384597822,-0.38437083549797535,0.00020463563981543142,0.0,0.0,0.0,0.0,0.0,0,0,0,0.0,0,0,True,1008,0,8.279831753851671e-11,1.4183384783919415e-13,4.2875799827697886e-10,0.6982085001254745,0.8619102999773529,1.1272210001607164,0.26323200006572733,0.3648132900002565,0.6294100001014158,0.26323200006572733,0.3648132900002565,0.6294100001014158,0.26323200006572733,0.3648132900002565,0.6294100001014158,0.26323200006572733,0.3648132900002565,0.6294100001014158
Feb2022,550.0,False,0.0,swmpc_nosw,1,96.0,0.48983987351314157,1.4218362625688314,-1.0709403371438384,2.2192863913545158,5.20027424837186,1138.9468854594345,0,39.186897161282,39.174776801598135,1350.0,1478.5815507590523,-0.30521345883607864,0.22363848903388217,34.14455018689519,0.0,1.1134618235379958e-14,34.14455018689519,0.0,0,0,0,0.0,0,0,True,1008,0,7.711475263538422e-11,1.1277894632956467e-13,4.153783064673872e-10,0.7089649999443282,1.1676450500431201,1.5965339998729178,0.5186233506198423,1.4218362625688314,-1.0709403371438384,1.4025891322570423,5.20027424837186,1138.950354482942,0,24.734288647109505,24.758461284927584,1179.433070940288,1312.424579343611,0.30613097827881575,0.2883931733482832,34.13953153449475,0.0,1.1134618235379958e-14,34.13953153449475,0.0,0,0,0,0.0,0,0,True,1008,0,7.711475263538422e-11,1.1277894632956467e-13,4.153783064673872e-10,0.7326200000079552,1.1986488900220136,1.5965339998729178,0.4962825237373694,1.4218362625688314,-1.0709403371438384,1.594462637457623,5.20027424837186,1138.950354482942,0,28.089449571815422,28.145406642523067,1350.0,1312.424579343611,0.30613097827881575,0.28747859550092114,34.14455018689519,0.0,1.1134618235379958e-14,34.14455018689519,0.0,0,0,0,0.0,0,0,True,1008,0,7.711475263538422e-11,1.1277894632956467e-13,4.153783064673872e-10,0.7326200000079552,1.1986488900220136,1.5965339998729178,0.4665905654749174,1.159111151471734,-1.0165599901229143,0.6248237538968928,9.558832852065757,1138.9468854594345,0,11.097447589466576,11.029370159075068,1312.424579343611,1478.5815507590523,-0.30521345883607864,0.00019811639924605107,0.0,0.0,0.0,0.0,0.0,0,0,0,0.0,0,0,True,1008,0,7.711475263538422e-11,1.1277894632956467e-13,4.153783064673872e-10,0.7089649999443282,1.1676450500431201,1.5965339998729178,0.2718449999292716,0.5207026698849404,0.5883979999907751,0.2718449999292716,0.5207026698849404,0.5883979999907751,0.2718449999292716,0.5207026698849404,0.5883979999907751,0.2718449999292716,0.5207026698849404,0.5883979999907751
Feb2022,550.0,False,0.0,swmpc_nosw,2,96.0,0.4398014562940702,1.475658574141562,-0.9867870705202222,2.218274763742948,5.202661002094645,1138.9257970487477,0,39.176580821264515,39.156919581348056,1350.0,1478.952653020267,0.09127919841557741,0.2234522914078515,34.154340739994865,0.0,1.2782791851251712e-14,34.154340739994865,0.0,0,0,0,0.0,0,0,True,1008,0,8.019971501506031e-11,1.3947178530421477e-13,3.959511793015443e-10,0.7272475000945633,1.1331930500546143,4.059564999806753,0.39448266518751396,1.475658574141562,-0.8881500214338303,1.4037659207473834,5.202661002094645,1138.9257970487477,0,24.724484491695947,24.77923392005532,1179.4440140842792,1312.4825227736515,0.20392488315701485,0.28815437657310106,34.154340739994865,0.0,1.2782791851251712e-14,34.154340739994865,0.0,0,0,0,0.0,0,0,True,1008,0,8.019971501506031e-11,1.3947178530421477e-13,3.959511793015443e-10,0.7538170000316313,1.1629486998708665,4.059564999806753,0.3976751962995948,1.475658574141562,-0.9867870705202222,1.5919178553485707,5.202661002094645,1138.9257970487477,0,28.079434003324263,28.100486225077447,1350.0,1312.4825227736515,0.20392488315701485,0.28723333676977036,34.154340739994865,0.0,1.2782791851251712e-14,34.154340739994865,0.0,0,0,0,0.0,0,0,True,1008,0,8.019971501506031e-11,1.3947178530421477e-13,3.959511793015443e-10,0.7538170000316313,1.1629486998708665,4.059564999806753,0.5629426952905667,1.437999190762639,-0.3775658942759037,0.6263569083943774,9.515035181872307,1139.100688442782,0,11.097146817940253,11.05643335627061,1312.4825227736515,1478.952653020267,0.09127919841557741,0.00021863264113575198,0.0,0.0,0.0,0.0,0.0,0,0,0,0.0,0,0,True,1008,0,8.019971501506031e-11,1.3947178530421477e-13,3.959511793015443e-10,0.7272475000945633,1.1331930500546143,4.059564999806753,0.2744739999798185,0.48529427008361287,0.8763020000515098,0.2744739999798185,0.48529427008361287,0.8763020000515098,0.2744739999798185,0.48529427008361287,0.8763020000515098,0.2744739999798185,0.48529427008361287,0.8763020000515098
Feb2022,550.0,False,0.0,swmpc_nosw,3,96.0,0.46958427783264495,1.2022956060245633,-1.2022956060245633,2.2215818999851713,5.200694735760161,1138.5844020784411,0,39.1939642857327,39.21529705108129,1350.0,1478.0468577233091,0.26955946162343025,0.22319265144537737,34.146361108684076,0.0,1.1960585336421245e-14,34.146361108684076,0.0,0,0,0,0.0,0,0,True,1008,0,5.707114746784375e-11,1.0778408428829879e-13,3.381107308593858e-10,0.70455750005749,1.0533141500332022,1.5723229998911847,0.49183296582034364,1.2022956060245633,-1.2022956060245633,1.4087931824359177,5.2024654694369845,1138.5844020784411,0,24.729592787637475,24.867974992563344,1179.4521703140654,1313.1040147889378,0.2466218089684844,0.28821646088494124,34.141383635255,0.0,1.1960585336421245e-14,34.141383635255,0.0,0,0,0,0.0,0,0,True,1008,0,5.707114746784375e-11,1.0778408428829879e-13,3.381107308593858e-10,0.7263960000045699,1.0642946698158082,1.5723229998911847,0.4886696238507184,1.2022956060245633,-1.2022956060245633,1.5938306201114802,5.200694735760161,1138.5844020784411,0,28.096575415682747,28.13425029128924,1350.0,1313.1040147889378,0.2466218089684844,0.2869036218779101,34.146361108684076,0.0,1.1960585336421245e-14,34.146361108684076,0.0,0,0,0,0.0,0,0,True,1008,0,5.707114746784375e-11,1.0778408428829879e-13,3.381107308593858e-10,0.7263960000045699,1.0642946698158082,1.5723229998911847,0.39559988433241594,0.8869624398648739,-0.8869624398648739,0.6277512798736911,9.545708035492927,1139.3350291592142,0,11.09738887004995,11.081046759792052,1313.1040147889378,1478.0468577233091,0.26955946162343025,0.00020425493151299268,0.0,0.0,0.0,0.0,0.0,0,0,0,0.0,0,0,True,1008,0,5.707114746784375e-11,1.0778408428829879e-13,3.381107308593858e-10,0.70455750005749,1.0533141500332022,1.5723229998911847,0.26719299989963474,0.41992240999206787,1.0879609999392414,0.26719299989963474,0.41992240999206787,1.0879609999392414,0.26719299989963474,0.41992240999206787,1.0879609999392414,0.26719299989963474,0.41992240999206787,1.0879609999392414
Feb2022,550.0,False,0.0,swmpc_nosw,4,96.0,0.46488458452894016,1.672517443075776,-1.5139607954770327,2.2192129103188027,5.199999999999999,1138.8381541875185,0,39.186496486829526,39.17347971656027,1350.0,1477.9213922704341,-0.15258364751935005,0.22319484866995243,34.14700027981421,0.0,1.3893245977002667e-14,34.14700027981421,0.0,0,0,0,0.0,0,0,True,1008,0,6.997866393880136e-11,1.3929380431516579e-13,4.0288647867806036e-10,0.7305720000658766,1.1785977999011255,4.422392000151376,0.44592293193519306,1.2768803099170327,-1.2356124399229884,1.4096909649475624,5.199999999999999,1138.8381541875185,0,24.729610184109397,24.88382262252526,1179.2528133084468,1313.1831689641047,0.40043233521282673,0.28806364218568914,34.14700027981421,0.0,1.3893245977002667e-14,34.14700027981421,0.0,0,0,0,0.0,0,0,True,1008,0,6.997866393880136e-11,1.3929380431516579e-13,4.0288647867806036e-10,0.7540724999444137,1.2249066401045636,4.422392000151376,0.4527178425050374,1.5139607954770327,-1.5139607954770327,1.5941150544919356,5.199999999999999,1138.8381541875185,0,28.08920810175508,28.13927111843985,1350.0,1313.1831689641047,0.40043233521282673,0.2869042631222225,34.14700027981421,0.0,1.3893245977002667e-14,34.14700027981421,0.0,0,0,0,0.0,0,0,True,1008,0,6.997866393880136e-11,1.3929380431516579e-13,4.0288647867806036e-10,0.7540724999444137,1.2249066401045636,4.422392000151376,0.5051658034432346,1.672517443075776,-1.1036120876669884,0.6250978558268672,9.52939087783495,1139.354865439914,0,11.097288385074446,11.034208598120422,1313.1831689641047,1477.9213922704341,-0.15258364751935005,0.00021189808700738944,0.0,0.0,0.0,0.0,0.0,0,0,0,0.0,0,0,True,1008,0,6.997866393880136e-11,1.3929380431516579e-13,4.0288647867806036e-10,0.7305720000658766,1.1785977999011255,4.422392000151376,0.27517549995081936,0.5624971899374027,3.9259620000393625,0.27517549995081936,0.5624971899374027,3.9259620000393625,0.27517549995081936,0.5624971899374027,3.9259620000393625,0.27517549995081936,0.5624971899374027,3.9259620000393625
Feb2022,550.0,False,180.0,pid_lowdrag_preview,0,96.58333333333333,0.5562200763840691,1.809779484756291,-1.75072409119457,2.2021893093677543,6.621142022375157,1138.9307235884996,0,38.94419043410879,38.872979623280216,1350.0,1274.1213837890416,-0.7433170890435576,0.2798101075612365,0.0,0.0,0.0,0.0,0.0,0,0,0,0.0,0,0,True,0,0,,,,0.15597499987052288,0.3367653599161713,3.234871000131534,0.5598199567377898,1.809779484756291,-1.1469237431883812,1.391917413323594,6.621142022375157,1139.0719204903132,0,24.378959606147838,24.57008442246557,1454.1154132177633,1469.9590659923094,0.8152844291180372,0.36094036063805657,0.0,0.0,0.0,0.0,0.0,0,0,0,0.0,0,0,True,0,0,,,,0.15890999998191546,0.3621331300769264,3.234871000131534,0.5514636971893672,1.809779484756291,-1.7165397182106972,1.5782279434061048,6.621142022375157,1139.0719204903132,0,27.750883183887257,27.858832310166147,1350.0,1469.9590659923094,0.8152844291180372,0.3613552065540623,0.0,0.0,0.0,0.0,0.0,0,0,0,0.0,0,0,True,0,0,,,,0.15890999998191546,0.3621331300769264,3.234871000131534,0.5721740896399631,1.75072409119457,-1.75072409119457,0.6239613659616494,8.01653320571908,1138.9307235884996,0,11.193307250221533,11.01414731311407,1469.9590659923094,1274.1213837890416,-0.7433170890435576,0.0011746506637160259,0.0,0.0,0.0,0.0,0.0,0,0,0,0.0,0,0,True,0,0,,,,0.15597499987052288,0.3367653599161713,3.234871000131534,,,,,,,,,,,,
Feb2022,550.0,False,180.0,pid_lowdrag_preview,1,96.58333333333333,0.5551721533990384,1.8036715919151902,-1.4054375039413571,2.20183353123905,6.63342246668083,1138.7783465966202,0,38.94826597363885,38.86669943842597,1350.0,1274.132414122164,-0.5514862313866615,0.27981034809597616,0.0,0.0,0.0,0.0,0.0,0,0,0,0.0,0,0,True,0,0,,,,0.15895000001364679,0.3655785999899308,1.5711810001448612,0.6072264925182266,1.8036715919151902,-1.4054375039413571,1.3894124339638858,6.634302291414289,1138.7783465966202,0,24.38338442835147,24.525866601957784,1454.0323565737501,1469.8759765158118,0.8108897684141994,0.3609375638248906,0.0,0.0,0.0,0.0,0.0,0,0,0,0.0,0,0,True,0,0,,,,0.16064750002442452,0.35765686001013813,1.5711810001448612,0.5722996411853764,1.8036715919151902,-1.4054375039413571,1.580019134621859,6.63342246668083,1138.7783465966202,0,27.754913445857227,27.890450363771297,1350.0,1469.8759765158118,0.8108897684141994,0.36135777168039807,0.0,0.0,0.0,0.0,0.0,0,0,0,0.0,0,0,True,0,0,,,,0.16064750002442452,0.35765686001013813,1.5711810001448612,0.492170942837004,1.3919140044599771,-0.9253102391958237,0.6218143966171907,8.025212674366895,1139.681048944263,0,11.19335252778162,10.976249074654671,1469.8759765158118,1274.132414122164,-0.5514862313866615,0.001166948187171557,0.0,0.0,0.0,0.0,0.0,0,0,0,0.0,0,0,True,0,0,,,,0.15895000001364679,0.3655785999899308,1.5711810001448612,,,,,,,,,,,,
Feb2022,550.0,False,180.0,pid_lowdrag_preview,2,96.58333333333333,0.4808228708412095,1.5886401981115341,-1.0688860090449452,2.203454761756101,6.624168068987075,1139.2144633935234,0,38.94461426887173,38.89531735087567,1350.0,1274.4704669373334,-0.43955598026514053,0.2798193581834315,0.0,0.0,0.0,0.0,0.0,0,0,0,0.0,0,0,True,0,0,,,,0.1556150000396883,0.21147394000308853,0.8218299999498413,0.4681472445455383,1.5156464911997318,-1.0688860090449452,1.3851306632024514,6.624168068987075,1139.2144633935234,0,24.37946614776551,24.450284912929813,1454.0342184901542,1470.0,0.31299939565360546,0.36095300628827287,0.0,0.0,0.0,0.0,0.0,0,0,0,0.0,0,0,True,0,0,,,,0.15681150011914724,0.20887736017130004,0.8218299999498413,0.4562474673765182,1.5156464911997318,-1.0688860090449452,1.573412821447422,6.624168068987075,1139.2144633935234,0,27.751388576782222,27.773835921805293,1350.0,1470.0,0.31299939565360546,0.3613662855474862,0.0,0.0,0.0,0.0,0.0,0,0,0,0.0,0,0,True,0,0,,,,0.15681150011914724,0.20887736017130004,0.8218299999498413,0.5566678998431686,1.5886401981115341,-0.7819951996207237,0.6300419403086792,8.013149706543308,1139.2946370234358,0,11.19322569208951,11.121481429070379,1470.0,1274.4704669373334,-0.43955598026514053,0.0011776538343903908,0.0,0.0,0.0,0.0,0.0,0,0,0,0.0,0,0,True,0,0,,,,0.1556150000396883,0.21147394000308853,0.8218299999498413,,,,,,,,,,,,
Feb2022,550.0,False,180.0,pid_lowdrag_preview,3,96.58333333333333,0.49799302593886563,1.801557021215558,-1.28384776879102,2.2039092447169155,6.623500495854911,1139.2691911565942,0,38.94861709815713,38.90333987046576,1350.0,1274.29441996548,-0.14325733482837677,0.2798329848999199,0.0,0.0,0.0,0.0,0.0,0,0,0,0.0,0,0,True,0,0,,,,0.15898000015113212,0.3824963999204556,1.825072999963595,0.5320617337837632,1.801557021215558,-1.28384776879102,1.397039295458607,6.623500495854911,1139.3345959347441,0,24.383927947242956,24.66049573225656,1454.02025714768,1469.9172758458353,0.7970546698197722,0.3609663158450195,0.0,0.0,0.0,0.0,0.0,0,0,0,0.0,0,0,True,0,0,,,,0.16003649989215774,0.3820807400029477,0.6363099998907273,0.5263975669758947,1.801557021215558,-1.28384776879102,1.5791353025348605,6.623500495854911,1139.3345959347441,0,27.755298687692857,27.87484898628638,1350.0,1469.9172758458353,0.7970546698197722,0.36138516137062815,0.0,0.0,0.0,0.0,0.0,0,0,0,0.0,0,0,True,0,0,,,,0.16003649989215774,0.3820807400029477,0.6363099998907273,0.3854515621891064,0.9361399356275797,-0.9361399356275797,0.6247739421820551,8.018004753674106,1139.2691911565942,0,11.193318410464272,11.028490884179377,1469.9172758458353,1274.29441996548,-0.14325733482837677,0.0011733446203477937,0.0,0.0,0.0,0.0,0.0,0,0,0,0.0,0,0,True,0,0,,,,0.15898000015113212,0.3824963999204556,1.825072999963595,,,,,,,,,,,,
Feb2022,550.0,False,180.0,pid_lowdrag_preview,4,96.58333333333333,0.5592046330423103,2.002102275379002,-1.6520177740603685,2.2085240059736524,6.626224481227666,1138.5520593514261,0,38.94635943675244,38.98479949772685,1350.0,1273.7037967552476,0.28940857760608196,0.27981761072869116,0.0,0.0,0.0,0.0,0.0,0,0,0,0.0,0,0,True,0,0,,,,0.15597599985994748,0.21207534001405295,0.4234589998759475,0.5441931815557147,2.002102275379002,-1.258117781020701,1.3958617187043687,6.626224481227666,1139.431713461571,0,24.381788925442677,24.639709182717965,1454.2792150512958,1470.0,0.9109695665538311,0.3609346013294017,0.0,0.0,0.0,0.0,0.0,0,0,0,0.0,0,0,True,0,0,,,,0.15698199990765715,0.21232552995570586,0.4234589998759475,0.5390426516891013,2.002102275379002,-1.34941313136369,1.5783364211718673,6.626224481227666,1139.431713461571,0,27.753061277702066,27.860747156433188,1350.0,1470.0,0.9109695665538311,0.36136403636562564,0.0,0.0,0.0,0.0,0.0,0,0,0,0.0,0,0,True,0,0,,,,0.15698199990765715,0.21232552995570586,0.4234589998759475,0.6231940182228818,1.7444993425160646,-1.6520177740603685,0.630187584801785,8.01318697257105,1138.5520593514261,0,11.193298159050372,11.124052341293659,1470.0,1273.7037967552476,0.28940857760608196,0.0011776207557084861,0.0,0.0,0.0,0.0,0.0,0,0,0,0.0,0,0,True,0,0,,,,0.15597599985994748,0.21207534001405295,0.4234589998759475,,,,,,,,,,,,
Feb2022,550.0,False,180.0,swmpc,0,96.58333333333333,0.5435560631810806,1.7448831843212247,-1.7448831843212247,2.2216447094823266,5.199999999999999,1138.8228993609816,0,39.28758960950195,39.216405762440736,1350.0,1274.1219277784955,-0.742175935767591,0.22554516774636924,34.28434802327925,0.0,1.5207375663950383e-14,34.28434802327925,0.0,0,0,0,0.0,0,0,True,1008,0,5.840294301421294e-11,1.154518357281482e-13,3.640639589787311e-10,0.7027910000942938,1.0244552399444729,1.210195999874486,0.5356031590095321,1.6852771481499076,-1.2145507102832198,1.409788565981621,5.199999999999999,1138.8228993609816,0,24.72219237794787,24.885545473050502,1499.4554362100139,1469.9221663156045,0.5465808277949691,0.29054860586045306,34.185614179214944,0.0,1.287780940198393e-14,34.185614179214944,0.0,0,0,0,0.0,0,0,True,1008,0,5.840294301421294e-11,1.154518357281482e-13,3.640639589787311e-10,0.7301569999071944,1.036486779998995,1.210195999874486,0.5350669575059759,1.6852771481499076,-1.5722136655822396,1.5964213632249906,5.199999999999999,1138.8228993609816,0,28.096237362417668,28.179982011006558,1350.0,1469.9221663156045,0.5465808277949691,0.2911078036879028,34.28434802327925,0.0,1.5207375663950383e-14,34.28434802327925,0.0,0,0,0,0.0,0,0,True,1008,0,5.840294301421294e-11,1.154518357281482e-13,3.640639589787311e-10,0.7301569999071944,1.036486779998995,1.210195999874486,0.571612317779036,1.7448831843212247,-1.7448831843212247,0.625223346257336,7.628205364947867,1138.928191344522,0,11.191352247084282,11.036423751434178,1469.9221663156045,1274.1219277784955,-0.742175935767591,0.0015209744275017645,0.0,0.0,0.0,0.0,0.0,0,0,0,0.0,0,0,True,1008,0,5.840294301421294e-11,1.154518357281482e-13,3.640639589787311e-10,0.7027910000942938,1.0244552399444729,1.210195999874486,0.2685799998971561,0.5248793000487233,0.6322039998849505,0.2685799998971561,0.5248793000487233,0.6322039998849505,0.2685799998971561,0.5248793000487233,0.6322039998849505,0.2685799998971561,0.5248793000487233,0.6322039998849505
Feb2022,550.0,False,180.0,swmpc,1,96.58333333333333,0.5288737019479169,1.6285519190132618,-1.283307295292616,2.21961460955257,5.199999999999999,1138.8137558434526,0,39.26068000442678,39.18057049938371,1350.0,1274.1186807347515,-0.5426964741200209,0.22614883468151858,34.28435372574531,0.0,1.1693175289666392e-14,34.28435372574531,0.0,0,0,0,0.0,0,0,True,1008,0,7.991641492688385e-11,1.378950659006448e-13,3.444983015747046e-10,0.7010580000041955,0.935646379980426,1.2142109999331296,0.56482068179874,1.6285519190132618,-1.283307295292616,1.404515746360242,5.199999999999999,1138.8137558434526,0,24.695471197501018,24.79246981927866,1499.6095951572233,1469.9047553508333,0.5608400227501988,0.2915125875499498,34.23075445844786,0.0,1.1693175289666392e-14,34.23075445844786,0.0,0,0,0,0.0,0,0,True,1008,0,7.991641492688385e-11,1.378950659006448e-13,3.444983015747046e-10,0.7212685000013153,0.9620188200733536,1.2142109999331296,0.537545120913929,1.6285519190132618,-1.283307295292616,1.5953501494788758,5.199999999999999,1138.8137558434526,0,28.069357752685843,28.16107297809669,1350.0,1469.9047553508333,0.5608400227501988,0.29188652937021775,34.28435372574531,0.0,1.1693175289666392e-14,34.28435372574531,0.0,0,0,0,0.0,0,0,True,1008,0,7.991641492688385e-11,1.378950659006448e-13,3.444983015747046e-10,0.7212685000013153,0.9620188200733536,1.2142109999331296,0.49810603152422983,1.4018266266211867,-0.9142573988065124,0.6242644600736944,7.622063821964296,1139.648299553683,0,11.191322251740939,11.019497521287022,1469.9047553508333,1274.1186807347515,-0.5426964741200209,0.0015264745248787515,0.0,0.0,0.0,0.0,0.0,0,0,0,0.0,0,0,True,1008,0,7.991641492688385e-11,1.378950659006448e-13,3.444983015747046e-10,0.7010580000041955,0.935646379980426,1.2142109999331296,0.27093900007457705,0.38536820020226514,0.49781100005930057,0.27093900007457705,0.38536820020226514,0.49781100005930057,0.27093900007457705,0.38536820020226514,0.49781100005930057,0.27093900007457705,0.38536820020226514,0.49781100005930057
Feb2022,550.0,False,180.0,swmpc,2,96.58333333333333,0.47448071694253363,1.50335983466357,-1.0097490642219782,2.2238512336276903,5.199999999999999,1139.2582446524548,0,39.30620241608814,39.25535526045893,1350.0,1274.473529546857,-0.46701269038021564,0.22526553121484794,34.28434931624361,0.0,1.1288161141485023e-14,34.28434931624361,0.0,0,0,0,0.0,0,0,True,1008,0,8.571710287238568e-11,1.566695118297479e-13,3.6371917074272995e-10,0.6894300001931697,0.8759943799077522,1.3689249999515596,0.4559002100168522,1.3007696708664298,-1.0097490642219782,1.407522781174651,5.199999999999999,1139.2582446524548,0,24.73994950647385,24.8455499076114,1499.6411444070861,1469.9815391091931,0.3990510357543826,0.29019513731586555,34.17926513272193,0.0,1.1288161141485023e-14,34.17926513272193,0.0,0,0,0,0.0,0,0,True,1008,0,8.571710287238568e-11,1.566695118297479e-13,3.6371917074272995e-10,0.710511999955088,0.9170643298534732,1.3689249999515596,0.4486995494500051,1.3007696708664298,-1.0097490642219782,1.5951490706570943,5.199999999999999,1139.2582446524548,0,28.114959300737045,28.157523540766803,1350.0,1469.9815391091931,0.3990510357543826,0.2907438489314048,34.28434931624361,0.0,1.1288161141485023e-14,34.28434931624361,0.0,0,0,0,0.0,0,0,True,1008,0,8.571710287238568e-11,1.566695118297479e-13,3.6371917074272995e-10,0.710511999955088,0.9170643298534732,1.3689249999515596,0.5535861388290884,1.50335983466357,-0.8147128112614155,0.628702162970596,7.618742754071604,1139.2856923382622,0,11.191243115351096,11.097831719692124,1469.9815391091931,1274.473529546857,-0.46701269038021564,0.0015294489833588276,0.0,0.0,0.0,0.0,0.0,0,0,0,0.0,0,0,True,1008,0,8.571710287238568e-11,1.566695118297479e-13,3.6371917074272995e-10,0.6894300001931697,0.8759943799077522,1.3689249999515596,0.2643589999706819,0.3662916601183496,0.5379320000429288,0.2643589999706819,0.3662916601183496,0.5379320000429288,0.2643589999706819,0.3662916601183496,0.5379320000429288,0.2643589999706819,0.3662916601183496,0.5379320000429288
Feb2022,550.0,False,180.0,swmpc,3,96.58333333333333,0.47912358261291554,1.3126760991290212,-1.2095995554700494,2.223059799167899,5.204017816043953,1139.2546301478023,0,39.285137442354014,39.24138488311781,1350.0,1274.2792194722426,-0.1325608780607581,0.22562309296138383,34.28504429302724,0.0,1.2673808755752202e-14,34.28504429302724,0.0,0,0,0,0.0,0,0,True,1008,0,6.572728449286528e-11,1.5292337225997424e-13,3.9758655599996316e-10,0.6932960000085586,0.8861549001358072,1.0367740001129278,0.5025877227966733,1.3126760991290212,-1.2095995554700494,1.4134097713106684,5.205310975658948,1139.44895626632,0,24.714240844665007,24.94946688088296,1500.0,1469.9462703557526,0.6102012526243925,0.291082188950607,34.20906025917126,0.0,1.2673808755752202e-14,34.20906025917126,0.0,0,0,0,0.0,0,0,True,1008,0,6.572728449286528e-11,1.5292337225997424e-13,3.9758655599996316e-10,0.7153345000006084,0.9071875900281152,1.0367740001129278,0.5032047153902216,1.3126760991290212,-1.2095995554700494,1.5963361704934582,5.204017816043953,1139.44895626632,0,28.09382774973291,28.178478191465587,1350.0,1469.9462703557526,0.6102012526243925,0.29120609469155434,34.28504429302724,0.0,1.2673808755752202e-14,34.28504429302724,0.0,0,0,0,0.0,0,0,True,1008,0,6.572728449286528e-11,1.5292337225997424e-13,3.9758655599996316e-10,0.7153345000006084,0.9071875900281152,1.0367740001129278,0.38565463774919634,0.946264224126935,-0.946264224126935,0.6267236286744409,7.618897059558952,1139.2546301478023,0,11.191309692621104,11.062906691652223,1469.9462703557526,1274.2792194722426,-0.1325608780607581,0.0015293107782929916,0.0,0.0,0.0,0.0,0.0,0,0,0,0.0,0,0,True,1008,0,6.572728449286528e-11,1.5292337225997424e-13,3.9758655599996316e-10,0.6932960000085586,0.8861549001358072,1.0367740001129278,0.26970200008236134,0.376172059941382,0.4306299999825569,0.26970200008236134,0.376172059941382,0.4306299999825569,0.26970200008236134,0.376172059941382,0.4306299999825569,0.26970200008236134,0.376172059941382,0.4306299999825569
Feb2022,550.0,False,180.0,swmpc,4,96.58333333333333,0.5508056768342344,2.026955704204738,-1.6439111102372408,2.227894175315564,5.199999999999999,1138.550588606635,0,39.28780834393048,39.32672114584462,1350.0,1273.7019529442932,0.2936851680278778,0.2255058676850954,34.28434873876135,0.0,1.1312200777595133e-14,34.28434873876135,0.0,0,0,0,0.0,0,0,True,1008,0,6.635473610769158e-11,1.0987924223940585e-13,4.2896782896559014e-10,0.6985339998664131,1.0221054200792425,4.240938000066308,0.5293459973929767,2.026955704204738,-1.1321205273270607,1.4142827605888804,5.199999999999999,1139.3509304915735,0,24.72178391570149,24.964876861431833,1499.862387236516,1469.9972154895336,0.7710291426628828,0.29058855415964113,34.180806313531484,0.0,1.1312200777595133e-14,34.180806313531484,0.0,0,0,0,0.0,0,0,True,1008,0,6.635473610769158e-11,1.0987924223940585e-13,4.2896782896559014e-10,0.7196505000592879,1.0291312400227068,4.240938000066308,0.526992836779774,2.026955704204738,-1.383976156823337,1.5968048717004872,5.199999999999999,1139.3509304915735,0,28.09649267692396,28.186751691110587,1350.0,1469.9972154895336,0.7710291426628828,0.2910545994168431,34.28434873876135,0.0,1.1312200777595133e-14,34.28434873876135,0.0,0,0,0,0.0,0,0,True,1008,0,6.635473610769158e-11,1.0987924223940585e-13,4.2896782896559014e-10,0.7196505000592879,1.0291312400227068,4.240938000066308,0.6253674195581781,1.7521032290533185,-1.6439111102372408,0.6310893036150766,7.619038223313441,1138.550588606635,0,11.19131566700652,11.139969454734036,1469.9972154895336,1273.7019529442932,0.2936851680278778,0.00152918434407312,0.0,0.0,0.0,0.0,0.0,0,0,0,0.0,0,0,True,1008,0,6.635473610769158e-11,1.0987924223940585e-13,4.2896782896559014e-10,0.6985339998664131,1.0221054200792425,4.240938000066308,0.26911100007964706,0.47944891009819823,0.6479880000824778,0.26911100007964706,0.47944891009819823,0.6479880000824778,0.26911100007964706,0.47944891009819823,0.6479880000824778,0.26911100007964706,0.47944891009819823,0.6479880000824778
Feb2022,550.0,False,180.0,swmpc_nosw,0,96.58333333333333,0.46684734553916735,1.5972371837124228,-1.5972371837124228,2.222766188340203,5.201565913472745,1138.9408287317333,0,39.29735600712825,39.23620207359554,1350.0,1274.084028959228,-0.6535780243575573,0.2250792086944161,34.28434802327925,0.0,1.5207375663950383e-14,34.28434802327925,0.0,0,0,0,0.0,0,0,True,1008,0,8.481966058991538e-11,1.687076062418015e-13,3.511248082300633e-10,0.69875500003036,1.1872753598481722,1.4244589999634627,0.42648169772835387,1.2114445650950074,-0.9545250022783875,1.4086487302945288,5.201565913472745,1138.9408287317333,0,24.73192916910851,24.865425127697137,1499.2801560123166,1469.9211092488101,0.4512016046792269,0.28985777436504,34.149893855974874,0.0,1.1391512126460313e-14,34.149893855974874,0.0,0,0,0,0.0,0,0,True,1008,0,8.481966058991538e-11,1.687076062418015e-13,3.511248082300633e-10,0.7190849999005877,1.1972946599826169,1.4244589999634627,0.44790387857745256,1.5972371837124228,-1.5972371837124228,1.5962262852677993,5.201565913472745,1138.9408287317333,0,28.106027165558856,28.176538500758667,1350.0,1469.9211092488101,0.4512016046792269,0.29050519773090944,34.28434802327925,0.0,1.5207375663950383e-14,34.28434802327925,0.0,0,0,0,0.0,0,0,True,1008,0,8.481966058991538e-11,1.687076062418015e-13,3.511248082300633e-10,0.7190849999005877,1.1972946599826169,1.4244589999634627,0.5264572642204263,1.400697405450046,-1.400697405450046,0.6265399030724037,7.627137292971467,1138.9560990595478,0,11.191328841569394,11.059663572836875,1469.9211092488101,1274.084028959228,-0.6535780243575573,0.0015219309019238736,0.0,0.0,0.0,0.0,0.0,0,0,0,0.0,0,0,True,1008,0,8.481966058991538e-11,1.687076062418015e-13,3.511248082300633e-10,0.69875500003036,1.1872753598481722,1.4244589999634627,0.2652000000580301,0.451856389927342,0.5300590000842931,0.2652000000580301,0.451856389927342,0.5300590000842931,0.2652000000580301,0.451856389927342,0.5300590000842931,0.2652000000580301,0.451856389927342,0.5300590000842931
Feb2022,550.0,False,180.0,swmpc_nosw,1,96.58333333333333,0.48928734759333536,1.4894814202561975,-1.0699855983257294,2.2208522441136322,5.199999999999999,1138.7878480063189,0,39.28017427067034,39.20241718752628,1350.0,1274.1494371854753,-0.5322050275281072,0.2254521256949844,34.28435372574531,0.0,1.646131644917885e-14,34.28435372574531,0.0,0,0,0,0.0,0,0,True,1008,0,8.336563790729859e-11,1.5262937405192649e-13,3.3791592846303915e-10,0.6993750000674481,0.9709278199125041,1.8068260001200542,0.5095390029911697,1.4504660908132792,-1.0699855983257294,1.4026401336814276,5.199999999999999,1138.7878480063189,0,24.71494326702006,24.759361560540327,1499.4151459139227,1469.9058346599736,0.31405246909707785,0.29047192453716963,34.16941697942807,0.0,1.646131644917885e-14,34.16941697942807,0.0,0,0,0,0.0,0,0,True,1008,0,8.336563790729859e-11,1.5262937405192649e-13,3.3791592846303915e-10,0.7176824999532982,0.9809644700862915,1.8068260001200542,0.486507792090563,1.4504660908132792,-1.0699855983257294,1.594441424681235,5.199999999999999,1138.7878480063189,0,28.088866203265173,28.145032195230208,1350.0,1469.9058346599736,0.31405246909707785,0.2909862081346526,34.28435372574531,0.0,1.646131644917885e-14,34.28435372574531,0.0,0,0,0,0.0,0,0,True,1008,0,8.336563790729859e-11,1.5262937405192649e-13,3.3791592846303915e-10,0.7176824999532982,0.9809644700862915,1.8068260001200542,0.49866804615655025,1.4894814202561975,-0.9137283088639379,0.6264108194323972,7.623153915337326,1139.7220982811948,0,11.191308067405163,11.057384992296072,1469.9058346599736,1274.1494371854753,-0.5322050275281072,0.0015254982401180506,0.0,0.0,0.0,0.0,0.0,0,0,0,0.0,0,0,True,1008,0,8.336563790729859e-11,1.5262937405192649e-13,3.3791592846303915e-10,0.6993750000674481,0.9709278199125041,1.8068260001200542,0.2641635001054965,0.3831609698977442,0.5576809999183752,0.2641635001054965,0.3831609698977442,0.5576809999183752,0.2641635001054965,0.3831609698977442,0.5576809999183752,0.2641635001054965,0.3831609698977442,0.5576809999183752
Feb2022,550.0,False,180.0,swmpc_nosw,2,96.58333333333333,0.440032954219026,1.5080588748678565,-0.9369298182427883,2.2245550641350387,5.199999999999999,1139.2650489658888,0,39.305329936785,39.267779255459445,1350.0,1274.3986921827445,-0.3654666356742382,0.22495118613591014,34.28434931624361,0.0,1.4127766298372806e-14,34.28434931624361,0.0,0,0,0,0.0,0,0,True,1008,0,1.1829116802481166e-10,1.125357108647297e-13,2.664702453076099e-10,0.6969020000724413,0.8757725201257927,4.3747700001404155,0.39242083592368815,1.5080588748678565,-0.9369298182427883,1.4054623937134614,5.20001735568068,1139.2650489658888,0,24.739060721029553,24.809180009958016,1499.463251443942,1469.959503690278,0.21478844340890646,0.2897294719128338,34.14388622451274,0.0,1.4127766298372806e-14,34.14388622451274,0.0,0,0,0,0.0,0,0,True,1008,0,1.1829116802481166e-10,1.125357108647297e-13,2.664702453076099e-10,0.7174620000114373,0.929505090157363,4.3747700001404155,0.39444331587247244,1.5080588748678565,-0.9369298182427883,1.5940358190318278,5.199999999999999,1139.2650489658888,0,28.1140922919969,28.13787245647505,1350.0,1469.959503690278,0.21478844340890646,0.29033814832161864,34.28434931624361,0.0,1.4127766298372806e-14,34.28434931624361,0.0,0,0,0,0.0,0,0,True,1008,0,1.1829116802481166e-10,1.125357108647297e-13,2.664702453076099e-10,0.7174620000114373,0.929505090157363,4.3747700001404155,0.5688774982627998,1.4093526871874928,-0.5127773806452751,0.6305192451032109,7.621185559870614,1139.2775720596567,0,11.1912376447881,11.129906798984393,1469.959503690278,1274.3986921827445,-0.3654666356742382,0.001527261108132838,0.0,0.0,0.0,0.0,0.0,0,0,0,0.0,0,0,True,1008,0,1.1829116802481166e-10,1.125357108647297e-13,2.664702453076099e-10,0.6969020000724413,0.8757725201257927,4.3747700001404155,0.2639230000340831,0.37121461002698175,1.5277439999863418,0.2639230000340831,0.37121461002698175,1.5277439999863418,0.2639230000340831,0.37121461002698175,1.5277439999863418,0.2639230000340831,0.37121461002698175,1.5277439999863418
Feb2022,550.0,False,180.0,swmpc_nosw,3,96.58333333333333,0.4734604682126338,1.291065321303904,-1.291065321303904,2.2238960468701015,5.2040770525228,1139.2365649889462,0,39.296589983914295,39.2561463024698,1350.0,1274.2441239620814,-0.10934785474091768,0.2250220579122092,34.28504429302724,0.0,1.4603272332084623e-14,34.28504429302724,0.0,0,0,0,0.0,0,0,True,1008,0,5.824519283397205e-11,1.977540339860845e-13,3.8403742873449574e-10,0.7137570000850246,1.0822412399011228,4.307187999984308,0.49659457859982226,1.291065321303904,-1.291065321303904,1.4105059973098744,5.2063751025186225,1139.4451479686263,0,24.725691566014657,24.898209549333753,1499.8781320110866,1469.9284135089417,0.23836096934974194,0.2901850025055833,34.16417701702776,0.0,1.4603272332084623e-14,34.16417701702776,0.0,0,0,0,0.0,0,0,True,1008,0,5.824519283397205e-11,1.977540339860845e-13,3.8403742873449574e-10,0.7358150000982278,1.0954677299741884,4.307187999984308,0.49382279370886256,1.291065321303904,-1.291065321303904,1.5943256970370423,5.2040770525228,1139.4451479686263,0,28.105283377212878,28.142989374326735,1350.0,1469.9284135089417,0.23836096934974194,0.29042992072894624,34.28504429302724,0.0,1.4603272332084623e-14,34.28504429302724,0.0,0,0,0,0.0,0,0,True,1008,0,5.824519283397205e-11,1.977540339860845e-13,3.8403742873449574e-10,0.7358150000982278,1.0954677299741884,4.307187999984308,0.3960607498939196,0.9341921089217067,-0.9341921089217067,0.6295703498330592,7.621793652469009,1139.2365649889462,0,11.191306606701417,11.113156928143066,1469.9284135089417,1274.2441239620814,-0.10934785474091768,0.0015267164909523734,0.0,0.0,0.0,0.0,0.0,0,0,0,0.0,0,0,True,1008,0,5.824519283397205e-11,1.977540339860845e-13,3.8403742873449574e-10,0.7137570000850246,1.0822412399011228,4.307187999984308,0.27150950006671337,0.4961524298528268,1.405079999813097,0.27150950006671337,0.4961524298528268,1.405079999813097,0.27150950006671337,0.4961524298528268,1.405079999813097,0.27150950006671337,0.4961524298528268,1.405079999813097
Feb2022,550.0,False,180.0,swmpc_nosw,4,96.58333333333333,0.4709561158287776,1.6677492447197437,-1.3667640145868063,2.2279410357985787,5.199999999999999,1138.7563778386962,0,39.29460446705308,39.32754832568571,1350.0,1273.7068252044548,0.24231980368494987,0.22515107453733418,34.28434873876135,0.0,1.2600412487302797e-14,34.28434873876135,0.0,0,0,0,0.0,0,0,True,1008,0,7.378986833984426e-11,1.7057772876193744e-13,3.642054145742592e-10,0.7030609999674198,0.9452939600669197,1.2535610001123132,0.4418548088064672,1.260947952978313,-1.2069331603124738,1.4116868470180883,5.199999999999999,1139.3783948686792,0,24.728569447382178,24.91905387295804,1499.6872611492424,1469.9688311018017,0.4460150431841612,0.2900621759745702,34.147584026058354,0.0,1.2600412487302797e-14,34.147584026058354,0.0,0,0,0,0.0,0,0,True,1008,0,7.378986833984426e-11,1.7057772876193744e-13,3.642054145742592e-10,0.7268015000363448,0.9699559499699709,1.2535610001123132,0.44933703985356566,1.306880321353674,-1.306880321353674,1.595111661725324,5.199999999999999,1139.3783948686792,0,28.10329395398034,28.156863199425725,1350.0,1469.9688311018017,0.4460150431841612,0.2905966204367345,34.28434873876135,0.0,1.2600412487302797e-14,34.28434873876135,0.0,0,0,0,0.0,0,0,True,1008,0,7.378986833984426e-11,1.7057772876193744e-13,3.642054145742592e-10,0.7268015000363448,0.9699559499699709,1.2535610001123132,0.5383148702094988,1.6677492447197437,-1.3667640145868063,0.6328293740732547,7.6215084313125425,1138.7563778386962,0,11.191310513072736,11.170685126259986,1469.9688311018017,1273.7068252044548,0.24231980368494987,0.0015269719387052128,0.0,0.0,0.0,0.0,0.0,0,0,0,0.0,0,0,True,1008,0,7.378986833984426e-11,1.7057772876193744e-13,3.642054145742592e-10,0.7030609999674198,0.9452939600669197,1.2535610001123132,0.266371999941839,0.38353969004901944,0.6434710001030908,0.266371999941839,0.38353969004901944,0.6434710001030908,0.266371999941839,0.38353969004901944,0.6434710001030908,0.266371999941839,0.38353969004901944,0.6434710001030908
Feb2022,550.0,True,0.0,pid_lowdrag_preview,0,96.0,0.573418282645992,2.2145693078637123,-2.2145693078637123,2.225803803434208,6.631581395843352,1010.211686942389,0,39.338243625605685,39.28982196410625,1350.0,1478.9745024912925,-0.4177361335605383,0.26703778344925977,0.0,0.0,0.0,0.0,0.0,0,0,0,0.0,0,0,True,0,0,,,,0.15536899991275277,0.2446260998908652,0.4813960001683881,0.569207432588188,1.8504779767245054,-1.1600703336298466,1.4219014397066405,6.646086452080093,1010.211686942389,0,24.945954181732326,25.099361556658323,1179.5128822514482,1247.861004034629,0.5101481406018138,0.33961092748060284,0.0,0.0,0.0,0.0,0.0,0,0,0,0.0,0,0,True,0,0,,,,0.15650099987851718,0.2562938801497692,0.4813960001683881,0.5627245879198836,1.8504779767245054,-1.300212916918099,1.6042143945838312,6.631581395843352,1010.211686942389,0,28.245215365301338,28.317544366761844,1350.0,1247.861004034629,0.5101481406018138,0.3431759082573719,0.0,0.0,0.0,0.0,0.0,0,0,0,0.0,0,0,True,0,0,,,,0.15650099987851718,0.2562938801497692,0.4813960001683881,0.6093701703016362,2.2145693078637123,-2.2145693078637123,0.6215894088503768,8.815036976968212,1138.8514317808574,0,11.093028260304347,10.972277597344409,1247.861004034629,1478.9745024912925,-0.4177361335605383,0.0005543466208671743,0.0,0.0,0.0,0.0,0.0,0,0,0,0.0,0,0,True,0,0,,,,0.15536899991275277,0.2446260998908652,0.4813960001683881,,,,,,,,,,,,
Feb2022,550.0,True,0.0,pid_lowdrag_preview,1,96.0,0.5450630191445965,1.7534226663410664,-1.457525740377605,2.2271731574075284,6.624661534473509,1009.8172658555609,0,39.33479853468433,39.31399375936295,1350.0,1478.6993616016566,-0.40205032378435135,0.26701965302580766,0.0,0.0,0.0,0.0,0.0,0,0,0,0.0,0,0,True,0,0,,,,0.15576999999211694,0.21535155000265147,2.447222000000693,0.5837615520707684,1.7534226663410664,-1.457525740377605,1.416390946827958,6.624661534473509,1009.8172658555609,0,24.94212882283795,25.002090501678616,1179.5749503066857,1247.78310803023,0.5795979667454958,0.33958446089827843,0.0,0.0,0.0,0.0,0.0,0,0,0,0.0,0,0,True,0,0,,,,0.15654600008474517,0.20397703000071482,2.447222000000693,0.5557004250678667,1.7534226663410664,-1.457525740377605,1.605380970112871,6.624661534473509,1009.8172658555609,0,28.241752028129984,28.338136723003203,1350.0,1247.78310803023,0.5795979667454958,0.3431533004938252,0.0,0.0,0.0,0.0,0.0,0,0,0,0.0,0,0,True,0,0,,,,0.15654600008474517,0.20397703000071482,2.447222000000693,0.5060743604486158,1.604344429448247,-1.1349002160131931,0.6217921872946575,8.820092520808418,1138.9388850591386,0,11.093046506554348,10.975857036359749,1247.78310803023,1478.6993616016566,-0.40205032378435135,0.0005518868877465444,0.0,0.0,0.0,0.0,0.0,0,0,0,0.0,0,0,True,0,0,,,,0.15576999999211694,0.21535155000265147,2.447222000000693,,,,,,,,,,,,
Feb2022,550.0,True,0.0,pid_lowdrag_preview,2,96.0,0.4947386249987876,1.7980145011097193,-1.003721596673131,2.22695147283585,6.6234026742066785,1009.0587564072941,0,39.33955867434817,39.310080589954154,1350.0,1478.993638480083,0.04415226727724075,0.26698626397316194,0.0,0.0,0.0,0.0,0.0,0,0,0,0.0,0,0,True,0,0,,,,0.15429250004217465,0.24096460007285708,0.5120829998759291,0.4815179424619922,1.318300043232739,-0.998512270860374,1.4174151553706114,6.6234026742066785,1009.0587564072941,0,24.947172973687728,25.0201698001471,1179.4531465473963,1247.348011376675,0.5028605302795768,0.33953608433962246,0.0,0.0,0.0,0.0,0.0,0,0,0,0.0,0,0,True,0,0,,,,0.15514899996560416,0.2270011499217615,0.5120829998759291,0.4781233467637695,1.318300043232739,-1.003721596673131,1.6024824259425847,6.6234026742066785,1009.0587564072941,0,28.246614736960282,28.28697170826546,1350.0,1247.348011376675,0.5028605302795768,0.3431089366416765,0.0,0.0,0.0,0.0,0.0,0,0,0,0.0,0,0,True,0,0,,,,0.15514899996560416,0.2270011499217615,0.5120829998759291,0.5489459083311874,1.7980145011097193,-0.7289248276501894,0.6244690468932654,8.809769967352876,1139.060713937703,0,11.092943937387886,11.023108881688692,1247.348011376675,1478.993638480083,0.04415226727724075,0.000556909633360636,0.0,0.0,0.0,0.0,0.0,0,0,0,0.0,0,0,True,0,0,,,,0.15429250004217465,0.24096460007285708,0.5120829998759291,,,,,,,,,,,,
Feb2022,550.0,True,0.0,pid_lowdrag_preview,3,96.0,0.48759671740732874,1.4533054353669286,-1.3815317638218403,2.229195667106834,6.626153477269813,1009.2580215623896,0,39.33570752580952,39.34969503989985,1350.0,1478.0396225727975,0.23016574047505856,0.2669949051158882,0.0,0.0,0.0,0.0,0.0,0,0,0,0.0,0,0,True,0,0,,,,0.15624599996044708,0.21115355011715986,0.32581200002823607,0.5060256807354327,1.4533054353669286,-1.1952273109927773,1.423563030000152,6.626153477269813,1009.2580215623896,0,24.942910913735478,25.128691898671587,1179.4938674731998,1246.7714358347027,0.7268070755526423,0.3395463546533264,0.0,0.0,0.0,0.0,0.0,0,0,0,0.0,0,0,True,0,0,,,,0.15707199997905263,0.21075103011298776,0.32581200002823607,0.504497563395924,1.4533054353669286,-1.1952273109927773,1.6056030939627202,6.626153477269813,1009.2580215623896,0,28.242676242773776,28.34205764653692,1350.0,1246.7714358347027,0.7268070755526423,0.34312071077920026,0.0,0.0,0.0,0.0,0.0,0,0,0,0.0,0,0,True,0,0,,,,0.15707199997905263,0.21075103011298776,0.32581200002823607,0.42316101494032443,1.3815317638218403,-1.3815317638218403,0.6235925731441139,8.814546466621016,1139.333971927666,0,11.093031283035742,11.00763739336293,1246.7714358347027,1478.0396225727975,0.23016574047505856,0.0005545852942963059,0.0,0.0,0.0,0.0,0.0,0,0,0,0.0,0,0,True,0,0,,,,0.15624599996044708,0.21115355011715986,0.32581200002823607,,,,,,,,,,,,
Feb2022,550.0,True,0.0,pid_lowdrag_preview,4,96.0,0.5482797235307025,2.1935040587559342,-1.5711425896734,2.227899615994122,6.628370302386793,1009.5312031934848,0,39.33770111031466,39.326817184539394,1350.0,1477.8958696117459,-0.14761865977197886,0.26700149224170755,0.0,0.0,0.0,0.0,0.0,0,0,0,0.0,0,0,True,0,0,,,,0.1562109999895256,0.2696196499186953,0.49871199985318526,0.551114160944433,2.1935040587559342,-1.3068410474807024,1.4220374418575878,6.628370302386793,1009.5312031934848,0,24.94531111859202,25.101762262546668,1179.5060816044152,1247.3628118775719,0.6992664830759168,0.3395534802372132,0.0,0.0,0.0,0.0,0.0,0,0,0,0.0,0,0,True,0,0,,,,0.1572319999922911,0.2613618199529809,0.44747500010089425,0.5416282282880652,2.1935040587559342,-1.5711425896734,1.6043692369985274,6.628370302386793,1009.5312031934848,0,28.24467199822724,28.320277640420677,1350.0,1247.3628118775719,0.6992664830759168,0.3431292311529256,0.0,0.0,0.0,0.0,0.0,0,0,0,0.0,0,0,True,0,0,,,,0.1572319999922911,0.2613618199529809,0.44747500010089425,0.5709500562066937,1.6331967720761895,-1.4738578461110592,0.6235303789955944,8.814914835332758,1139.3476424226742,0,11.093029112087422,11.006539544118716,1247.3628118775719,1477.8958696117459,-0.14761865977197886,0.0005544060524447225,0.0,0.0,0.0,0.0,0.0,0,0,0,0.0,0,0,True,0,0,,,,0.1562109999895256,0.2696196499186953,0.49871199985318526,,,,,,,,,,,,
Feb2022,550.0,True,0.0,swmpc,0,96.0,0.5640800396867707,2.221763235516846,-2.221763235516846,2.2445342722567503,5.204178641191779,1032.4311522315566,0,39.668105792569975,39.620451637847744,1350.0,1478.9686475689348,-0.40996803529560566,0.21422007404275933,45.50770637087859,0.0,1.1212766185568307e-14,45.50770637087859,0.0,0,0,0,0.0,0,0,True,1008,0,6.918473052550434e-11,1.3311790375634062e-13,4.2875799827697886e-10,0.6894650000504043,0.8983645501757564,2.6923610000721965,0.5438789477511711,1.7173465518280864,-1.1142242243513465,1.4371359653293332,5.205538570550059,1032.4311522315566,0,25.21501199578434,25.368280945914318,1179.535827701156,1311.7617890467516,0.47369182482361794,0.2743278021225256,45.50770637087859,0.0,1.1212766185568307e-14,45.50770637087859,0.0,0,0,0,0.0,0,0,True,1008,0,6.918473052550434e-11,1.3311790375634062e-13,4.2875799827697886e-10,0.7121144999473472,0.9300109999662696,2.6923610000721965,0.5496031528076465,1.7173465518280864,-1.3652045652270317,1.622872146229276,5.204178641191779,1032.4311522315566,0,28.57068630500432,28.646890439074678,1350.0,1311.7617890467516,0.47369182482361794,0.27536786268502167,45.50770637087859,0.0,1.1212766185568307e-14,45.50770637087859,0.0,0,0,0,0.0,0,0,True,1008,0,6.918473052550434e-11,1.3311790375634062e-13,4.2875799827697886e-10,0.7121144999473472,0.9300109999662696,2.6923610000721965,0.6120585108976604,2.221763235516846,-2.221763235516846,0.6216621260274744,9.548787715286258,1138.8413370590865,0,11.097419487565656,10.973561198773066,1311.7617890467516,1478.9686475689348,-0.40996803529560566,0.0002028137948408837,0.0,0.0,0.0,0.0,0.0,0,0,0,0.0,0,0,True,1008,0,6.918473052550434e-11,1.3311790375634062e-13,4.2875799827697886e-10,0.6894650000504043,0.8983645501757564,2.6923610000721965,0.26517000003423163,0.3871222998941448,0.5749679999098589,0.26517000003423163,0.3871222998941448,0.5749679999098589,0.26517000003423163,0.3871222998941448,0.5749679999098589,0.26517000003423163,0.3871222998941448,0.5749679999098589
Feb2022,550.0,True,0.0,swmpc,1,96.0,0.5467363985689911,1.5969339981675148,-1.3534756312146783,2.246368310678121,5.201220116677337,1032.6522581362485,0,39.67215586384754,39.652826029041044,1350.0,1478.686637573935,-0.39046082738786936,0.2148194241864012,45.50087404194943,0.0,1.2005373226457797e-14,45.50087404194943,0.0,0,0,0,0.0,0,0,True,1008,0,7.644354904044632e-11,1.8066912179629743e-13,4.2589836218955027e-10,0.7154140000693587,1.064653500031909,1.2387090000629541,0.5864204062009427,1.5969339981675148,-1.3534756312146783,1.4335974100950033,5.201220116677337,1032.6522581362485,0,25.219466652838538,25.305818475074776,1179.4230233153642,1309.9877757461575,0.6191226439550519,0.27516933465886606,45.50087404194943,0.0,1.2005373226457797e-14,45.50087404194943,0.0,0,0,0,0.0,0,0,True,1008,0,7.644354904044632e-11,1.8066912179629743e-13,4.2589836218955027e-10,0.7371369999873423,1.0852025298299839,1.2387090000629541,0.5590855711540021,1.5969339981675148,-1.3534756312146783,1.6246424316966503,5.201220116677337,1032.6522581362485,0,28.574727739409724,28.678139465036395,1350.0,1309.9877757461575,0.6191226439550519,0.2761389378639809,45.50087404194943,0.0,1.2005373226457797e-14,45.50087404194943,0.0,0,0,0,0.0,0,0,True,1008,0,7.644354904044632e-11,1.8066912179629743e-13,4.2589836218955027e-10,0.7371369999873423,1.0852025298299839,1.2387090000629541,0.5011234750904908,1.5841927416622639,-1.1346384966745973,0.6217258789814706,9.552395080080583,1138.9310988373559,0,11.097428124437819,10.97468656400465,1309.9877757461575,1478.686637573935,-0.39046082738786936,0.00020112631487245736,0.0,0.0,0.0,0.0,0.0,0,0,0,0.0,0,0,True,1008,0,7.644354904044632e-11,1.8066912179629743e-13,4.2589836218955027e-10,0.7154140000693587,1.064653500031909,1.2387090000629541,0.27298700001665566,0.48551627989581814,0.7504619998144335,0.27298700001665566,0.48551627989581814,0.7504619998144335,0.27298700001665566,0.48551627989581814,0.7504619998144335,0.27298700001665566,0.48551627989581814,0.7504619998144335
Feb2022,550.0,True,0.0,swmpc,2,96.0,0.4745623881719184,1.8767732316628098,-0.8977548936381936,2.2448097224969024,5.203042158550112,1032.3734190796768,0,39.65466252230416,39.625313877223434,1350.0,1478.9919908889635,0.04497107397764921,0.21435979019684248,45.5049026775927,0.0,1.2808815627477667e-14,45.5049026775927,0.0,0,0,0,0.0,0,0,True,1008,0,6.945560782889089e-11,1.4686654817043515e-13,6.693711104241751e-10,0.696385999958693,1.1068554500070598,1.474794999921869,0.45403941708749146,1.1977889304980636,-0.8742955857887864,1.433270867151727,5.203042158550112,1032.3734190796768,0,25.20241890142433,25.30005434883611,1179.4346100715884,1311.1927452843856,0.45020975079387426,0.27452248028167203,45.5049026775927,0.0,1.2808815627477667e-14,45.5049026775927,0.0,0,0,0,0.0,0,0,True,1008,0,6.945560782889089e-11,1.4686654817043515e-13,6.693711104241751e-10,0.7157599999345621,1.1619421198611233,1.474794999921869,0.4481538707328596,1.1977889304980636,-0.8977548936381936,1.6206212462241767,5.203042158550112,1032.3734190796768,0,28.55740481588603,28.607157619711646,1350.0,1311.1927452843856,0.45020975079387426,0.2755450463750895,45.5049026775927,0.0,1.2808815627477667e-14,45.5049026775927,0.0,0,0,0,0.0,0,0,True,1008,0,6.945560782889089e-11,1.4686654817043515e-13,6.693711104241751e-10,0.7157599999345621,1.1619421198611233,1.474794999921869,0.557221634287919,1.8767732316628098,-0.7376127000898123,0.6241884762727257,9.530467130478993,1139.0527578488063,0,11.097257706418127,11.018156257511787,1311.1927452843856,1478.9919908889635,0.04497107397764921,0.000211393572977836,0.0,0.0,0.0,0.0,0.0,0,0,0,0.0,0,0,True,1008,0,6.945560782889089e-11,1.4686654817043515e-13,6.693711104241751e-10,0.696385999958693,1.1068554500070598,1.474794999921869,0.2682245000187322,0.4958863901219936,0.6058839999241172,0.2682245000187322,0.4958863901219936,0.6058839999241172,0.2682245000187322,0.4958863901219936,0.6058839999241172,0.2682245000187322,0.4958863901219936,0.6058839999241172
Feb2022,550.0,True,0.0,swmpc,3,96.0,0.493815866078613,1.377949958667159,-1.377949958667159,2.2483002790175206,5.200694735760161,1032.2479862120417,0,39.672499166470566,39.686929076209,1350.0,1478.0353736515428,0.23311430495232344,0.21416397275673682,45.50744525231796,0.0,1.0937463639034648e-14,45.50744525231796,0.0,0,0,0,0.0,0,0,True,1008,0,9.595152134032283e-11,1.581905426706287e-13,3.516358540365408e-10,0.7130760001246017,1.1432400499415962,10.417084999971848,0.5146568523726401,1.3021481046453118,-1.229565124027431,1.4399895048045013,5.202895718449511,1032.2479862120417,0,25.207989573292085,25.418651539124163,1179.4421448579756,1310.9454230165745,0.6817027684301138,0.2746871620358251,45.50744525231796,0.0,1.0937463639034648e-14,45.50744525231796,0.0,0,0,0,0.0,0,0,True,1008,0,9.595152134032283e-11,1.581905426706287e-13,3.516358540365408e-10,0.7363005000797784,1.1605525700315409,10.417084999971848,0.5129090816813323,1.3021481046453118,-1.229565124027431,1.6242478000402187,5.200694735760161,1032.2479862120417,0,28.575150709987124,28.67117343887619,1350.0,1310.9454230165745,0.6817027684301138,0.27529396701588627,45.50744525231796,0.0,1.0937463639034648e-14,45.50744525231796,0.0,0,0,0,0.0,0,0,True,1008,0,9.595152134032283e-11,1.581905426706287e-13,3.516358540365408e-10,0.7363005000797784,1.1605525700315409,10.417084999971848,0.4202123890489323,1.377949958667159,-1.377949958667159,0.6240524789773019,9.5355900363326,1139.3304629486963,0,11.097348456483441,11.01575563733281,1310.9454230165745,1478.0353736515428,0.23311430495232344,0.00020899284971442889,0.0,0.0,0.0,0.0,0.0,0,0,0,0.0,0,0,True,1008,0,9.595152134032283e-11,1.581905426706287e-13,3.516358540365408e-10,0.7130760001246017,1.1432400499415962,10.417084999971848,0.2717749999874286,0.46416001996021794,0.6961100000353326,0.2717749999874286,0.46416001996021794,0.6961100000353326,0.2717749999874286,0.46416001996021794,0.6961100000353326,0.2717749999874286,0.46416001996021794,0.6961100000353326
Feb2022,550.0,True,0.0,swmpc,4,96.0,0.5469736721080286,1.8868872486054897,-1.6181272426620126,2.246746412167613,5.199999999999999,1032.153134138548,0,39.67053868842248,39.65950026518974,1350.0,1477.897343809607,-0.14641006290912628,0.21400458825788382,45.49823643470818,0.0,1.2353291830828701e-14,45.49823643470818,0.0,0,0,0,0.0,0,0,True,1008,0,8.751295893880226e-11,1.43410773034207e-13,4.0288647867806036e-10,0.6925444999978936,1.2213413500603563,2.3082820000581705,0.5429116378770424,1.8868872486054897,-1.1572545999661088,1.4407406561789402,5.199999999999999,1032.153134138548,0,25.213544713541523,25.431910840650595,1179.2440904771051,1311.0119557230416,0.7757454384118319,0.2742859697139687,45.49823643470818,0.0,1.2353291830828701e-14,45.49823643470818,0.0,0,0,0,0.0,0,0,True,1008,0,8.751295893880226e-11,1.43410773034207e-13,4.0288647867806036e-10,0.7148030000507788,1.2268513999720199,2.3082820000581705,0.5390320291246326,1.8868872486054897,-1.6181272426620126,1.624365896282597,5.199999999999999,1032.153134138548,0,28.57321997897421,28.67325807020314,1350.0,1311.0119557230416,0.7757454384118319,0.27508846944214704,45.49823643470818,0.0,1.2353291830828701e-14,45.49823643470818,0.0,0,0,0,0.0,0,0,True,1008,0,8.751295893880226e-11,1.43410773034207e-13,4.0288647867806036e-10,0.7148030000507788,1.2268513999720199,2.3082820000581705,0.5739046448925719,1.6716637276113033,-1.4808709435164928,0.6223805158850158,9.531298022717822,1139.3402157585672,0,11.097318709448274,10.986242194986602,1311.0119557230416,1477.897343809607,-0.14641006290912628,0.00021100411296304245,0.0,0.0,0.0,0.0,0.0,0,0,0,0.0,0,0,True,1008,0,8.751295893880226e-11,1.43410773034207e-13,4.0288647867806036e-10,0.6925444999978936,1.2213413500603563,2.3082820000581705,0.2677784999605137,0.5063365898695337,1.1551319998943654,0.2677784999605137,0.5063365898695337,1.1551319998943654,0.2677784999605137,0.5063365898695337,1.1551319998943654,0.2677784999605137,0.5063365898695337,1.1551319998943654
Feb2022,550.0,True,0.0,swmpc_nosw,0,96.0,0.46817474731416725,1.7261426085606217,-1.7261426085606217,2.2438413089229425,5.204178641191779,1032.4422212783213,0,39.66366515434388,39.608219469868715,1350.0,1479.0044330903534,-0.3927716640755534,0.2141245136340716,45.476656207039824,0.0,1.517394666280777e-14,45.476656207039824,0.0,0,0,0,0.0,0,0,True,1008,0,8.0963364005846e-11,1.644640734185702e-13,4.2875799827697886e-10,0.7237869999698887,1.27814944988813,2.714705000016693,0.4216669137395371,1.1772442758083344,-1.032899959012866,1.4348407252450526,5.205735657526933,1032.4422212783213,0,25.210787848258416,25.327765436803766,1179.5449556937115,1313.758219674629,0.3342649098485708,0.27418001949638426,45.476656207039824,0.0,1.517394666280777e-14,45.476656207039824,0.0,0,0,0,0.0,0,0,True,1008,0,8.0963364005846e-11,1.644640734185702e-13,4.2875799827697886e-10,0.7517344999996567,1.4629991999845495,2.714705000016693,0.4535740962470245,1.4442936778068542,-1.4442936778068542,1.621354200283037,5.204178641191779,1032.4422212783213,0,28.566298966647807,28.620095702770023,1350.0,1313.758219674629,0.3342649098485708,0.27524420954757634,45.476656207039824,0.0,1.517394666280777e-14,45.476656207039824,0.0,0,0,0,0.0,0,0,True,1008,0,8.0963364005846e-11,1.644640734185702e-13,4.2875799827697886e-10,0.7517344999996567,1.4629991999845495,2.714705000016693,0.5160339720890592,1.7261426085606217,-1.7261426085606217,0.6224871086399055,9.542881660371954,1138.9098812391092,0,11.097366187696075,10.988123767098692,1313.758219674629,1479.0044330903534,-0.3927716640755534,0.00020557793680453518,0.0,0.0,0.0,0.0,0.0,0,0,0,0.0,0,0,True,1008,0,8.0963364005846e-11,1.644640734185702e-13,4.2875799827697886e-10,0.7237869999698887,1.27814944988813,2.714705000016693,0.2817600000071252,0.5536908600743117,1.3871229998585477,0.2817600000071252,0.5536908600743117,1.3871229998585477,0.2817600000071252,0.5536908600743117,1.3871229998585477,0.2817600000071252,0.5536908600743117,1.3871229998585477
Feb2022,550.0,True,0.0,swmpc_nosw,1,96.0,0.4933017096735979,1.4193263361230493,-1.1586823901161551,2.2466452910306995,5.201747954570885,1032.7483752667988,0,39.67015602079303,39.657715277915315,1350.0,1478.5843590498364,-0.30750873405486345,0.21427549602959095,45.47426615820665,0.0,1.6127415902323758e-14,45.47426615820665,0.0,0,0,0,0.0,0,0,True,1008,0,8.90006592598083e-11,1.6241532502622704e-13,4.153783064673872e-10,0.7177779998528422,1.2511598500623218,14.742039999873668,0.5236453321173554,1.4193263361230493,-1.1586823901161551,1.429922525649905,5.201747954570885,1032.7483752667988,0,25.217551493318044,25.240949525096543,1179.433070940288,1312.485805398187,0.3012056425213814,0.27434857581228955,45.47426615820665,0.0,1.6127415902323758e-14,45.47426615820665,0.0,0,0,0,0.0,0,0,True,1008,0,8.90006592598083e-11,1.6241532502622704e-13,4.153783064673872e-10,0.7410479998952724,1.2614180100263177,2.4019229999794334,0.5007822349386135,1.4193263361230493,-1.1586823901161551,1.6217960308504857,5.201747954570885,1032.7483752667988,0,28.57271241802396,28.627894882692026,1350.0,1312.485805398187,0.3012056425213814,0.27544036904149805,45.47426615820665,0.0,1.6127415902323758e-14,45.47426615820665,0.0,0,0,0,0.0,0,0,True,1008,0,8.90006592598083e-11,1.6241532502622704e-13,4.153783064673872e-10,0.7410479998952724,1.2614180100263177,2.4019229999794334,0.46617553726641575,1.1668355157598853,-1.0163884097710252,0.6248492601802138,9.558139461736454,1138.950269904573,0,11.097443602769069,11.02982039522329,1312.485805398187,1478.5843590498364,-0.30750873405486345,0.00019844048791606284,0.0,0.0,0.0,0.0,0.0,0,0,0,0.0,0,0,True,1008,0,8.90006592598083e-11,1.6241532502622704e-13,4.153783064673872e-10,0.7177779998528422,1.2511598500623218,14.742039999873668,0.27477950004595186,0.49476332010726753,0.5725340001845325,0.27477950004595186,0.49476332010726753,0.5725340001845325,0.27477950004595186,0.49476332010726753,0.5725340001845325,0.27477950004595186,0.49476332010726753,0.5725340001845325
Feb2022,550.0,True,0.0,swmpc_nosw,2,96.0,0.44120322439969817,1.475658574141562,-0.9867870705202222,2.245612931643179,5.202661002094645,1032.5208505274338,0,39.659879189406226,39.63949210097763,1350.0,1478.9591157639231,0.0868070526048541,0.21409133247787693,45.475690937575216,0.0,1.2782791851251712e-14,45.475690937575216,0.0,0,0,0,0.0,0,0,True,1008,0,6.325500223086297e-11,1.3947178530421477e-13,2.9938197541450244e-10,0.7348235000108616,1.2503227501838405,3.3121259998551977,0.39647316760896156,1.475658574141562,-0.8881500214338303,1.431090584405924,5.202661002094645,1032.5208505274338,0,25.207780812391405,25.261568063215925,1179.4440140842792,1312.4570458139756,0.1992381801828742,0.2741129864486921,45.475690937575216,0.0,1.2782791851251712e-14,45.475690937575216,0.0,0,0,0,0.0,0,0,True,1008,0,6.325500223086297e-11,1.3947178530421477e-13,2.9938197541450244e-10,0.761318500053676,1.2914825900043068,3.3121259998551977,0.3993683100072066,1.475658574141562,-0.9867870705202222,1.6192425190071114,5.202661002094645,1032.5208505274338,0,28.56273032401972,28.582820368238053,1350.0,1312.4570458139756,0.1992381801828742,0.27519785952027687,45.475690937575216,0.0,1.2782791851251712e-14,45.475690937575216,0.0,0,0,0,0.0,0,0,True,1008,0,6.325500223086297e-11,1.3947178530421477e-13,2.9938197541450244e-10,0.761318500053676,1.2914825900043068,3.3121259998551977,0.563683083709334,1.4479051968082786,-0.38369196839630604,0.6263704126360676,9.51534366167174,1139.105104119236,0,11.097148865386504,11.056671732739574,1312.4570458139756,1478.9591157639231,0.0868070526048541,0.00021848782947719858,0.0,0.0,0.0,0.0,0.0,0,0,0,0.0,0,0,True,1008,0,6.325500223086297e-11,1.3947178530421477e-13,2.9938197541450244e-10,0.7348235000108616,1.2503227501838405,3.3121259998551977,0.279546499996286,0.5442080098009681,1.366881999956604,0.279546499996286,0.5442080098009681,1.366881999956604,0.279546499996286,0.5442080098009681,1.366881999956604,0.279546499996286,0.5442080098009681,1.366881999956604
Feb2022,550.0,True,0.0,swmpc_nosw,3,96.0,0.4697195429564403,1.2845088141039014,-1.2845088141039014,2.2490021986603455,5.200694735760161,1032.3924175948616,0,39.678291145809105,39.69931934068694,1350.0,1478.0502693563233,0.2669599624350667,0.21380824373635554,45.47660100961608,0.0,1.1693466598001076e-14,45.47660100961608,0.0,0,0,0,0.0,0,0,True,1008,0,7.989840270343328e-11,1.0778408428829879e-13,3.3775788535525393e-10,0.7311434999337507,1.2304305498673784,3.2368979998409486,0.49230558394009294,1.2845088141039014,-1.2845088141039014,1.4361923874710631,5.2024654694369845,1032.3924175948616,0,25.213922596657,25.351624937867882,1179.4521703140654,1313.1120066775022,0.24144759960472584,0.2741397712462643,45.47660100961608,0.0,1.1693466598001076e-14,45.47660100961608,0.0,0,0,0,0.0,0,0,True,1008,0,7.989840270343328e-11,1.0778408428829879e-13,3.3775788535525393e-10,0.76365150005131,1.3166511700069334,3.2368979998409486,0.48907737325156897,1.2845088141039014,-1.2845088141039014,1.6212298251466257,5.200694735760161,1032.3924175948616,0,28.58090522470227,28.61790023659378,1350.0,1313.1120066775022,0.24144759960472584,0.2748378879019011,45.47660100961608,0.0,1.1693466598001076e-14,45.47660100961608,0.0,0,0,0,0.0,0,0,True,1008,0,7.989840270343328e-11,1.0778408428829879e-13,3.3775788535525393e-10,0.76365150005131,1.3166511700069334,3.2368979998409486,0.39455753834534885,0.8839396508410573,-0.8839396508410573,0.6277723735137197,9.545207593039478,1139.3391149483955,0,11.097385921106834,11.081419104093161,1313.1120066775022,1478.0502693563233,0.2669599624350667,0.00020448915694593062,0.0,0.0,0.0,0.0,0.0,0,0,0,0.0,0,0,True,1008,0,7.989840270343328e-11,1.0778408428829879e-13,3.3775788535525393e-10,0.7311434999337507,1.2304305498673784,3.2368979998409486,0.2846289999069995,0.5485806299611792,2.3852939998505462,0.2846289999069995,0.5485806299611792,2.3852939998505462,0.2846289999069995,0.5485806299611792,2.3852939998505462,0.2846289999069995,0.5485806299611792,2.3852939998505462
Feb2022,550.0,True,0.0,swmpc_nosw,4,96.0,0.46708697095985396,1.6760324528440833,-1.5139607954770327,2.2466355179301494,5.199999999999999,1032.15137329693,0,39.67086832583302,39.657542763437625,1350.0,1477.924157304063,-0.15452172420918941,0.21380274020209578,45.47249709536902,0.0,1.2572206117636043e-14,45.47249709536902,0.0,0,0,0,0.0,0,0,True,1008,0,6.997866393880136e-11,1.0525208843361015e-13,7.900547139639562e-10,0.718319000043266,1.1444953000477645,2.8027180001117813,0.4493180357124158,1.3433733424171805,-1.3433733424171805,1.437102453702851,5.199999999999999,1032.15137329693,0,25.213983712448954,25.367689399689347,1179.2528133084468,1313.1826034720057,0.39755322597920895,0.2739754318883172,45.47249709536902,0.0,1.2572206117636043e-14,45.47249709536902,0.0,0,0,0,0.0,0,0,True,1008,0,6.997866393880136e-11,1.0525208843361015e-13,7.900547139639562e-10,0.7390299998633054,1.1671475000071039,2.8027180001117813,0.4555860794313848,1.5139607954770327,-1.5139607954770327,1.6215265432472241,5.199999999999999,1032.15137329693,0,28.573581630094637,28.623137895603936,1350.0,1313.1826034720057,0.39755322597920895,0.27482865429590353,45.47249709536902,0.0,1.2572206117636043e-14,45.47249709536902,0.0,0,0,0,0.0,0,0,True,1008,0,6.997866393880136e-11,1.0525208843361015e-13,7.900547139639562e-10,0.7390299998633054,1.1671475000071039,2.8027180001117813,0.5052827998074164,1.6760324528440833,-1.1018122658133507,0.6251089746829253,9.529086299212146,1139.356958765054,0,11.097286695738383,11.03440486783369,1313.1826034720057,1477.924157304063,-0.15452172420918941,0.00021204087376913705,0.0,0.0,0.0,0.0,0.0,0,0,0,0.0,0,0,True,1008,0,6.997866393880136e-11,1.0525208843361015e-13,7.900547139639562e-10,0.718319000043266,1.1444953000477645,2.8027180001117813,0.2732969999215129,0.5176211899856749,2.331568000045081,0.2732969999215129,0.5176211899856749,2.331568000045081,0.2732969999215129,0.5176211899856749,2.331568000045081,0.2732969999215129,0.5176211899856749,2.331568000045081
Feb2022,550.0,True,180.0,pid_lowdrag_preview,0,96.58333333333333,0.5566610580231628,1.8138938676565886,-1.7446417398750782,2.2361225250467625,6.621142022375157,953.5230716787314,0,39.542577162553485,39.47196772844918,1350.0,1274.116606863438,-0.7390383156016469,0.2661520367575042,0.0,0.0,0.0,0.0,0.0,0,0,0,0.0,0,0,True,0,0,,,,0.15659600012440933,0.2746492000869696,2.6978599998983555,0.5608769222299508,1.8138938676565886,-1.1469237431883812,1.4257675301273798,6.621142022375157,953.5230716787314,0,24.977345725765005,25.167605668782553,1454.1154132177633,1469.9578770145704,0.8063847739249468,0.34034263502271234,0.0,0.0,0.0,0.0,0.0,0,0,0,0.0,0,0,True,0,0,,,,0.15818399992895138,0.28195501003665385,2.6978599998983555,0.5523834968045054,1.8138938676565886,-1.7165397182106972,1.6120780602098905,6.621142022375157,953.5230716787314,0,28.349269303504425,28.45635355648313,1350.0,1469.9578770145704,0.8063847739249468,0.3437000131694816,0.0,0.0,0.0,0.0,0.0,0,0,0,0.0,0,0,True,0,0,,,,0.15818399992895138,0.28195501003665385,2.6978599998983555,0.5710355161668328,1.7446417398750782,-1.7446417398750782,0.6240444648368719,8.016652848280838,1138.9262188413518,0,11.19330785904906,11.01561417196605,1469.9578770145704,1274.116606863438,-0.7390383156016469,0.001174544475221917,0.0,0.0,0.0,0.0,0.0,0,0,0,0.0,0,0,True,0,0,,,,0.15659600012440933,0.2746492000869696,2.6978599998983555,,,,,,,,,,,,
Feb2022,550.0,True,180.0,pid_lowdrag_preview,1,96.58333333333333,0.5584592936417405,1.8152580494061112,-1.4057354787364602,2.2357259671913474,6.63342246668083,954.0768811013386,0,39.546626329867266,39.46496770108291,1350.0,1274.1332593650168,-0.5520640732720494,0.2661629965762896,0.0,0.0,0.0,0.0,0.0,0,0,0,0.0,0,0,True,0,0,,,,0.16462799999317212,0.3741644800902579,0.9854370000539348,0.6117508450487781,1.8152580494061112,-1.4057354787364602,1.4233053457023808,6.634302291414289,954.0768811013386,0,24.98174484621312,25.12414326317819,1454.0323565737501,1469.8760537468538,0.8104861257597804,0.3403559636415665,0.0,0.0,0.0,0.0,0.0,0,0,0,0.0,0,0,True,0,0,,,,0.16200400000343507,0.3921106200641581,0.9854370000539348,0.5764148622944875,1.8152580494061112,-1.4057354787364602,1.613912046360354,6.63342246668083,954.0768811013386,0,28.35327386371888,28.488727024991704,1350.0,1469.8760537468538,0.8104861257597804,0.34371640009469173,0.0,0.0,0.0,0.0,0.0,0,0,0,0.0,0,0,True,0,0,,,,0.16200400000343507,0.3921106200641581,0.9854370000539348,0.49218751276345357,1.3918351838365197,-0.9255437674000859,0.6218139208309934,8.02519919547002,1139.6817283417606,0,11.193352466148387,10.976240676091209,1469.8760537468538,1274.1332593650168,-0.5520640732720494,0.001166960147309326,0.0,0.0,0.0,0.0,0.0,0,0,0,0.0,0,0,True,0,0,,,,0.16462799999317212,0.3741644800902579,0.9854370000539348,,,,,,,,,,,,
Feb2022,550.0,True,180.0,pid_lowdrag_preview,2,96.58333333333333,0.48386513386861507,1.5992310009896755,-1.0688860090449452,2.237350462039345,6.624168068987075,954.6397285514672,0,39.542913119219364,39.49364323540448,1350.0,1274.469890166722,-0.4395453780889511,0.26617103818990195,0.0,0.0,0.0,0.0,0.0,0,0,0,0.0,0,0,True,0,0,,,,0.15694699982304883,0.24960153992196868,1.5480360000310611,0.47280760125937715,1.5992310009896755,-1.0688860090449452,1.41901928440331,6.624168068987075,954.6397285514672,0,24.977765313886856,25.048485837708576,1454.0342184901542,1470.0,0.3123090164735913,0.34036993396089765,0.0,0.0,0.0,0.0,0.0,0,0,0,0.0,0,0,True,0,0,,,,0.15781299998707254,0.25350176998472274,1.5480360000310611,0.46034821786041275,1.5992310009896755,-1.0688860090449452,1.6073014426482806,6.624168068987075,954.6397285514672,0,28.34968774290357,28.372036846584056,1350.0,1470.0,0.3123090164735913,0.3437236521240217,0.0,0.0,0.0,0.0,0.0,0,0,0,0.0,0,0,True,0,0,,,,0.15781299998707254,0.25350176998472274,1.5480360000310611,0.5567753372447016,1.5917208744212985,-0.7842041179537773,0.6300490193910646,8.01309800089309,1139.2945065145684,0,11.193225376315795,11.121606388820421,1470.0,1274.469890166722,-0.4395453780889511,0.0011776997302656023,0.0,0.0,0.0,0.0,0.0,0,0,0,0.0,0,0,True,0,0,,,,0.15694699982304883,0.24960153992196868,1.5480360000310611,,,,,,,,,,,,
Feb2022,550.0,True,180.0,pid_lowdrag_preview,3,96.58333333333333,0.4997961323834763,1.7904406730085611,-1.378672992810607,2.2377951794920103,6.623500495854911,954.9763972400099,0,39.54649207181488,39.50149337453759,1350.0,1274.2913834910883,-0.14130338188260794,0.26619129384758855,0.0,0.0,0.0,0.0,0.0,0,0,0,0.0,0,0,True,0,0,,,,0.16399799983446428,0.5029351799430515,2.033678000088912,0.5347101231946745,1.7904406730085611,-1.378672992810607,1.4308545076955015,6.623500495854911,954.9763972400099,0,24.981802698548176,25.25740084420569,1454.02025714768,1469.9169472332758,0.7894702516496181,0.3403932736861124,0.0,0.0,0.0,0.0,0.0,0,0,0,0.0,0,0,True,0,0,,,,0.16460349991120893,0.5029256299417284,2.033678000088912,0.528692748115072,1.7904406730085611,-1.378672992810607,1.6129505147717549,6.623500495854911,954.9763972400099,0,28.353173438998077,28.47175409823551,1350.0,1469.9169472332758,0.7894702516496181,0.3437511252344222,0.0,0.0,0.0,0.0,0.0,0,0,0,0.0,0,0,True,0,0,,,,0.16460349991120893,0.5029256299417284,2.033678000088912,0.3850259272195222,0.9302698830142617,-0.9302698830142617,0.6248446647202555,8.018062106610618,1139.2701961827368,0,11.193318632816805,11.029739276302077,1469.9169472332758,1274.2913834910883,-0.14130338188260794,0.001173293719017976,0.0,0.0,0.0,0.0,0.0,0,0,0,0.0,0,0,True,0,0,,,,0.16399799983446428,0.5029351799430515,2.033678000088912,,,,,,,,,,,,
Feb2022,550.0,True,180.0,pid_lowdrag_preview,4,96.58333333333333,0.5617979883941036,2.002102275379002,-1.6539559727534652,2.2424096216698772,6.626224481227666,954.9481068346179,0,39.54434093719838,39.58294736942818,1350.0,1273.7020823600164,0.2903421837836504,0.2661755704385129,0.0,0.0,0.0,0.0,0.0,0,0,0,0.0,0,0,True,0,0,,,,0.1563360001455294,0.26053737996790005,1.0758329999589478,0.5482509197149031,2.002102275379002,-1.258117781020701,1.4297016471576651,6.626224481227666,954.9481068346179,0,24.97977040677586,25.237050584577997,1454.2792150512958,1470.0,0.9064796669408679,0.34036101962945164,0.0,0.0,0.0,0.0,0.0,0,0,0,0.0,0,0,True,0,0,,,,0.15809299998181814,0.26169806001689716,1.0758329999589478,0.5425555896573654,2.002102275379002,-1.34941313136369,1.6121763496251638,6.626224481227666,954.9481068346179,0,28.35104275903525,28.45808855829322,1350.0,1470.0,0.9064796669408679,0.3437295377656683,0.0,0.0,0.0,0.0,0.0,0,0,0,0.0,0,0,True,0,0,,,,0.15809299998181814,0.26169806001689716,1.0758329999589478,0.6230798959043492,1.743566862307489,-1.6539559727534652,0.6302332720447135,8.013201902139592,1138.5493385339541,0,11.193298178163129,11.124858811134963,1470.0,1273.7020823600164,0.2903421837836504,0.0011776075036905587,0.0,0.0,0.0,0.0,0.0,0,0,0,0.0,0,0,True,0,0,,,,0.1563360001455294,0.26053737996790005,1.0758329999589478,,,,,,,,,,,,
Feb2022,550.0,True,180.0,swmpc,0,96.58333333333333,0.544783585387334,1.740876111201942,-1.740876111201942,2.249565126190631,5.199999999999999,1044.2067738682542,0,39.780084240750895,39.70925612056312,1350.0,1274.1192520692505,-0.7395647279918194,0.2160042740584266,45.50334982551052,0.0,1.5207375663950383e-14,45.50334982551052,0.0,0,0,0,0.0,0,0,True,1008,0,7.405510041781596e-11,1.154518357281482e-13,3.640639589787311e-10,0.6949579999400157,1.0115290201656537,1.825113999984751,0.5373228397451173,1.687455571256578,-1.2145507102832198,1.4376517518908045,5.199999999999999,1044.2067738682542,0,25.214686548918635,25.377385594823892,1499.4554362100139,1469.9216717167894,0.540813721716404,0.2761599740028755,45.50334982551052,0.0,1.1340549033044367e-14,45.50334982551052,0.0,0,0,0,0.0,0,0,True,1008,0,7.405510041781596e-11,1.154518357281482e-13,3.640639589787311e-10,0.7220139999617459,1.0392199200919092,1.825113999984751,0.5365427800980637,1.687455571256578,-1.5722136655822396,1.6242845491341742,5.199999999999999,1044.2067738682542,0,28.58873153338843,28.671822132779948,1350.0,1469.9216717167894,0.540813721716404,0.278774690667122,45.50334982551052,0.0,1.5207375663950383e-14,45.50334982551052,0.0,0,0,0,0.0,0,0,True,1008,0,7.405510041781596e-11,1.154518357281482e-13,3.640639589787311e-10,0.7220139999617459,1.0392199200919092,1.825113999984751,0.5720468415396895,1.740876111201942,-1.740876111201942,0.6252805770564567,7.628230160860912,1138.9255722461228,0,11.191352707362466,11.03743398778317,1469.9216717167894,1274.1192520692505,-0.7395647279918194,0.0015209522226121708,0.0,0.0,0.0,0.0,0.0,0,0,0,0.0,0,0,True,1008,0,7.405510041781596e-11,1.154518357281482e-13,3.640639589787311e-10,0.6949579999400157,1.0115290201656537,1.825113999984751,0.2661414999920453,0.49828556994043405,1.3186390001465043,0.2661414999920453,0.49828556994043405,1.3186390001465043,0.2661414999920453,0.49828556994043405,1.3186390001465043,0.2661414999920453,0.49828556994043405,1.3186390001465043
Feb2022,550.0,True,180.0,swmpc,1,96.58333333333333,0.5291470743746582,1.5409274874255061,-1.2853632438927889,2.2475401505920676,5.199999999999999,1044.6849019126175,0,39.7535848243768,39.67351131204652,1350.0,1274.1183806856588,-0.5424256082624197,0.21648462795412637,45.54257363914127,0.0,1.2172237361809946e-14,45.54257363914127,0.0,0,0,0,0.0,0,0,True,1008,0,7.991641492688385e-11,1.7588956746400496e-13,4.763962454090963e-10,0.7068469999467197,0.9988788401096828,3.026436000027388,0.565269339353332,1.5409274874255061,-1.2853632438927889,1.432425603705271,5.199999999999999,1044.6849019126175,0,25.188376035012087,25.285133783837118,1499.6095951572233,1469.904739638554,0.5591127220541239,0.2769379784526359,45.54257363914127,0.0,1.2172237361809946e-14,45.54257363914127,0.0,0,0,0,0.0,0,0,True,1008,0,7.991641492688385e-11,1.7588956746400496e-13,4.763962454090963e-10,0.7279129999915313,1.0213929001270112,3.026436000027388,0.5379492062693475,1.5409274874255061,-1.2853632438927889,1.6232600068239047,5.199999999999999,1044.6849019126175,0,28.562262590196912,28.653736942655147,1350.0,1469.904739638554,0.5591127220541239,0.27939400728680586,45.54257363914127,0.0,1.2172237361809946e-14,45.54257363914127,0.0,0,0,0,0.0,0,0,True,1008,0,7.991641492688385e-11,1.7588956746400496e-13,4.763962454090963e-10,0.7279129999915313,1.0213929001270112,3.026436000027388,0.49789775269174064,1.3999664895236492,-0.914187497459352,0.6242801437681629,7.622060437127437,1139.6473507109276,0,11.19132223417989,11.019774369391374,1469.904739638554,1274.1183806856588,-0.5424256082624197,0.0015264775563599287,0.0,0.0,0.0,0.0,0.0,0,0,0,0.0,0,0,True,1008,0,7.991641492688385e-11,1.7588956746400496e-13,4.763962454090963e-10,0.7068469999467197,0.9988788401096828,3.026436000027388,0.2723009999954229,0.40799618005166827,0.571222000189664,0.2723009999954229,0.40799618005166827,0.571222000189664,0.2723009999954229,0.40799618005166827,0.571222000189664,0.2723009999954229,0.40799618005166827,0.571222000189664
Feb2022,550.0,True,180.0,swmpc,2,96.58333333333333,0.4776586644005701,1.5112366769462824,-1.009981487877667,2.251718582140569,5.199999999999999,1044.9620697334483,0,39.79798181484384,39.747268860387656,1350.0,1274.4716851767523,-0.46645719837397337,0.21573959819791044,45.51413207566652,0.0,1.0779510682352895e-14,45.51413207566652,0.0,0,0,0,0.0,0,0,True,1008,0,6.765151807806732e-11,1.566695118297479e-13,3.37702825797615e-10,0.6921540000348614,0.9547633599959229,1.3841480001701711,0.4606591914720475,1.4139030138030648,-1.009981487877667,1.4353445065911803,5.199999999999999,1044.9620697334483,0,25.231729327260275,25.33665817001239,1499.6411444070861,1469.9819581942795,0.3953378861770034,0.27582904317448,45.51413207566652,0.0,1.0779510682352895e-14,45.51413207566652,0.0,0,0,0,0.0,0,0,True,1008,0,6.765151807806732e-11,1.566695118297479e-13,3.37702825797615e-10,0.715630000058809,0.9713014998988001,1.3841480001701711,0.45284660520219777,1.4139030138030648,-1.009981487877667,1.6229707960736237,5.199999999999999,1044.9620697334483,0,28.60673912152347,28.648631803167795,1350.0,1469.9819581942795,0.3953378861770034,0.2784300539530743,45.51413207566652,0.0,1.0779510682352895e-14,45.51413207566652,0.0,0,0,0,0.0,0,0,True,1008,0,6.765151807806732e-11,1.566695118297479e-13,3.37702825797615e-10,0.715630000058809,0.9713014998988001,1.3841480001701711,0.5541186459049036,1.5112366769462824,-0.8220394942909479,0.6287477860669453,7.618687432384435,1139.28459417074,0,11.191242693320365,11.098637057219861,1469.9819581942795,1274.4716851767523,-0.46645719837397337,0.001529498532808038,0.0,0.0,0.0,0.0,0.0,0,0,0,0.0,0,0,True,1008,0,6.765151807806732e-11,1.566695118297479e-13,3.37702825797615e-10,0.6921540000348614,0.9547633599959229,1.3841480001701711,0.26436849998390244,0.39008459000342544,0.9127069999976811,0.26436849998390244,0.39008459000342544,0.9127069999976811,0.26436849998390244,0.39008459000342544,0.9127069999976811,0.26436849998390244,0.39008459000342544,0.9127069999976811
Feb2022,550.0,True,180.0,swmpc,3,96.58333333333333,0.48063721836634554,1.3004754381254315,-1.215265036560595,2.2511580008636964,5.204017816043953,1044.686460738477,0,39.78103521467677,39.73737349650616,1350.0,1274.2773330800821,-0.13192365504801273,0.2159642674595793,45.52177200762992,0.0,1.2549414943691906e-14,45.52177200762992,0.0,0,0,0,0.0,0,0,True,1008,0,8.354601775445627e-11,1.8361224325106206e-13,3.6439439942682916e-10,0.707276999946771,1.093852340072772,1.9960310000897152,0.5047362767486531,1.3004754381254315,-1.215265036560595,1.4414535765822527,5.205277213960688,1044.686460738477,0,25.210138772001564,25.44449529022268,1500.0,1469.9464602843136,0.6045533949509263,0.2765156842678914,45.52177200762992,0.0,1.2549414943691906e-14,45.52177200762992,0.0,0,0,0,0.0,0,0,True,1008,0,8.354601775445627e-11,1.8361224325106206e-13,3.6439439942682916e-10,0.7297860000790024,1.1066791199391444,1.9960310000897152,0.5050446428496,1.3004754381254315,-1.215265036560595,1.6243799757650428,5.204017816043953,1044.686460738477,0,28.589725677069467,28.673506600805307,1350.0,1469.9464602843136,0.6045533949509263,0.2787205192492267,45.52177200762992,0.0,1.2549414943691906e-14,45.52177200762992,0.0,0,0,0,0.0,0,0,True,1008,0,8.354601775445627e-11,1.8361224325106206e-13,3.6439439942682916e-10,0.7297860000790024,1.1066791199391444,1.9960310000897152,0.38575552453136236,0.9428810989484191,-0.9428810989484191,0.6267780250986537,7.618857633884637,1139.2525996946551,0,11.191309537607303,11.063866895700851,1469.9464602843136,1274.2773330800821,-0.13192365504801273,0.0015293460902080502,0.0,0.0,0.0,0.0,0.0,0,0,0,0.0,0,0,True,1008,0,8.354601775445627e-11,1.8361224325106206e-13,3.6439439942682916e-10,0.707276999946771,1.093852340072772,1.9960310000897152,0.2737824999030636,0.4755205100809687,1.4920009998604655,0.2737824999030636,0.4755205100809687,1.4920009998604655,0.2737824999030636,0.4755205100809687,1.4920009998604655,0.2737824999030636,0.4755205100809687,1.4920009998604655
Feb2022,550.0,True,180.0,swmpc,4,96.58333333333333,0.5531408965271988,2.026955704204738,-1.6469340045005083,2.255832728751474,5.199999999999999,1044.5479402368421,0,39.7808794448937,39.81989165293951,1350.0,1273.7004483043654,0.29398738127201796,0.21592971781199366,45.5246823071843,0.0,1.3665125773743956e-14,45.5246823071843,0.0,0,0,0,0.0,0,0,True,1008,0,6.999502552395185e-11,1.4259060250136274e-13,4.2896782896559014e-10,0.706175000004805,1.029058360031741,1.6110900000967376,0.5331407409342613,2.026955704204738,-1.1321205273270607,1.4421812932420623,5.199999999999999,1044.5479402368421,0,25.21485531167319,25.457340922870404,1499.862387236516,1469.9974346169747,0.7672902494668961,0.2761467336510406,45.5246823071843,0.0,1.3665125773743956e-14,45.5246823071843,0.0,0,0,0,0.0,0,0,True,1008,0,6.999502552395185e-11,1.4259060250136274e-13,4.2896782896559014e-10,0.7329604999313233,1.0511639699802797,1.6110900000967376,0.5302615713357434,2.026955704204738,-1.383976156823337,1.6247034043536694,5.199999999999999,1044.5479402368421,0,28.58956407289566,28.67921575254916,1350.0,1469.9974346169747,0.7672902494668961,0.278675896123757,45.5246823071843,0.0,1.3665125773743956e-14,45.5246823071843,0.0,0,0,0,0.0,0,0,True,1008,0,6.999502552395185e-11,1.4259060250136274e-13,4.2896782896559014e-10,0.7329604999313233,1.0511639699802797,1.6110900000967376,0.625030029599079,1.7495776815339923,-1.6469340045005083,0.6311293243978047,7.61900175810289,1138.5487321879584,0,11.19131537199804,11.140675900390352,1469.9974346169747,1273.7004483043654,0.29398738127201796,0.0015292170043413877,0.0,0.0,0.0,0.0,0.0,0,0,0,0.0,0,0,True,1008,0,6.999502552395185e-11,1.4259060250136274e-13,4.2896782896559014e-10,0.706175000004805,1.029058360031741,1.6110900000967376,0.2691560000585014,0.4516302200113375,1.0802399999647605,0.2691560000585014,0.4516302200113375,1.0802399999647605,0.2691560000585014,0.4516302200113375,1.0802399999647605,0.2691560000585014,0.4516302200113375,1.0802399999647605
Feb2022,550.0,True,180.0,swmpc_nosw,0,96.58333333333333,0.4695551877464539,1.5972371837124228,-1.5972371837124228,2.2506324464048797,5.201565913472745,1044.2210697367861,0,39.78925830411123,39.72809642496523,1350.0,1274.0845068937904,-0.6533059133216739,0.21559494224341214,45.47744759971092,0.0,2.10723960838305e-14,45.47744759971092,0.0,0,0,0,0.0,0,0,True,1008,0,6.772713670732003e-11,1.6396878030969387e-13,5.614561683548327e-10,0.7248439999330003,1.379766020040736,2.8176400001029833,0.4309498179409519,1.2114445650950074,-1.02712597604841,1.436518185300478,5.201565913472745,1044.2210697367861,0,25.223831335711655,25.357375911378412,1499.2801560123166,1469.92100072797,0.45128420647233725,0.2755545375535863,45.47744759971092,0.0,2.10723960838305e-14,45.47744759971092,0.0,0,0,0,0.0,0,0,True,1008,0,6.772713670732003e-11,1.6396878030969387e-13,5.614561683548327e-10,0.7469319998563151,1.7052142599504774,2.8176400001029833,0.45155474808544394,1.5972371837124228,-1.5972371837124228,1.6240957402737486,5.201565913472745,1044.2210697367861,0,28.597929332162,28.668489284439943,1350.0,1469.92100072797,0.45128420647233725,0.27824528046394903,45.47744759971092,0.0,2.10723960838305e-14,45.47744759971092,0.0,0,0,0,0.0,0,0,True,1008,0,6.772713670732003e-11,1.6396878030969387e-13,5.614561683548327e-10,0.7469319998563151,1.7052142599504774,2.8176400001029833,0.526437463319185,1.399735583923757,-1.399735583923757,0.6265367061311311,7.627147061188305,1138.956052045379,0,11.191328971949229,11.059607140525287,1469.92100072797,1274.0845068937904,-0.6533059133216739,0.001521922154255173,0.0,0.0,0.0,0.0,0.0,0,0,0,0.0,0,0,True,1008,0,6.772713670732003e-11,1.6396878030969387e-13,5.614561683548327e-10,0.7248439999330003,1.379766020040736,2.8176400001029833,0.2707684999450066,0.531632210086172,1.5024770000309218,0.2707684999450066,0.531632210086172,1.5024770000309218,0.2707684999450066,0.531632210086172,1.5024770000309218,0.2707684999450066,0.531632210086172,1.5024770000309218
Feb2022,550.0,True,180.0,swmpc_nosw,1,96.58333333333333,0.4892105480979699,1.4955917848274112,-1.0659638913348317,2.248710051970729,5.200094523091305,1044.4923844142766,0,39.77244211668913,39.69416237608586,1350.0,1274.1539433998196,-0.5354973115026951,0.21591586135270402,45.49947333910501,0.0,1.2270786453716177e-14,45.49947333910501,0.0,0,0,0,0.0,0,0,True,1008,0,6.648738693721462e-11,1.195705858172621e-13,3.6857103681775386e-10,0.7009280000147555,0.9685710598887455,1.5054000000418455,0.5090634313523387,1.440461602061987,-1.0659638913348317,1.4305556646543929,5.200094523091305,1044.4923844142766,0,25.207211105176178,25.252125675809424,1499.4151459139227,1469.9060347788388,0.3180111451074481,0.276090265733015,45.49947333910501,0.0,1.2270786453716177e-14,45.49947333910501,0.0,0,0,0,0.0,0,0,True,1008,0,6.648738693721462e-11,1.195705858172621e-13,3.6857103681775386e-10,0.7234914999116882,0.9639740199281731,1.0773849999168306,0.4860808738970638,1.440461602061987,-1.0659638913348317,1.6223569556542006,5.200094523091305,1044.4923844142766,0,28.58113404142129,28.637796310499304,1350.0,1469.9060347788388,0.3180111451074481,0.27865907201680584,45.49947333910501,0.0,1.2270786453716177e-14,45.49947333910501,0.0,0,0,0,0.0,0,0,True,1008,0,6.648738693721462e-11,1.195705858172621e-13,3.6857103681775386e-10,0.7234914999116882,0.9639740199281731,1.0773849999168306,0.49975660674697986,1.4955917848274112,-0.9154815366491675,0.6263530963165285,7.623151005412135,1139.727939233413,0,11.191308075267838,11.056366065586559,1469.9060347788388,1274.1539433998196,-0.5354973115026951,0.0015255008462137232,0.0,0.0,0.0,0.0,0.0,0,0,0,0.0,0,0,True,1008,0,6.648738693721462e-11,1.195705858172621e-13,3.6857103681775386e-10,0.7009280000147555,0.9685710598887455,1.5054000000418455,0.26574100002108025,0.4025730400121568,0.560055000050852,0.26574100002108025,0.4025730400121568,0.560055000050852,0.26574100002108025,0.4025730400121568,0.560055000050852,0.26574100002108025,0.4025730400121568,0.560055000050852
Feb2022,550.0,True,180.0,swmpc_nosw,2,96.58333333333333,0.44094388376133625,1.5080588748678565,-0.9369298182427883,2.2523813969069084,5.199999999999999,1044.7443276388747,0,39.796791661399425,39.758968846758485,1350.0,1274.3996603674498,-0.3681120667606592,0.21546599636557617,45.48348259160687,0.0,1.3272719127158893e-14,45.48348259160687,0.0,0,0,0,0.0,0,0,True,1008,0,1.1829116802481166e-10,1.7255676140327367e-13,2.664702453076099e-10,0.7024699998510187,1.0151744800168672,1.9702820000020438,0.3939075953127619,1.5080588748678565,-0.9369298182427883,1.4333013834425736,5.200021986025986,1044.7443276388747,0,25.230522940452886,25.30059302148661,1499.463251443942,1469.9601863189525,0.2160696517676115,0.2754248211172877,45.48348259160687,0.0,1.3272719127158893e-14,45.48348259160687,0.0,0,0,0,0.0,0,0,True,1008,0,1.1829116802481166e-10,1.7255676140327367e-13,2.664702453076099e-10,0.7258949998458775,1.0316491599951405,1.9702820000020438,0.39571150983721093,1.5080588748678565,-0.9369298182427883,1.62187480876094,5.199999999999999,1044.7443276388747,0,28.605554511420234,28.629285468003644,1350.0,1469.9601863189525,0.2160696517676115,0.2780770190682935,45.48348259160687,0.0,1.3272719127158893e-14,45.48348259160687,0.0,0,0,0,0.0,0,0,True,1008,0,1.1829116802481166e-10,1.7255676140327367e-13,2.664702453076099e-10,0.7258949998458775,1.0316491599951405,1.9702820000020438,0.5689835001944283,1.4145297575742006,-0.5158580839633942,0.6305065881459684,7.6211249387101985,1139.2796359084675,0,11.191237149979191,11.12968337875484,1469.9601863189525,1274.3996603674498,-0.3681120667606592,0.0015273154017149126,0.0,0.0,0.0,0.0,0.0,0,0,0,0.0,0,0,True,1008,0,1.1829116802481166e-10,1.7255676140327367e-13,2.664702453076099e-10,0.7024699998510187,1.0151744800168672,1.9702820000020438,0.2645339999389762,0.408757900011096,0.5457430002024921,0.2645339999389762,0.408757900011096,0.5457430002024921,0.2645339999389762,0.408757900011096,0.5457430002024921,0.2645339999389762,0.408757900011096,0.5457430002024921
Feb2022,550.0,True,180.0,swmpc_nosw,3,96.58333333333333,0.47361708917865064,1.291065321303904,-1.291065321303904,2.251790129095829,5.2040770525228,1044.4144738534221,0,39.78935886067693,39.748531805095745,1350.0,1274.2462036032498,-0.11203725170344114,0.21549602446681781,45.48963652423582,0.0,1.4603272332084623e-14,45.48963652423582,0.0,0,0,0,0.0,0,0,True,1008,0,7.256908150764235e-11,1.977540339860845e-13,4.39923774118292e-10,0.7087789999786764,1.0100297200779096,1.1215320000701468,0.49704811575304103,1.291065321303904,-1.291065321303904,1.4384234908006512,5.206322329009043,1044.4144738534221,0,25.218461198934992,25.39100830690843,1499.8781320110866,1469.9289424018887,0.23982554767280817,0.27581876021011453,45.48963652423582,0.0,1.4603272332084623e-14,45.48963652423582,0.0,0,0,0,0.0,0,0,True,1008,0,7.256908150764235e-11,1.977540339860845e-13,4.39923774118292e-10,0.7312379998438701,1.0344712201026585,1.1215320000701468,0.4942137455997963,1.291065321303904,-1.291065321303904,1.6222431905278192,5.2040770525228,1044.4144738534221,0,28.598053010133214,28.63578813190141,1350.0,1469.9289424018887,0.23982554767280817,0.2781159987614017,45.48963652423582,0.0,1.4603272332084623e-14,45.48963652423582,0.0,0,0,0,0.0,0,0,True,1008,0,7.256908150764235e-11,1.977540339860845e-13,4.39923774118292e-10,0.7312379998438701,1.0344712201026585,1.1215320000701468,0.39522071328439634,0.9200685098767281,-0.9189796121791005,0.6295469385680097,7.621749126706078,1139.2392364535988,0,11.191305850543714,11.112743673194334,1469.9289424018887,1274.2462036032498,-0.11203725170344114,0.0015267563687139107,0.0,0.0,0.0,0.0,0.0,0,0,0,0.0,0,0,True,1008,0,7.256908150764235e-11,1.977540339860845e-13,4.39923774118292e-10,0.7087789999786764,1.0100297200779096,1.1215320000701468,0.2673430000186272,0.4303728600552858,0.5720530000417057,0.2673430000186272,0.4303728600552858,0.5720530000417057,0.2673430000186272,0.4303728600552858,0.5720530000417057,0.2673430000186272,0.4303728600552858,0.5720530000417057
Feb2022,550.0,True,180.0,swmpc_nosw,4,96.58333333333333,0.47166858253629806,1.664946848526597,-1.3641471434384584,2.255772316875944,5.199999999999999,1044.3748258621615,0,39.786168201401885,39.8188252643247,1350.0,1273.7085452934048,0.24001520965248346,0.21566125819937987,45.48880174051313,0.0,1.2600412487302797e-14,45.48880174051313,0.0,0,0,0,0.0,0,0,True,1008,0,7.093702629880702e-11,1.6710753998946523e-13,3.642054145742592e-10,0.7125750000795961,1.1422064398311704,2.8917930001171044,0.44314216808603196,1.2714586313813925,-1.2714586313813925,1.4395422132236597,5.199999999999999,1044.3748258621615,0,25.22013348523634,25.41075596155783,1499.6872611492424,1469.9692716310672,0.44803326297551394,0.2757505556875107,45.48880174051313,0.0,1.2600412487302797e-14,45.48880174051313,0.0,0,0,0,0.0,0,0,True,1008,0,7.093702629880702e-11,1.6710753998946523e-13,3.642054145742592e-10,0.7379780000746905,1.1516764999464613,2.8917930001171044,0.4504223862290801,1.306880321353674,-1.306880321353674,1.6229670279308954,5.199999999999999,1044.3748258621615,0,28.594857991834502,28.648565288025512,1350.0,1469.9692716310672,0.44803326297551394,0.2783295173335406,45.48880174051313,0.0,1.2600412487302797e-14,45.48880174051313,0.0,0,0,0,0.0,0,0,True,1008,0,7.093702629880702e-11,1.6710753998946523e-13,3.642054145742592e-10,0.7379780000746905,1.1516764999464613,2.8917930001171044,0.5379706765626217,1.664946848526597,-1.3641471434384584,0.6328052889450486,7.621473459947186,1138.760700728176,0,11.191310209567384,11.170259976299189,1469.9692716310672,1273.7085452934048,0.24001520965248346,0.001527003259602866,0.0,0.0,0.0,0.0,0.0,0,0,0,0.0,0,0,True,1008,0,7.093702629880702e-11,1.6710753998946523e-13,3.642054145742592e-10,0.7125750000795961,1.1422064398311704,2.8917930001171044,0.2772574999880817,0.4955730198207674,0.559944999849904,0.2772574999880817,0.4955730198207674,0.559944999849904,0.2772574999880817,0.4955730198207674,0.559944999849904,0.2772574999880817,0.4955730198207674,0.559944999849904
Mar2015,400.0,False,0.0,pid_lowdrag_preview,0,96.0,1.5380720630975766,6.266478200443089,-5.308039657771587,40.557806065196765,6.972012574816232,1117.5857176403701,0,715.9177660124485,715.9251759286755,1350.0,1500.0,-1.793983243405819,0.23275228826708183,0.0,0.0,0.0,0.0,0.0,0,0,0,0.0,0,0,True,0,0,,,,0.16027150002173585,0.4397251501359277,1.3094349999391852,1.5330332323783609,6.266478200443089,-4.567946767434478,26.291822977458224,6.9788885570255506,1117.5857176403701,0,464.0611477793251,464.10247044340474,1203.6225843585903,1301.1745793360196,1.7988870376721025,0.29822303482557355,0.0,0.0,0.0,0.0,0.0,0,0,0,0.0,0,0,True,0,0,,,,0.1616284999954587,0.43937205012753094,1.3094349999391852,1.5106587960437061,6.266478200443089,-4.567946767434478,29.64551972801815,6.972012574816232,1117.5857176403701,0,523.2609704408952,523.3018248733858,1350.0,1301.1745793360196,1.7988870376721025,0.2990241792080892,0.0,0.0,0.0,0.0,0.0,0,0,0,0.0,0,0,True,0,0,,,,0.1616284999954587,0.43937205012753094,1.3094349999391852,1.630392752541789,5.308039657771587,-5.308039657771587,10.912286337178614,8.463002937104857,1119.4763459035944,0,192.6567955715533,192.62335105528962,1301.1745793360196,1500.0,-1.793983243405819,0.0008006699735556566,0.0,0.0,0.0,0.0,0.0,0,0,0,0.0,0,0,True,0,0,,,,0.16027150002173585,0.4397251501359277,1.3094349999391852,,,,,,,,,,,,
Mar2015,400.0,False,0.0,pid_lowdrag_preview,1,96.0,1.5811814980973722,6.890528895892203,-4.968410682864487,40.600316316826124,6.958421566870804,1119.2576988381868,0,716.1868656390825,716.6755656151188,1350.0,1500.0,-1.5634954441338778,0.23254331698387554,0.0,0.0,0.0,0.0,0.0,0,0,0,0.0,0,0,True,0,0,,,,0.15716199993676128,0.38081989991951537,0.4484969999793975,1.5936764686869247,6.890528895892203,-4.968410682864487,26.318485539652585,6.958421566870804,1119.2576988381868,0,464.28599963709684,464.5731171913813,1204.112773751568,1299.1800459629762,0.4066335940733552,0.29793640361622264,0.0,0.0,0.0,0.0,0.0,0,0,0,0.0,0,0,True,0,0,,,,0.15872949995809904,0.38497174003168744,0.4484969999793975,1.5389132613466636,6.890528895892203,-4.968410682864487,29.677654163949413,6.958421566870804,1119.2576988381868,0,523.5089229259181,523.86906097241,1350.0,1299.1800459629762,0.4066335940733552,0.2988012126260505,0.0,0.0,0.0,0.0,0.0,0,0,0,0.0,0,0,True,0,0,,,,0.15872949995809904,0.38497174003168744,0.4484969999793975,1.7209642918562673,5.482800795696676,-4.473240301012993,10.922662152876711,8.642746960477151,1119.7707728353548,0,192.67794271316438,192.80650464270877,1299.1800459629762,1500.0,-1.5634954441338778,0.0006406822362633458,0.0,0.0,0.0,0.0,0.0,0,0,0,0.0,0,0,True,0,0,,,,0.15716199993676128,0.38081989991951537,0.4484969999793975,,,,,,,,,,,,
Mar2015,400.0,False,0.0,pid_lowdrag_preview,2,96.0,1.6084371646001094,5.530227416194975,-5.530227416194975,40.55060087158313,6.954998419248708,1116.734277682898,0,716.1481292901112,715.7979900671685,1350.0,1500.0,-0.8751229792833328,0.2325813785570484,0.0,0.0,0.0,0.0,0.0,0,0,0,0.0,0,0,True,0,0,,,,0.16059799997947266,0.42529049991344436,1.321543000130987,1.6245143535822928,5.530227416194975,-5.530227416194975,26.284031879178503,6.9678525040910095,1116.9839075133175,0,464.24798213722926,463.96494221031037,1203.7513604181515,1301.6799501287085,-0.5813673539087176,0.2979932581809206,0.0,0.0,0.0,0.0,0.0,0,0,0,0.0,0,0,True,0,0,,,,0.1613584998949591,0.42716106012449007,1.321543000130987,1.588422589540407,5.530227416194975,-5.530227416194975,29.64420974652177,6.954998419248708,1116.9839075133175,0,523.4943571399384,523.2787011193178,1350.0,1301.6799501287085,-0.5813673539087176,0.2988004550041181,0.0,0.0,0.0,0.0,0.0,0,0,0,0.0,0,0,True,0,0,,,,0.1613584998949591,0.42716106012449007,1.321543000130987,1.6766076988171374,4.365545716136694,-4.140180132351816,10.906391125061358,8.44737766696338,1116.734277682898,0,192.6537721501728,192.51928894785067,1301.6799501287085,1500.0,-0.8751229792833328,0.0008146109923049538,0.0,0.0,0.0,0.0,0.0,0,0,0,0.0,0,0,True,0,0,,,,0.16059799997947266,0.42529049991344436,1.321543000130987,,,,,,,,,,,,
Mar2015,400.0,False,0.0,pid_lowdrag_preview,3,96.0,1.5900888874340304,7.713190600275993,-5.30110330414027,40.57245841848118,6.971265176361508,1118.8204108223026,0,716.2147725360599,716.183818829283,1350.0,1500.0,1.5149168139323592,0.2324944953057514,0.0,0.0,0.0,0.0,0.0,0,0,0,0.0,0,0,True,0,0,,,,0.15806800001882948,0.39851430016142314,0.8745039999666915,1.5901895074056813,6.908886965364218,-5.30110330414027,26.31209211777807,6.975498899742808,1118.8204108223026,0,464.2385656799509,464.4602607002551,1204.9747165853823,1302.3733985613585,0.7228036466985941,0.29799560386866564,0.0,0.0,0.0,0.0,0.0,0,0,0,0.0,0,0,True,0,0,,,,0.15889450003214733,0.39505343004066157,0.46264799993878114,1.58639602079031,7.713190600275993,-5.30110330414027,29.6655168753233,6.971265176361508,1118.8204108223026,0,523.5555622813785,523.6548139177006,1350.0,1302.3733985613585,0.7228036466985941,0.29869727402296065,0.0,0.0,0.0,0.0,0.0,0,0,0,0.0,0,0,True,0,0,,,,0.15889450003214733,0.39505343004066157,0.46264799993878114,1.6029469245760175,4.381676915101707,-4.381676915101707,10.906941543157885,8.480839755478305,1118.9327443635814,0,192.6592102546814,192.52900491158243,1302.3733985613585,1500.0,1.5149168139323592,0.0007847697955192245,0.0,0.0,0.0,0.0,0.0,0,0,0,0.0,0,0,True,0,0,,,,0.15806800001882948,0.39851430016142314,0.8745039999666915,,,,,,,,,,,,
Mar2015,400.0,False,0.0,pid_lowdrag_preview,4,96.0,1.654072025858269,5.91662709787488,-5.182946789078414,40.57816835295576,6.94817511154487,1118.7196028854842,0,716.099710412779,716.2846104213261,1350.0,1500.0,1.7810054263100028,0.23265120688571062,0.0,0.0,0.0,0.0,0.0,0,0,0,0.0,0,0,True,0,0,,,,0.16323149998243025,0.43864210016408767,0.8202470000924222,1.585142529048928,5.91662709787488,-4.433520437218249,26.29273049226695,6.94817511154487,1118.7196028854842,0,464.2324371222957,464.1184898675814,1203.9477768744964,1304.1402824393178,-0.42128577176481485,0.298070229981481,0.0,0.0,0.0,0.0,0.0,0,0,0,0.0,0,0,True,0,0,,,,0.16285100002733088,0.4216690000816925,0.8202470000924222,1.5613755051785063,5.91662709787488,-4.433520437218249,29.63976540443305,6.94817511154487,1118.7196028854842,0,523.4448756015653,523.2002497260899,1350.0,1304.1402824393178,-0.42128577176481485,0.29888985585028205,0.0,0.0,0.0,0.0,0.0,0,0,0,0.0,0,0,True,0,0,,,,0.16285100002733088,0.4216690000816925,0.8202470000924222,1.9440079890964765,5.717432850971818,-5.182946789078414,10.938402948522707,8.445893918336381,1119.0967994197908,0,192.65483481121373,193.08436069523623,1304.1402824393178,1500.0,1.7810054263100028,0.00081593550971093,0.0,0.0,0.0,0.0,0.0,0,0,0,0.0,0,0,True,0,0,,,,0.16323149998243025,0.43864210016408767,0.8202470000924222,,,,,,,,,,,,
Mar2015,400.0,False,0.0,swmpc,0,96.33333333333333,1.3954869922687971,5.496765381656587,-5.307989650405943,40.47290426450576,5.108842503760288,1117.5971698908495,0,714.6723943874448,714.4264918899325,1350.0,1500.0,-3.947429190389812,0.2178390607249996,34.62165381976174,0.0,1.1736997568507456e-14,34.62165381976174,0.0,0,0,0,0.0,0,0,True,1008,0,1.7164578146549465e-11,2.508919980109106e-13,2.584695340542878e-10,0.7119089999605421,1.2376864199404736,2.3088519999419077,1.3340838902397105,5.496765381656587,-3.7202554792165756,26.05356147435958,5.586401236455162,1117.5971698908495,0,459.98236930237033,459.8966855385515,1233.4325167466711,1300.7318006368696,1.04082418885082,0.281647128920003,34.62165381976174,0.0,1.1736997568507456e-14,34.62165381976174,0.0,0,0,0,0.0,0,0,True,1008,0,1.7164578146549465e-11,2.508919980109106e-13,2.584695340542878e-10,0.7394259999955466,1.2447443200062478,2.3088519999419077,1.3151753673271946,5.496765381656587,-3.7202554792165756,29.409838629466233,5.108842503760288,1117.5971698908495,0,519.0807622684398,519.1415891921794,1350.0,1300.7318006368696,1.04082418885082,0.28080498884075844,34.62165381976174,0.0,1.1736997568507456e-14,34.62165381976174,0.0,0,0,0,0.0,0,0,True,1008,0,1.7164578146549465e-11,2.508919980109106e-13,2.584695340542878e-10,0.7394259999955466,1.2447443200062478,2.3088519999419077,1.6428293673954053,5.307989650405943,-5.307989650405943,11.063065635039525,8.960239186100724,1119.476348362819,0,195.591632119005,195.28490269775318,1300.7318006368696,1500.0,-3.947429190389812,0.00047722668155825154,0.0,0.0,0.0,0.0,0.0,0,0,0,0.0,0,0,True,1008,0,1.7164578146549465e-11,2.508919980109106e-13,2.584695340542878e-10,0.7119089999605421,1.2376864199404736,2.3088519999419077,0.2720500000350512,0.5225993499084324,1.5722620000815368,0.2720500000350512,0.5225993499084324,1.5722620000815368,0.2720500000350512,0.5225993499084324,1.5722620000815368,0.2720500000350512,0.5225993499084324,1.5722620000815368
Mar2015,400.0,False,0.0,swmpc,1,96.33333333333333,1.3669479054127875,5.482795438729227,-4.473237914964557,40.472645835563114,4.956276942593465,1118.370682681025,0,714.747305943721,714.4219301099831,1350.0,1500.0,-3.1141254287213087,0.2175462270721289,34.6504994255121,0.0,1.2193138319140785e-14,34.6504994255121,0.0,0,0,0,0.0,0,0,True,1008,0,1.666625276704912e-11,2.17398663418151e-13,1.922267713983975e-10,0.6996949998665514,1.1403743199093697,1.4818150000337482,1.2982866745013044,4.731371201574802,-3.750710300169885,26.056001756824077,5.61536203509872,1118.370682681025,0,459.96083103409364,459.9397613314027,1234.3592804515329,1300.21201438205,0.9712864942848682,0.28139361549515884,34.59612662029449,0.0,1.2193138319140785e-14,34.59612662029449,0.0,0,0,0,0.0,0,0,True,1008,0,1.666625276704912e-11,2.17398663418151e-13,1.922267713983975e-10,0.7253744998934053,1.1501050599326845,1.4818150000337482,1.241737414986153,4.731371201574802,-3.750710300169885,29.417301694132814,4.956276942593465,1118.370682681025,0,519.1552593896095,519.2733269857785,1350.0,1300.21201438205,0.9712864942848682,0.280428406813249,34.6504994255121,0.0,1.2193138319140785e-14,34.6504994255121,0.0,0,0,0,0.0,0,0,True,1008,0,1.666625276704912e-11,2.17398663418151e-13,1.922267713983975e-10,0.7253744998934053,1.1501050599326845,1.4818150000337482,1.7309268309791452,5.482795438729227,-4.473237914964557,11.0553441414303,8.968048272697981,1119.7707744616148,0,195.59204655411156,195.14860312420467,1300.21201438205,1500.0,-3.1141254287213087,0.000473497006892476,0.0,0.0,0.0,0.0,0.0,0,0,0,0.0,0,0,True,1008,0,1.666625276704912e-11,2.17398663418151e-13,1.922267713983975e-10,0.6996949998665514,1.1403743199093697,1.4818150000337482,0.26713800002653443,0.49420793994613604,0.6414069998754712,0.26713800002653443,0.49420793994613604,0.6414069998754712,0.26713800002653443,0.49420793994613604,0.6414069998754712,0.26713800002653443,0.49420793994613604,0.6414069998754712
Mar2015,400.0,False,0.0,swmpc,2,96.33333333333333,1.433316995124693,4.7338547660037875,-4.141074018552899,40.49753898827131,5.135837707260327,1116.7416814081382,0,714.7966778372721,714.861343294785,1350.0,1500.0,-1.7929069558158517,0.21747895482548985,34.61038640085189,0.0,1.4128740909413275e-14,34.61038640085189,0.0,0,0,0,0.0,0,0,True,1008,0,1.7273169163134208e-11,2.241140791838984e-13,2.427664321023315e-10,0.7105920000185506,1.1839399699283604,1.5682060000017373,1.3933953304730082,4.7338547660037875,-3.8000976722687483,26.035676139594628,5.135837707260327,1117.7092951472314,0,459.97509280969246,459.58097414583455,1233.4992513839068,1302.402431592868,-0.43763553630560637,0.2813818599347486,34.61038640085189,0.0,1.4128740909413275e-14,34.61038640085189,0.0,0,0,0,0.0,0,0,True,1008,0,1.7273169163134208e-11,2.241140791838984e-13,2.427664321023315e-10,0.7391950000510406,1.2218307099033139,1.5682060000017373,1.3505952045828282,4.7338547660037875,-3.8000976722687483,29.400933210874122,5.135837707260327,1117.7092951472314,0,519.1758296201892,518.9843910103481,1350.0,1302.402431592868,-0.43763553630560637,0.2804016638410004,34.61038640085189,0.0,1.4128740909413275e-14,34.61038640085189,0.0,0,0,0,0.0,0,0,True,1008,0,1.7273169163134208e-11,2.241140791838984e-13,2.427664321023315e-10,0.7391950000510406,1.2218307099033139,1.5682060000017373,1.6880082950073667,4.366247129626572,-4.141074018552899,11.096605777397187,9.406096342546236,1116.7416814081382,0,195.62084821708288,195.87695228443692,1302.402431592868,1500.0,-1.7929069558158517,0.00026631548427513696,0.0,0.0,0.0,0.0,0.0,0,0,0,0.0,0,0,True,1008,0,1.7273169163134208e-11,2.241140791838984e-13,2.427664321023315e-10,0.7105920000185506,1.1839399699283604,1.5682060000017373,0.27158000000326865,0.49862868990885534,0.5948579998857895,0.27158000000326865,0.49862868990885534,0.5948579998857895,0.27158000000326865,0.49862868990885534,0.5948579998857895,0.27158000000326865,0.49862868990885534,0.5948579998857895
Mar2015,400.0,False,0.0,swmpc,3,96.33333333333333,1.418893353786872,4.737562700174749,-4.381995955482125,40.49945434685324,4.706779644400891,1118.9515700541929,0,714.5315304016095,714.895153147019,1350.0,1500.0,1.5167571874335408,0.21812927395573856,34.7197187384593,0.0,1.227669252238176e-14,34.7197187384593,0.0,0,0,0,0.0,0,0,True,1008,0,1.6681354597324194e-11,2.528382212531917e-13,2.6904175547446247e-10,0.7384789998923225,1.7636476302072877,3.452859000162789,1.3626158282791596,4.586130264215171,-3.6329465340822935,26.058918669204132,5.150719739411752,1119.6453215720676,0,459.85100254294207,459.99125058123036,1235.356187680834,1302.006919590087,0.9271089909598231,0.2817909792158204,34.59749506705661,0.0,1.2011253940269953e-14,34.59749506705661,0.0,0,0,0,0.0,0,0,True,1008,0,1.6681354597324194e-11,2.528382212531917e-13,2.6904175547446247e-10,0.7647939999060327,1.8304960899968112,3.452859000162789,1.3580114526751843,4.737562700174749,-3.6329465340822935,29.398104405343002,4.706779644400891,1119.6453215720676,0,518.9122906363428,518.9344570199817,1350.0,1302.006919590087,0.9271089909598231,0.28123426765326565,34.7197187384593,0.0,1.227669252238176e-14,34.7197187384593,0.0,0,0,0,0.0,0,0,True,1008,0,1.6681354597324194e-11,2.528382212531917e-13,2.6904175547446247e-10,0.7647939999060327,1.8304960899968112,3.452859000162789,1.6114819052161238,4.381995955482125,-4.381995955482125,11.10134994151024,9.361085083459598,1118.9515700541929,0,195.61923976526668,195.9606961270373,1302.006919590087,1500.0,1.5167571874335408,0.0002873779040017954,0.0,0.0,0.0,0.0,0.0,0,0,0,0.0,0,0,True,1008,0,1.6681354597324194e-11,2.528382212531917e-13,2.6904175547446247e-10,0.7384789998923225,1.7636476302072877,3.452859000162789,0.2845640000259664,0.5365598899174976,1.6720019998501812,0.2845640000259664,0.5365598899174976,1.6720019998501812,0.2845640000259664,0.5365598899174976,1.6720019998501812,0.2845640000259664,0.5365598899174976,1.6720019998501812
Mar2015,400.0,False,0.0,swmpc,4,96.33333333333333,1.4966158998780636,5.717432763427496,-5.182944750413299,40.49869485565844,4.673532190076528,1119.0968353786382,0,714.637560299177,714.8817466312378,1350.0,1500.0,0.7040957333520055,0.2178933352925848,34.68020741199091,0.0,1.1904164449904204e-14,34.68020741199091,0.0,0,0,0,0.0,0,0,True,1008,0,1.7028507544215097e-11,2.225513147556556e-13,2.2495965259314464e-10,0.7020340000281067,1.2395589299308085,2.7099169999473816,1.3760090103235378,4.054759906604886,-3.487642769701779,26.061830893690612,5.3542316386469935,1119.2387094696733,0,459.9936741298341,460.0426570805031,1234.3213648017065,1302.181192601829,1.5366498101502657,0.28140929216182353,34.60795686739762,0.0,1.1904164449904204e-14,34.60795686739762,0.0,0,0,0,0.0,0,0,True,1008,0,1.7028507544215097e-11,2.225513147556556e-13,2.2495965259314464e-10,0.7320189998836213,1.2540088800460578,2.7099169999473816,1.3429014077762713,4.054759906604886,-3.487642769701779,29.40435088303355,4.673532190076528,1119.2387094696733,0,519.015577106269,519.0447196567849,1350.0,1302.181192601829,1.5366498101502657,0.2809360830941984,34.68020741199091,0.0,1.1904164449904204e-14,34.68020741199091,0.0,0,0,0,0.0,0,0,True,1008,0,1.7028507544215097e-11,2.225513147556556e-13,2.2495965259314464e-10,0.7320189998836213,1.2540088800460578,2.7099169999473816,1.9356122113555465,5.717432763427496,-5.182944750413299,11.094343972624891,9.40609634254624,1119.0968353786382,0,195.62198319290803,195.8370269744529,1302.181192601829,1500.0,0.7040957333520055,0.0002663154842749149,0.0,0.0,0.0,0.0,0.0,0,0,0,0.0,0,0,True,1008,0,1.7028507544215097e-11,2.225513147556556e-13,2.2495965259314464e-10,0.7020340000281067,1.2395589299308085,2.7099169999473816,0.2724764999584295,0.5159766501355981,0.8834850000312144,0.2724764999584295,0.5159766501355981,0.8834850000312144,0.2724764999584295,0.5159766501355981,0.8834850000312144,0.2724764999584295,0.5159766501355981,0.8834850000312144
Mar2015,400.0,False,0.0,swmpc_nosw,0,96.33333333333333,1.354021110773028,5.1668602749705315,-5.1668602749705315,40.592746723088794,5.108842503760288,1117.3818059431203,0,716.7668449983533,716.5419473735581,1350.0,1500.0,-3.805497986264527,0.21454613971719827,34.61991778785532,0.0,1.1639543283351715e-14,34.61991778785532,0.0,0,0,0,0.0,0,0,True,1008,0,1.706424128033973e-11,4.035525490632828e-13,1.7191817415860013e-10,0.7038379998220989,1.2113362198510913,3.553181999905064,1.2915550066823787,4.644844712689519,-3.826888064853847,26.172438132335387,6.156315484718129,1117.3818059431203,0,462.07959863135477,461.99509273884036,1233.3572121145462,1300.6958028704291,1.003904551267624,0.27664973147324734,34.546655115893266,0.0,1.1639543283351715e-14,34.546655115893266,0.0,0,0,0,0.0,0,0,True,1008,0,1.706424128033973e-11,4.035525490632828e-13,1.7191817415860013e-10,0.737101999902734,1.2413516900141985,3.553181999905064,1.2829727049327933,4.644844712689519,-3.826888064853847,29.52758794428329,5.108842503760288,1117.3818059431203,0,521.1627247209196,521.2200965648505,1350.0,1300.6958028704291,1.003904551267624,0.2765834556450981,34.61991778785532,0.0,1.1639543283351715e-14,34.61991778785532,0.0,0,0,0,0.0,0,0,True,1008,0,1.706424128033973e-11,4.035525490632828e-13,1.7191817415860013e-10,0.737101999902734,1.2413516900141985,3.553181999905064,1.574842898937341,5.1668602749705315,-5.1668602749705315,11.065158778805504,9.14363964543234,1119.56408283826,0,195.6041202774337,195.3218508087076,1300.6958028704291,1500.0,-3.805497986264527,0.0003899258291056862,0.0,0.0,0.0,0.0,0.0,0,0,0,0.0,0,0,True,1008,0,1.706424128033973e-11,4.035525490632828e-13,1.7191817415860013e-10,0.7038379998220989,1.2113362198510913,3.553181999905064,0.2643134999971153,0.5152013499196072,0.6645530002060696,0.2643134999971153,0.5152013499196072,0.6645530002060696,0.2643134999971153,0.5152013499196072,0.6645530002060696,0.2643134999971153,0.5152013499196072,0.6645530002060696
Mar2015,400.0,False,0.0,swmpc_nosw,1,96.33333333333333,1.326522340211335,4.9910574201494455,-4.253277228213847,40.59939986920659,4.956276942593465,1118.4578092697543,0,716.9634522596431,716.6593885092349,1350.0,1500.0,-2.946381466463208,0.21416924842692153,34.6504994255121,0.0,1.1758061548276614e-14,34.6504994255121,0.0,0,0,0,0.0,0,0,True,1008,0,1.7006489298413274e-11,1.8811231055544178e-13,2.8402675598596426e-10,0.7081344999733119,1.181051719881907,1.3320190000740695,1.256646519197404,4.212425666861236,-3.9298747004941106,26.18081469400488,6.1867231500419955,1118.4578092697543,0,462.16151808406914,462.14295555413065,1234.3093112408892,1300.1832102776732,0.9596493169665337,0.2762868814628674,34.5334366730235,0.0,1.1758061548276614e-14,34.5334366730235,0.0,0,0,0,0.0,0,0,True,1008,0,1.7006489298413274e-11,1.8811231055544178e-13,2.8402675598596426e-10,0.7381990000112637,1.1968117298897596,1.3320190000740695,1.207452997118739,4.212425666861236,-3.9298747004941106,29.541108880259358,4.956276942593465,1118.4578092697543,0,521.3453850602202,521.4587677210691,1350.0,1300.1832102776732,0.9596493169665337,0.2761257658078682,34.6504994255121,0.0,1.1758061548276614e-14,34.6504994255121,0.0,0,0,0,0.0,0,0,True,1008,0,1.7006489298413274e-11,1.8811231055544178e-13,2.8402675598596426e-10,0.7381990000112637,1.1968117298897596,1.3320190000740695,1.6736819519049504,4.9910574201494455,-4.253277228213847,11.058290988947235,9.351320528155162,1119.8277975925369,0,195.61806719942285,195.2006207881658,1300.1832102776732,1500.0,-2.946381466463208,0.00029195555022865083,0.0,0.0,0.0,0.0,0.0,0,0,0,0.0,0,0,True,1008,0,1.7006489298413274e-11,1.8811231055544178e-13,2.8402675598596426e-10,0.7081344999733119,1.181051719881907,1.3320190000740695,0.2651949999972203,0.5216404601151226,0.5965289999494416,0.2651949999972203,0.5216404601151226,0.5965289999494416,0.2651949999972203,0.5216404601151226,0.5965289999494416,0.2651949999972203,0.5216404601151226,0.5965289999494416
Mar2015,400.0,False,0.0,swmpc_nosw,2,96.33333333333333,1.3915850860663175,4.228209085762501,-3.768918953835964,40.62755884608958,5.249347904301262,1116.86242800659,0,717.0678499145614,717.1564499244012,1350.0,1500.0,-1.6349622216075659,0.21412815470731228,34.608591684878206,0.0,1.2010814434540896e-14,34.608591684878206,0.0,0,0,0,0.0,0,0,True,1008,0,1.9370039357689734e-11,2.723938410580871e-13,2.580680307089353e-10,0.7265510000706854,1.460703270124668,5.504814000005354,1.3518012292615094,3.8864920185878873,-3.47472173999995,26.166598517261363,6.121359663877495,1117.5967678781424,0,462.26913728200395,461.8920120287372,1233.3785967547722,1302.3880193121192,-0.27911738492548466,0.2762276438117287,34.536705234544215,0.0,1.2010814434540896e-14,34.536705234544215,0.0,0,0,0,0.0,0,0,True,1008,0,1.9370039357689734e-11,2.723938410580871e-13,2.580680307089353e-10,0.759212999923875,1.8344602800652665,5.504814000005354,1.3146303175100251,3.8864920185878873,-3.47472173999995,29.530820223608778,5.249347904301262,1117.5967678781424,0,521.4470821672222,521.2771526625307,1350.0,1302.3880193121192,-0.27911738492548466,0.2760801954346207,34.608591684878206,0.0,1.2010814434540896e-14,34.608591684878206,0.0,0,0,0,0.0,0,0,True,1008,0,1.9370039357689734e-11,2.723938410580871e-13,2.580680307089353e-10,0.759212999923875,1.8344602800652665,5.504814000005354,1.629546193446955,4.228209085762501,-3.768918953835964,11.0967386224808,9.406096342546236,1116.86242800659,0,195.6207677473392,195.87929726187042,1302.3880193121192,1500.0,-1.6349622216075659,0.00026631548427513696,0.0,0.0,0.0,0.0,0.0,0,0,0,0.0,0,0,True,1008,0,1.9370039357689734e-11,2.723938410580871e-13,2.580680307089353e-10,0.7265510000706854,1.460703270124668,5.504814000005354,0.2699819999634201,0.647089560020503,4.864757999939684,0.2699819999634201,0.647089560020503,4.864757999939684,0.2699819999634201,0.647089560020503,4.864757999939684,0.2699819999634201,0.647089560020503,4.864757999939684
Mar2015,400.0,False,0.0,swmpc_nosw,3,96.33333333333333,1.3646922054990192,4.737562700174749,-4.077885257080197,40.626645332846564,4.706779644400891,1117.9690929984877,0,716.7508562967404,717.1403246160575,1350.0,1500.0,1.7188191572204232,0.21475711302356681,34.7197187384593,0.0,1.1449867326065083e-14,34.7197187384593,0.0,0,0,0,0.0,0,0,True,1008,0,1.3583881743511834e-11,2.63404581685568e-13,1.8513363294464774e-10,0.7201384999007132,1.2870405498892978,2.3853769998822827,1.3102321105184143,3.8581555420532823,-3.4699690099805593,26.185604512287977,6.107049747014411,1117.9690929984877,0,462.0499074230831,462.2275052827761,1235.3402422053418,1301.8823962745755,1.110181637108326,0.2766581546942638,34.523747932852565,0.0,1.1449867326065083e-14,34.523747932852565,0.0,0,0,0,0.0,0,0,True,1008,0,1.3583881743511834e-11,2.63404581685568e-13,1.8513363294464774e-10,0.755762500034507,1.297199769931012,2.3853769998822827,1.3143635496825703,4.737562700174749,-3.4699690099805593,29.525427153713686,4.706779644400891,1117.9690929984877,0,521.1286801019711,521.1819543545434,1350.0,1301.8823962745755,1.110181637108326,0.2768913519932824,34.7197187384593,0.0,1.1449867326065083e-14,34.7197187384593,0.0,0,0,0,0.0,0,0,True,1008,0,1.3583881743511834e-11,2.63404581685568e-13,1.8513363294464774e-10,0.755762500034507,1.297199769931012,2.3853769998822827,1.5257249651324203,4.077885257080197,-4.077885257080197,11.101218179132879,9.406096342546236,1119.0968887705742,0,195.62217619476928,195.958370261514,1301.8823962745755,1500.0,1.7188191572204232,0.00026631548427513696,0.0,0.0,0.0,0.0,0.0,0,0,0,0.0,0,0,True,1008,0,1.3583881743511834e-11,2.63404581685568e-13,1.8513363294464774e-10,0.7201384999007132,1.2870405498892978,2.3853769998822827,0.2855564999890703,0.5632079099882501,1.6671399998813285,0.2855564999890703,0.5632079099882501,1.6671399998813285,0.2855564999890703,0.5632079099882501,1.6671399998813285,0.2855564999890703,0.5632079099882501,1.6671399998813285
Mar2015,400.0,False,0.0,swmpc_nosw,4,96.33333333333333,1.470455830684715,5.626949239522219,-4.939326384104788,40.619140826278226,4.673532190076528,1118.7729754607021,0,716.7401748312337,717.007855291237,1350.0,1500.0,0.8846317678689957,0.2145490574529596,34.68020741199091,0.0,1.1297030662146514e-14,34.68020741199091,0.0,0,0,0,0.0,0,0,True,1008,0,3.323388232853756e-11,2.1082837794540837e-13,2.1654667568516085e-10,0.6917209998391627,1.103849879868902,5.879399000150443,1.3644584543416445,4.075437458232045,-3.7446176931262016,26.18299638589285,5.8434030942700925,1118.7729754607021,0,462.09548472664693,462.18146671388604,1234.3335406717058,1301.9969530420815,1.6141323987394571,0.2762952793144171,34.53449093746118,0.0,1.1297030662146514e-14,34.53449093746118,0.0,0,0,0,0.0,0,0,True,1008,0,3.323388232853756e-11,2.1082837794540837e-13,2.1654667568516085e-10,0.7155865000640915,2.950998930164127,5.879399000150443,1.3359899965079507,4.075437458232045,-3.7446176931262016,29.524888477826767,4.673532190076528,1118.7729754607021,0,521.1182682432717,521.1724456639408,1350.0,1301.9969530420815,1.6141323987394571,0.27662302635658653,34.68020741199091,0.0,1.1297030662146514e-14,34.68020741199091,0.0,0,0,0,0.0,0,0,True,1008,0,3.323388232853756e-11,2.1082837794540837e-13,2.1654667568516085e-10,0.7155865000640915,2.950998930164127,5.879399000150443,1.8614365402419644,5.626949239522219,-4.939326384104788,11.094252348451459,9.406096342546238,1119.1597491414032,0,195.62190658796203,195.83540962729614,1301.9969530420815,1500.0,0.8846317678689957,0.00026631548427513696,0.0,0.0,0.0,0.0,0.0,0,0,0,0.0,0,0,True,1008,0,3.323388232853756e-11,2.1082837794540837e-13,2.1654667568516085e-10,0.6917209998391627,1.103849879868902,5.879399000150443,0.2532884999482121,0.44313973017551656,3.7992540001141606,0.2532884999482121,0.44313973017551656,3.7992540001141606,0.2532884999482121,0.44313973017551656,3.7992540001141606,0.2532884999482121,0.44313973017551656,3.7992540001141606
Mar2015,400.0,False,180.0,pid_lowdrag_preview,0,97.08333333333333,1.5493243797215395,5.765242665074766,-5.765242665074766,41.02022632707396,6.963062393864538,1119.035385960124,0,724.4556844074666,724.0878045187185,1350.0,1500.0,-3.8673765901476145,0.23011232606417675,0.0,0.0,0.0,0.0,0.0,0,0,0,0.0,0,0,True,0,0,,,,0.18581100016490382,0.38555347988221933,3.17373799998677,1.5081414217156843,5.765242665074766,-5.765242665074766,26.242408185510413,6.985528636573928,1119.035385960124,0,463.06625247071975,463.23020201838636,1500.0,1357.8759027734473,1.8733930755406618,0.29749275215849535,0.0,0.0,0.0,0.0,0.0,0,0,0,0.0,0,0,True,0,0,,,,0.2249650000294423,0.4046323900433889,3.17373799998677,1.513945225741878,5.765242665074766,-5.765242665074766,29.621302999325646,6.963062393864538,1119.035385960124,0,522.8203208408319,522.8743519050084,1350.0,1357.8759027734473,1.8733930755406618,0.29868581576997744,0.0,0.0,0.0,0.0,0.0,0,0,0,0.0,0,0,True,0,0,,,,0.2249650000294423,0.4046323900433889,3.17373799998677,1.6623294609533505,4.59508840739727,-4.59508840739727,11.398923327748317,8.943164221045754,1129.50473671209,0,201.63536356663474,201.21345261371005,1357.8759027734473,1500.0,-3.8673765901476145,0.00047087216568175716,0.0,0.0,0.0,0.0,0.0,0,0,0,0.0,0,0,True,0,0,,,,0.18581100016490382,0.38555347988221933,3.17373799998677,,,,,,,,,,,,
Mar2015,400.0,False,180.0,pid_lowdrag_preview,1,97.08333333333333,1.5624643640049507,5.798555923625827,-5.798555923625827,41.05717297319145,6.9849434658996685,1117.3143976769882,0,724.6073401798956,724.7399856075803,1350.0,1500.0,0.06414901278913021,0.22988627258892158,0.0,0.0,0.0,0.0,0.0,0,0,0,0.0,0,0,True,0,0,,,,0.17023800000970368,0.47588372002792384,3.2479310000326223,1.543186983669379,5.798555923625827,-5.798555923625827,26.254253357603897,6.994258305357728,1117.3143976769882,0,463.2541980065288,463.4392926408216,1500.0,1360.252759758262,-1.056982632726431,0.29717056701890343,0.0,0.0,0.0,0.0,0.0,0,0,0,0.0,0,0,True,0,0,,,,0.1738329999625421,0.4856545600364369,3.2479310000326223,1.4976411368149332,5.798555923625827,-5.798555923625827,29.633189883645453,6.9849434658996685,1117.3143976769882,0,522.9536753500324,523.0841788304114,1350.0,1360.252759758262,-1.056982632726431,0.2984132981041623,0.0,0.0,0.0,0.0,0.0,0,0,0,0.0,0,0,True,0,0,,,,0.1738329999625421,0.4856545600364369,3.2479310000326223,1.7622684367024568,5.3286818554624915,-5.3286818554624915,11.423983089545995,9.095535737574313,1130.4514552744467,0,201.65366482986315,201.6558067771689,1360.252759758262,1500.0,0.06414901278913021,0.00040041970067361543,0.0,0.0,0.0,0.0,0.0,0,0,0,0.0,0,0,True,0,0,,,,0.17023800000970368,0.47588372002792384,3.2479310000326223,,,,,,,,,,,,
Mar2015,400.0,False,180.0,pid_lowdrag_preview,2,97.08333333333333,1.6098290331283134,5.826116352342069,-5.590782671235502,41.05843290902875,6.973152203230337,1116.6135096107905,0,724.6483537641535,724.7622259571812,1350.0,1500.0,0.8966660965234041,0.22980330433618779,0.0,0.0,0.0,0.0,0.0,0,0,0,0.0,0,0,True,0,0,,,,0.15782899981786613,0.2904891999787656,1.0721609999109205,1.6025273233373964,5.590782671235502,-5.590782671235502,26.230635522521673,6.977079569977082,1116.6135096107905,0,463.2652804853537,463.0223913244859,1500.0,1353.677741430337,-1.237638252787292,0.2970663154073352,0.0,0.0,0.0,0.0,0.0,0,0,0,0.0,0,0,True,0,0,,,,0.15890999998191546,0.290556799977821,1.0721609999109205,1.580275276421972,5.590782671235502,-5.590782671235502,29.615019107304583,6.973152203230337,1116.6135096107905,0,523.0169000922264,522.7634288315663,1350.0,1353.677741430337,-1.237638252787292,0.298281254046307,0.0,0.0,0.0,0.0,0.0,0,0,0,0.0,0,0,True,0,0,,,,0.15890999998191546,0.290556799977821,1.0721609999109205,1.7050737335135937,5.826116352342069,-4.503831317648292,11.44341380172417,8.919608854181178,1128.39290573958,0,201.63145367192715,201.99879712561483,1353.677741430337,1500.0,0.8966660965234041,0.0004817983302067841,0.0,0.0,0.0,0.0,0.0,0,0,0,0.0,0,0,True,0,0,,,,0.15782899981786613,0.2904891999787656,1.0721609999109205,,,,,,,,,,,,
Mar2015,400.0,False,180.0,pid_lowdrag_preview,3,97.08333333333333,1.5685970854395712,8.136481842026114,-4.906494724564254,41.06155451234544,6.979742889684172,1116.4772656092973,0,724.6227379698829,724.8173284052809,1350.0,1500.0,-0.8641037307679653,0.22985318871951432,0.0,0.0,0.0,0.0,0.0,0,0,0,0.0,0,0,True,0,0,,,,0.16448900009891076,0.42896880006082944,1.3408969998636167,1.5411438710581429,8.136481842026114,-4.906494724564254,26.250690535928538,6.9922783163514834,1116.4772656092973,0,463.2195602092,463.37640181949166,1500.0,1358.2936467479478,-1.6015612166374922,0.29722184992005307,0.0,0.0,0.0,0.0,0.0,0,0,0,0.0,0,0,True,0,0,,,,0.16576099994836113,0.44321281999600537,1.3408969998636167,1.535518125447604,8.136481842026114,-4.906494724564254,29.6273276341606,6.979742889684172,1116.4772656092973,0,522.9706185678422,522.9806985783712,1350.0,1358.2936467479478,-1.6015612166374922,0.2983681505214506,0.0,0.0,0.0,0.0,0.0,0,0,0,0.0,0,0,True,0,0,,,,0.16576099994836113,0.44321281999600537,1.3408969998636167,1.6746218811033131,4.616277912631631,-4.047536803409457,11.434226878184838,9.079671944271652,1130.7650938412303,0,201.65211940204074,201.83662982690976,1358.2936467479478,1500.0,-0.8641037307679653,0.0004077352432626524,0.0,0.0,0.0,0.0,0.0,0,0,0,0.0,0,0,True,0,0,,,,0.16448900009891076,0.42896880006082944,1.3408969998636167,,,,,,,,,,,,
Mar2015,400.0,False,180.0,pid_lowdrag_preview,4,97.08333333333333,1.6605172404649127,6.821921610273421,-6.715786397457123,41.04199134370945,6.970200759815834,1116.7726746347844,0,724.7349761391395,724.4719999394244,1350.0,1500.0,-0.6723951520398259,0.22981075637694326,0.0,0.0,0.0,0.0,0.0,0,0,0,0.0,0,0,True,0,0,,,,0.1581090000399854,0.36330523986180274,4.5899499998540705,1.5698104934767236,6.444177876226604,-5.3151441384106874,26.24001817216811,6.970200759815834,1116.7726746347844,0,463.35733357618204,463.1880135745666,1500.0,1356.9841857852668,-0.95573163125664,0.2970921134355815,0.0,0.0,0.0,0.0,0.0,0,0,0,0.0,0,0,True,0,0,,,,0.15931600000840263,0.390702870022323,4.5899499998540705,1.5658572883892785,6.444177876226604,-5.3151441384106874,29.61660960477819,6.970200759815834,1116.7726746347844,0,523.1026285903516,522.7915042452566,1350.0,1356.9841857852668,-0.95573163125664,0.29829040056778644,0.0,0.0,0.0,0.0,0.0,0,0,0,0.0,0,0,True,0,0,,,,0.15931600000840263,0.390702870022323,4.5899499998540705,1.9442429670704402,6.821921610273421,-6.715786397457123,11.425381738931257,8.915778562132747,1129.244014230295,0,201.63234754878783,201.6804956941678,1356.9841857852668,1500.0,-0.6723951520398259,0.00048357583086378053,0.0,0.0,0.0,0.0,0.0,0,0,0,0.0,0,0,True,0,0,,,,0.1581090000399854,0.36330523986180274,4.5899499998540705,,,,,,,,,,,,
Mar2015,400.0,False,180.0,swmpc,0,97.08333333333333,1.4035005077826326,4.595086122862995,-4.595086122862995,40.865310898653775,5.332352738302429,1115.9705013913253,0,721.7211265754725,721.3532420237149,1350.0,1500.0,-3.867375073954463,0.2130360651166563,34.73755767340586,0.0,1.2680759860985984e-14,34.73755767340586,0.0,0,0,0,0.0,0,0,True,1008,0,3.3286141825860036e-11,3.2033248137198817e-13,3.179467728048416e-10,0.71135600001071,1.4609876398481005,2.4863490000370803,1.3352827687103046,4.297698795795441,-4.297698795795441,26.102295604877312,5.332352738302429,1115.9705013913253,0,460.41892694860593,460.756938948428,1499.9999999999998,1369.1234172147774,2.3926022965461016,0.27652740692521494,34.63383367927694,0.0,1.2680759860985984e-14,34.63383367927694,0.0,0,0,0,0.0,0,0,True,1008,0,3.3286141825860036e-11,3.2033248137198817e-13,3.179467728048416e-10,0.7408749999058273,1.505425950040262,2.4863490000370803,1.315565451368534,4.297698795795441,-4.297698795795441,29.479847073890493,5.332352738302429,1115.9705013913253,0,520.1520491170774,520.3773761529046,1350.0,1369.1234172147774,2.3926022965461016,0.2764335539709938,34.73755767340586,0.0,1.2680759860985984e-14,34.73755767340586,0.0,0,0,0,0.0,0,0,True,1008,0,3.3286141825860036e-11,3.2033248137198817e-13,3.179467728048416e-10,0.7408749999058273,1.505425950040262,2.4863490000370803,1.6644893309022217,4.595086122862995,-4.595086122862995,11.385463824763281,8.5074613117803,1129.5114438272844,0,201.5690774583951,200.97586587081025,1369.1234172147774,1500.0,-3.867375073954463,0.0007281954649214217,0.0,0.0,0.0,0.0,0.0,0,0,0,0.0,0,0,True,1008,0,3.3286141825860036e-11,3.2033248137198817e-13,3.179467728048416e-10,0.71135600001071,1.4609876398481005,2.4863490000370803,0.26943249997657404,0.5434159599712974,1.1019060000307945,0.26943249997657404,0.5434159599712974,1.1019060000307945,0.26943249997657404,0.5434159599712974,1.1019060000307945,0.26943249997657404,0.5434159599712974,1.1019060000307945
Mar2015,400.0,False,180.0,swmpc,1,97.08333333333333,1.4040880067229797,5.328674812801182,-5.328674812801182,40.86806137072625,5.519814085990042,1115.985011033048,0,721.2691528797558,721.4017932742188,1350.0,1500.0,0.06414713338017464,0.21397130031446043,34.737548415089016,0.0,1.1888798498681495e-14,34.737548415089016,0.0,0,0,0,0.0,0,0,True,1008,0,1.869559361790039e-11,2.8752827676598315e-13,2.714972773066715e-10,0.7178250000379194,1.3993676401241837,2.899122999906467,1.3163451563054618,4.049731716513634,-3.564478131942451,26.08371391423304,5.519814085990042,1115.985011033048,0,460.0785935281491,460.4289355026262,1499.9999999999998,1367.316297606098,1.7977690128609538,0.2775916663616561,34.60817767650191,0.0,1.1888798498681495e-14,34.60817767650191,0.0,0,0,0,0.0,0,0,True,1008,0,1.869559361790039e-11,2.8752827676598315e-13,2.714972773066715e-10,0.7508404999043705,1.445600910144548,2.899122999906467,1.2766704396318451,4.049731716513634,-3.564478131942451,29.456486090690362,5.519814085990042,1115.985011033048,0,519.7074825814905,519.9650087782856,1350.0,1367.316297606098,1.7977690128609538,0.27763938560634516,34.737548415089016,0.0,1.1888798498681495e-14,34.737548415089016,0.0,0,0,0,0.0,0,0,True,1008,0,1.869559361790039e-11,2.8752827676598315e-13,2.714972773066715e-10,0.7508404999043705,1.445600910144548,2.899122999906467,1.7650338832024854,5.328674812801182,-5.328674812801182,11.41157528003589,8.473368067737232,1130.450550435745,0,201.5616702982653,201.43678449593324,1367.316297606098,1500.0,0.06414713338017464,0.0007572472439620892,0.0,0.0,0.0,0.0,0.0,0,0,0,0.0,0,0,True,1008,0,1.869559361790039e-11,2.8752827676598315e-13,2.714972773066715e-10,0.7178250000379194,1.3993676401241837,2.899122999906467,0.27309799997965456,0.6132901499563553,2.406499000016993,0.27309799997965456,0.6132901499563553,2.406499000016993,0.27309799997965456,0.6132901499563553,2.406499000016993,0.27309799997965456,0.6132901499563553,2.406499000016993
Mar2015,400.0,False,180.0,swmpc,2,97.08333333333333,1.4669798204478992,5.833288985304534,-4.5038270046934485,40.85784778502854,5.479062084616617,1115.7725203280957,0,721.1076362856995,721.2215033658857,1350.0,1500.0,0.8966653561219573,0.21411431239009915,34.737555006790885,0.0,1.2469203345426626e-14,34.737555006790885,0.0,0,0,0,0.0,0,0,True,1008,0,1.7204912404462428e-11,2.7852056359376615e-13,3.21579757753725e-10,0.702090999993743,1.408190120037034,1.7710679999254353,1.4285494774485767,4.61236793268472,-3.694660423323512,26.044234751192658,5.479062084616617,1115.7725203280957,0,459.83042409964276,459.73205050100717,1500.0,1361.3590808654117,0.3407653421163559,0.2781367447620008,34.60799818487385,0.0,1.2469203345426626e-14,34.60799818487385,0.0,0,0,0,0.0,0,0,True,1008,0,1.7204912404462428e-11,2.7852056359376615e-13,3.21579757753725e-10,0.7307700000183104,1.441531950149509,1.7710679999254353,1.387108597171585,4.61236793268472,-3.694660423323512,29.427386831761343,5.479062084616617,1115.7725203280957,0,519.5391713503925,519.4513495326431,1350.0,1361.3590808654117,0.3407653421163559,0.2778343265641723,34.737555006790885,0.0,1.2469203345426626e-14,34.737555006790885,0.0,0,0,0,0.0,0,0,True,1008,0,1.7204912404462428e-11,2.7852056359376615e-13,3.21579757753725e-10,0.7307700000183104,1.441531950149509,1.7710679999254353,1.7074627845952104,5.833288985304534,-4.5038270046934485,11.430460953267197,8.50961974789205,1128.4022923153225,0,201.56846493530702,201.7701538332426,1361.3590808654117,1500.0,0.8966653561219573,0.0007263579466918468,0.0,0.0,0.0,0.0,0.0,0,0,0,0.0,0,0,True,1008,0,1.7204912404462428e-11,2.7852056359376615e-13,3.21579757753725e-10,0.702090999993743,1.408190120037034,1.7710679999254353,0.2684605000240481,0.6276278500172326,0.7962140000472573,0.2684605000240481,0.6276278500172326,0.7962140000472573,0.2684605000240481,0.6276278500172326,0.7962140000472573,0.2684605000240481,0.6276278500172326,0.7962140000472573
Mar2015,400.0,False,180.0,swmpc,3,97.08333333333333,1.421477470988439,5.390917770564556,-4.240459986962378,40.8507373846205,4.8752545250331805,1116.0864716358049,0,720.901405711178,721.0959907911931,1350.0,1500.0,-0.8641034383326769,0.21444938316640694,34.761753389273814,0.0,1.5238810543554077e-14,34.761753389273814,0.0,0,0,0,0.0,0,0,True,1008,0,1.7420021569993606e-11,1.9382303669377955e-13,3.543355074371924e-10,0.717845999815836,1.2107346400080152,2.5528099999974074,1.3517064485092458,5.390917770564556,-4.240459986962378,26.05849187087066,4.8752545250331805,1116.0864716358049,0,459.53249661020584,459.98371674985395,1499.9999999999998,1363.3119065271242,1.6629290925338864,0.27885144968234554,34.622961917769125,0.0,1.5238810543554077e-14,34.622961917769125,0.0,0,0,0,0.0,0,0,True,1008,0,1.7420021569993606e-11,1.9382303669377955e-13,3.543355074371924e-10,0.7515309999917008,1.2374601900364717,2.5528099999974074,1.336148505139855,5.390917770564556,-4.240459986962378,29.428790183014627,4.8752545250331805,1116.0864716358049,0,519.334723363651,519.4761214468699,1350.0,1363.3119065271242,1.6629290925338864,0.2782656792831488,34.761753389273814,0.0,1.5238810543554077e-14,34.761753389273814,0.0,0,0,0,0.0,0,0,True,1008,0,1.7420021569993606e-11,1.9382303669377955e-13,3.543355074371924e-10,0.7515309999917008,1.2374601900364717,2.5528099999974074,1.6758871048817359,4.628992661833763,-4.047536329366267,11.421947201605875,8.494779298706538,1130.7650967198686,0,201.56668234752692,201.6198693443232,1363.3119065271242,1500.0,-0.8641034383326769,0.0007389961708056392,0.0,0.0,0.0,0.0,0.0,0,0,0,0.0,0,0,True,1008,0,1.7420021569993606e-11,1.9382303669377955e-13,3.543355074371924e-10,0.717845999815836,1.2107346400080152,2.5528099999974074,0.27075900004547293,0.5623644499792133,0.6853060001503763,0.27075900004547293,0.5623644499792133,0.6853060001503763,0.27075900004547293,0.5623644499792133,0.6853060001503763,0.27075900004547293,0.5623644499792133,0.6853060001503763
Mar2015,400.0,False,180.0,swmpc,4,97.08333333333333,1.518690233717882,6.821944288909435,-6.715781693346798,40.847298651855105,5.462583707297152,1115.978290461941,0,721.2982719125847,721.0352903835831,1350.0,1500.0,-0.6723942188546062,0.21372950532810775,34.737590415771976,0.0,1.2231480175876457e-14,34.737590415771976,0.0,0,0,0,0.0,0,0,True,1008,0,1.7092489305342373e-11,2.2501803075393305e-13,2.1699319885862445e-10,0.7083710002007138,1.474352359955449,23.26197700017474,1.3803018900659643,3.6646111151203513,-3.6155972722917795,26.079296601753363,5.462583707297152,1115.978290461941,0,460.00678120603413,460.350961235248,1499.9999999999998,1360.736057976789,2.3294799849390984,0.27757916873299904,34.60959653570437,0.0,1.2231480175876457e-14,34.60959653570437,0.0,0,0,0,0.0,0,0,True,1008,0,1.7092489305342373e-11,2.2501803075393305e-13,2.1699319885862445e-10,0.742485500040857,1.536355080122574,23.26197700017474,1.3642580308801713,3.6646111151203513,-3.6155972722917795,29.448885023531012,5.462583707297152,1115.978290461941,0,519.7162453042758,519.8308349688147,1350.0,1360.736057976789,2.3294799849390984,0.2773488815553017,34.737590415771976,0.0,1.2231480175876457e-14,34.737590415771976,0.0,0,0,0,0.0,0,0,True,1008,0,1.7092489305342373e-11,2.2501803075393305e-13,2.1699319885862445e-10,0.742485500040857,1.536355080122574,23.26197700017474,1.9486891747203858,6.821944288909435,-6.715781693346798,11.398413628324093,8.565842852100259,1129.2443299599597,0,201.58202660830887,201.2044554147684,1360.736057976789,1500.0,-0.6723942188546062,0.0006785709858773137,0.0,0.0,0.0,0.0,0.0,0,0,0,0.0,0,0,True,1008,0,1.7092489305342373e-11,2.2501803075393305e-13,2.1699319885862445e-10,0.7083710002007138,1.474352359955449,23.26197700017474,0.27267649988971243,0.5388631600044383,2.269072999979471,0.27267649988971243,0.5388631600044383,2.269072999979471,0.27267649988971243,0.5388631600044383,2.269072999979471,0.27267649988971243,0.5388631600044383,2.269072999979471
Mar2015,400.0,False,180.0,swmpc_nosw,0,97.08333333333333,1.370705923821879,4.358923161402345,-4.28271263372153,40.966642266295736,5.852208500052749,1115.9742049953772,0,723.5236328104764,723.1419402853921,1350.0,1500.0,-3.808383914642036,0.2103491452640549,34.73755767340586,0.0,1.1873254473096798e-14,34.73755767340586,0.0,0,0,0,0.0,0,0,True,1008,0,1.8654800706289303e-11,2.3832710106635647e-13,2.839431038227761e-10,0.7217689999379218,1.1412339200342105,2.124796000089191,1.2956926569077933,4.245367368683219,-4.245367368683219,26.214161911459037,5.852208500052749,1115.9742049953772,0,462.39483188524804,462.7315996362227,1499.9999999999998,1368.0500262194305,2.316891288384795,0.27179405957680614,34.540843441318486,0.0,1.1873254473096798e-14,34.540843441318486,0.0,0,0,0,0.0,0,0,True,1008,0,1.8654800706289303e-11,2.3832710106635647e-13,2.839431038227761e-10,0.7600764998869636,1.1677286000212914,2.124796000089191,1.2911866184449152,4.28271263372153,-4.28271263372153,29.581931929652754,5.852208500052749,1115.9742049953772,0,521.9583351415662,522.1793749642776,1350.0,1368.0500262194305,2.316891288384795,0.27293996351874017,34.73755767340586,0.0,1.1873254473096798e-14,34.73755767340586,0.0,0,0,0,0.0,0,0,True,1008,0,1.8654800706289303e-11,2.3832710106635647e-13,2.839431038227761e-10,0.7600764998869636,1.1677286000212914,2.124796000089191,1.6086296290559552,4.358923161402345,-4.248519908636808,11.384710336642982,8.49045088520291,1129.5338457607807,0,201.56529766891026,200.96256532111454,1368.0500262194305,1500.0,-3.808383914642036,0.0007426841320853361,0.0,0.0,0.0,0.0,0.0,0,0,0,0.0,0,0,True,1008,0,1.8654800706289303e-11,2.3832710106635647e-13,2.839431038227761e-10,0.7217689999379218,1.1412339200342105,2.124796000089191,0.2707534999899508,0.5035368199810363,0.7628810001278907,0.2707534999899508,0.5035368199810363,0.7628810001278907,0.2707534999899508,0.5035368199810363,0.7628810001278907,0.2707534999899508,0.5035368199810363,0.7628810001278907
Mar2015,400.0,False,180.0,swmpc_nosw,1,97.08333333333333,1.3624206141247268,5.091138910502195,-5.091138910502195,41.00607846892518,5.932204300084509,1115.9427140200264,0,723.7186552917459,723.8380669511206,1350.0,1500.0,0.17211833782494068,0.21022251417131044,34.737548415089016,0.0,1.226951404099303e-14,34.737548415089016,0.0,0,0,0,0.0,0,0,True,1008,0,1.680684913753176e-11,2.3099295825911175e-13,2.710191313085978e-10,0.6976730001042597,1.3289945600809043,23.149998000008054,1.2733585481328624,3.7250011805444956,-3.401338854804635,26.224847231551866,5.932204300084509,1115.9427140200264,0,462.5736342603821,462.9202165859352,1500.0,1366.1351923014406,1.820886385627091,0.27172937718495416,34.542757989163945,0.0,1.226951404099303e-14,34.542757989163945,0.0,0,0,0,0.0,0,0,True,1008,0,1.680684913753176e-11,2.3099295825911175e-13,2.710191313085978e-10,0.7348440000214396,1.6054878300406015,23.149998000008054,1.2451008517073932,3.7250011805444956,-3.401338854804635,29.594857491298654,5.932204300084509,1115.9427140200264,0,522.1583841825664,522.4075365906775,1350.0,1366.1351923014406,1.820886385627091,0.2727696568236747,34.737548415089016,0.0,1.226951404099303e-14,34.737548415089016,0.0,0,0,0,0.0,0,0,True,1008,0,1.680684913753176e-11,2.3099295825911175e-13,2.710191313085978e-10,0.7348440000214396,1.6054878300406015,23.149998000008054,1.6972464294513276,5.091138910502195,-5.091138910502195,11.411220977626527,8.467426286044509,1130.4963379278377,0,201.56027110917955,201.43053036044307,1366.1351923014406,1500.0,0.17211833782494068,0.0007623155215327193,0.0,0.0,0.0,0.0,0.0,0,0,0,0.0,0,0,True,1008,0,1.680684913753176e-11,2.3099295825911175e-13,2.710191313085978e-10,0.6976730001042597,1.3289945600809043,23.149998000008054,0.2639079999653404,0.5363606999912918,2.8883180000320863,0.2639079999653404,0.5363606999912918,2.8883180000320863,0.2639079999653404,0.5363606999912918,2.8883180000320863,0.2639079999653404,0.5363606999912918,2.8883180000320863
Mar2015,400.0,False,180.0,swmpc_nosw,2,97.08333333333333,1.4225721774656328,5.495756306685507,-4.293336530216038,40.982467351432206,6.030192867515257,1115.7142783706033,0,723.3225203208877,723.4212842134548,1350.0,1500.0,0.9967636363580823,0.210707036523043,34.737555006790885,0.0,1.270917914077056e-14,34.737555006790885,0.0,0,0,0,0.0,0,0,True,1008,0,1.7315929597134437e-11,2.456704573874927e-13,2.378042381879163e-10,0.6947679999029788,1.1301488800654627,1.8991750000623142,1.3822526697480295,3.9892161889001727,-3.9607134955003858,26.176031114959144,6.030192867515257,1115.7142783706033,0,462.137022032904,462.0585159603242,1500.0,1361.1132058812623,0.5589038180187345,0.27262412579961015,34.537253423309174,0.0,1.270917914077056e-14,34.537253423309174,0.0,0,0,0,0.0,0,0,True,1008,0,1.7315929597134437e-11,2.456704573874927e-13,2.378042381879163e-10,0.7209774998955254,1.166277100066963,1.8991750000623142,1.3493183726896203,3.9892161889001727,-3.9607134955003858,29.554252290740326,6.030192867515257,1115.7142783706033,0,521.7534398299772,521.6907748085782,1350.0,1361.1132058812623,0.5589038180187345,0.2734104591594644,34.737555006790885,0.0,1.270917914077056e-14,34.737555006790885,0.0,0,0,0,0.0,0,0,True,1008,0,1.7315929597134437e-11,2.456704573874927e-13,2.378042381879163e-10,0.7209774998955254,1.166277100066963,1.8991750000623142,1.644292588489703,5.495756306685507,-4.293336530216038,11.42821506069188,8.512998889734286,1128.6711919530558,0,201.56908049091055,201.73050940487656,1361.1132058812623,1500.0,0.9967636363580823,0.0007234816475856221,0.0,0.0,0.0,0.0,0.0,0,0,0,0.0,0,0,True,1008,0,1.7315929597134437e-11,2.456704573874927e-13,2.378042381879163e-10,0.6947679999029788,1.1301488800654627,1.8991750000623142,0.25672700007817184,0.4652915699989532,0.6297600000380044,0.25672700007817184,0.4652915699989532,0.6297600000380044,0.25672700007817184,0.4652915699989532,0.6297600000380044,0.25672700007817184,0.4652915699989532,0.6297600000380044
Mar2015,400.0,False,180.0,swmpc_nosw,3,97.08333333333333,1.3759530834561469,4.298600083217025,-4.0151220336556435,40.993496205304155,5.873859872460232,1116.010726104701,0,723.4352243063031,723.6159652111487,1350.0,1500.0,-0.7617623331025243,0.21048175477020126,34.761753389273814,0.0,1.177023473748309e-14,34.761753389273814,0.0,0,0,0,0.0,0,0,True,1008,0,3.3665128414040826e-11,1.9353980355410228e-13,2.774927589873229e-10,0.6998450000992307,1.073235760086392,2.4409929999364977,1.3103450130539793,4.2280726712197065,-4.0151220336556435,26.20312038941997,5.975268316189339,1116.010726104701,0,462.05388679267963,462.53669502043186,1499.9999999999995,1363.789081978956,1.8499038657173514,0.27285788024067936,34.54431376360946,0.0,1.177023473748309e-14,34.54431376360946,0.0,0,0,0,0.0,0,0,True,1008,0,3.3665128414040826e-11,1.9353980355410228e-13,2.774927589873229e-10,0.7294754998383723,1.0918183600642806,2.4409929999364977,1.3023300117527243,4.2280726712197065,-4.0151220336556435,29.573988827638285,5.873859872460232,1116.010726104701,0,521.8698782004399,522.0391635658083,1350.0,1363.789081978956,1.8499038657173514,0.27311185386311587,34.761753389273814,0.0,1.177023473748309e-14,34.761753389273814,0.0,0,0,0,0.0,0,0,True,1008,0,3.3665128414040826e-11,1.9353980355410228e-13,2.774927589873229e-10,0.7294754998383723,1.0918183600642806,2.4409929999364977,1.5979931444860291,4.298600083217025,-3.879400764591992,11.41950737766587,8.489201852364715,1130.831371451443,0,201.56534610586323,201.57680164534042,1363.789081978956,1500.0,-0.7617623331025243,0.0007437485055571402,0.0,0.0,0.0,0.0,0.0,0,0,0,0.0,0,0,True,1008,0,3.3665128414040826e-11,1.9353980355410228e-13,2.774927589873229e-10,0.6998450000992307,1.073235760086392,2.4409929999364977,0.25290700000368815,0.47582191008814245,1.9027509999887116,0.25290700000368815,0.47582191008814245,1.9027509999887116,0.25290700000368815,0.47582191008814245,1.9027509999887116,0.25290700000368815,0.47582191008814245,1.9027509999887116
Mar2015,400.0,False,180.0,swmpc_nosw,4,97.08333333333333,1.480910964042954,6.537099224515259,-6.41996094211936,40.95732154236225,5.552894210635776,1115.9114218841848,0,723.2568413405629,722.977411146129,1350.0,1500.0,-0.5832422906532884,0.21063744490501757,34.737590415771976,0.0,1.2089244726228029e-14,34.737590415771976,0.0,0,0,0,0.0,0,0,True,1008,0,1.7524590095455458e-11,2.239796692630711e-13,3.352509754035328e-10,0.6962600000406383,1.1769849601296303,1.4899279999553983,1.3481792313231693,4.063351519405842,-4.063351519405842,26.19194707020026,6.013359044276601,1115.9114218841848,0,461.9555042114945,462.33946392476236,1499.9999999999998,1360.6677435995286,2.420340672135353,0.2729019354586939,34.54434593782308,0.0,1.1426695901186445e-14,34.54434593782308,0.0,0,0,0,0.0,0,0,True,1008,0,1.7524590095455458e-11,2.239796692630711e-13,3.352509754035328e-10,0.7289750000154527,1.1817305899194253,1.4899279999553983,1.3421273559801203,4.063351519405842,-4.063351519405842,29.56160475867726,5.552894210635776,1115.9114218841848,0,521.6740804794196,521.8205603520278,1350.0,1360.6677435995286,2.420340672135353,0.27333450342912324,34.737590415771976,0.0,1.2089244726228029e-14,34.737590415771976,0.0,0,0,0,0.0,0,0,True,1008,0,1.7524590095455458e-11,2.239796692630711e-13,3.352509754035328e-10,0.7289750000154527,1.1817305899194253,1.4899279999553983,1.87220272634859,6.537099224515259,-6.41996094211936,11.395716783684993,8.569812612457932,1129.3885125677957,0,201.58276086114336,201.15685079410127,1360.6677435995286,1500.0,-0.5832422906532884,0.000675202405687525,0.0,0.0,0.0,0.0,0.0,0,0,0,0.0,0,0,True,1008,0,1.7524590095455458e-11,2.239796692630711e-13,3.352509754035328e-10,0.6962600000406383,1.1769849601296303,1.4899279999553983,0.2578139999513951,0.521295189860211,0.8304230000248936,0.2578139999513951,0.521295189860211,0.8304230000248936,0.2578139999513951,0.521295189860211,0.8304230000248936,0.2578139999513951,0.521295189860211,0.8304230000248936
Mar2015,400.0,True,0.0,pid_lowdrag_preview,0,96.33333333333333,1.549327613551045,6.266490917652845,-5.308044140227139,41.28653774021453,6.972012574920267,987.9953085557338,0,729.0346214436836,728.7887255941296,1350.0,1500.0,-3.947437070310116,0.21733847004993734,0.0,0.0,0.0,0.0,0.0,0,0,0,0.0,0,0,True,0,0,,,,0.1571170000715938,0.26650365002069515,0.421997000103147,1.5451463158779608,6.266490917652845,-4.555709556676447,26.871103692922073,6.978888557431247,987.9953085557338,0,474.28659395713987,474.32791625434834,1203.6225843540778,1301.174583436325,1.798887625336647,0.2761085040683069,0.0,0.0,0.0,0.0,0.0,0,0,0,0.0,0,0,True,0,0,,,,0.15785300001880387,0.26941544997725925,0.421997000103147,1.5212000557506749,6.266490917652845,-4.555709556676447,30.22480044290003,6.972012574920267,987.9953085557338,0,533.4864166005109,533.5272706740567,1350.0,1301.174583436325,1.798887625336647,0.2800688671719712,0.0,0.0,0.0,0.0,0.0,0,0,0,0.0,0,0,True,0,0,,,,0.15785300001880387,0.26941544997725925,0.421997000103147,1.6427287520828289,5.308044140227139,-5.308044140227139,11.061737297314497,8.463002924694504,1119.4763460432368,0,195.5482048431727,195.26145492007288,1301.174583436325,1500.0,-3.947437070310116,0.0007897019026421592,0.0,0.0,0.0,0.0,0.0,0,0,0,0.0,0,0,True,0,0,,,,0.1571170000715938,0.26650365002069515,0.421997000103147,,,,,,,,,,,,
Mar2015,400.0,True,0.0,pid_lowdrag_preview,1,96.33333333333333,1.595407919655189,6.890559055842459,-4.96183595713228,41.29648675433631,6.958421568028311,990.6527717223727,0,729.2897140103468,728.964345292938,1350.0,1500.0,-3.114133208990097,0.21714816611685506,0.0,0.0,0.0,0.0,0.0,0,0,0,0.0,0,0,True,0,0,,,,0.16923550003866694,0.42571756998768245,1.7667049999090523,1.6084587495904568,6.890559055842459,-4.96183595713228,26.896974958828,6.958421568028311,990.6527717223727,0,474.49747833820135,474.78459506398053,1204.112773847834,1299.1800538883563,0.40663169231265783,0.27584899276351316,0.0,0.0,0.0,0.0,0.0,0,0,0,0.0,0,0,True,0,0,,,,0.16575999995893653,0.4784655901130446,1.7667049999090523,1.55203954417758,6.890559055842459,-4.96183595713228,30.256143582885297,6.958421568028311,990.6527717223727,0,533.7204016117275,534.0805388407813,1350.0,1299.1800538883563,0.40663169231265783,0.27986914621573655,0.0,0.0,0.0,0.0,0.0,0,0,0,0.0,0,0,True,0,0,,,,0.16575999995893653,0.4784655901130446,1.7667049999090523,1.7368162875376474,5.482812142930925,-4.473245247267187,11.04034317145101,8.642746656395419,1119.7707739487153,0,195.56931239861922,194.8838064521567,1299.1800538883563,1500.0,-3.114133208990097,0.0006319060494831552,0.0,0.0,0.0,0.0,0.0,0,0,0,0.0,0,0,True,0,0,,,,0.16923550003866694,0.42571756998768245,1.7667049999090523,,,,,,,,,,,,
Mar2015,400.0,True,0.0,pid_lowdrag_preview,2,96.33333333333333,1.6184347879386214,5.530228910967708,-5.530228910967708,41.31605491205021,6.954998419568011,990.9539738240285,0,729.2450893405573,729.309761825866,1350.0,1500.0,-1.7929022004827857,0.217198073421901,0.0,0.0,0.0,0.0,0.0,0,0,0,0.0,0,0,True,0,0,,,,0.15843400001358532,0.29835775995707076,0.47508700004073035,1.635549280060002,5.530228910967708,-5.530228910967708,26.86218391978376,6.967852505892134,990.9539738240285,0,474.4535040858066,474.17046468650557,1203.751360393896,1301.6799449992518,-0.5813661934807897,0.2759238471017168,0.0,0.0,0.0,0.0,0.0,0,0,0,0.0,0,0,True,0,0,,,,0.1595859999952154,0.3018316800353203,0.47508700004073035,1.5980993832841495,5.530228910967708,-5.530228910967708,30.222361786360327,6.954998419568011,990.9539738240285,0,533.6998790745267,533.484223581979,1350.0,1301.6799449992518,-0.5813661934807897,0.27988381696822606,0.0,0.0,0.0,0.0,0.0,0,0,0,0.0,0,0,True,0,0,,,,0.1595859999952154,0.3018316800353203,0.47508700004073035,1.6867508481077287,4.365546677261591,-4.140190429054201,11.093693125689885,8.447377749756297,1116.7342849605316,0,195.5452102660306,195.82553824388697,1301.6799449992518,1500.0,-1.7929022004827857,0.0008034518647236366,0.0,0.0,0.0,0.0,0.0,0,0,0,0.0,0,0,True,0,0,,,,0.15843400001358532,0.29835775995707076,0.47508700004073035,,,,,,,,,,,,
Mar2015,400.0,True,0.0,pid_lowdrag_preview,3,96.33333333333333,1.6000440790826214,7.713189531117678,-5.301277620717883,41.33988869581286,6.971265173545078,983.9691877805544,0,729.366845972297,729.7304750618268,1350.0,1500.0,1.5167733132839203,0.21704090793132802,0.0,0.0,0.0,0.0,0.0,0,0,0,0.0,0,0,True,0,0,,,,0.15734199985217856,0.2789209698653394,1.5513710000050196,1.601976718912033,6.908894979394972,-5.301277620717883,26.89336926329091,6.975498901545332,983.9691877805544,0,474.4992528155833,474.7209474345305,1204.9747166044617,1302.3733990907272,0.7228005528450012,0.2758200418058835,0.0,0.0,0.0,0.0,0.0,0,0,0,0.0,0,0,True,0,0,,,,0.15862949999245757,0.2908904299533784,1.5513710000050196,1.5965286657944937,7.713189531117678,-5.301277620717883,30.246794020189203,6.971265173545078,983.9691877805544,0,533.8162493948954,533.9155006405564,1350.0,1302.3733990907272,0.7228005528450012,0.2796896494415043,0.0,0.0,0.0,0.0,0.0,0,0,0,0.0,0,0,True,0,0,,,,0.15862949999245757,0.2908904299533784,1.5513710000050196,1.6121205729241075,4.381681269034743,-4.381681269034743,11.093094675623657,8.480839862327507,1118.9327429611265,0,195.55059657740162,195.81497442127045,1302.3733990907272,1500.0,1.5167733132839203,0.0007740194304458603,0.0,0.0,0.0,0.0,0.0,0,0,0,0.0,0,0,True,0,0,,,,0.15734199985217856,0.2789209698653394,1.5513710000050196,,,,,,,,,,,,
Mar2015,400.0,True,0.0,pid_lowdrag_preview,4,96.33333333333333,1.6597540263960908,5.916626940481365,-5.1829532934352756,41.32506960031545,6.948175113090024,991.0949168030854,0,729.2246963843795,729.4688888326795,1350.0,1500.0,0.7041017338633537,0.2172344943017741,0.0,0.0,0.0,0.0,0.0,0,0,0,0.0,0,0,True,0,0,,,,0.15827799995804526,0.31523571989509946,0.5757379999522527,1.59659653219932,5.916626940481365,-4.867085190489888,26.87247621114801,6.948175113090024,991.0949168030854,0,474.4660913036599,474.3521439048983,1203.947776775087,1304.140280800954,-0.4212921457365155,0.27595087632186743,0.0,0.0,0.0,0.0,0.0,0,0,0,0.0,0,0,True,0,0,,,,0.15887500001099397,0.3040089401338258,0.47524799992970657,1.5713468277500462,5.916626940481365,-4.867085190489888,30.219511123264855,6.948175113090024,991.0949168030854,0,533.6785297683974,533.4339037625375,1350.0,1304.140280800954,-0.4212921457365155,0.27993040988911455,0.0,0.0,0.0,0.0,0.0,0,0,0,0.0,0,0,True,0,0,,,,0.15887500001099397,0.3040089401338258,0.47524799992970657,1.9341333380700019,5.717435053549707,-5.1829532934352756,11.105558477050597,8.445893928907157,1119.096801596762,0,195.5461666159821,196.03498507014194,1304.140280800954,1500.0,0.7041017338633537,0.0008047583016401738,0.0,0.0,0.0,0.0,0.0,0,0,0,0.0,0,0,True,0,0,,,,0.15827799995804526,0.31523571989509946,0.5757379999522527,,,,,,,,,,,,
Mar2015,400.0,True,0.0,swmpc,0,96.33333333333333,1.40107578403354,5.488073886372149,-5.307992941699922,40.888965971241205,5.108842503760288,1004.0949760285721,0,722.0167022013168,721.7708006553651,1350.0,1500.0,-3.947433218359947,0.20897374757219567,45.887584809960835,0.0,1.148379882082744e-14,45.887584809960835,0.0,0,0,0,0.0,0,0,True,1008,0,1.7164578146549465e-11,3.593969387995231e-13,3.379215730518701e-10,0.6960804998925596,0.9068714698719305,1.2908280000374361,1.342868022987117,5.488073886372149,-3.7195134069770575,26.469623132173993,5.586401635795935,1004.0949760285721,0,467.32667711704175,467.24099344043697,1233.4325167466711,1300.7318015828855,1.04082665219903,0.2683081160721088,45.887584809960835,0.0,1.148379882082744e-14,45.887584809960835,0.0,0,0,0,0.0,0,0,True,1008,0,1.7164578146549465e-11,3.593969387995231e-13,3.379215730518701e-10,0.7192299999587703,0.921636229941214,1.2908280000374361,1.3228158242149746,5.488073886372149,-3.7195134069770575,29.825900287280646,5.108842503760288,1004.0949760285721,0,526.4250700831112,526.4858970940649,1350.0,1300.7318015828855,1.04082665219903,0.26937154925684903,45.887584809960835,0.0,1.148379882082744e-14,45.887584809960835,0.0,0,0,0,0.0,0,0,True,1008,0,1.7164578146549465e-11,3.593969387995231e-13,3.379215730518701e-10,0.7192299999587703,0.921636229941214,1.2908280000374361,1.6428309594992634,5.307992941699922,-5.307992941699922,11.06306568396056,8.960239172224059,1119.4763483716856,0,195.59163211820555,195.2849035613002,1300.7318015828855,1500.0,-3.947433218359947,0.00047722668818694913,0.0,0.0,0.0,0.0,0.0,0,0,0,0.0,0,0,True,1008,0,1.7164578146549465e-11,3.593969387995231e-13,3.379215730518701e-10,0.6960804998925596,0.9068714698719305,1.2908280000374361,0.2638334999573999,0.39927927987037015,0.6078880001041398,0.2638334999573999,0.39927927987037015,0.6078880001041398,0.2638334999573999,0.39927927987037015,0.6078880001041398,0.2638334999573999,0.39927927987037015,0.6078880001041398
Mar2015,400.0,True,0.0,swmpc,1,96.33333333333333,1.375221999109063,5.482804175466299,-4.4732417380437255,40.90205850276918,4.956276942593465,1001.7356465438452,0,722.3272846738507,722.0019096291321,1350.0,1500.0,-3.1141294855624437,0.2082866821721312,45.906724670813574,0.0,1.2193138319140785e-14,45.906724670813574,0.0,0,0,0,0.0,0,0,True,1008,0,1.7280399333685637e-11,2.2938919109728906e-13,2.0590071622290644e-10,0.702625000030821,1.0382027301852759,4.831399000067904,1.311367552136286,4.731381789781153,-3.754117959178984,26.48541438745398,5.61540494016819,1001.7356465438452,0,467.5408097659432,467.51974020490763,1234.3592804515329,1300.2120154072702,0.9712897501885891,0.26746142987708477,45.906724670813574,0.0,1.2193138319140785e-14,45.906724670813574,0.0,0,0,0,0.0,0,0,True,1008,0,1.7280399333685637e-11,2.2938919109728906e-13,2.0590071622290644e-10,0.7265914999834422,1.0846462699942092,4.831399000067904,1.2534638897348764,4.731381789781153,-3.754117959178984,29.846714324762715,4.956276942593465,1001.7356465438452,0,526.735238121459,526.8533058592834,1350.0,1300.2120154072702,0.9712897501885891,0.26848653342632844,45.906724670813574,0.0,1.2193138319140785e-14,45.906724670813574,0.0,0,0,0,0.0,0,0,True,1008,0,1.7280399333685637e-11,2.2938919109728906e-13,2.0590071622290644e-10,0.7265914999834422,1.0846462699942092,4.831399000067904,1.7309284805854532,5.482804175466299,-4.4732417380437255,11.055344178006465,8.96804824387671,1119.7707752236329,0,195.5920465523917,195.1486037698487,1300.2120154072702,1500.0,-3.1141294855624437,0.0004734970206557998,0.0,0.0,0.0,0.0,0.0,0,0,0,0.0,0,0,True,1008,0,1.7280399333685637e-11,2.2938919109728906e-13,2.0590071622290644e-10,0.702625000030821,1.0382027301852759,4.831399000067904,0.2653059999602192,0.47265723011150773,2.2893539999131463,0.2653059999602192,0.47265723011150773,2.2893539999131463,0.2653059999602192,0.47265723011150773,2.2893539999131463,0.2653059999602192,0.47265723011150773,2.2893539999131463
Mar2015,400.0,True,0.0,swmpc,2,96.33333333333333,1.4373708601782187,4.7338547660037875,-4.141081812791526,40.92351634503574,5.135854910014734,1001.1909218025837,0,722.3160166962377,722.3806828170719,1350.0,1500.0,-1.7929044822230935,0.20826860558858873,45.88979211244998,0.0,1.4128740909413275e-14,45.88979211244998,0.0,0,0,0,0.0,0,0,True,1008,0,1.7273169163134208e-11,2.1330207980981507e-13,2.427664321023315e-10,0.6976925001254131,1.0018964099776895,1.7919329998221656,1.399663809642754,4.7338547660037875,-3.800104273483157,26.461653462378223,5.135854910014734,1001.1909218025837,0,467.4944316685036,467.10031306828984,1233.4992513839068,1302.4024302589357,-0.4376365803182125,0.26752369557367084,45.88979211244998,0.0,1.4128740909413275e-14,45.88979211244998,0.0,0,0,0,0.0,0,0,True,1008,0,1.7273169163134208e-11,2.1330207980981507e-13,2.427664321023315e-10,0.7206770000038887,1.0230438401845274,1.7919329998221656,1.3561395442701645,4.7338547660037875,-3.800104273483157,29.826910533657717,5.135854910014734,1001.1909218025837,0,526.6951684790004,526.5037299328034,1350.0,1302.4024302589357,-0.4376365803182125,0.26852323724579075,45.88979211244998,0.0,1.4128740909413275e-14,45.88979211244998,0.0,0,0,0,0.0,0,0,True,1008,0,1.7273169163134208e-11,2.1330207980981507e-13,2.427664321023315e-10,0.7206770000038887,1.0230438401845274,1.7919329998221656,1.6880097985444424,4.366247951053083,-4.141081812791526,11.096605811378026,9.406096342546238,1116.7416866242568,0,195.62084821723738,195.87695288426858,1302.4024302589357,1500.0,-1.7929044822230935,0.00026631548427513696,0.0,0.0,0.0,0.0,0.0,0,0,0,0.0,0,0,True,1008,0,1.7273169163134208e-11,2.1330207980981507e-13,2.427664321023315e-10,0.6976925001254131,1.0018964099776895,1.7919329998221656,0.2658709998968334,0.42463642991833694,0.7598259999213042,0.2658709998968334,0.42463642991833694,0.7598259999213042,0.2658709998968334,0.42463642991833694,0.7598259999213042,0.2658709998968334,0.42463642991833694,0.7598259999213042
Mar2015,400.0,True,0.0,swmpc,3,96.33333333333333,1.4295465293948701,4.737562700174749,-4.381999308243394,40.926300546949534,4.706779644400891,1001.84135663702,0,722.0662064930152,722.4298294657407,1350.0,1500.0,1.5167653784155846,0.20891241481435374,45.879758268516646,0.0,1.227669252238176e-14,45.879758268516646,0.0,0,0,0,0.0,0,0,True,1008,0,1.6973804412788257e-11,2.528382212531917e-13,2.6904175547446247e-10,0.7001759998956913,0.9208871401779106,1.1482729998988361,1.3792672221620108,4.586134077049792,-3.6331002190709114,26.48576482884163,5.150724728667152,1001.84135663702,0,467.38567854650535,467.52592618577023,1235.356187680834,1302.006921102787,0.9271071692928672,0.2679230200658771,45.879758268516646,0.0,1.2011253940269953e-14,45.879758268516646,0.0,0,0,0,0.0,0,0,True,1008,0,1.6973804412788257e-11,2.528382212531917e-13,2.6904175547446247e-10,0.7233114999962709,0.9240306299489021,1.0877409999920928,1.372344333462186,4.737562700174749,-3.6331002190709114,29.824950564980504,4.706779644400891,1001.84135663702,0,526.4469666399061,526.4691326245215,1350.0,1302.006921102787,0.9271071692928672,0.26934744552474277,45.879758268516646,0.0,1.227669252238176e-14,45.879758268516646,0.0,0,0,0,0.0,0,0,True,1008,0,1.6973804412788257e-11,2.528382212531917e-13,2.6904175547446247e-10,0.7233114999962709,0.9240306299489021,1.0877409999920928,1.6114834719568771,4.381999308243394,-4.381999308243394,11.10134998196903,9.36108638600869,1118.9515687202645,0,195.6192398531091,195.96069684121915,1302.006921102787,1500.0,1.5167653784155846,0.00028737729355876596,0.0,0.0,0.0,0.0,0.0,0,0,0,0.0,0,0,True,1008,0,1.6973804412788257e-11,2.528382212531917e-13,2.6904175547446247e-10,0.7001759998956913,0.9208871401779106,1.1482729998988361,0.26539049997609254,0.408272459992531,0.51159200006623,0.26539049997609254,0.408272459992531,0.51159200006623,0.26539049997609254,0.408272459992531,0.51159200006623,0.26539049997609254,0.408272459992531,0.51159200006623
Mar2015,400.0,True,0.0,swmpc,4,96.33333333333333,1.5024539886604913,5.717434449121356,-5.182949679903686,40.92252823586648,4.673532190076528,1003.9656469560186,0,722.1190543192037,722.3632407436696,1350.0,1500.0,0.704098810441792,0.20881243633349933,45.9032427712373,0.0,1.1937119485992074e-14,45.9032427712373,0.0,0,0,0,0.0,0,0,True,1008,0,1.7028507544215097e-11,2.0792262470372642e-13,2.778319574761405e-10,0.7010220000438494,0.9990573301547556,2.0038229999954638,1.385547849044529,4.054759906604886,-3.653208438307047,26.485664237236037,5.3542379790488805,1003.9656469560186,0,467.47516814964666,467.5241505457675,1234.3213648017065,1302.1811953581055,1.536649358458817,0.26774590252431074,45.9032427712373,0.0,1.1937119485992074e-14,45.9032427712373,0.0,0,0,0,0.0,0,0,True,1008,0,1.7028507544215097e-11,2.0792262470372642e-13,2.778319574761405e-10,0.7253239999727157,1.014323019967378,2.0038229999954638,1.3512820161426915,4.054759906604886,-3.653208438307047,29.828184226578976,4.673532190076528,1003.9656469560186,0,526.4970711260816,526.5262131220493,1350.0,1302.1811953581055,1.536649358458817,0.2692246062620445,45.9032427712373,0.0,1.1937119485992074e-14,45.9032427712373,0.0,0,0,0,0.0,0,0,True,1008,0,1.7028507544215097e-11,2.0792262470372642e-13,2.778319574761405e-10,0.7253239999727157,1.014323019967378,2.0038229999954638,1.9356139451199512,5.717434449121356,-5.182949679903686,11.094344009287504,9.406096342546238,1119.096836916995,0,195.6219831931221,195.83702762162034,1302.1811953581055,1500.0,0.704098810441792,0.00026631548427513696,0.0,0.0,0.0,0.0,0.0,0,0,0,0.0,0,0,True,1008,0,1.7028507544215097e-11,2.0792262470372642e-13,2.778319574761405e-10,0.7010220000438494,0.9990573301547556,2.0038229999954638,0.2655155000184095,0.4557364599236279,1.5011049999884563,0.2655155000184095,0.4557364599236279,1.5011049999884563,0.2655155000184095,0.4557364599236279,1.5011049999884563,0.2655155000184095,0.4557364599236279,1.5011049999884563
Mar2015,400.0,True,0.0,swmpc_nosw,0,96.33333333333333,1.3598289563323616,5.166863498277962,-5.166863498277962,41.01706969029271,5.108842503760288,1004.231524008429,0,724.2569804970256,724.032083660954,1350.0,1500.0,-3.805502202361822,0.2053708205722522,45.86779411411911,0.0,1.2329882721362585e-14,45.86779411411911,0.0,0,0,0,0.0,0,0,True,1008,0,1.706424128033973e-11,2.72413788651321e-13,2.892290656955994e-10,0.6990699998823402,1.0081583101396063,1.397779000171795,1.3007029262262864,4.644844712689519,-3.822662016376853,26.596761047906874,6.155891633400985,1004.231524008429,0,469.5697340848342,469.4852281148225,1233.3572121145462,1300.6958034567108,1.0039066849276423,0.2628442745323234,45.86779411411911,0.0,1.2329882721362585e-14,45.86779411411911,0.0,0,0,0,0.0,0,0,True,1008,0,1.706424128033973e-11,2.72413788651321e-13,2.892290656955994e-10,0.7235520000676843,1.0470941499602293,1.397779000171795,1.2908698802004905,4.644844712689519,-3.822662016376853,29.951910859854777,5.108842503760288,1004.231524008429,0,528.652860174399,528.7102319408326,1350.0,1300.6958034567108,1.0039066849276423,0.2647502068385921,45.86779411411911,0.0,1.2329882721362585e-14,45.86779411411911,0.0,0,0,0,0.0,0,0,True,1008,0,1.706424128033973e-11,2.72413788651321e-13,2.892290656955994e-10,0.7235520000676843,1.0470941499602293,1.397779000171795,1.5748444363642475,5.166863498277962,-5.166863498277962,11.06515883043793,9.143640306022824,1119.564082567443,0,195.6041203226265,195.32185172012134,1300.6958034567108,1500.0,-3.805502202361822,0.0003899255158454906,0.0,0.0,0.0,0.0,0.0,0,0,0,0.0,0,0,True,1008,0,1.706424128033973e-11,2.72413788651321e-13,2.892290656955994e-10,0.6990699998823402,1.0081583101396063,1.397779000171795,0.25787399988530524,0.461517820124299,0.7600769999953627,0.25787399988530524,0.461517820124299,0.7600769999953627,0.25787399988530524,0.461517820124299,0.7600769999953627,0.25787399988530524,0.461517820124299,0.7600769999953627
Mar2015,400.0,True,0.0,swmpc_nosw,1,96.33333333333333,1.334724646801747,4.991066564805806,-4.253281282261014,41.03926023725544,4.956276942593465,1001.97700710465,0,724.7278536957547,724.4237905302325,1350.0,1500.0,-2.946385729126632,0.20457909597250745,45.87285337890961,0.0,1.1561768207816667e-14,45.87285337890961,0.0,0,0,0,0.0,0,0,True,1008,0,1.7006489298413274e-11,2.229528899347624e-13,2.2494921819534776e-10,0.6986944999880507,1.192398960104128,3.2998379999753524,1.2696465201774865,4.212515022605658,-3.9372330540791154,26.620675026096883,6.186727230030816,1001.97700710465,0,469.9259195441632,469.90735694041524,1234.3093112408892,1300.183210974483,0.959652004763484,0.26185725387047676,45.87285337890961,0.0,1.1561768207816667e-14,45.87285337890961,0.0,0,0,0,0.0,0,0,True,1008,0,1.7006489298413274e-11,2.229528899347624e-13,2.2494921819534776e-10,0.7250994999594695,1.307613199921887,3.2998379999753524,1.2190540860897183,4.212515022605658,-3.9372330540791154,29.980969212351365,4.956276942593465,1001.97700710465,0,529.1097865203143,529.2231691073537,1350.0,1300.183210974483,0.959652004763484,0.263757513585819,45.87285337890961,0.0,1.1561768207816667e-14,45.87285337890961,0.0,0,0,0,0.0,0,0,True,1008,0,1.7006489298413274e-11,2.229528899347624e-13,2.2494921819534776e-10,0.7250994999594695,1.307613199921887,3.2998379999753524,1.6736835348845347,4.991066564805806,-4.253281282261014,11.058291024904076,9.351320169679845,1119.8277980706248,0,195.6180671754404,195.20062142287884,1300.183210974483,1500.0,-2.946385729126632,0.0002919557183360677,0.0,0.0,0.0,0.0,0.0,0,0,0,0.0,0,0,True,1008,0,1.7006489298413274e-11,2.229528899347624e-13,2.2494921819534776e-10,0.6986944999880507,1.192398960104128,3.2998379999753524,0.2609940000866118,0.5561526001633859,0.9035529999437131,0.2609940000866118,0.5561526001633859,0.9035529999437131,0.2609940000866118,0.5561526001633859,0.9035529999437131,0.2609940000866118,0.5561526001633859,0.9035529999437131
Mar2015,400.0,True,0.0,swmpc_nosw,2,96.33333333333333,1.3946198239110899,4.228210620582104,-3.768926238641143,41.058970223381706,5.249347904301262,1001.5064785807108,0,724.6831101671874,724.7717106140261,1350.0,1500.0,-1.6349597675725818,0.20471801494345443,45.86195668268932,0.0,1.2010814434540896e-14,45.86195668268932,0.0,0,0,0,0.0,0,0,True,1008,0,1.9370039357689734e-11,2.202858497182796e-13,2.381070513638546e-10,0.692009499971391,0.983046340115834,1.9215199999962351,1.3564981175462638,3.8864973662421107,-3.434785139746964,26.598009857417217,6.1213595651759425,1001.5064785807108,0,469.8843975344803,469.50727206283364,1233.3785967547722,1302.3880180374938,-0.2791189020499587,0.2620688687040721,45.86195668268932,0.0,1.2010814434540896e-14,45.86195668268932,0.0,0,0,0,0.0,0,0,True,1008,0,1.9370039357689734e-11,2.202858497182796e-13,2.381070513638546e-10,0.7186139999930674,1.008952779836817,1.9215199999962351,1.3187707251645562,3.8864973662421107,-3.434785139746964,29.962231563764632,5.249347904301262,1001.5064785807108,0,529.0623424196986,528.8924126966272,1350.0,1302.3880180374938,-0.2791189020499587,0.26394410248520095,45.86195668268932,0.0,1.2010814434540896e-14,45.86195668268932,0.0,0,0,0,0.0,0,0,True,1008,0,1.9370039357689734e-11,2.202858497182796e-13,2.381070513638546e-10,0.7186139999930674,1.008952779836817,1.9215199999962351,1.6295477079273373,4.228210620582104,-3.768926238641143,11.096738659617074,9.406096342546236,1116.8624324925395,0,195.6207677474888,195.87929791739896,1302.3880180374938,1500.0,-1.6349597675725818,0.00026631548427513696,0.0,0.0,0.0,0.0,0.0,0,0,0,0.0,0,0,True,1008,0,1.9370039357689734e-11,2.202858497182796e-13,2.381070513638546e-10,0.692009499971391,0.983046340115834,1.9215199999962351,0.25477949986907333,0.420194719893061,1.3079640000341897,0.25477949986907333,0.420194719893061,1.3079640000341897,0.25477949986907333,0.420194719893061,1.3079640000341897,0.25477949986907333,0.420194719893061,1.3079640000341897
Mar2015,400.0,True,0.0,swmpc_nosw,3,96.33333333333333,1.3734442648137286,4.737562700174749,-4.07788894418627,41.06103964374824,4.706779644400891,1002.180906340303,0,724.4187716454796,724.808239960257,1350.0,1500.0,1.7188275279477239,0.20531630081801622,45.86891544035013,0.0,1.3444187565404083e-14,45.86891544035013,0.0,0,0,0,0.0,0,0,True,1008,0,1.7962520360015333e-11,2.63404581685568e-13,3.175705144777859e-10,0.7071620001397605,1.396774709871806,3.495444000009229,1.3239199570673272,3.858159253373742,-3.470120958983898,26.619998791107918,6.1070128404813,1002.180906340303,0,469.71782277186713,469.8954200606731,1235.3402422053418,1301.8823983076309,1.1101803435012698,0.2624532289220233,45.86891544035013,0.0,1.3444187565404083e-14,45.86891544035013,0.0,0,0,0,0.0,0,0,True,1008,0,1.7962520360015333e-11,2.63404581685568e-13,3.175705144777859e-10,0.7375980000006166,1.5613290798250952,3.495444000009229,1.326068087072501,4.737562700174749,-3.470120958983898,29.959821432533627,4.706779644400891,1002.180906340303,0,528.7965954507551,528.8498691324404,1350.0,1301.8823983076309,1.1101803435012698,0.264715701331362,45.86891544035013,0.0,1.3444187565404083e-14,45.86891544035013,0.0,0,0,0,0.0,0,0,True,1008,0,1.7962520360015333e-11,2.63404581685568e-13,3.175705144777859e-10,0.7375980000006166,1.5613290798250952,3.495444000009229,1.5257264932345778,4.07788894418627,-4.07788894418627,11.101218211214611,9.406096342546238,1119.096887147275,0,195.6221761947245,195.95837082781657,1301.8823983076309,1500.0,1.7188275279477239,0.00026631548427513696,0.0,0.0,0.0,0.0,0.0,0,0,0,0.0,0,0,True,1008,0,1.7962520360015333e-11,2.63404581685568e-13,3.175705144777859e-10,0.7071620001397605,1.396774709871806,3.495444000009229,0.2708289999873159,0.5320262499731139,0.9399479999956384,0.2708289999873159,0.5320262499731139,0.9399479999956384,0.2708289999873159,0.5320262499731139,0.9399479999956384,0.2708289999873159,0.5320262499731139,0.9399479999956384
Mar2015,400.0,True,0.0,swmpc_nosw,4,96.33333333333333,1.477372505988444,5.626951043494046,-4.939331431873143,41.046690117914856,4.673532190076528,1004.228183472359,0,724.2872622020191,724.5549425607222,1350.0,1500.0,0.8846348412334919,0.2052850890508059,45.87968848571586,0.0,1.046058359016094e-14,45.87968848571586,0.0,0,0,0,0.0,0,0,True,1008,0,3.323388232853756e-11,3.101964915079497e-13,2.445684269311526e-10,0.706276000073558,1.2834101300200018,3.875237000102061,1.3756536091604543,4.205809870734811,-4.205809870734811,26.61054564733528,5.84341693922274,1004.228183472359,0,469.64257209725184,469.7285534503915,1234.3335406717058,1301.9969555283105,1.6141325198113918,0.262356437968584,45.87968848571586,0.0,1.046058359016094e-14,45.87968848571586,0.0,0,0,0,0.0,0,0,True,1008,0,3.323388232853756e-11,3.101964915079497e-13,2.445684269311526e-10,0.7369219999873167,1.304559939924274,3.875237000102061,1.3457945485323617,4.205809870734811,-4.205809870734811,29.9524377392692,4.673532190076528,1004.228183472359,0,528.6653556138766,528.7195324004463,1350.0,1301.9969555283105,1.6141325198113918,0.2646754480601581,45.87968848571586,0.0,1.046058359016094e-14,45.87968848571586,0.0,0,0,0,0.0,0,0,True,1008,0,3.323388232853756e-11,3.101964915079497e-13,2.445684269311526e-10,0.7369219999873167,1.304559939924274,3.875237000102061,1.8614382671018095,5.626951043494046,-4.939331431873143,11.094252378645656,9.40609634254624,1119.1597506214744,0,195.62190658814245,195.83541016027596,1301.9969555283105,1500.0,0.8846348412334919,0.0002663154842749149,0.0,0.0,0.0,0.0,0.0,0,0,0,0.0,0,0,True,1008,0,3.323388232853756e-11,3.101964915079497e-13,2.445684269311526e-10,0.706276000073558,1.2834101300200018,3.875237000102061,0.26992699997663294,0.5428957498952509,1.8537270000251738,0.26992699997663294,0.5428957498952509,1.8537270000251738,0.26992699997663294,0.5428957498952509,1.8537270000251738,0.26992699997663294,0.5428957498952509,1.8537270000251738
Mar2015,400.0,True,180.0,pid_lowdrag_preview,0,97.08333333333333,1.5573138889560514,5.760057248175144,-5.760057248175144,41.59180894182846,6.963062393864538,933.6880616439009,0,734.545242384823,734.1773636868886,1350.0,1500.0,-3.867382182739675,0.2157127934198224,0.0,0.0,0.0,0.0,0.0,0,0,0,0.0,0,0,True,0,0,,,,0.15727699997114541,0.2859974400325886,0.6078470000829839,1.5205565894743616,5.760057248175144,-5.760057248175144,26.813990696861485,6.985528636573928,933.6880616439009,0,473.1558104551784,473.3197593612762,1500.0,1357.875900493727,1.873393116518855,0.27567679354750296,0.0,0.0,0.0,0.0,0.0,0,0,0,0.0,0,0,True,0,0,,,,0.15825399987079436,0.2712887000348019,0.48283799992532295,1.5245524771562198,5.760057248175144,-5.760057248175144,30.192885510676717,6.963062393864538,933.6880616439009,0,532.9098788252905,532.9639092478983,1350.0,1357.875900493727,1.873393116518855,0.279986422674841,0.0,0.0,0.0,0.0,0.0,0,0,0,0.0,0,0,True,0,0,,,,0.15825399987079436,0.2712887000348019,0.48283799992532295,1.6623315638169314,4.595096834935248,-4.595096834935248,11.398923431151744,8.94316416058896,1129.5047340986423,0,201.6353635595325,201.2134544389903,1357.875900493727,1500.0,-3.867382182739675,0.00047087219371344524,0.0,0.0,0.0,0.0,0.0,0,0,0,0.0,0,0,True,0,0,,,,0.15727699997114541,0.2859974400325886,0.6078470000829839,,,,,,,,,,,,
Mar2015,400.0,True,180.0,pid_lowdrag_preview,1,97.08333333333333,1.5716666837669413,5.798564098775387,-5.798564098775387,41.62537563674674,6.9849434658996685,936.3677138133232,0,734.6372359376659,734.7698819785923,1350.0,1500.0,0.06415466591715813,0.21556441058658948,0.0,0.0,0.0,0.0,0.0,0,0,0,0.0,0,0,True,0,0,,,,0.1605420000032609,0.3939552399060646,2.8286579999985406,1.5572794529358536,5.798564098775387,-5.798564098775387,26.822455986193045,6.994627203942637,936.3677138133232,0,473.2840937250106,473.4691883946073,1500.0,1360.2527628056866,-1.0569902043789625,0.27547228308842064,0.0,0.0,0.0,0.0,0.0,0,0,0,0.0,0,0,True,0,0,,,,0.16084199990018533,0.3277726599685592,0.4729930001303728,1.5100928160017113,5.798564098775387,-5.798564098775387,30.2013925122346,6.9849434658996685,936.3677138133232,0,532.9835710685143,533.114074584197,1350.0,1360.2527628056866,-1.0569902043789625,0.2798147690208912,0.0,0.0,0.0,0.0,0.0,0,0,0,0.0,0,0,True,0,0,,,,0.16084199990018533,0.3277726599685592,0.4729930001303728,1.7622705871873274,5.328688733279705,-5.328688733279705,11.423983124512137,9.09553606270808,1130.451454409,0,201.6536648691516,201.6558073943952,1360.2527628056866,1500.0,0.06415466591715813,0.0004004195507886221,0.0,0.0,0.0,0.0,0.0,0,0,0,0.0,0,0,True,0,0,,,,0.1605420000032609,0.3939552399060646,2.8286579999985406,,,,,,,,,,,,
Mar2015,400.0,True,180.0,pid_lowdrag_preview,2,97.08333333333333,1.6154992390840577,5.826120335608721,-5.590782671235502,41.6292448777817,6.973152203230337,935.5570252827777,0,734.7243092792717,734.838181705261,1350.0,1500.0,0.8966682096943259,0.2154258524187117,0.0,0.0,0.0,0.0,0.0,0,0,0,0.0,0,0,True,0,0,,,,0.15800900018803077,0.2885895999133939,1.2948539999797504,1.6111483425181887,5.590782671235502,-5.590782671235502,26.801447524092758,6.977079569977082,935.5570252827777,0,473.3412359822465,473.0983476518605,1500.0,1353.6777475038223,-1.2376390099525452,0.27528381015371217,0.0,0.0,0.0,0.0,0.0,0,0,0,0.0,0,0,True,0,0,,,,0.15953100000842824,0.28927934005423567,1.2948539999797504,1.5877711512967252,5.590782671235502,-5.590782671235502,30.185831108875668,6.973152203230337,935.5570252827777,0,533.0928555891192,532.8393851589409,1350.0,1353.6777475038223,-1.2376390099525452,0.27961053525748714,0.0,0.0,0.0,0.0,0.0,0,0,0,0.0,0,0,True,0,0,,,,0.15953100000842824,0.28927934005423567,1.2948539999797504,1.7050757743974931,5.826120335608721,-4.503843064419925,11.443413768906034,8.919609003425201,1128.392906494372,0,201.6314536901525,201.99879654632014,1353.6777475038223,1500.0,0.8966682096943259,0.0004817982609524041,0.0,0.0,0.0,0.0,0.0,0,0,0,0.0,0,0,True,0,0,,,,0.15800900018803077,0.2885895999133939,1.2948539999797504,,,,,,,,,,,,
Mar2015,400.0,True,180.0,pid_lowdrag_preview,3,97.08333333333333,1.5767782646572552,8.661292064934969,-4.906430870294571,41.62759018827308,6.979742889684172,943.2418867109346,0,734.6143824159989,734.8089731756909,1350.0,1500.0,-0.8641045158728957,0.21557550163375905,0.0,0.0,0.0,0.0,0.0,0,0,0,0.0,0,0,True,0,0,,,,0.162203999934718,0.41503351991195825,0.890834000074392,1.5537401538155229,8.661292064934969,-4.906430870294571,26.816726215451776,6.992278339340174,943.2418867109346,0,473.21120459083187,473.36804665336956,1500.0,1358.2936509011276,-1.601569396443665,0.2755904930677181,0.0,0.0,0.0,0.0,0.0,0,0,0,0.0,0,0,True,0,0,,,,0.16305100007230067,0.4109373500409672,0.4912619999686285,1.546360501339401,8.661292064934969,-4.906430870294571,30.19336331368384,6.979742889684172,943.2418867109346,0,532.962262949474,532.9723434122491,1350.0,1358.2936509011276,-1.601569396443665,0.27982698750516355,0.0,0.0,0.0,0.0,0.0,0,0,0,0.0,0,0,True,0,0,,,,0.16305100007230067,0.4109373500409672,0.4912619999686285,1.674623997490018,4.616286695934832,-4.047538074664772,11.434226874589243,9.079672483241545,1130.7650892821891,0,201.65211946652482,201.8366297634418,1358.2936509011276,1500.0,-0.8641045158728957,0.0004077349946369768,0.0,0.0,0.0,0.0,0.0,0,0,0,0.0,0,0,True,0,0,,,,0.162203999934718,0.41503351991195825,0.890834000074392,,,,,,,,,,,,
Mar2015,400.0,True,180.0,pid_lowdrag_preview,4,97.08333333333333,1.668768006286738,6.82193495798856,-6.715794603340328,41.60885422702338,6.970200759815834,941.9074542914689,0,734.7412225723483,734.4782465497825,1350.0,1500.0,-0.6723978733643889,0.21552044448809593,0.0,0.0,0.0,0.0,0.0,0,0,0,0.0,0,0,True,0,0,,,,0.15760699989186833,0.26889367999501745,0.5101299998386821,1.5830095654935608,6.444187857210636,-5.315145714208484,26.80688105074534,6.970200759815834,941.9074542914689,0,473.36358000900253,473.19426010132446,1500.0,1356.9841777744912,-0.9557396415621042,0.27544162933573046,0.0,0.0,0.0,0.0,0.0,0,0,0,0.0,0,0,True,0,0,,,,0.1584640000373838,0.25635863005390996,0.5101299998386821,1.5772058986565736,6.444187857210636,-5.315145714208484,30.18347248335542,6.970200759815834,941.9074542914689,0,533.1088750231721,532.7977507720145,1350.0,1356.9841777744912,-0.9557396415621042,0.279732842767914,0.0,0.0,0.0,0.0,0.0,0,0,0,0.0,0,0,True,0,0,,,,0.1584640000373838,0.25635863005390996,0.5101299998386821,1.9442449892507216,6.82193495798856,-6.715794603340328,11.425381743667959,8.915778563777758,1129.2440147857144,0,201.6323475491762,201.680495777768,1356.9841777744912,1500.0,-0.6723978733643889,0.00048357583010028016,0.0,0.0,0.0,0.0,0.0,0,0,0,0.0,0,0,True,0,0,,,,0.15760699989186833,0.26889367999501745,0.5101299998386821,,,,,,,,,,,,
Mar2015,400.0,True,180.0,swmpc,0,97.08333333333333,1.4087284023124835,4.5950925555080175,-4.5950925555080175,41.30168985155581,5.331930152427761,1013.8798580309591,0,729.4240738627294,729.0561902089677,1350.0,1500.0,-3.8673793440684676,0.20354243953502027,45.91874408248512,0.0,1.113499554753943e-14,45.91874408248512,0.0,0,0,0,0.0,0,0,True,1008,0,3.3286141825860036e-11,2.1274994775380594e-13,2.7055622604655995e-10,0.7254939998802001,2.049953319910856,7.838597000045411,1.343596845163636,4.298425639048219,-4.298425639048219,26.538674489603117,5.331930152427761,1013.8798580309591,0,468.12187419810203,468.45988593023515,1499.9999999999998,1369.1234094419187,2.3926047049462795,0.2621441247006985,45.91874408248512,0.0,9.268238731996023e-15,45.91874408248512,0.0,0,0,0,0.0,0,0,True,1008,0,3.3286141825860036e-11,2.1274994775380594e-13,2.7055622604655995e-10,0.7584640001141452,2.611404779911469,7.838597000045411,1.3228012299313674,4.298425639048219,-4.298425639048219,29.916225958616298,5.331930152427761,1013.8798580309591,0,527.8549963665735,528.0803231347118,1350.0,1369.1234094419187,2.3926047049462795,0.2641050263499798,45.91874408248512,0.0,1.113499554753943e-14,45.91874408248512,0.0,0,0,0,0.0,0,0,True,1008,0,3.3286141825860036e-11,2.1274994775380594e-13,2.7055622604655995e-10,0.7584640001141452,2.611404779911469,7.838597000045411,1.6644909307972373,4.5950925555080175,-4.5950925555080175,11.385463892939509,8.507461484959267,1129.5114418428363,0,201.56907749615596,200.97586707425592,1369.1234094419187,1500.0,-3.8673793440684676,0.0007281953174822497,0.0,0.0,0.0,0.0,0.0,0,0,0,0.0,0,0,True,1008,0,3.3286141825860036e-11,2.1274994775380594e-13,2.7055622604655995e-10,0.7254939998802001,2.049953319910856,7.838597000045411,0.28331750002053013,0.8559304698996989,6.3927549999789335,0.28331750002053013,0.8559304698996989,6.3927549999789335,0.28331750002053013,0.8559304698996989,6.3927549999789335,0.28331750002053013,0.8559304698996989,6.3927549999789335
Mar2015,400.0,True,180.0,swmpc,1,97.08333333333333,1.41218355452431,5.328680013306439,-5.328680013306439,41.298100213512015,5.520489567932096,1019.0159134363879,0,728.8601851887323,728.9928260259082,1350.0,1500.0,0.06415141094475985,0.20469860635826076,45.92746176934892,0.0,1.1888798498681495e-14,45.92746176934892,0.0,0,0,0,0.0,0,0,True,1008,0,1.869559361790039e-11,2.52151299097183e-13,2.0437378164331735e-10,0.6909520000135672,0.8546769600070548,1.0587780000150815,1.329400059202105,4.049735168926418,-3.564480339176953,26.51375272590415,5.520489567932096,1019.0159134363879,0,467.66962581853045,468.01996770507634,1499.9999999999998,1367.3162926443028,1.7977710757404566,0.26354310575161244,45.92746176934892,0.0,1.1888798498681495e-14,45.92746176934892,0.0,0,0,0,0.0,0,0,True,1008,0,1.869559361790039e-11,2.52151299097183e-13,2.0437378164331735e-10,0.7120400000530935,0.8656118000521928,1.0587780000150815,1.288213134610143,4.049735168926418,-3.564480339176953,29.886524902361472,5.520489567932096,1019.0159134363879,0,527.2985148718718,527.5560409807357,1350.0,1367.3162926443028,1.7977710757404566,0.2655977622263077,45.92746176934892,0.0,1.1888798498681495e-14,45.92746176934892,0.0,0,0,0,0.0,0,0,True,1008,0,1.869559361790039e-11,2.52151299097183e-13,2.0437378164331735e-10,0.7120400000530935,0.8656118000521928,1.0587780000150815,1.7650355006368885,5.328680013306439,-5.328680013306439,11.411575311150543,8.473368151829785,1130.4505498534309,0,201.5616703168605,201.43678504517254,1367.3162926443028,1500.0,0.06415141094475985,0.0007572471722423479,0.0,0.0,0.0,0.0,0.0,0,0,0,0.0,0,0,True,1008,0,1.869559361790039e-11,2.52151299097183e-13,2.0437378164331735e-10,0.6909520000135672,0.8546769600070548,1.0587780000150815,0.2614649999941321,0.3943339400666443,0.5666249999194406,0.2614649999941321,0.3943339400666443,0.5666249999194406,0.2614649999941321,0.3943339400666443,0.5666249999194406,0.2614649999941321,0.3943339400666443,0.5666249999194406
Mar2015,400.0,True,180.0,swmpc,2,97.08333333333333,1.4755343769385834,5.833292426541448,-4.5038360906764865,41.29937965647974,5.479052879386819,1017.419771606028,0,728.9015433338656,729.0154107147897,1350.0,1500.0,0.8966669868677855,0.2045112826058132,45.946363756165184,0.0,1.1527781422261995e-14,45.946363756165184,0.0,0,0,0,0.0,0,0,True,1008,0,1.695338375765384e-11,2.3518687597555396e-13,3.21579757753725e-10,0.7027699998616299,0.9944070399797057,6.126764000100593,1.441835049592757,5.02521148789674,-3.694254041649401,26.485766614723797,5.479052879386819,1017.419771606028,0,467.6243311243197,467.5259577101059,1500.0,1361.3590682332645,0.34076374769210815,0.26358771008591286,45.946363756165184,0.0,1.1032180909298535e-14,45.946363756165184,0.0,0,0,0,0.0,0,0,True,1008,0,1.695338375765384e-11,2.3518687597555396e-13,3.21579757753725e-10,0.7286390000444953,1.0195551001129382,6.126764000100593,1.398841358651843,5.02521148789674,-3.694254041649401,29.868918695292482,5.479052879386819,1017.419771606028,0,527.3330783750695,527.2452567417419,1350.0,1361.3590682332645,0.34076374769210815,0.2653637254132397,45.946363756165184,0.0,1.1527781422261995e-14,45.946363756165184,0.0,0,0,0,0.0,0,0,True,1008,0,1.695338375765384e-11,2.3518687597555396e-13,3.21579757753725e-10,0.7286390000444953,1.0195551001129382,6.126764000100593,1.707464380890757,5.833292426541448,-4.5038360906764865,11.430460961187261,8.509619855179336,1128.4022930061974,0,201.56846495879608,201.77015397304785,1361.3590682332645,1500.0,0.8966669868677855,0.0007263578553616812,0.0,0.0,0.0,0.0,0.0,0,0,0,0.0,0,0,True,1008,0,1.695338375765384e-11,2.3518687597555396e-13,3.21579757753725e-10,0.7027699998616299,0.9944070399797057,6.126764000100593,0.26707799997893744,0.4618746999108222,2.1660279999196064,0.26707799997893744,0.4618746999108222,2.1660279999196064,0.26707799997893744,0.4618746999108222,2.1660279999196064,0.26707799997893744,0.4618746999108222,2.1660279999196064
Mar2015,400.0,True,180.0,swmpc,3,97.08333333333333,1.4292280783373914,6.120260531082749,-4.240260150283575,41.28279709932539,4.877961582831568,1017.1691844959972,0,728.5281105117286,728.722695913373,1350.0,1500.0,-0.8641040381044149,0.20502256903005045,45.92652535234649,0.0,1.5238810543554077e-14,45.92652535234649,0.0,0,0,0,0.0,0,0,True,1008,0,1.9099388737231493e-11,3.050136891835803e-13,3.543355074371924e-10,0.7028900001841976,1.0395488001267954,3.183632999935071,1.3640318624825754,6.120260531082749,-4.240260150283575,26.490551537180973,4.877961582831568,1017.1691844959972,0,467.1592013839978,467.61042101777156,1499.9999999999998,1363.3118836762928,1.662926871329546,0.26456938987580736,45.92652535234649,0.0,1.5238810543554077e-14,45.92652535234649,0.0,0,0,0,0.0,0,0,True,1008,0,1.9099388737231493e-11,3.050136891835803e-13,3.543355074371924e-10,0.730236999970657,1.051433579882541,3.183632999935071,1.3468420942586674,6.120260531082749,-4.240260150283575,29.86084984932494,4.877961582831568,1017.1691844959972,0,526.961428137443,527.1028257147875,1350.0,1363.3118836762928,1.662926871329546,0.26602391373468737,45.92652535234649,0.0,1.5238810543554077e-14,45.92652535234649,0.0,0,0,0,0.0,0,0,True,1008,0,1.9099388737231493e-11,3.050136891835803e-13,3.543355074371924e-10,0.730236999970657,1.051433579882541,3.183632999935071,1.6758887264910844,4.6289995312690735,-4.0475372998043895,11.421947250000454,8.494779422096105,1130.7650932420745,0,201.56668237428562,201.61987019858543,1363.3118836762928,1500.0,-0.8641040381044149,0.0007389960656851713,0.0,0.0,0.0,0.0,0.0,0,0,0,0.0,0,0,True,1008,0,1.9099388737231493e-11,3.050136891835803e-13,3.543355074371924e-10,0.7028900001841976,1.0395488001267954,3.183632999935071,0.2661219998572051,0.4763084699879979,1.4262820000112697,0.2661219998572051,0.4763084699879979,1.4262820000112697,0.2661219998572051,0.4763084699879979,1.4262820000112697,0.2661219998572051,0.4763084699879979,1.4262820000112697
Mar2015,400.0,True,180.0,swmpc,4,97.08333333333333,1.5264507497222966,6.821954535320401,-6.715787990018725,41.28239273354872,5.463291680454505,1015.6514743281822,0,728.9785394232763,728.7155580608256,1350.0,1500.0,-0.6723963068798184,0.2043392979116463,45.93169878725768,0.0,1.2231480175876457e-14,45.93169878725768,0.0,0,0,0,0.0,0,0,True,1008,0,1.733225513124772e-11,2.1677862530623608e-13,3.5173524384488744e-10,0.6962110001040855,1.4510131600673104,9.935354000162988,1.3932101854204546,4.113120200112462,-3.6143030803650618,26.51439063979708,5.463291680454505,1015.6514743281822,0,467.6870487167304,468.0312281419786,1499.9999999999998,1360.7360439213753,2.3294794764369726,0.26335256976492327,45.93169878725768,0.0,1.2231480175876457e-14,45.93169878725768,0.0,0,0,0,0.0,0,0,True,1008,0,1.733225513124772e-11,2.1677862530623608e-13,3.5173524384488744e-10,0.7225650000464157,2.1269766301406867,9.935354000162988,1.3754587651286723,4.113120200112462,-3.6143030803650618,29.88397906157473,5.463291680454505,1015.6514743281822,0,527.3965128149721,527.5111018755453,1350.0,1360.7360439213753,2.3294794764369726,0.26515465386837933,45.93169878725768,0.0,1.2231480175876457e-14,45.93169878725768,0.0,0,0,0,0.0,0,0,True,1008,0,1.733225513124772e-11,2.1677862530623608e-13,3.5173524384488744e-10,0.7225650000464157,2.1269766301406867,9.935354000162988,1.9486906897179281,6.821954535320401,-6.715787990018725,11.398413671973987,8.565842851044316,1129.244330386532,0,201.5820266083042,201.20445618528038,1360.7360439213753,1500.0,-0.6723963068798184,0.0006785709867733747,0.0,0.0,0.0,0.0,0.0,0,0,0,0.0,0,0,True,1008,0,1.733225513124772e-11,2.1677862530623608e-13,3.5173524384488744e-10,0.6962110001040855,1.4510131600673104,9.935354000162988,0.2660720000449146,0.521067630170364,9.370761000127459,0.2660720000449146,0.521067630170364,9.370761000127459,0.2660720000449146,0.521067630170364,9.370761000127459,0.2660720000449146,0.521067630170364,9.370761000127459
Mar2015,400.0,True,180.0,swmpc_nosw,0,97.08333333333333,1.37578400521746,4.358929553069174,-4.28271263372153,41.403864301341166,5.852555529658648,1013.2869102015211,0,731.2414623273551,730.8597705313464,1350.0,1500.0,-3.8083881326019764,0.2007991100176616,45.88151086284404,0.0,1.1873254473096798e-14,45.88151086284404,0.0,0,0,0,0.0,0,0,True,1008,0,3.728928277269006e-11,2.402714680946756e-13,2.839431038227761e-10,0.7075979999626725,1.3135520799369311,3.8523139999142586,1.3038205120729207,4.241716934368014,-4.241716934368014,26.651383879611828,5.852555529658648,1013.2869102015211,0,470.1126613726786,470.4494287013874,1499.9999999999998,1368.0500204047128,2.3168934285640717,0.2573253140873085,45.88151086284404,0.0,1.1873254473096798e-14,45.88151086284404,0.0,0,0,0,0.0,0,0,True,1008,0,3.728928277269006e-11,2.402714680946756e-13,2.839431038227761e-10,0.7372719999239052,1.8322029899968506,3.8523139999142586,1.298180649149439,4.28271263372153,-4.28271263372153,30.019153897805545,5.852555529658648,1013.2869102015211,0,529.6761646289967,529.8972040294423,1350.0,1368.0500204047128,2.3168934285640717,0.2605381816705994,45.88151086284404,0.0,1.1873254473096798e-14,45.88151086284404,0.0,0,0,0,0.0,0,0,True,1008,0,3.728928277269006e-11,2.402714680946756e-13,2.839431038227761e-10,0.7372719999239052,1.8322029899968506,3.8523139999142586,1.6086311741290253,4.358929553069174,-4.248526034876704,11.384710403535621,8.490451020111864,1129.5338443564617,0,201.56529769835834,200.96256650190412,1368.0500204047128,1500.0,-3.8083881326019764,0.0007426840171252946,0.0,0.0,0.0,0.0,0.0,0,0,0,0.0,0,0,True,1008,0,3.728928277269006e-11,2.402714680946756e-13,2.839431038227761e-10,0.7075979999626725,1.3135520799369311,3.8523139999142586,0.2592165000123714,0.5247889000793287,3.359589999945456,0.2592165000123714,0.5247889000793287,3.359589999945456,0.2592165000123714,0.5247889000793287,3.359589999945456,0.2592165000123714,0.5247889000793287,3.359589999945456
Mar2015,400.0,True,180.0,swmpc_nosw,1,97.08333333333333,1.3685915570375022,5.0911439917981625,-5.0911439917981625,41.43179114757987,5.932204697570658,1018.1976688936145,0,731.2333224402985,731.3527343833481,1350.0,1500.0,0.1721227215602994,0.20101582449149047,45.87982015785356,0.0,1.226951404099303e-14,45.87982015785356,0.0,0,0,0,0.0,0,0,True,1008,0,1.6645030076293688e-11,2.779529242331412e-13,2.5633375139716543e-10,0.7020699999884528,1.0666307200972378,3.7744950000160316,1.2833445008357756,3.7250820118933916,-3.401338854804635,26.650559879383923,5.932204697570658,1018.1976688936145,0,470.08830138907916,470.4348834740944,1500.0,1366.1351874499192,1.8208879325538874,0.2577808161111873,45.87982015785356,0.0,1.226951404099303e-14,45.87982015785356,0.0,0,0,0,0.0,0,0,True,1008,0,1.6645030076293688e-11,2.779529242331412e-13,2.5633375139716543e-10,0.728013499951885,1.2021754900365518,3.7744950000160316,1.2538580240197907,3.7250820118933916,-3.401338854804635,30.02057013913071,5.932204697570658,1018.1976688936145,0,529.6730513112634,529.9222034788368,1350.0,1366.1351874499192,1.8208879325538874,0.26081374733187446,45.87982015785356,0.0,1.226951404099303e-14,45.87982015785356,0.0,0,0,0,0.0,0,0,True,1008,0,1.6645030076293688e-11,2.779529242331412e-13,2.5633375139716543e-10,0.728013499951885,1.2021754900365518,3.7744950000160316,1.6972479842072619,5.0911439917981625,-5.0911439917981625,11.41122100844916,8.467426376196093,1130.4963372158704,0,201.56027112903507,201.43053090451133,1366.1351874499192,1500.0,0.1721227215602994,0.0007623154446231295,0.0,0.0,0.0,0.0,0.0,0,0,0,0.0,0,0,True,1008,0,1.6645030076293688e-11,2.779529242331412e-13,2.5633375139716543e-10,0.7020699999884528,1.0666307200972378,3.7744950000160316,0.25958150001770264,0.46003819995803463,1.9175639999957639,0.25958150001770264,0.46003819995803463,1.9175639999957639,0.25958150001770264,0.46003819995803463,1.9175639999957639,0.25958150001770264,0.46003819995803463,1.9175639999957639
Mar2015,400.0,True,180.0,swmpc_nosw,2,97.08333333333333,1.429864558374969,5.495760514400899,-4.293342046439648,41.41614963507559,6.030193523431163,1016.7743020833458,0,730.9778668228846,731.0766308738688,1350.0,1500.0,0.9967653984203935,0.20125754038858312,45.882642633844455,0.0,1.205676776085092e-14,45.882642633844455,0.0,0,0,0,0.0,0,0,True,1008,0,1.713314373570699e-11,2.456704573874927e-13,4.1376972791238354e-10,0.6982229999721312,1.0164441599954446,1.349215999880471,1.393605139431396,4.327707313932478,-3.9607134955003858,26.60971338461809,6.030193523431163,1016.7743020833458,0,469.79236851862066,469.7138623738752,1500.0,1361.1131952153162,0.5589017877355218,0.2583077017012172,45.882642633844455,0.0,1.205676776085092e-14,45.882642633844455,0.0,0,0,0,0.0,0,0,True,1008,0,1.713314373570699e-11,2.456704573874927e-13,4.1376972791238354e-10,0.7268869999279559,1.0315821701487942,1.349215999880471,1.359290652503757,4.327707313932478,-3.9607134955003858,29.98793456039927,6.030193523431163,1016.7743020833458,0,529.4087863156939,529.3461212221292,1350.0,1361.1131952153162,0.5589017877355218,0.261139238503699,45.882642633844455,0.0,1.205676776085092e-14,45.882642633844455,0.0,0,0,0,0.0,0,0,True,1008,0,1.713314373570699e-11,2.456704573874927e-13,4.1376972791238354e-10,0.7268869999279559,1.0315821701487942,1.349215999880471,1.6442940897964577,5.495760514400899,-4.293342046439648,11.42821507467632,8.512998963886162,1128.6711914133411,0,201.56908050719073,201.73050965173957,1361.1131952153162,1500.0,0.9967653984203935,0.000723481584473884,0.0,0.0,0.0,0.0,0.0,0,0,0,0.0,0,0,True,1008,0,1.713314373570699e-11,2.456704573874927e-13,4.1376972791238354e-10,0.6982229999721312,1.0164441599954446,1.349215999880471,0.2558715000304801,0.452004509868402,0.7605780001540552,0.2558715000304801,0.452004509868402,0.7605780001540552,0.2558715000304801,0.452004509868402,0.7605780001540552,0.2558715000304801,0.452004509868402,0.7605780001540552
Mar2015,400.0,True,180.0,swmpc_nosw,3,97.08333333333333,1.384288345642912,5.090732390992343,-4.014770829118788,41.42661721597048,5.873859872460232,1016.4024058137098,0,731.0806632186234,731.2614042977905,1350.0,1500.0,-0.761762953363359,0.20101535776518886,45.8842532068411,0.0,1.177023473748309e-14,45.8842532068411,0.0,0,0,0,0.0,0,0,True,1008,0,1.7087723916214682e-11,2.0141824830750788e-13,3.029346270786383e-10,0.70224999990387,1.0366188400621474,1.3460809998377954,1.323578283530726,5.090732390992343,-4.014770829118788,26.636241354737844,5.97526943133974,1016.4024058137098,0,469.69932568961207,470.18213330659506,1499.9999999999995,1363.7890640907447,1.8499023541808128,0.2585158505399916,45.8842532068411,0.0,1.177023473748309e-14,45.8842532068411,0.0,0,0,0,0.0,0,0,True,1008,0,1.7087723916214682e-11,2.0141824830750788e-13,3.029346270786383e-10,0.7333964999816089,1.07655106011407,1.3460809998377954,1.3137501791749349,5.090732390992343,-4.014770829118788,30.00710979295616,5.873859872460232,1016.4024058137098,0,529.5153170973723,529.6846018519715,1350.0,1363.7890640907447,1.8499023541808128,0.2608186855482407,45.8842532068411,0.0,1.177023473748309e-14,45.8842532068411,0.0,0,0,0,0.0,0,0,True,1008,0,1.7087723916214682e-11,2.0141824830750788e-13,3.029346270786383e-10,0.7333964999816089,1.07655106011407,1.3460809998377954,1.5979947250360356,4.298607133328915,-3.8794018905609846,11.41950742301432,8.489201923189832,1130.8313683627784,0,201.56534612125108,201.576802445819,1363.7890640907447,1500.0,-0.761762953363359,0.0007437484452008647,0.0,0.0,0.0,0.0,0.0,0,0,0,0.0,0,0,True,1008,0,1.7087723916214682e-11,2.0141824830750788e-13,3.029346270786383e-10,0.70224999990387,1.0366188400621474,1.3460809998377954,0.2602375000151369,0.48749252996458375,0.6078070000512525,0.2602375000151369,0.48749252996458375,0.6078070000512525,0.2602375000151369,0.48749252996458375,0.6078070000512525,0.2602375000151369,0.48749252996458375,0.6078070000512525
Mar2015,400.0,True,180.0,swmpc_nosw,4,97.08333333333333,1.4876828119847714,6.537108997814357,-6.419967556372285,41.39467457243523,5.552894210635776,1015.0682989149365,0,730.9769839093535,730.6975537123903,1350.0,1500.0,-0.5832443963736296,0.20111122266603199,45.87263675024361,0.0,1.2089244726228029e-14,45.87263675024361,0.0,0,0,0,0.0,0,0,True,1008,0,1.7524590095455458e-11,2.504751049814085e-13,4.1611062503502853e-10,0.7118949999949109,1.196104160026153,1.5222269998957927,1.359427102963761,4.228906976059079,-4.228906976059079,26.629300062153806,6.014488353011949,1015.0682989149365,0,469.6756467641268,470.05960581813287,1499.9999999999998,1360.6677315619168,2.4203409366309643,0.2584692677595707,45.87263675024361,0.0,1.1109736980835657e-14,45.87263675024361,0.0,0,0,0,0.0,0,0,True,1008,0,1.7524590095455458e-11,2.504751049814085e-13,4.1611062503502853e-10,0.742479999871648,1.2289407501589251,1.5222269998957927,1.3518172810120241,4.228906976059079,-4.228906976059079,29.998957750630804,5.552894210635776,1015.0682989149365,0,529.3942230320519,529.5407022453983,1350.0,1360.6677315619168,2.4203409366309643,0.26096364540130346,45.87263675024361,0.0,1.2089244726228029e-14,45.87263675024361,0.0,0,0,0,0.0,0,0,True,1008,0,1.7524590095455458e-11,2.504751049814085e-13,4.1611062503502853e-10,0.742479999871648,1.2289407501589251,1.5222269998957927,1.8722042316667906,6.537108997814357,-6.419967556372285,11.395716821804424,8.569812686031185,1129.3885126495366,0,201.58276087730167,201.15685146699207,1360.6677315619168,1500.0,-0.5832443963736296,0.0006752023432624599,0.0,0.0,0.0,0.0,0.0,0,0,0,0.0,0,0,True,1008,0,1.7524590095455458e-11,2.504751049814085e-13,4.1611062503502853e-10,0.7118949999949109,1.196104160026153,1.5222269998957927,0.26566100007130444,0.5339185700950108,0.6467969999448542,0.26566100007130444,0.5339185700950108,0.6467969999448542,0.26566100007130444,0.5339185700950108,0.6467969999448542,0.26566100007130444,0.5339185700950108,0.6467969999448542
Mar2015,550.0,False,0.0,pid_lowdrag_preview,0,96.75,0.6471820175544228,2.7393070328980684,-2.7393070328980684,3.331495940056293,6.701492714790956,1137.8562178381533,0,58.85107901284093,58.8074663889952,1350.0,1500.0,-0.28383483551442623,0.27403798340874697,0.0,0.0,0.0,0.0,0.0,0,0,0,0.0,0,0,True,0,0,,,,0.16284499997709645,0.43126000011398,8.973702000048434,0.6039430380466259,2.208284303545952,-1.690995546989143,2.144092109542965,6.703402355901005,1138.3914523272988,0,37.73464489970982,37.8474495948892,1279.7083627065124,1188.8903392596349,0.501349844969809,0.3546259554295721,0.0,0.0,0.0,0.0,0.0,0,0,0,0.0,0,0,True,0,0,,,,0.16401749996930448,0.41877833002445153,1.3576879998709046,0.5955207602981094,2.208284303545952,-1.690995546989143,2.3942217747676158,6.701492714790956,1138.3914523272988,0,42.19481955362654,42.26273094154478,1350.0,1188.8903392596349,0.501349844969809,0.3545708289831334,0.0,0.0,0.0,0.0,0.0,0,0,0,0.0,0,0,True,0,0,,,,0.16401749996930448,0.41877833002445153,1.3576879998709046,0.7979561856978955,2.7393070328980684,-2.7393070328980684,0.9372741652886774,8.5348525961077,1137.8562178381533,0,16.65625945921439,16.54473544745042,1188.8903392596349,1500.0,-0.28383483551442623,0.0007143863077988533,0.0,0.0,0.0,0.0,0.0,0,0,0,0.0,0,0,True,0,0,,,,0.16284499997709645,0.43126000011398,8.973702000048434,,,,,,,,,,,,
Mar2015,550.0,False,0.0,pid_lowdrag_preview,1,96.75,0.6351407301807498,2.051138929091394,-1.8882421609014273,3.328536488409586,6.698983399225674,1137.9326962208365,0,58.84863657821705,58.755226237311014,1350.0,1500.0,-0.5834242096170783,0.27400451615244836,0.0,0.0,0.0,0.0,0.0,0,0,0,0.0,0,0,True,0,0,,,,0.167682999972385,0.3880207201109445,1.4145350000944745,0.6642387473224728,2.051138929091394,-1.8882421609014273,2.1380646326854613,6.698983399225674,1137.9326962208365,0,37.73180817733749,37.74105275422448,1279.7074496035523,1189.045679266678,0.5705116139724851,0.35456095012839717,0.0,0.0,0.0,0.0,0.0,0,0,0,0.0,0,0,True,0,0,,,,0.16956599995410215,0.3710529101340396,1.4145350000944745,0.6377511343966021,2.051138929091394,-1.8882421609014273,2.3962025395798747,6.698983399225674,1137.9326962208365,0,42.192299624084704,42.297695342587474,1350.0,1189.045679266678,0.5705116139724851,0.3545299690800544,0.0,0.0,0.0,0.0,0.0,0,0,0,0.0,0,0,True,0,0,,,,0.16956599995410215,0.3710529101340396,1.4145350000944745,0.6262000425607689,1.791348408907652,-1.5412614569067955,0.9323339488297111,8.544578628325295,1138.7979821321608,0,16.656336954132342,16.45753089472354,1189.045679266678,1500.0,-0.5834242096170783,0.0007060092466341095,0.0,0.0,0.0,0.0,0.0,0,0,0,0.0,0,0,True,0,0,,,,0.167682999972385,0.3880207201109445,1.4145350000944745,,,,,,,,,,,,
Mar2015,550.0,False,0.0,pid_lowdrag_preview,2,96.75,0.6109415785455306,1.9642708227038383,-1.465547169558704,3.3329863367435486,6.700858864823994,1138.45684885204,0,58.85623365193448,58.833774826607744,1350.0,1500.0,-0.2117453347891569,0.27400568042844975,0.0,0.0,0.0,0.0,0.0,0,0,0,0.0,0,0,True,0,0,,,,0.1608830000350281,0.3827178399387777,1.282705999983591,0.5990366885157367,1.7466735020279884,-1.465547169558704,2.1406243930392916,6.7047601946212065,1138.45684885204,0,37.739963478567866,37.786237567198114,1279.3819903997066,1189.2176092110203,0.6240115091204643,0.3545559479682028,0.0,0.0,0.0,0.0,0.0,0,0,0,0.0,0,0,True,0,0,,,,0.16241499997704523,0.39453072005471723,1.282705999983591,0.5797140955039676,1.7466735020279884,-1.465547169558704,2.3939575480569553,6.700858864823994,1138.45684885204,0,42.20011809383333,42.25806681957527,1350.0,1189.2176092110203,0.6240115091204643,0.35452758696674125,0.0,0.0,0.0,0.0,0.0,0,0,0,0.0,0,0,True,0,0,,,,0.16241499997704523,0.39453072005471723,1.282705999983591,0.7067108910075596,1.9642708227038383,-1.1458691479638219,0.9390287886865933,8.529254821119881,1138.966764233597,0,16.65611555810115,16.575708007032475,1189.2176092110203,1500.0,-0.2117453347891569,0.0007192097530357433,0.0,0.0,0.0,0.0,0.0,0,0,0,0.0,0,0,True,0,0,,,,0.1608830000350281,0.3827178399387777,1.282705999983591,,,,,,,,,,,,
Mar2015,550.0,False,0.0,pid_lowdrag_preview,3,96.75,0.6194958663638934,1.923532490618527,-1.923532490618527,3.3237464353806927,6.700195314038168,1138.1955367652126,0,58.8511465256085,58.670672364946775,1350.0,1500.0,-1.0654056444764137,0.27399032328092787,0.0,0.0,0.0,0.0,0.0,0,0,0,0.0,0,0,True,0,0,,,,0.1655200001096091,0.42587520001688983,1.4773000000332104,0.660170252145314,1.923532490618527,-1.923532490618527,2.1468239251526366,6.700195314038168,1138.663121676434,0,37.73494995418226,37.895671522076356,1279.56613386942,1188.5433392183195,0.8323204228654504,0.3545251526145379,0.0,0.0,0.0,0.0,0.0,0,0,0,0.0,0,0,True,0,0,,,,0.16764300005434052,0.44294106005963835,1.4773000000332104,0.6403351557485881,1.923532490618527,-1.923532490618527,2.396871649118258,6.700195314038168,1138.663121676434,0,42.194913562598856,42.30950644408577,1350.0,1188.5433392183195,0.8323204228654504,0.35450854317000713,0.0,0.0,0.0,0.0,0.0,0,0,0,0.0,0,0,True,0,0,,,,0.16764300005434052,0.44294106005963835,1.4773000000332104,0.5428357951137934,1.5296298367902637,-1.5296298367902637,0.9268747862624349,8.532556195393601,1138.1955367652126,0,16.656232963009643,16.361165920861005,1188.5433392183195,1500.0,-1.0654056444764137,0.0007163648695067693,0.0,0.0,0.0,0.0,0.0,0,0,0,0.0,0,0,True,0,0,,,,0.1655200001096091,0.42587520001688983,1.4773000000332104,,,,,,,,,,,,
Mar2015,550.0,False,0.0,pid_lowdrag_preview,4,96.75,0.6387799270935489,2.412241836078465,-1.6492344150319695,3.3360074508210715,6.7048514322767,1137.836427922949,0,58.8531341709157,58.88710344167039,1350.0,1500.0,0.4446738362312317,0.2740232635702693,0.0,0.0,0.0,0.0,0.0,0,0,0,0.0,0,0,True,0,0,,,,0.16019200006667234,0.33301631990070824,1.4928729999610368,0.6314182104994793,2.412241836078465,-1.4961228976026177,2.1437423336874226,6.7048514322767,1138.3461713188783,0,37.73671870463494,37.84127536198063,1279.8419637840493,1188.9518044172917,0.8639220483601093,0.3545795032148946,0.0,0.0,0.0,0.0,0.0,0,0,0,0.0,0,0,True,0,0,,,,0.16101300002446806,0.33239555990348785,1.4928729999610368,0.6154063826955694,2.412241836078465,-1.4961228976026177,2.395712028633753,6.7048514322767,1138.3461713188783,0,42.19690772114639,42.28903685808239,1350.0,1188.9518044172917,0.8639220483601093,0.35455142379080784,0.0,0.0,0.0,0.0,0.0,0,0,0,0.0,0,0,True,0,0,,,,0.16101300002446806,0.33239555990348785,1.4928729999610368,0.7124130682908839,2.111097764223814,-1.6492344150319695,0.9402954221873183,8.533480719047747,1137.836427922949,0,16.656226449769314,16.598066583588,1188.9518044172917,1500.0,0.4446738362312317,0.0007155682763204663,0.0,0.0,0.0,0.0,0.0,0,0,0,0.0,0,0,True,0,0,,,,0.16019200006667234,0.33301631990070824,1.4928729999610368,,,,,,,,,,,,
Mar2015,550.0,False,0.0,swmpc,0,96.75,0.6225002730003519,2.7497812947258353,-2.7497812947258353,3.381231034989051,5.199999999999999,1137.8413957669807,0,59.72922853047561,59.68538879269567,1350.0,1500.0,-0.2859347341582179,0.22297054544294126,34.23864898148023,0.0,1.1130946911121243e-14,34.23864898148023,0.0,0,0,0,0.0,0,0,True,1008,0,1.0425851001842046e-10,1.4726256780835326e-13,2.799323672887417e-10,0.7475590000467491,1.2443379599972104,2.5315110001429275,0.558965900977334,2.079281585291028,-1.4640881288796663,2.1880978824987856,5.2048638880453275,1137.8413957669807,0,38.546971891964866,38.624238178931826,1279.5447451385628,1221.3345457762273,0.25435662642121315,0.2888434714343675,34.23864898148023,0.0,1.1130946911121243e-14,34.23864898148023,0.0,0,0,0,0.0,0,0,True,1008,0,1.0425851001842046e-10,1.4726256780835326e-13,2.799323672887417e-10,0.7840985000484579,1.260658520075139,2.5315110001429275,0.559823378647567,2.079281585291028,-1.4640881288796663,2.442315888375887,5.199999999999999,1137.8413957669807,0,43.06514215278239,43.11168679213424,1350.0,1221.3345457762273,0.25435662642121315,0.28865781293330073,34.23864898148023,0.0,1.1130946911121243e-14,34.23864898148023,0.0,0,0,0,0.0,0,0,True,1008,0,1.0425851001842046e-10,1.4726256780835326e-13,2.799323672887417e-10,0.7840985000484579,1.260658520075139,2.5315110001429275,0.7993824779923085,2.7497812947258353,-2.7497812947258353,0.938915146613164,9.924109069830642,1137.8507698782416,0,16.664086377693216,16.573702000561426,1221.3345457762273,1500.0,-0.2859347341582179,3.1940627175708336e-05,0.0,0.0,0.0,0.0,0.0,0,0,0,0.0,0,0,True,1008,0,1.0425851001842046e-10,1.4726256780835326e-13,2.799323672887417e-10,0.7475590000467491,1.2443379599972104,2.5315110001429275,0.28946650013494946,0.5714870701376636,1.6346469999461988,0.28946650013494946,0.5714870701376636,1.6346469999461988,0.28946650013494946,0.5714870701376636,1.6346469999461988,0.28946650013494946,0.5714870701376636,1.6346469999461988
Mar2015,550.0,False,0.0,swmpc,1,96.75,0.6191001210744584,2.2118180133402348,-1.7734589874744415,3.3770933761994155,5.199999999999999,1138.0479742194668,0,59.70624107300972,59.61235096387053,1350.0,1500.0,-0.586794781498611,0.22370630824743853,34.24432383110536,0.0,1.1408964758737681e-14,34.24432383110536,0.0,0,0,0,0.0,0,0,True,1008,0,6.374040058060492e-11,1.1966930041560606e-13,4.4197857242791473e-10,0.7163410000430304,0.9994611599358905,1.2229859999024484,0.6531434914263401,2.2118180133402348,-1.7734589874744415,2.1829897278886854,5.199999999999999,1138.0479742194668,0,38.52499388100496,38.534069186998806,1279.6562330723298,1221.949887887449,0.4266316695138812,0.28985308398656484,34.24432383110536,0.0,1.0900706196126304e-14,34.24432383110536,0.0,0,0,0,0.0,0,0,True,1008,0,6.374040058060492e-11,1.1966930041560606e-13,4.4197857242791473e-10,0.7463010000492432,1.013777179991848,1.2229859999024484,0.617330701989268,2.2118180133402348,-1.7734589874744415,2.442758116154266,5.199999999999999,1138.0479742194668,0,43.04215992127131,43.11949298361121,1350.0,1221.949887887449,0.4266316695138812,0.2896110228988724,34.24432383110536,0.0,1.1408964758737681e-14,34.24432383110536,0.0,0,0,0,0.0,0,0,True,1008,0,6.374040058060492e-11,1.1966930041560606e-13,4.4197857242791473e-10,0.7463010000492432,1.013777179991848,1.2229859999024484,0.6250680757667417,1.7952524470165372,-1.5984266744926572,0.9343352600451493,9.929430553247558,1138.8211956391738,0,16.664081151738408,16.492857980259323,1221.949887887449,1500.0,-0.586794781498611,2.9700945602839646e-05,0.0,0.0,0.0,0.0,0.0,0,0,0,0.0,0,0,True,1008,0,6.374040058060492e-11,1.1966930041560606e-13,4.4197857242791473e-10,0.7163410000430304,0.9994611599358905,1.2229859999024484,0.28327700010777335,0.45377390011253704,0.5928540001605143,0.28327700010777335,0.45377390011253704,0.5928540001605143,0.28327700010777335,0.45377390011253704,0.5928540001605143,0.28327700010777335,0.45377390011253704,0.5928540001605143
Mar2015,550.0,False,0.0,swmpc,2,96.75,0.5770632967764961,2.0139801865443587,-1.3078949395567179,3.3824655456084445,5.2023007046775795,1138.48099373626,0,59.730033856676464,59.70718033711333,1350.0,1500.0,-0.21445882879197598,0.22274775974850647,34.269521045718854,0.0,1.3514247497007142e-14,34.269521045718854,0.0,0,0,0,0.0,0,0,True,1008,0,7.045722966346868e-11,1.4618870684669057e-13,2.993891441863654e-10,0.7177429999956075,1.1671787200612016,1.3440180000543478,0.5616281171251537,1.956605770625174,-1.3078949395567179,2.1865717945377985,5.2023007046775795,1138.48099373626,0,38.54740167076004,38.597299720027294,1279.3909643020781,1223.2306229553699,0.45615879632532597,0.2885862846944206,34.269521045718854,0.0,1.2245645167706377e-14,34.269521045718854,0.0,0,0,0,0.0,0,0,True,1008,0,7.045722966346868e-11,1.4618870684669057e-13,2.993891441863654e-10,0.7438619999220464,1.1778478198698392,1.3440180000543478,0.5312468999047898,1.956605770625174,-1.3078949395567179,2.4424199227289938,5.2023007046775795,1138.48099373626,0,43.065980664406005,43.113523203414424,1350.0,1223.2306229553699,0.45615879632532597,0.2883708734565348,34.269521045718854,0.0,1.3514247497007142e-14,34.269521045718854,0.0,0,0,0,0.0,0,0,True,1008,0,7.045722966346868e-11,1.4618870684669057e-13,2.993891441863654e-10,0.7438619999220464,1.1778478198698392,1.3440180000543478,0.710874215119209,2.0139801865443587,-1.1456535533070564,0.9400456228794507,9.936111779088868,1138.9564944643864,0,16.66405319227046,16.593657133698905,1223.2306229553699,1500.0,-0.21445882879197598,2.688898186509192e-05,0.0,0.0,0.0,0.0,0.0,0,0,0,0.0,0,0,True,1008,0,7.045722966346868e-11,1.4618870684669057e-13,2.993891441863654e-10,0.7177429999956075,1.1671787200612016,1.3440180000543478,0.2829219999966881,0.5030633999444944,0.6109920000199054,0.2829219999966881,0.5030633999444944,0.6109920000199054,0.2829219999966881,0.5030633999444944,0.6109920000199054,0.2829219999966881,0.5030633999444944,0.6109920000199054
Mar2015,550.0,False,0.0,swmpc,3,96.75,0.6073658241214449,1.6295056203380227,-1.6295056203380227,3.3729487426367215,5.199999999999999,1138.1921315554875,0,59.7199882495643,59.53919001656153,1350.0,1500.0,-1.0672896783798933,0.22323302934313916,34.26560532759607,0.0,1.1987279812233625e-14,34.26560532759607,0.0,0,0,0,0.0,0,0,True,1008,0,8.641206327092738e-11,1.322469276520715e-13,2.73965520316337e-10,0.7023299999673327,1.0594735200265861,4.7787020000669145,0.651720342011692,1.6295056203380227,-1.6295056203380227,2.1913892096246603,5.199999999999999,1138.6519420214374,0,38.51710528455908,38.68233658661894,1279.5562229632005,1221.707164172115,0.5893776183947921,0.2897089520972881,34.26560532759607,0.0,1.1987279812233625e-14,34.26560532759607,0.0,0,0,0,0.0,0,0,True,1008,0,8.641206327092738e-11,1.322469276520715e-13,2.73965520316337e-10,0.7285794999916106,1.0874027899671999,4.7787020000669145,0.6255948848080708,1.6295056203380227,-1.6295056203380227,2.4438112928156857,5.199999999999999,1138.6519420214374,0,43.055882010550775,43.138083626444434,1350.0,1221.707164172115,0.5893776183947921,0.2889982872525021,34.26560532759607,0.0,1.1987279812233625e-14,34.26560532759607,0.0,0,0,0,0.0,0,0,True,1008,0,8.641206327092738e-11,1.322469276520715e-13,2.73965520316337e-10,0.7285794999916106,1.0874027899671999,4.7787020000669145,0.540936251116527,1.531947891227901,-1.531947891227901,0.9291374498210359,9.929362061805035,1138.1921315554875,0,16.664106239013527,16.401106390117093,1221.707164172115,1500.0,-1.0672896783798933,2.972977196757931e-05,0.0,0.0,0.0,0.0,0.0,0,0,0,0.0,0,0,True,1008,0,8.641206327092738e-11,1.322469276520715e-13,2.73965520316337e-10,0.7023299999673327,1.0594735200265861,4.7787020000669145,0.2687060000425845,0.4510867001931729,0.74716700009958,0.2687060000425845,0.4510867001931729,0.74716700009958,0.2687060000425845,0.4510867001931729,0.74716700009958,0.2687060000425845,0.4510867001931729,0.74716700009958
Mar2015,550.0,False,0.0,swmpc,4,96.75,0.6230181430681696,2.1433674162253737,-1.6478902576491237,3.3861875816034765,5.199999999999999,1137.8669776813815,0,59.738766245068746,59.77288160483736,1350.0,1500.0,0.4457764383405447,0.22267328871247583,34.252316587985504,0.0,1.2050409027758103e-14,34.252316587985504,0.0,0,0,0,0.0,0,0,True,1008,0,1.1618592061560488e-10,1.54381163971547e-13,4.1015738276161917e-10,0.7363909999185125,1.2582731999737011,7.014575000084733,0.6120942845301558,1.8828317802399397,-1.3346495237201452,2.1933726663267756,5.199999999999999,1137.940914500633,0,38.5568322966531,38.71734850482051,1279.5533274513277,1222.8200994631359,0.7839492838829756,0.2884282113817359,34.252316587985504,0.0,1.2050409027758103e-14,34.252316587985504,0.0,0,0,0,0.0,0,0,True,1008,0,1.1618592061560488e-10,1.54381163971547e-13,4.1015738276161917e-10,0.7674579999275011,1.333748500057936,7.014575000084733,0.5939057108439497,1.8828317802399397,-1.3346495237201452,2.4456425974991087,5.199999999999999,1137.940914500633,0,43.07464701985141,43.1704097617766,1350.0,1222.8200994631359,0.7839492838829756,0.28827444566743343,34.252316587985504,0.0,1.2050409027758103e-14,34.252316587985504,0.0,0,0,0,0.0,0,0,True,1008,0,1.1618592061560488e-10,1.54381163971547e-13,4.1015738276161917e-10,0.7674579999275011,1.333748500057936,7.014575000084733,0.7130152724377664,2.1433674162253737,-1.6478902576491237,0.9405449841043678,9.935995703935863,1137.8669776813815,0,16.664119225217334,16.602471843060762,1222.8200994631359,1500.0,0.4457764383405447,2.6937835043816527e-05,0.0,0.0,0.0,0.0,0.0,0,0,0,0.0,0,0,True,1008,0,1.1618592061560488e-10,1.54381163971547e-13,4.1015738276161917e-10,0.7363909999185125,1.2582731999737011,7.014575000084733,0.28655200003413484,0.5483807498831078,2.384498000083113,0.28655200003413484,0.5483807498831078,2.384498000083113,0.28655200003413484,0.5483807498831078,2.384498000083113,0.28655200003413484,0.5483807498831078,2.384498000083113
Mar2015,550.0,False,0.0,swmpc_nosw,0,96.75,0.6212142271467168,2.5965516390278935,-2.5965516390278935,3.384009990476438,5.200000000000003,1137.9217444174787,0,59.74550673020512,59.73444283159017,1350.0,1500.0,-0.04540599416941404,0.2227747248063634,34.21166298895837,0.0,1.610150418591683e-14,34.21166298895837,0.0,0,0,0,0.0,0,0,True,1008,0,7.834315105434488e-11,1.258299710562958e-13,4.1063442963031173e-10,0.7208679999166634,1.197749000075419,2.68274800009749,0.5729757275588396,2.0379867777228355,-1.4372719246894121,2.19068407834449,5.20549625553644,1138.0711121199954,0,38.562815594677126,38.66988963041455,1279.5149640903364,1222.188193779861,0.3912492683157325,0.28850920669581315,34.21166298895837,0.0,1.1254608388239948e-14,34.21166298895837,0.0,0,0,0,0.0,0,0,True,1008,0,7.834315105434488e-11,1.258299710562958e-13,4.1063442963031173e-10,0.7462610000175118,1.2198828501345813,2.68274800009749,0.5732487753864866,2.0379867777228355,-1.4372719246894121,2.444376561841804,5.200000000000003,1138.0711121199954,0,43.08141012124794,43.148061738334626,1350.0,1222.188193779861,0.3912492683157325,0.2884050183064252,34.21166298895837,0.0,1.610150418591683e-14,34.21166298895837,0.0,0,0,0,0.0,0,0,True,1008,0,7.834315105434488e-11,1.258299710562958e-13,4.1063442963031173e-10,0.7462610000175118,1.2198828501345813,2.68274800009749,0.7618109618251664,2.5965516390278935,-2.5965516390278935,0.9396334286346342,9.929940644578252,1137.9217444174787,0,16.66409660895718,16.586381093255547,1222.188193779861,1500.0,-0.04540599416941404,2.9486260699540523e-05,0.0,0.0,0.0,0.0,0.0,0,0,0,0.0,0,0,True,1008,0,7.834315105434488e-11,1.258299710562958e-13,4.1063442963031173e-10,0.7208679999166634,1.197749000075419,2.68274800009749,0.2764974999536207,0.5171342098219609,2.1292940000421368,0.2764974999536207,0.5171342098219609,2.1292940000421368,0.2764974999536207,0.5171342098219609,2.1292940000421368,0.2764974999536207,0.5171342098219609,2.1292940000421368
Mar2015,550.0,False,0.0,swmpc_nosw,1,96.75,0.6003571951501516,2.1593530075624585,-1.7399497544392943,3.380424896106313,5.2034901490350265,1138.0775915427425,0,59.735201182746394,59.67115885332153,1350.0,1500.0,-0.36198329646140337,0.22336151327992604,34.20660527091374,0.0,1.1951346853968563e-14,34.20660527091374,0.0,0,0,0,0.0,0,0,True,1008,0,8.048181245846704e-11,1.0805333444102951e-13,3.060465137828139e-10,0.7364010000401322,1.1571982000441503,2.565310999898429,0.6316087157864736,2.1593530075624585,-1.7399497544392943,2.1860705562215768,5.2034901490350265,1138.0775915427425,0,38.55357897604635,38.58845187630599,1279.6659357306078,1221.8350206032105,0.5406014081090689,0.28930295509516035,34.20660527091374,0.0,1.1951346853968563e-14,34.20660527091374,0.0,0,0,0,0.0,0,0,True,1008,0,8.048181245846704e-11,1.0805333444102951e-13,3.060465137828139e-10,0.7680945000174688,1.1872820599955953,2.565310999898429,0.6021750926688596,2.1593530075624585,-1.7399497544392943,2.445328236342492,5.2034901490350265,1138.0775915427425,0,43.07113631132797,43.16486066806999,1350.0,1221.8350206032105,0.5406014081090689,0.28916457061870937,34.20660527091374,0.0,1.1951346853968563e-14,34.20660527091374,0.0,0,0,0,0.0,0,0,True,1008,0,8.048181245846704e-11,1.0805333444102951e-13,3.060465137828139e-10,0.7680945000174688,1.1872820599955953,2.565310999898429,0.5941458887929809,1.5909260706976056,-1.4479276230558753,0.9350966597638206,9.9288988268449,1138.693029179738,0,16.664064871418425,16.506298185251538,1221.8350206032105,1500.0,-0.36198329646140337,2.9924736176356603e-05,0.0,0.0,0.0,0.0,0.0,0,0,0,0.0,0,0,True,1008,0,8.048181245846704e-11,1.0805333444102951e-13,3.060465137828139e-10,0.7364010000401322,1.1571982000441503,2.565310999898429,0.28294200001255376,0.5414520501835791,1.8526260000726325,0.28294200001255376,0.5414520501835791,1.8526260000726325,0.28294200001255376,0.5414520501835791,1.8526260000726325,0.28294200001255376,0.5414520501835791,1.8526260000726325
Mar2015,550.0,False,0.0,swmpc_nosw,2,96.75,0.5707844621538843,1.9494535950943828,-1.4977740310132504,3.3854554801517738,5.201579852216955,1138.6088429371646,0,59.747477061823425,59.759958571974124,1350.0,1500.0,0.02905525080859661,0.22248809804479075,34.224243242003205,0.0,1.189403674815106e-14,34.224243242003205,0.0,0,0,0,0.0,0,0,True,1008,0,6.236430083095378e-11,9.678566458967602e-14,3.513201876159077e-10,0.718184000106703,1.4643757200701668,12.891574999912336,0.5631151059430238,1.8194819251075387,-1.4977740310132504,2.1887025454362994,5.201579852216955,1138.6088429371646,0,38.56450703189734,38.63491167096504,1279.3697608800296,1223.5622505428923,0.5174126224592328,0.28817172437773375,34.224243242003205,0.0,1.189403674815106e-14,34.224243242003205,0.0,0,0,0,0.0,0,0,True,1008,0,6.236430083095378e-11,9.678566458967602e-14,3.513201876159077e-10,0.7492104999755611,1.5407884701699002,12.891574999912336,0.532717877195759,1.8194819251075387,-1.4977740310132504,2.444079379248481,5.201579852216955,1138.6088429371646,0,43.08343029583225,43.142815880112664,1350.0,1223.5622505428923,0.5174126224592328,0.28803498873133626,34.224243242003205,0.0,1.189403674815106e-14,34.224243242003205,0.0,0,0,0,0.0,0,0,True,1008,0,6.236430083095378e-11,9.678566458967602e-14,3.513201876159077e-10,0.7492104999755611,1.5407884701699002,12.891574999912336,0.684370250572374,1.9494535950943828,-0.9922910705208778,0.9413761009032928,9.938405541880357,1138.862041490868,0,16.664046765991174,16.61714269186146,1223.5622505428923,1500.0,0.02905525080859661,2.5923593484633578e-05,0.0,0.0,0.0,0.0,0.0,0,0,0,0.0,0,0,True,1008,0,6.236430083095378e-11,9.678566458967602e-14,3.513201876159077e-10,0.718184000106703,1.4643757200701668,12.891574999912336,0.27263200001925725,0.5514059600204745,1.389216999996279,0.27263200001925725,0.5514059600204745,1.389216999996279,0.27263200001925725,0.5514059600204745,1.389216999996279,0.27263200001925725,0.5514059600204745,1.389216999996279
Mar2015,550.0,False,0.0,swmpc_nosw,3,96.75,0.6406614138911433,1.8161872988566756,-1.4480652762576938,3.375930626857625,5.201896188053296,1138.1823630063664,0,59.7486972356579,59.591826147371584,1350.0,1500.0,-0.9063262976706028,0.22284507582028568,34.21402752058332,0.0,1.1307319827760303e-14,34.21402752058332,0.0,0,0,0,0.0,0,0,True,1008,0,6.93193088718311e-11,1.6486715348422288e-13,4.029981521706115e-10,0.7270070000231499,1.1928706001526737,2.3279429999547574,0.7025924276821043,1.8161872988566756,-1.4480652762576938,2.1942262725938146,5.201896188053296,1138.640369594379,0,38.54450252814927,38.73241633703785,1279.5440450686303,1221.8219998698407,0.6789579559117556,0.2891239519368193,34.21402752058332,0.0,1.1307319827760303e-14,34.21402752058332,0.0,0,0,0,0.0,0,0,True,1008,0,6.93193088718311e-11,1.6486715348422288e-13,4.029981521706115e-10,0.7569419999526872,1.2044955298938476,2.3279429999547574,0.6726996752153258,1.8161872988566756,-1.4480652762576938,2.4462094277046385,5.201896188053296,1138.640369594379,0,43.08460066252806,43.18041543155945,1350.0,1221.8219998698407,0.6789579559117556,0.288496135845252,34.21402752058332,0.0,1.1307319827760303e-14,34.21402752058332,0.0,0,0,0,0.0,0,0,True,1008,0,6.93193088718311e-11,1.6486715348422288e-13,4.029981521706115e-10,0.7569419999526872,1.2044955298938476,2.3279429999547574,0.5173369545876466,1.387348048388958,-1.387348048388958,0.9297211991529863,9.930247892330295,1138.1823630063664,0,16.66409657312984,16.41141071581213,1221.8219998698407,1500.0,-0.9063262976706028,2.9356947672587452e-05,0.0,0.0,0.0,0.0,0.0,0,0,0,0.0,0,0,True,1008,0,6.93193088718311e-11,1.6486715348422288e-13,4.029981521706115e-10,0.7270070000231499,1.1928706001526737,2.3279429999547574,0.2885105000132171,0.5293642799483662,0.672730000133015,0.2885105000132171,0.5293642799483662,0.672730000133015,0.2885105000132171,0.5293642799483662,0.672730000133015,0.2885105000132171,0.5293642799483662,0.672730000133015
Mar2015,550.0,False,0.0,swmpc_nosw,4,96.75,0.6304788603296196,2.014186067506671,-1.5710477018728852,3.388817706311935,5.199999999999999,1137.8877889507337,0,59.75621230222417,59.81930848728751,1350.0,1500.0,0.663947724737227,0.22247847863099623,34.21141671649174,0.0,1.1485196584018619e-14,34.21141671649174,0.0,0,0,0,0.0,0,0,True,1008,0,7.839046199729691e-11,1.0281630511795378e-13,3.3229290622393946e-10,0.7201170001280843,1.2057376399843638,2.3467519999940123,0.6386307547063759,1.8783222492784262,-1.5710477018728852,2.195340554162542,5.199999999999999,1138.0568196593943,0,38.57427472603328,38.752085601860784,1279.5487516565995,1223.0368384445483,0.8434671834111214,0.2881058944850773,34.21141671649174,0.0,1.1485196584018619e-14,34.21141671649174,0.0,0,0,0,0.0,0,0,True,1008,0,7.839046199729691e-11,1.0281630511795378e-13,3.3229290622393946e-10,0.746056000025419,1.2220836299616162,2.3467519999940123,0.6237649086700965,1.8783222492784262,-1.5710477018728852,2.4472730224985018,5.199999999999999,1138.0568196593943,0,43.09210193900042,43.1991899749531,1350.0,1223.0368384445483,0.8434671834111214,0.2880224044004669,34.21141671649174,0.0,1.1485196584018619e-14,34.21141671649174,0.0,0,0,0,0.0,0,0,True,1008,0,7.839046199729691e-11,1.0281630511795378e-13,3.3229290622393946e-10,0.746056000025419,1.2220836299616162,2.3467519999940123,0.6527508914490341,2.014186067506671,-1.500582124106586,0.9415446838134334,9.937352177763604,1137.8877889507337,0,16.66411036322375,16.620118512334408,1223.0368384445483,1500.0,0.663947724737227,2.636692855073619e-05,0.0,0.0,0.0,0.0,0.0,0,0,0,0.0,0,0,True,1008,0,7.839046199729691e-11,1.0281630511795378e-13,3.3229290622393946e-10,0.7201170001280843,1.2057376399843638,2.3467519999940123,0.27930149985877506,0.5543284899545141,0.6266149998737092,0.27930149985877506,0.5543284899545141,0.6266149998737092,0.27930149985877506,0.5543284899545141,0.6266149998737092,0.27930149985877506,0.5543284899545141,0.6266149998737092
Mar2015,550.0,False,180.0,pid_lowdrag_preview,0,96.0,0.6592401607124081,2.2938960241153836,-2.2938960241153836,3.2939437568537167,6.700101034135734,1138.5978652290578,0,58.284372481114524,58.14459637766968,1350.0,1500.0,-1.1685575423762202,0.2764773593549741,0.0,0.0,0.0,0.0,0.0,0,0,0,0.0,0,0,True,0,0,,,,0.16156400010913785,0.33857599988777987,0.49431600018579047,0.623995940306358,2.235172246582806,-1.5051261121407151,2.1517909357654994,6.700101034135734,1138.5978652290578,0,37.887787895076414,37.98334904440478,1381.3846217899284,1498.0795399000103,0.6466444339603186,0.35552045700202706,0.0,0.0,0.0,0.0,0.0,0,0,0,0.0,0,0,True,0,0,,,,0.1649739999720623,0.34861478980019445,0.49431600018579047,0.6276444946777965,2.235172246582806,-1.7753559676930308,2.3987267390783096,6.700101034135734,1138.5978652290578,0,42.267797456198785,42.342252436408415,1350.0,1498.0795399000103,0.6466444339603186,0.3551401034984605,0.0,0.0,0.0,0.0,0.0,0,0,0,0.0,0,0,True,0,0,,,,0.1649739999720623,0.34861478980019445,0.49431600018579047,0.7595442790152752,2.2938960241153836,-2.2938960241153836,0.8952170177754071,8.06655990185249,1139.0037076632614,0,16.01657502491574,15.802343941261263,1498.0795399000103,1500.0,-1.1685575423762202,0.0011577548527716974,0.0,0.0,0.0,0.0,0.0,0,0,0,0.0,0,0,True,0,0,,,,0.16156400010913785,0.33857599988777987,0.49431600018579047,,,,,,,,,,,,
Mar2015,550.0,False,180.0,pid_lowdrag_preview,1,96.0,0.6625474409221209,2.762200112454593,-1.7041366249322891,3.2989184829635527,6.687079258743456,1138.7490556543867,0,58.29034236739008,58.232410093718414,1350.0,1500.0,-1.0640045888721943,0.2765110359021725,0.0,0.0,0.0,0.0,0.0,0,0,0,0.0,0,0,True,0,0,,,,0.16880450004919112,0.43305264990749426,0.5929550000018935,0.7107162678806748,2.762200112454593,-1.6259526405483484,2.1483829471271383,6.687079258743456,1138.8402675723162,0,37.894768784038405,37.92319133119995,1380.8637537841164,1498.496684387423,0.5376019952818751,0.35557363620672267,0.0,0.0,0.0,0.0,0.0,0,0,0,0.0,0,0,True,0,0,,,,0.1708429999780492,0.4305310099311997,0.5929550000018935,0.6703358304585524,2.762200112454593,-1.6259526405483484,2.400001196010943,6.687079258743456,1138.8132416651488,0,42.27364425228,42.36474911194939,1350.0,1498.496684387423,0.5376019952818751,0.3551858228201962,0.0,0.0,0.0,0.0,0.0,0,0,0,0.0,0,0,True,0,0,,,,0.1708429999780492,0.4305310099311997,0.5929550000018935,0.6345357058811432,1.7041366249322891,-1.7041366249322891,0.8989172869526096,8.075895507948438,1138.7490556543867,0,16.01669811511008,15.86766098176902,1498.496684387423,1500.0,-1.0640045888721943,0.0011492816890902313,0.0,0.0,0.0,0.0,0.0,0,0,0,0.0,0,0,True,0,0,,,,0.16880450004919112,0.43305264990749426,0.5929550000018935,,,,,,,,,,,,
Mar2015,550.0,False,180.0,pid_lowdrag_preview,2,96.0,0.5961593441881948,1.9910001568496227,-1.5742264091968536,3.298010243660549,6.697337523519447,1137.8600835389461,0,58.28221641392631,58.21637788078919,1350.0,1500.0,-0.08201378770172596,0.27643897346859003,0.0,0.0,0.0,0.0,0.0,0,0,0,0.0,0,0,True,0,0,,,,0.1596359999211927,0.34109924989706947,0.5288779998409154,0.5790030516594334,1.7410143353044987,-1.5742264091968536,2.1441274340439658,6.697337523519447,1138.059498342981,0,37.88626667711821,37.84807314192096,1381.1563239850122,1498.086543049785,0.11486634612083435,0.35547042542040075,0.0,0.0,0.0,0.0,0.0,0,0,0,0.0,0,0,True,0,0,,,,0.1604369999768096,0.30633373005912284,0.5288779998409154,0.5564939436303294,1.7410143353044987,-1.5742264091968536,2.3930708127881313,6.697337523519447,1138.059498342981,0,42.26575637957484,42.24241419521159,1350.0,1498.086543049785,0.11486634612083435,0.3550900849281641,0.0,0.0,0.0,0.0,0.0,0,0,0,0.0,0,0,True,0,0,,,,0.1604369999768096,0.30633373005912284,0.5288779998409154,0.7179328338658959,1.9910001568496227,-0.9843577397987247,0.9049394308724179,8.063994859831617,1137.8600835389461,0,16.016460034351468,15.973963685577601,1498.086543049785,1500.0,-0.08201378770172596,0.001160083360080777,0.0,0.0,0.0,0.0,0.0,0,0,0,0.0,0,0,True,0,0,,,,0.1596359999211927,0.34109924989706947,0.5288779998409154,,,,,,,,,,,,
Mar2015,550.0,False,180.0,pid_lowdrag_preview,3,96.0,0.6120480297473337,2.2680403888225555,-1.581857088021934,3.299695756397405,6.697594956750165,1138.4523175487652,0,58.28894741188734,58.246130501054395,1350.0,1500.0,-0.2659600814804435,0.27649914222809857,0.0,0.0,0.0,0.0,0.0,0,0,0,0.0,0,0,True,0,0,,,,0.16408799990585976,0.4391124999415297,0.5345260001377028,0.6513907125909888,2.2680403888225555,-1.581857088021934,2.1573244840885235,6.697594956750165,1139.0243992909113,0,37.89344558787653,38.081027073396065,1380.5705369823,1498.8246561382414,0.46016567666083574,0.3555507802793637,0.0,0.0,0.0,0.0,0.0,0,0,0,0.0,0,0,True,0,0,,,,0.16545949995361298,0.4381070599538354,0.5345260001377028,0.6301245816883634,2.2680403888225555,-1.581857088021934,2.399301638142055,6.697594956750165,1139.0243992909113,0,42.27225150151391,42.35240053743438,1350.0,1498.8246561382414,0.46016567666083574,0.35517028430116104,0.0,0.0,0.0,0.0,0.0,0,0,0,0.0,0,0,True,0,0,,,,0.16545949995361298,0.4381070599538354,0.5345260001377028,0.5440708581254806,1.4420636296272278,-1.4209953462705016,0.9003941182553499,8.074944231008024,1138.4523175487652,0,16.016695910373436,15.893729963620018,1498.8246561382414,1500.0,-0.2659600814804435,0.001150144972379863,0.0,0.0,0.0,0.0,0.0,0,0,0,0.0,0,0,True,0,0,,,,0.16408799990585976,0.4391124999415297,0.5345260001377028,,,,,,,,,,,,
Mar2015,550.0,False,180.0,pid_lowdrag_preview,4,96.0,0.6557138199978998,2.369332939386368,-2.15031907428056,3.3033821708755493,6.698610356056866,1138.0456482610039,0,58.28673707720098,58.31120297883084,1350.0,1500.0,-0.008514676243066788,0.2764693906147192,0.0,0.0,0.0,0.0,0.0,0,0,0,0.0,0,0,True,0,0,,,,0.15921500005333655,0.36108234992298044,0.4590629998801887,0.6153804746627629,2.0059270188212395,-1.6894919695332646,2.1537694654110475,6.698610356056866,1138.0456482610039,0,37.89133708915172,38.01827399035219,1380.8214689537717,1498.247799407092,0.6629655370488763,0.35549822910292683,0.0,0.0,0.0,0.0,0.0,0,0,0,0.0,0,0,True,0,0,,,,0.1605474999450962,0.37090931004513494,0.4590629998801887,0.6036142478584036,2.0059270188212395,-1.6894919695332646,2.396933392152528,6.698610356056866,1138.0456482610039,0,42.27017773490175,42.31059633027501,1350.0,1498.247799407092,0.6629655370488763,0.35512918981884867,0.0,0.0,0.0,0.0,0.0,0,0,0,0.0,0,0,True,0,0,,,,0.1605474999450962,0.37090931004513494,0.4590629998801887,0.8121558970119219,2.369332939386368,-2.15031907428056,0.9064487787230213,8.063983800181404,1139.6081477920504,0,16.01655934229923,16.00060664855583,1498.247799407092,1500.0,-0.008514676243066788,0.0011600934002663488,0.0,0.0,0.0,0.0,0.0,0,0,0,0.0,0,0,True,0,0,,,,0.15921500005333655,0.36108234992298044,0.4590629998801887,,,,,,,,,,,,
Mar2015,550.0,False,180.0,swmpc,0,96.0,0.614857926650303,2.291694591753185,-2.291694591753185,3.3395249771480073,5.200000000000001,1138.1257000838762,0,59.08885499690505,58.949194710867786,1350.0,1500.0,-1.1678795656189322,0.22576763339240458,34.328680337973786,0.0,1.2010639830090627e-14,34.328680337973786,0.0,0,0,0,0.0,0,0,True,1008,0,7.668546839494398e-11,1.4109763229934413e-13,3.9003138861954943e-10,0.7268169998724261,1.108656599978985,2.3963959999946383,0.5631577854446739,1.862444819882512,-1.4388164980337024,2.1905742267291735,5.200000000000001,1138.1257000838762,0,38.640730859060895,38.66795053299658,1450.7590278053563,1500.0,0.21993014495819807,0.2911322944241411,34.28426613957102,0.0,1.2010639830090627e-14,34.28426613957102,0.0,0,0,0,0.0,0,0,True,1008,0,7.668546839494398e-11,1.4109763229934413e-13,3.9003138861954943e-10,0.755009500039705,1.1370757301256162,2.3963959999946383,0.5673028524506057,1.862444819882512,-1.5858472269028425,2.4424740936985434,5.200000000000001,1138.1257000838762,0,43.0836659451991,43.11447942774388,1350.0,1500.0,0.21993014495819807,0.2897065127673152,34.328680337973786,0.0,1.2010639830090627e-14,34.328680337973786,0.0,0,0,0,0.0,0,0,True,1008,0,7.668546839494398e-11,1.4109763229934413e-13,3.9003138861954943e-10,0.755009500039705,1.1370757301256162,2.3963959999946383,0.7581638163656416,2.291694591753185,-2.291694591753185,0.8970508834494639,7.240237527927524,1139.0046049997006,0,16.005189051705948,15.834715283123906,1500.0,1500.0,-1.1678795656189322,0.001981555580217953,0.0,0.0,0.0,0.0,0.0,0,0,0,0.0,0,0,True,1008,0,7.668546839494398e-11,1.4109763229934413e-13,3.9003138861954943e-10,0.7268169998724261,1.108656599978985,2.3963959999946383,0.27606200012542104,0.5575528300255428,0.630691999958799,0.27606200012542104,0.5575528300255428,0.630691999958799,0.27606200012542104,0.5575528300255428,0.630691999958799,0.27606200012542104,0.5575528300255428,0.630691999958799
Mar2015,550.0,False,180.0,swmpc,1,96.0,0.6221198816410142,2.534603901207447,-1.702166423201561,3.3437345013081736,5.204013809886832,1138.5120717283012,0,59.081843673780696,59.02350110505665,1350.0,1500.0,-1.0678354352712631,0.22596712404488517,34.41172895400186,0.0,1.085857091754435e-14,34.41172895400186,0.0,0,0,0,0.0,0,0,True,1008,0,5.6763550735797615e-11,9.863122411573561e-14,2.960212363544792e-10,0.6992250000621425,0.908016550067714,1.2105970001812238,0.6563067029804782,2.534603901207447,-1.5925826923921704,2.187492050192831,5.204013809886832,1138.5120717283012,0,38.63460728711444,38.61354404524238,1452.0713674422868,1500.0,0.3308635726571083,0.2914122082438726,34.41172895400186,0.0,1.0812438458209246e-14,34.41172895400186,0.0,0,0,0,0.0,0,0,True,1008,0,5.6763550735797615e-11,9.863122411573561e-14,2.960212363544792e-10,0.719681500072511,0.9447063100424187,1.2105970001812238,0.6179625356402623,2.534603901207447,-1.5925826923921704,2.4436900142994027,5.204013809886832,1138.5120717283012,0,43.0769653990089,43.13594282171266,1350.0,1500.0,0.3308635726571083,0.2899561176203207,34.41172895400186,0.0,1.085857091754435e-14,34.41172895400186,0.0,0,0,0,0.0,0,0,True,1008,0,5.6763550735797615e-11,9.863122411573561e-14,2.960212363544792e-10,0.719681500072511,0.9447063100424187,1.2105970001812238,0.6364567762278398,1.702166423201561,-1.702166423201561,0.9000444870087709,7.222011561832238,1138.7271964537365,0,16.004878274771798,15.887558283343992,1500.0,1500.0,-1.0678354352712631,0.002005646530860772,0.0,0.0,0.0,0.0,0.0,0,0,0,0.0,0,0,True,1008,0,5.6763550735797615e-11,9.863122411573561e-14,2.960212363544792e-10,0.6992250000621425,0.908016550067714,1.2105970001812238,0.27046299999256007,0.39037265004253624,0.607365999940157,0.27046299999256007,0.39037265004253624,0.607365999940157,0.27046299999256007,0.39037265004253624,0.607365999940157,0.27046299999256007,0.39037265004253624,0.607365999940157
Mar2015,550.0,False,180.0,swmpc,2,96.0,0.5718912740888638,1.9911738513037562,-1.2561971545219421,3.3444616697569702,5.200000000000001,1137.8612843665073,0,59.102356150368564,59.03633706069943,1350.0,1500.0,-0.08327928185462952,0.22568928845991088,34.32868033621396,0.0,1.133417232452636e-14,34.32868033621396,0.0,0,0,0,0.0,0,0,True,1008,0,9.199029402073117e-11,1.3398163701189855e-13,4.288346951516629e-10,0.7171319998633408,1.2676652501454542,8.069513000009465,0.5533140760446461,1.6587699353694916,-1.2561971545219421,2.189021658872953,5.200000000000001,1137.94826942763,0,38.65374201956582,38.64054465177513,1452.9984668428758,1500.0,0.21771194972097874,0.2910509017347954,34.24705229875505,0.0,1.133417232452636e-14,34.24705229875505,0.0,0,0,0,0.0,0,0,True,1008,0,9.199029402073117e-11,1.3398163701189855e-13,4.288346951516629e-10,0.7432365000568097,1.3751519599054507,8.069513000009465,0.5244819324989702,1.6587699353694916,-1.2561971545219421,2.441843204882314,5.200000000000001,1137.94826942763,0,43.09728122342278,43.103342997285985,1350.0,1500.0,0.21771194972097874,0.2896050333814524,34.32868033621396,0.0,1.133417232452636e-14,34.32868033621396,0.0,0,0,0,0.0,0,0,True,1008,0,9.199029402073117e-11,1.3398163701189855e-13,4.288346951516629e-10,0.7432365000568097,1.3751519599054507,8.069513000009465,0.7134309993916281,1.9911738513037562,-0.9936423934996128,0.902618464874656,7.238250530519135,1137.8612843665073,0,16.00507492694578,15.932994063413446,1500.0,1500.0,-0.08327928185462952,0.001984181234515159,0.0,0.0,0.0,0.0,0.0,0,0,0,0.0,0,0,True,1008,0,9.199029402073117e-11,1.3398163701189855e-13,4.288346951516629e-10,0.7171319998633408,1.2676652501454542,8.069513000009465,0.2763725000249906,0.5494560400734366,1.6140660000019125,0.2763725000249906,0.5494560400734366,1.6140660000019125,0.2763725000249906,0.5494560400734366,1.6140660000019125,0.2763725000249906,0.5494560400734366,1.6140660000019125
Mar2015,550.0,False,180.0,swmpc,3,96.0,0.5952638119318167,1.4449403965845704,-1.4449403965845704,3.3462230617883355,5.199999999999999,1138.417770658883,0,59.11093101276978,59.067429099995714,1350.0,1500.0,-0.27150578144937754,0.22552075090106138,34.32876228875433,0.0,1.658244853063881e-14,34.32876228875433,0.0,0,0,0,0.0,0,0,True,1008,0,7.647437527469842e-11,1.0568147038280491e-13,2.9911747025997154e-10,0.7046929999887652,1.0464015499451307,1.289214999815158,0.632787374901682,1.4449403965845704,-1.4449403965845704,2.1987681715176066,5.204427224946669,1138.7140521768338,0,38.65761749240581,38.812589800583595,1452.5887878968683,1500.0,0.44363283924758434,0.2909605763150692,34.27485283202159,0.0,1.130883207929459e-14,34.27485283202159,0.0,0,0,0,0.0,0,0,True,1008,0,7.647437527469842e-11,1.0568147038280491e-13,2.9911747025997154e-10,0.7254600000123901,1.0524604099646238,1.289214999815158,0.6086999233299689,1.4449403965845704,-1.4449403965845704,2.445223636185651,5.199999999999999,1138.7140521768338,0,43.10562939044932,43.16301426923999,1350.0,1500.0,0.44363283924758434,0.28939124001056415,34.32876228875433,0.0,1.658244853063881e-14,34.32876228875433,0.0,0,0,0,0.0,0,0,True,1008,0,7.647437527469842e-11,1.0568147038280491e-13,2.9911747025997154e-10,0.7254600000123901,1.0524604099646238,1.289214999815158,0.5456381014587437,1.4447350269183517,-1.4309468483552337,0.9009994256026843,7.245926559984302,1138.417770658883,0,16.00530162232046,15.904414830755726,1500.0,1500.0,-0.27150578144937754,0.0019740390178015765,0.0,0.0,0.0,0.0,0.0,0,0,0,0.0,0,0,True,1008,0,7.647437527469842e-11,1.0568147038280491e-13,2.9911747025997154e-10,0.7046929999887652,1.0464015499451307,1.289214999815158,0.2739229998951487,0.45528914010219496,0.6484280002041487,0.2739229998951487,0.45528914010219496,0.6484280002041487,0.2739229998951487,0.45528914010219496,0.6484280002041487,0.2739229998951487,0.45528914010219496,0.6484280002041487
Mar2015,550.0,False,180.0,swmpc,4,96.0,0.6396464854945138,2.373209523037076,-2.143461170606315,3.348841455082865,5.199999999999999,1138.2168425419468,0,59.08903988389472,59.11364889987962,1350.0,1500.0,-0.007330659776926041,0.22585191143513017,34.32868035958235,0.0,1.221356683696592e-14,34.32868035958235,0.0,0,0,0,0.0,0,0,True,1008,0,8.424584893330264e-11,9.276317117002306e-14,3.254687993893845e-10,0.7187495000380295,1.1785986000290898,3.690299000027153,0.5979023843485927,1.9798451578244567,-1.432144496589899,2.1963881249272617,5.199999999999999,1138.2168425419468,0,38.63920702863707,38.770577289572486,1452.247263586084,1500.0,0.6576281543821096,0.29134610233338787,34.259442261487024,0.0,1.221356683696592e-14,34.259442261487024,0.0,0,0,0,0.0,0,0,True,1008,0,8.424584893330264e-11,9.276317117002306e-14,3.254687993893845e-10,0.7436669999378864,1.2040851999995537,3.690299000027153,0.5817145137030154,1.9798451578244567,-1.432144496589899,2.444088709649006,5.199999999999999,1138.2168425419468,0,43.083405943163655,43.14298058006316,1350.0,1500.0,0.6576281543821096,0.289824201779594,34.32868035958235,0.0,1.221356683696592e-14,34.32868035958235,0.0,0,0,0,0.0,0,0,True,1008,0,8.424584893330264e-11,9.276317117002306e-14,3.254687993893845e-10,0.7436669999378864,1.2040851999995537,3.690299000027153,0.8104277294985033,2.373209523037076,-2.143461170606315,0.9047527454338589,7.264965604162674,1139.6098887187698,0,16.005633940731066,15.970668319816461,1500.0,1500.0,-0.007330659776926041,0.0019488952295070305,0.0,0.0,0.0,0.0,0.0,0,0,0,0.0,0,0,True,1008,0,8.424584893330264e-11,9.276317117002306e-14,3.254687993893845e-10,0.7187495000380295,1.1785986000290898,3.690299000027153,0.28129449992775335,0.4973226099559722,2.715356999942742,0.28129449992775335,0.4973226099559722,2.715356999942742,0.28129449992775335,0.4973226099559722,2.715356999942742,0.28129449992775335,0.4973226099559722,2.715356999942742
Mar2015,550.0,False,180.0,swmpc_nosw,0,96.0,0.6142812678943119,2.164250697940588,-2.164250697940588,3.3417666378640627,5.199999999999999,1138.1936653228784,0,59.10933847571526,58.98876443857673,1350.0,1500.0,-1.0275826128199697,0.22546911870596364,34.328680337973786,0.0,1.1641699662580173e-14,34.328680337973786,0.0,0,0,0,0.0,0,0,True,1008,0,1.0227786889493671e-10,1.4109763229934413e-13,2.7993153971016653e-10,0.7385444999954416,1.3109325501318378,3.318046999993385,0.5690350152103418,1.7080430099740624,-1.2957085063681006,2.193565848210687,5.199999999999999,1138.1936653228784,0,38.6613513567889,38.720758545639214,1450.495518462845,1500.0,0.3711318429559469,0.29063459484308685,34.22286180866805,0.0,1.1641699662580173e-14,34.22286180866805,0.0,0,0,0,0.0,0,0,True,1008,0,1.0227786889493671e-10,1.4109763229934413e-13,2.7993153971016653e-10,0.7699469999806752,1.32624068988207,3.318046999993385,0.5746719667476821,1.7080430099740624,-1.553644249215722,2.4449041537336154,5.199999999999999,1138.1936653228784,0,43.10419423920359,43.15737477458078,1350.0,1500.0,0.3711318429559469,0.2893219561096907,34.328680337973786,0.0,1.1641699662580173e-14,34.328680337973786,0.0,0,0,0,0.0,0,0,True,1008,0,1.0227786889493671e-10,1.4109763229934413e-13,2.7993153971016653e-10,0.7699469999806752,1.32624068988207,3.318046999993385,0.7363213290449515,2.164250697940588,-2.164250697940588,0.8968624841304473,7.2382455675389465,1139.0513844286259,0,16.00514423651167,15.83138966399595,1500.0,1500.0,-1.0275826128199697,0.0019841877929182017,0.0,0.0,0.0,0.0,0.0,0,0,0,0.0,0,0,True,1008,0,1.0227786889493671e-10,1.4109763229934413e-13,2.7993153971016653e-10,0.7385444999954416,1.3109325501318378,3.318046999993385,0.2886654999656457,0.5767217299944604,0.8169329998963804,0.2886654999656457,0.5767217299944604,0.8169329998963804,0.2886654999656457,0.5767217299944604,0.8169329998963804,0.2886654999656457,0.5767217299944604,0.8169329998963804
Mar2015,550.0,False,180.0,swmpc_nosw,1,96.0,0.5994127818219752,2.1238423846662045,-1.9654542617499828,3.3447764636284067,5.2046246259305,1138.3806886244263,0,59.08256197650617,59.041893792675175,1350.0,1500.0,-0.9585230080410838,0.2259645605933246,34.328680331863715,0.0,1.3345537021899347e-14,34.328680331863715,0.0,0,0,0,0.0,0,0,True,1008,0,7.87231391323779e-11,1.55120429774478e-13,3.532116668677087e-10,0.7318895000025805,1.2940191500433684,2.4283290001676505,0.6336516903854716,2.1238423846662045,-1.9654542617499828,2.1889672272858407,5.2046246259305,1138.3806886244263,0,38.63419171165485,38.639583827033334,1451.9972997435937,1500.0,0.44837587885558605,0.2914194290636859,34.25103174223522,0.0,1.3345537021899347e-14,34.25103174223522,0.0,0,0,0,0.0,0,0,True,1008,0,7.87231391323779e-11,1.55120429774478e-13,3.532116668677087e-10,0.7625960000723353,1.3005857801044838,2.4283290001676505,0.6013580656671242,2.1238423846662045,-1.9654542617499828,2.4445925731621427,5.2046246259305,1138.3806886244263,0,43.077639026489294,43.15187476368145,1350.0,1500.0,0.44837587885558605,0.28995407120497974,34.328680331863715,0.0,1.3345537021899347e-14,34.328680331863715,0.0,0,0,0,0.0,0,0,True,1008,0,7.87231391323779e-11,1.55120429774478e-13,3.532116668677087e-10,0.7625960000723353,1.3005857801044838,2.4283290001676505,0.5925539996927253,1.556431444361806,-1.4975701058283448,0.900183890466264,7.225319154193077,1138.7732854226203,0,16.004922950016876,15.890019028993727,1500.0,1500.0,-0.9585230080410838,0.002001273452531649,0.0,0.0,0.0,0.0,0.0,0,0,0,0.0,0,0,True,1008,0,7.87231391323779e-11,1.55120429774478e-13,3.532116668677087e-10,0.7318895000025805,1.2940191500433684,2.4283290001676505,0.2883349999365237,0.5499053800144791,0.7968930001425178,0.2883349999365237,0.5499053800144791,0.7968930001425178,0.2883349999365237,0.5499053800144791,0.7968930001425178,0.2883349999365237,0.5499053800144791,0.7968930001425178
Mar2015,550.0,False,180.0,swmpc_nosw,2,96.0,0.5693110238153635,1.7283716006204486,-1.3584564458578825,3.3467827338131273,5.1999999999999975,1137.90710891391,0,59.12491804005487,59.0773084137871,1350.0,1500.0,0.04586849361658096,0.2254170872698028,34.32868033621396,0.0,1.078413954461134e-14,34.32868033621396,0.0,0,0,0,0.0,0,0,True,1008,0,7.080334934586071e-11,1.232434279557353e-13,3.321072993180081e-10,0.69798799995624,0.854075799838938,1.1495149999518617,0.5576056655362445,1.6008304534479976,-1.3584564458578825,2.1917931602790715,5.1999999999999975,1138.1939185781087,0,38.67659894690701,38.68946711145108,1453.1151305939748,1500.0,0.30557830538600683,0.29060008862098374,34.214845473959954,0.0,1.078413954461134e-14,34.214845473959954,0.0,0,0,0,0.0,0,0,True,1008,0,7.080334934586071e-11,1.232434279557353e-13,3.321072993180081e-10,0.7185989999243247,0.8784091000075023,1.1495149999518617,0.5285192683548089,1.6008304534479976,-1.3584564458578825,2.4440395548960026,5.1999999999999975,1138.1939185781087,0,43.119955350715934,43.1421129018373,1350.0,1500.0,0.30557830538600683,0.2892528752106478,34.32868033621396,0.0,1.078413954461134e-14,34.32868033621396,0.0,0,0,0,0.0,0,0,True,1008,0,7.080334934586071e-11,1.232434279557353e-13,3.321072993180081e-10,0.7185989999243247,0.8784091000075023,1.1495149999518617,0.6934360307134173,1.7283716006204486,-0.9373743878677487,0.9027431789171247,7.232463417842466,1137.90710891391,0,16.00496268933894,15.9351955119498,1500.0,1500.0,0.04586849361658096,0.001991829476845286,0.0,0.0,0.0,0.0,0.0,0,0,0,0.0,0,0,True,1008,0,7.080334934586071e-11,1.232434279557353e-13,3.321072993180081e-10,0.69798799995624,0.854075799838938,1.1495149999518617,0.2664275000370253,0.36723072982795196,0.46722500019313884,0.2664275000370253,0.36723072982795196,0.46722500019313884,0.2664275000370253,0.36723072982795196,0.46722500019313884,0.2664275000370253,0.36723072982795196,0.46722500019313884
Mar2015,550.0,False,180.0,swmpc_nosw,3,96.0,0.6281155478048962,1.6758395042270422,-1.4790058797225356,3.3479756657500026,5.200000000000001,1138.4992070897142,0,59.12421259529389,59.09836601254901,1350.0,1500.0,-0.12695802841335535,0.2252274072309738,34.32876228875433,0.0,1.1673815775072221e-14,34.32876228875433,0.0,0,0,0,0.0,0,0,True,1008,0,9.825237565541689e-11,1.6104974782423803e-13,5.147087230695135e-10,0.7120650000160822,1.0081311498652212,1.1793300000135787,0.6857375926188335,1.6758395042270422,-1.4790058797225356,2.201027200197162,5.204911669167384,1138.8349409190714,0,38.6715510426742,38.852466107063734,1452.4006829441412,1500.0,0.5371447810903192,0.29046712154282617,34.227821033987176,0.0,1.1673815775072221e-14,34.227821033987176,0.0,0,0,0,0.0,0,0,True,1008,0,9.825237565541689e-11,1.6104974782423803e-13,5.147087230695135e-10,0.7358555000109845,1.0181120000788721,1.1793300000135787,0.6569153055968949,1.6758395042270422,-1.4790058797225356,2.4467004089767297,5.200000000000001,1138.8349409190714,0,43.118867547421885,43.18908221824442,1350.0,1500.0,0.5371447810903192,0.2890153508521569,34.32876228875433,0.0,1.1673815775072221e-14,34.32876228875433,0.0,0,0,0,0.0,0,0,True,1008,0,9.825237565541689e-11,1.6104974782423803e-13,5.147087230695135e-10,0.7358555000109845,1.0181120000788721,1.1793300000135787,0.5147806530241644,1.258290977217257,-1.258290977217257,0.9012752567732729,7.249283399098349,1138.4992070897142,0,16.005345047872005,15.909283794304585,1500.0,1500.0,-0.12695802841335535,0.0019696045568322607,0.0,0.0,0.0,0.0,0.0,0,0,0,0.0,0,0,True,1008,0,9.825237565541689e-11,1.6104974782423803e-13,5.147087230695135e-10,0.7120650000160822,1.0081311498652212,1.1793300000135787,0.27498550002746924,0.4813884899158437,0.6235010000636976,0.27498550002746924,0.4813884899158437,0.6235010000636976,0.27498550002746924,0.4813884899158437,0.6235010000636976,0.27498550002746924,0.4813884899158437,0.6235010000636976
Mar2015,550.0,False,180.0,swmpc_nosw,4,96.0,0.6421986390646224,2.2835724726319313,-2.01153814047575,3.3515190929571497,5.200859571254775,1138.3310577711222,0,59.1147795379853,59.16091448330705,1350.0,1500.0,0.1541905514895916,0.2254380630886509,34.32868035958235,0.0,1.198642284785927e-14,34.32868035958235,0.0,0,0,0,0.0,0,0,True,1008,0,8.292082537104425e-11,1.7861439516827815e-13,3.059327777645192e-10,0.7048940000231596,1.1458096998694596,2.588937000155056,0.6265933069868149,2.008831664919853,-1.466350231319666,2.1992550527227595,5.200859571254775,1138.3310577711222,0,38.66468445316818,38.82118421301087,1452.1072831678393,1500.0,0.733786091208458,0.2907153118006697,34.221607138182605,0.0,1.198642284785927e-14,34.221607138182605,0.0,0,0,0,0.0,0,0,True,1008,0,8.292082537104425e-11,1.7861439516827815e-13,3.059327777645192e-10,0.7271674999174138,1.1569532900193735,2.588937000155056,0.6133780536551906,2.008831664919853,-1.466350231319666,2.4464442157304593,5.200859571254775,1138.3310577711222,0,43.10925386918184,43.1845599027479,1350.0,1500.0,0.733786091208458,0.2892900091010788,34.32868035958235,0.0,1.198642284785927e-14,34.32868035958235,0.0,0,0,0,0.0,0,0,True,1008,0,8.292082537104425e-11,1.7861439516827815e-13,3.059327777645192e-10,0.7271674999174138,1.1569532900193735,2.588937000155056,0.7342150131968389,2.2835724726319313,-2.01153814047575,0.9050748772266903,7.2593935893261925,1139.5985450393405,0,16.005525668803458,15.976354580559153,1500.0,1500.0,0.1541905514895916,0.0019562520451530396,0.0,0.0,0.0,0.0,0.0,0,0,0,0.0,0,0,True,1008,0,8.292082537104425e-11,1.7861439516827815e-13,3.059327777645192e-10,0.7048940000231596,1.1458096998694596,2.588937000155056,0.2739289999453831,0.48713274013152813,0.5785329999525857,0.2739289999453831,0.48713274013152813,0.5785329999525857,0.2739289999453831,0.48713274013152813,0.5785329999525857,0.2739289999453831,0.48713274013152813,0.5785329999525857
Mar2015,550.0,True,0.0,pid_lowdrag_preview,0,96.75,0.6497151472017546,2.7382803158834577,-2.7382803158834577,3.3780582162234682,6.701492714790956,1005.5842662803764,0,59.67297918223568,59.629382291030275,1350.0,1500.0,-0.28367588855326176,0.26002433545162196,0.0,0.0,0.0,0.0,0.0,0,0,0,0.0,0,0,True,0,0,,,,0.19057800000155112,0.396356319934057,1.5991630000371515,0.6081654583880932,2.2220810474827886,-1.690995546989143,2.1906381167249545,6.703402355901005,1005.5842662803764,0,38.55654530539914,38.66907831728531,1279.7083627065124,1188.8920499939838,0.49945116974413395,0.3334595019163016,0.0,0.0,0.0,0.0,0.0,0,0,0,0.0,0,0,True,0,0,,,,0.18014599993421143,0.4159350800796341,1.5991630000371515,0.5991926736452183,2.2220810474827886,-1.690995546989143,2.440767781949605,6.701492714790956,1005.5842662803764,0,43.016719959315864,43.084359663940894,1350.0,1188.8920499939838,0.49945116974413395,0.3364281545431873,0.0,0.0,0.0,0.0,0.0,0,0,0,0.0,0,0,True,0,0,,,,0.18014599993421143,0.4159350800796341,1.5991630000371515,0.7976717764309907,2.7382803158834577,-2.7382803158834577,0.937290434273863,8.534832072874257,1137.8566202737939,0,16.656259222919815,16.54502262708938,1188.8920499939838,1500.0,-0.28367588855326176,0.0007144039893396403,0.0,0.0,0.0,0.0,0.0,0,0,0,0.0,0,0,True,0,0,,,,0.19057800000155112,0.396356319934057,1.5991630000371515,,,,,,,,,,,,
Mar2015,550.0,True,0.0,pid_lowdrag_preview,1,96.75,0.6381908737417185,2.0434110136702657,-1.8882421609014273,3.375146611470953,6.698983399225674,1003.0743938128039,0,59.67138932725019,59.57798673128741,1350.0,1500.0,-0.58338338509202,0.2599722647101832,0.0,0.0,0.0,0.0,0.0,0,0,0,0.0,0,0,True,0,0,,,,0.1651489999403566,0.43759896015217237,2.6751469999908295,0.668641229754393,2.0434110136702657,-1.8882421609014273,2.1846723918710085,6.698983399225674,1003.0743938128039,0,38.55456115712183,38.56377152113544,1279.7074496035523,1189.0459050513161,0.5705960532650352,0.3333663969623586,0.0,0.0,0.0,0.0,0.0,0,0,0,0.0,0,0,True,0,0,,,,0.1667220000172165,0.4375974301478891,0.9645259999615519,0.6416823257285388,2.0434110136702657,-1.8882421609014273,2.4428102987654223,6.698983399225674,1003.0743938128039,0,43.015052603869044,43.12041410949844,1350.0,1189.0459050513161,0.5705960532650352,0.33636320922344987,0.0,0.0,0.0,0.0,0.0,0,0,0,0.0,0,0,True,0,0,,,,0.1667220000172165,0.4375974301478891,0.9645259999615519,0.6261959597776068,1.7915890496224165,-1.5406423453241587,0.9323363127055306,8.544555935922865,1138.798731467875,0,16.656336723381145,16.45757262178897,1189.0459050513161,1500.0,-0.58338338509202,0.0007060287863690506,0.0,0.0,0.0,0.0,0.0,0,0,0,0.0,0,0,True,0,0,,,,0.1651489999403566,0.43759896015217237,2.6751469999908295,,,,,,,,,,,,
Mar2015,550.0,True,0.0,pid_lowdrag_preview,2,96.75,0.6145903704860054,1.9645575741305947,-1.458010371774435,3.3795747089669104,6.700858864823994,1003.4224088616361,0,59.67859713014649,59.65615137544298,1350.0,1500.0,-0.21167690306901932,0.2599814418376497,0.0,0.0,0.0,0.0,0.0,0,0,0,0.0,0,0,True,0,0,,,,0.16412800005127792,0.4398118400058593,1.4809849999437574,0.6046063475168113,1.7466735020279884,-1.458010371774435,2.1872145494278783,6.705080572789326,1003.4224088616361,0,38.56232713837594,38.608645610064166,1279.3819903997066,1189.2177413677898,0.6243223082274199,0.3333734986086606,0.0,0.0,0.0,0.0,0.0,0,0,0,0.0,0,0,True,0,0,,,,0.16517400001703209,0.4322614399598021,1.4809849999437574,0.5846491396311613,1.7466735020279884,-1.458010371774435,2.4405477044455415,6.700858864823994,1003.4224088616361,0,43.02248175364141,43.08047486244132,1350.0,1189.2177413677898,0.6243223082274199,0.33637120180141933,0.0,0.0,0.0,0.0,0.0,0,0,0,0.0,0,0,True,0,0,,,,0.16517400001703209,0.4322614399598021,1.4809849999437574,0.7068143398127965,1.9645575741305947,-1.1459403010085225,0.9390270045213689,8.52923573331185,1138.9669668887248,0,16.656115376505085,16.57567651300166,1189.2177413677898,1500.0,-0.21167690306901932,0.0007192262030373264,0.0,0.0,0.0,0.0,0.0,0,0,0,0.0,0,0,True,0,0,,,,0.16412800005127792,0.4398118400058593,1.4809849999437574,,,,,,,,,,,,
Mar2015,550.0,True,0.0,pid_lowdrag_preview,3,96.75,0.6219714403177319,1.9188822722062469,-1.9188822722062469,3.370365322463436,6.700195314038168,1003.353127946049,0,59.67404031935032,59.493587561164816,1350.0,1500.0,-1.065229189582169,0.25996150625715375,0.0,0.0,0.0,0.0,0.0,0,0,0,0.0,0,0,True,0,0,,,,0.16522900000381924,0.45696383991526124,4.913945999987845,0.6637105361088467,1.9188822722062469,-1.9188822722062469,2.193427765253988,6.700195314038168,1003.353127946049,0,38.557844288937915,38.71832110943053,1279.56613386942,1188.5445537145456,0.8312930529937148,0.3333357786771022,0.0,0.0,0.0,0.0,0.0,0,0,0,0.0,0,0,True,0,0,,,,0.1657799999748022,0.44631268996226925,0.670902000138085,0.6434644251858942,1.9188822722062469,-1.9188822722062469,2.443475489219609,6.700195314038168,1003.353127946049,0,43.01780789735451,43.13215603143995,1350.0,1188.5445537145456,0.8312930529937148,0.33634622265220504,0.0,0.0,0.0,0.0,0.0,0,0,0,0.0,0,0,True,0,0,,,,0.1657799999748022,0.44631268996226925,0.670902000138085,0.5427155144340149,1.5294213714078069,-1.5294213714078069,0.9268898332438269,8.532505920170667,1138.1960060543197,0,16.65623242199581,16.361431529724868,1188.5445537145456,1500.0,-1.065229189582169,0.0007164081891007923,0.0,0.0,0.0,0.0,0.0,0,0,0,0.0,0,0,True,0,0,,,,0.16522900000381924,0.45696383991526124,4.913945999987845,,,,,,,,,,,,
Mar2015,550.0,True,0.0,pid_lowdrag_preview,4,96.75,0.6423812154868699,2.412241836078465,-1.649142563343048,3.3825965020214253,6.7048514322767,1004.6056160488404,0,59.675510543189645,59.709491975786555,1350.0,1500.0,0.44474805146455765,0.2600009033912467,0.0,0.0,0.0,0.0,0.0,0,0,0,0.0,0,0,True,0,0,,,,0.1628659999823867,0.47058595993803476,2.0189770000342833,0.6369094123790175,2.412241836078465,-1.5396428918465972,2.1903301812393754,6.7048514322767,1004.6056160488404,0,38.559095249543816,38.663642649331806,1279.8419637840493,1188.952144032157,0.8638567132875323,0.33339989147543514,0.0,0.0,0.0,0.0,0.0,0,0,0,0.0,0,0,True,0,0,,,,0.16456850005397428,0.4669260900209333,2.0189770000342833,0.6202376237259905,2.412241836078465,-1.5396428918465972,2.442299876185706,6.7048514322767,1004.6056160488404,0,43.019284266055266,43.11140414543357,1350.0,1188.952144032157,0.8638567132875323,0.33639747087127103,0.0,0.0,0.0,0.0,0.0,0,0,0,0.0,0,0,True,0,0,,,,0.16456850005397428,0.4669260900209333,2.0189770000342833,0.71242156961963,2.1119390642270446,-1.649142563343048,0.9402966258357193,8.533463097580253,1137.837438851635,0,16.65622627713438,16.598087830352988,1188.952144032157,1500.0,0.44474805146455765,0.0007155834590426569,0.0,0.0,0.0,0.0,0.0,0,0,0,0.0,0,0,True,0,0,,,,0.1628659999823867,0.47058595993803476,2.0189770000342833,,,,,,,,,,,,
Mar2015,550.0,True,0.0,swmpc,0,96.75,0.6237632210199908,2.7492742156609893,-2.7492742156609893,3.4183656881228153,5.199999999999999,1018.794739573902,0,60.38472744744929,60.34088857577284,1350.0,1500.0,-0.2858960656449199,0.21322885652340373,45.551172299124794,0.0,1.1177537893641088e-14,45.551172299124794,0.0,0,0,0,0.0,0,0,True,1008,0,7.554007407938436e-11,1.0006917233621472e-13,3.058704157938938e-10,0.7244939999964117,1.1626357599016048,3.9768610001829074,0.5611551115349223,2.0875596906989813,-1.4640881288796663,2.2252254795935835,5.204760572086899,1018.794739573902,0,39.20247046536689,39.279613409021266,1279.5447451385628,1221.3455901140317,0.25333007983863354,0.2741294742652647,45.551172299124794,0.0,1.1177537893641088e-14,45.551172299124794,0.0,0,0,0,0.0,0,0,True,1008,0,7.554007407938436e-11,1.0006917233621472e-13,3.058704157938938e-10,0.747548500044104,1.2201702999300315,3.9768610001829074,0.5616975026573912,2.0875596906989813,-1.4640881288796663,2.479443485470685,5.199999999999999,1018.794739573902,0,43.72064072618442,43.76706202222368,1350.0,1221.3455901140317,0.25333007983863354,0.2760458153597839,45.551172299124794,0.0,1.1177537893641088e-14,45.551172299124794,0.0,0,0,0,0.0,0,0,True,1008,0,7.554007407938436e-11,1.0006917233621472e-13,3.058704157938938e-10,0.747548500044104,1.2201702999300315,3.9768610001829074,0.7992462953733598,2.7492742156609893,-2.7492742156609893,0.9389222026521304,9.924192956962369,1137.8508991082942,0,16.664086721264873,16.573826553549154,1221.3455901140317,1500.0,-0.2858960656449199,3.1905321143721466e-05,0.0,0.0,0.0,0.0,0.0,0,0,0,0.0,0,0,True,1008,0,7.554007407938436e-11,1.0006917233621472e-13,3.058704157938938e-10,0.7244939999964117,1.1626357599016048,3.9768610001829074,0.28287199995702395,0.5408215298507454,3.1772239999554586,0.28287199995702395,0.5408215298507454,3.1772239999554586,0.28287199995702395,0.5408215298507454,3.1772239999554586,0.28287199995702395,0.5408215298507454,3.1772239999554586
Mar2015,550.0,True,0.0,swmpc,1,96.75,0.6210013916563031,2.1856429614126682,-1.7734589874744415,3.4141856185562953,5.200000000000001,1018.7100268913516,0,60.360978828077506,60.26710211318747,1350.0,1500.0,-0.5867075100541115,0.21394682451995095,45.544436957607985,0.0,1.1408964758737681e-14,45.544436957607985,0.0,0,0,0,0.0,0,0,True,1008,0,6.374040058060492e-11,1.1966930041560606e-13,4.720172812808607e-10,0.6973019999350072,1.0271637199548425,2.7034900001581263,0.6558709039922558,2.1856429614126682,-1.7734589874744415,2.2200753751135403,5.200000000000001,1018.7100268913516,0,39.179731351540596,39.18870391924296,1279.6562330723298,1221.959734480749,0.4261919129639864,0.2751122062404975,45.544436957607985,0.0,1.1404403012183056e-14,45.544436957607985,0.0,0,0,0,0.0,0,0,True,1008,0,6.374040058060492e-11,1.1966930041560606e-13,4.720172812808607e-10,0.7218394999881639,1.0405258999753642,2.7034900001581263,0.6198043128043506,2.1856429614126682,-1.7734589874744415,2.479843763379121,5.200000000000001,1018.7100268913516,0,43.69689739180696,43.774127715855364,1350.0,1221.959734480749,0.4261919129639864,0.27697598483081454,45.544436957607985,0.0,1.1408964758737681e-14,45.544436957607985,0.0,0,0,0,0.0,0,0,True,1008,0,6.374040058060492e-11,1.1966930041560606e-13,4.720172812808607e-10,0.7218394999881639,1.0405258999753642,2.7034900001581263,0.625047110285749,1.7962450608611107,-1.5973802832886577,0.9343418551771743,9.92949368740097,1138.8224943953996,0,16.66408143627055,16.492974397332105,1221.959734480749,1500.0,-0.5867075100541115,2.967437398937456e-05,0.0,0.0,0.0,0.0,0.0,0,0,0,0.0,0,0,True,1008,0,6.374040058060492e-11,1.1966930041560606e-13,4.720172812808607e-10,0.6973019999350072,1.0271637199548425,2.7034900001581263,0.26994750010089774,0.42118322985061235,0.5911220000598405,0.26994750010089774,0.42118322985061235,0.5911220000598405,0.26994750010089774,0.42118322985061235,0.5911220000598405,0.26994750010089774,0.42118322985061235,0.5911220000598405
Mar2015,550.0,True,0.0,swmpc,2,96.75,0.5801779597636378,2.0160062415525317,-1.3252441007643938,3.4196183903391804,5.2023007046775795,1018.6151472781904,0,60.38583827159581,60.36300123771561,1350.0,1500.0,-0.21437454130500555,0.21299109759849544,45.54598500605592,0.0,1.3514247497007142e-14,45.54598500605592,0.0,0,0,0,0.0,0,0,True,1008,0,7.950771094528151e-11,1.4618870684669057e-13,3.518291199578731e-10,0.7451040000887588,1.2778873199295049,2.5032780001765786,0.566387517113059,1.9436600543558598,-1.3252441007643938,2.223721462734474,5.2023007046775795,1018.6151472781904,0,39.20320629499647,39.253064548545105,1279.3909643020781,1223.2237383727415,0.4563591219484806,0.27384965165111097,45.54598500605592,0.0,1.2314383753679111e-14,45.54598500605592,0.0,0,0,0,0.0,0,0,True,1008,0,7.950771094528151e-11,1.4618870684669057e-13,3.518291199578731e-10,0.7820705000085582,1.2866280100638503,2.5032780001765786,0.5355604469265084,1.9436600543558598,-1.3252441007643938,2.4795695909256694,5.2023007046775795,1018.6151472781904,0,43.72178528864244,43.769288031932234,1350.0,1223.2237383727415,0.4563591219484806,0.2757394737051263,45.54598500605592,0.0,1.3514247497007142e-14,45.54598500605592,0.0,0,0,0,0.0,0,0,True,1008,0,7.950771094528151e-11,1.4618870684669057e-13,3.518291199578731e-10,0.7820705000085582,1.2866280100638503,2.5032780001765786,0.7110286676526653,2.0160062415525317,-1.1457496667280793,0.9400487994135109,9.936057029846442,1138.9567472102574,0,16.664052982953372,16.593713205783374,1223.2237383727415,1500.0,-0.21437454130500555,2.6912024475467256e-05,0.0,0.0,0.0,0.0,0.0,0,0,0,0.0,0,0,True,1008,0,7.950771094528151e-11,1.4618870684669057e-13,3.518291199578731e-10,0.7451040000887588,1.2778873199295049,2.5032780001765786,0.3011649999962174,0.5586719900134081,2.0281509998767433,0.3011649999962174,0.5586719900134081,2.0281509998767433,0.3011649999962174,0.5586719900134081,2.0281509998767433,0.3011649999962174,0.5586719900134081,2.0281509998767433
Mar2015,550.0,True,0.0,swmpc,3,96.75,0.6097614254361797,1.628587195649743,-1.628587195649743,3.4097724150574433,5.204548614767355,1018.5580099609367,0,60.36999251380975,60.18920037742129,1350.0,1500.0,-1.0672524450346828,0.21358496753688938,45.5502985136256,0.0,1.1452968444255407e-14,45.5502985136256,0.0,0,0,0,0.0,0,0,True,1008,0,7.386629940162532e-11,1.322469276520715e-13,4.722806655367283e-10,0.7370530001935549,1.2278439600049755,4.975137999963408,0.6550897683271468,1.628587195649743,-1.628587195649743,2.228210525882686,5.204548614767355,1018.5580099609367,0,39.16710958995593,39.33230535656551,1279.5562229632005,1221.7060771076845,0.5892596738412976,0.27513635715074447,45.5502985136256,0.0,1.1452968444255407e-14,45.5502985136256,0.0,0,0,0,0.0,0,0,True,1008,0,7.386629940162532e-11,1.322469276520715e-13,4.722806655367283e-10,0.7646239998848614,1.2423705998867258,4.975137999963408,0.6286041136105379,1.628587195649743,-1.628587195649743,2.4806326090737114,5.204548614767355,1018.5580099609367,0,43.70588631594762,43.78805239639101,1350.0,1221.7060771076845,0.5892596738412976,0.2765074915840361,45.5502985136256,0.0,1.1452968444255407e-14,45.5502985136256,0.0,0,0,0,0.0,0,0,True,1008,0,7.386629940162532e-11,1.322469276520715e-13,4.722806655367283e-10,0.7646239998848614,1.2423705998867258,4.975137999963408,0.5409384009113759,1.5319014340639114,-1.5319014340639114,0.9291398059837319,9.929351048543495,1138.1922226701117,0,16.664106197862125,16.401147981030277,1221.7060771076845,1500.0,-1.0672524450346828,2.973440717857212e-05,0.0,0.0,0.0,0.0,0.0,0,0,0,0.0,0,0,True,1008,0,7.386629940162532e-11,1.322469276520715e-13,4.722806655367283e-10,0.7370530001935549,1.2278439600049755,4.975137999963408,0.2922109999872191,0.550549209872315,4.453591000128654,0.2922109999872191,0.550549209872315,4.453591000128654,0.2922109999872191,0.550549209872315,4.453591000128654,0.2922109999872191,0.550549209872315,4.453591000128654
Mar2015,550.0,True,0.0,swmpc,4,96.75,0.6264836813990938,2.144453522749245,-1.6478254152461886,3.42308538611808,5.199999999999999,1018.1627551913783,0,60.39007372319537,60.424200543193685,1350.0,1500.0,0.4458251018077135,0.2129983500114444,45.55208711935078,0.0,1.1205728766633916e-14,45.55208711935078,0.0,0,0,0,0.0,0,0,True,1008,0,6.522437938420953e-11,1.54381163971547e-13,4.1015738276161917e-10,0.7198260000222945,1.6709551200983708,4.526089999899341,0.6173922895151563,1.8518839171156287,-1.3786514708772302,2.2302698755123442,5.199999999999999,1018.1627551913783,0,39.20813993038105,39.368656934447266,1279.5533274513277,1222.8146299210994,0.7843398563563824,0.2738150166690182,45.55208711935078,0.0,1.1205728766633916e-14,45.55208711935078,0.0,0,0,0,0.0,0,0,True,1008,0,6.522437938420953e-11,1.54381163971547e-13,4.1015738276161917e-10,0.747088000025542,1.842567529911317,4.526089999899341,0.5985877319158465,1.8518839171156287,-1.3786514708772302,2.4825398066846773,5.199999999999999,1018.1627551913783,0,43.725954653579365,43.821718191403356,1350.0,1222.8146299210994,0.7843398563563824,0.27574885019938966,45.55208711935078,0.0,1.1205728766633916e-14,45.55208711935078,0.0,0,0,0,0.0,0,0,True,1008,0,6.522437938420953e-11,1.54381163971547e-13,4.1015738276161917e-10,0.747088000025542,1.842567529911317,4.526089999899341,0.7130694829926796,2.144453522749245,-1.6478254152461886,0.9405455794334028,9.935953888396922,1137.867718895731,0,16.664119069616007,16.60248235179033,1222.8146299210994,1500.0,0.4458251018077135,2.695543417641222e-05,0.0,0.0,0.0,0.0,0.0,0,0,0,0.0,0,0,True,1008,0,6.522437938420953e-11,1.54381163971547e-13,4.1015738276161917e-10,0.7198260000222945,1.6709551200983708,4.526089999899341,0.2827775000469046,0.558311329875778,4.068079000035141,0.2827775000469046,0.558311329875778,4.068079000035141,0.2827775000469046,0.558311329875778,4.068079000035141,0.2827775000469046,0.558311329875778,4.068079000035141
Mar2015,550.0,True,0.0,swmpc_nosw,0,96.75,0.622225299475546,2.5944625232368708,-2.5944625232368708,3.420792794870753,5.200000000000003,1018.748441529781,0,60.39477046375452,60.38373179127445,1350.0,1500.0,-0.045068093575537205,0.21316470902691342,45.52358728684475,0.0,1.610150418591683e-14,45.52358728684475,0.0,0,0,0,0.0,0,0,True,1008,0,7.834315105434488e-11,1.258299710562958e-13,4.877954976297498e-10,0.8261080001830123,1.3134701598482936,1.9386189999295311,0.574863849474835,2.0488969199359417,-1.4496802678331733,2.227438381008518,5.205451628499425,1018.748441529781,0,39.21207822076876,39.318675478410555,1279.5149640903364,1222.2290029371993,0.387763730250299,0.2739941176219526,45.52358728684475,0.0,1.272161628520858e-14,45.52358728684475,0.0,0,0,0,0.0,0,0,True,1008,0,7.834315105434488e-11,1.258299710562958e-13,4.877954976297498e-10,0.9556490000477424,1.318574720014567,1.9386189999295311,0.5748667765843555,2.0488969199359417,-1.4496802678331733,2.4811308645058316,5.200000000000003,1018.748441529781,0,43.730672747339575,43.79684758633063,1350.0,1222.2290029371993,0.387763730250299,0.27596351338597325,45.52358728684475,0.0,1.610150418591683e-14,45.52358728684475,0.0,0,0,0,0.0,0,0,True,1008,0,7.834315105434488e-11,1.258299710562958e-13,4.877954976297498e-10,0.9556490000477424,1.318574720014567,1.9386189999295311,0.7612984137500078,2.5944625232368708,-2.5944625232368708,0.9396619303649212,9.93020970351277,1137.9225303129526,0,16.664097716414943,16.58688420494382,1222.2290029371993,1500.0,-0.045068093575537205,2.9373020407064132e-05,0.0,0.0,0.0,0.0,0.0,0,0,0,0.0,0,0,True,1008,0,7.834315105434488e-11,1.258299710562958e-13,4.877954976297498e-10,0.8261080001830123,1.3134701598482936,1.9386189999295311,0.33353900005295145,0.5813345099500106,0.6879279999338905,0.33353900005295145,0.5813345099500106,0.6879279999338905,0.33353900005295145,0.5813345099500106,0.6879279999338905,0.33353900005295145,0.5813345099500106,0.6879279999338905
Mar2015,550.0,True,0.0,swmpc_nosw,1,96.75,0.6024910446267943,2.150078561156988,-1.7447052393108606,3.4169852265903082,5.203579180231891,1018.7702296847331,0,60.380506218406296,60.31652071021527,1350.0,1500.0,-0.36162193305790424,0.21375469840996697,45.51804932060619,0.0,1.2655059885357017e-14,45.51804932060619,0.0,0,0,0,0.0,0,0,True,1008,0,6.930317613341611e-11,1.0805333444102951e-13,2.8019885586044335e-10,0.7225900001230912,1.0949525598607586,1.9607490000908,0.6347014646867736,2.150078561156988,-1.7447052393108606,2.2226132898206337,5.203579180231891,1018.7702296847331,0,39.19888324764876,39.233503113514985,1279.6659357306078,1221.8610161351553,0.5395772252231836,0.274792686101908,45.51804932060619,0.0,1.2655059885357017e-14,45.51804932060619,0.0,0,0,0,0.0,0,0,True,1008,0,6.930317613341611e-11,1.0805333444102951e-13,2.8019885586044335e-10,0.7480949999489894,1.104763479872872,1.9607490000908,0.6049559809397979,2.150078561156988,-1.7447052393108606,2.481870969941549,5.203579180231891,1018.7702296847331,0,43.716440582930375,43.80991190527899,1350.0,1221.8610161351553,0.5395772252231836,0.27672719719592165,45.51804932060619,0.0,1.2655059885357017e-14,45.51804932060619,0.0,0,0,0,0.0,0,0,True,1008,0,6.930317613341611e-11,1.0805333444102951e-13,2.8019885586044335e-10,0.7480949999489894,1.104763479872872,1.9607490000908,0.5940489414605739,1.5932929394766688,-1.444905144162476,0.9351142566487591,9.929066787857822,1138.6964101628548,0,16.66406563547592,16.506608804936285,1221.8610161351553,1500.0,-0.36162193305790424,2.98540455144769e-05,0.0,0.0,0.0,0.0,0.0,0,0,0,0.0,0,0,True,1008,0,6.930317613341611e-11,1.0805333444102951e-13,2.8019885586044335e-10,0.7225900001230912,1.0949525598607586,1.9607490000908,0.27646249998269923,0.5185222399654773,0.803654000037568,0.27646249998269923,0.5185222399654773,0.803654000037568,0.27646249998269923,0.5185222399654773,0.803654000037568,0.27646249998269923,0.5185222399654773,0.803654000037568
Mar2015,550.0,True,0.0,swmpc_nosw,2,96.75,0.5731782168806708,1.9550009341910481,-1.5246791914105415,3.4221481662320907,5.201579852216955,1018.6618135721646,0,60.395095961897304,60.40765676588406,1350.0,1500.0,0.029486647807061672,0.21289716887408183,45.51946184232456,0.0,1.596699161060832e-14,45.51946184232456,0.0,0,0,0,0.0,0,0,True,1008,0,6.001881225134599e-11,1.0115016690816549e-13,3.250599441451785e-10,0.7645650000540627,1.2857705199712655,3.4967730000516895,0.5666189443965454,1.8043052172288299,-1.5246791914105415,2.2253831539237106,5.201579852216955,1018.6618135721646,0,39.21212640801003,39.28239667156676,1279.3697608800296,1223.5425909514427,0.5177192557603121,0.27368540633815,45.51946184232456,0.0,1.596699161060832e-14,45.51946184232456,0.0,0,0,0,0.0,0,0,True,1008,0,6.001881225134599e-11,1.0115016690816549e-13,3.250599441451785e-10,0.8131884999329486,1.3151819099471125,3.4967730000516895,0.535892951788306,1.8043052172288299,-1.5246791914105415,2.480759987735892,5.201579852216955,1018.6618135721646,0,43.73104967194494,43.790300880714376,1350.0,1223.5425909514427,0.5177192557603121,0.2756181446974073,45.51946184232456,0.0,1.596699161060832e-14,45.51946184232456,0.0,0,0,0,0.0,0,0,True,1008,0,6.001881225134599e-11,1.0115016690816549e-13,3.250599441451785e-10,0.8131884999329486,1.3151819099471125,3.4967730000516895,0.6847477584126584,1.9550009341910481,-0.9926676526665688,0.9413881784961986,9.93827579447861,1138.8628285460622,0,16.664046289952367,16.617355885169687,1223.5425909514427,1500.0,0.029486647807061672,2.5978200977050392e-05,0.0,0.0,0.0,0.0,0.0,0,0,0,0.0,0,0,True,1008,0,6.001881225134599e-11,1.0115016690816549e-13,3.250599441451785e-10,0.7645650000540627,1.2857705199712655,3.4967730000516895,0.3163575000826313,0.5584977100102145,0.8397190001687704,0.3163575000826313,0.5584977100102145,0.8397190001687704,0.3163575000826313,0.5584977100102145,0.8397190001687704,0.3163575000826313,0.5584977100102145,0.8397190001687704
Mar2015,550.0,True,0.0,swmpc_nosw,3,96.75,0.6423660489141065,1.8101085238158703,-1.4483379675075412,3.4124425033963495,5.204696166031181,1018.5915706348309,0,60.3931759512964,60.236332696676925,1350.0,1500.0,-0.9061433644965291,0.2133036758230944,45.52264273888933,0.0,1.26009091930717e-14,45.52264273888933,0.0,0,0,0,0.0,0,0,True,1008,0,6.93193088718311e-11,1.6486715348422288e-13,4.029981521706115e-10,0.711384999931397,1.0578565600008016,3.177270000151111,0.7049503593902356,1.8101085238158703,-1.4483379675075412,2.230729829142578,5.204696166031181,1018.5915706348309,0,39.18898122780645,39.376776022129704,1279.5440450686303,1221.823326219562,0.678412658162415,0.2747124623955999,45.52264273888933,0.0,1.26009091930717e-14,45.52264273888933,0.0,0,0,0,0.0,0,0,True,1008,0,6.93193088718311e-11,1.6486715348422288e-13,4.029981521706115e-10,0.7323364999365367,1.094149490093058,3.177270000151111,0.6748107999233955,1.8101085238158703,-1.4483379675075412,2.4827129842534017,5.204696166031181,1018.5915706348309,0,43.72907936218524,43.82477511665131,1350.0,1221.823326219562,0.678412658162415,0.27614343052420687,45.52264273888933,0.0,1.26009091930717e-14,45.52264273888933,0.0,0,0,0,0.0,0,0,True,1008,0,6.93193088718311e-11,1.6486715348422288e-13,4.029981521706115e-10,0.7323364999365367,1.094149490093058,3.177270000151111,0.5172934650951868,1.3868401776999235,-1.3868401776999235,0.9297295191429478,9.93024815409812,1138.1827311825039,0,16.66409658911116,16.411557580025615,1221.823326219562,1500.0,-0.9061433644965291,2.935683750082685e-05,0.0,0.0,0.0,0.0,0.0,0,0,0,0.0,0,0,True,1008,0,6.93193088718311e-11,1.6486715348422288e-13,4.029981521706115e-10,0.711384999931397,1.0578565600008016,3.177270000151111,0.2709394999556025,0.4143656201563312,2.3340160000770993,0.2709394999556025,0.4143656201563312,2.3340160000770993,0.2709394999556025,0.4143656201563312,2.3340160000770993,0.2709394999556025,0.4143656201563312,2.3340160000770993
Mar2015,550.0,True,0.0,swmpc_nosw,4,96.75,0.6346597268541316,2.017284970730543,-1.77191327419132,3.4254150680884714,5.199999999999999,1018.2360280304548,0,60.40216904146997,60.46532401944535,1350.0,1500.0,0.6642308346927166,0.21291866201027454,45.5240473711413,0.0,1.08306190805638e-14,45.5240473711413,0.0,0,0,0,0.0,0,0,True,1008,0,7.001611984377202e-11,8.0784129558568e-14,3.643639864468607e-10,0.7630530001279112,1.314932559953377,11.75927600002069,0.6448242476367705,1.8783222492784262,-1.77191327419132,2.231931049520129,5.199999999999999,1018.2360280304548,0,39.22023171965764,39.397979928197564,1279.5487516565995,1223.0276113556017,0.8440211620181799,0.27366657709634434,45.5240473711413,0.0,1.08306190805638e-14,45.5240473711413,0.0,0,0,0,0.0,0,0,True,1008,0,7.001611984377202e-11,8.0784129558568e-14,3.643639864468607e-10,0.8086720000619607,1.3529139000183932,11.75927600002069,0.6292027887866687,1.8783222492784262,-1.77191327419132,2.483863517856089,5.199999999999999,1018.2360280304548,0,43.73805893262478,43.84508430128988,1350.0,1223.0276113556017,0.8440211620181799,0.27564584663869574,45.5240473711413,0.0,1.08306190805638e-14,45.5240473711413,0.0,0,0,0,0.0,0,0,True,1008,0,7.001611984377202e-11,8.0784129558568e-14,3.643639864468607e-10,0.8086720000619607,1.3529139000183932,11.75927600002069,0.6528402225621794,2.017284970730543,-1.5002457601949573,0.9415515502323824,9.937275907176826,1137.8899990109749,0,16.664110108845186,16.620239718155467,1223.0276113556017,1500.0,0.6642308346927166,2.6399028966062055e-05,0.0,0.0,0.0,0.0,0.0,0,0,0,0.0,0,0,True,1008,0,7.001611984377202e-11,8.0784129558568e-14,3.643639864468607e-10,0.7630530001279112,1.314932559953377,11.75927600002069,0.30419899997014,0.5500087300038103,5.953914999963672,0.30419899997014,0.5500087300038103,5.953914999963672,0.30419899997014,0.5500087300038103,5.953914999963672,0.30419899997014,0.5500087300038103,5.953914999963672
Mar2015,550.0,True,180.0,pid_lowdrag_preview,0,96.0,0.6599183953402675,2.293307850137353,-2.293307850137353,3.3395752445102533,6.700122482084842,946.1438381456361,0,59.089858510970615,58.95008202883759,1350.0,1500.0,-1.1686062458902597,0.2626566021187817,0.0,0.0,0.0,0.0,0.0,0,0,0,0.0,0,0,True,0,0,,,,0.16193449994261755,0.3975601500542315,1.4857049998227012,0.6251297840056593,2.2353530414402485,-1.4929555552080274,2.197416264958728,6.700122482084842,946.1438381456361,0,38.69327363930986,38.78872598656346,1381.3846217899284,1498.0782765936326,0.6454281061887741,0.3347893275093514,0.0,0.0,0.0,0.0,0.0,0,0,0,0.0,0,0,True,0,0,,,,0.16211000001931097,0.3744851799137896,1.363370000035502,0.6286108450826092,2.2353530414402485,-1.7753559676930308,2.444352068271538,6.700122482084842,946.1438381456361,0,43.07328320043223,43.147629378567096,1350.0,1498.0782765936326,0.6454281061887741,0.3373705639333099,0.0,0.0,0.0,0.0,0.0,0,0,0,0.0,0,0,True,0,0,,,,0.16211000001931097,0.3744851799137896,1.363370000035502,0.7593976016185323,2.293307850137353,-2.293307850137353,0.8952231762387153,8.066580926207214,1139.0033193328438,0,16.016575310538386,15.802452650270496,1498.0782765936326,1500.0,-1.1686062458902597,0.0011577357679334321,0.0,0.0,0.0,0.0,0.0,0,0,0,0.0,0,0,True,0,0,,,,0.16193449994261755,0.3975601500542315,1.4857049998227012,,,,,,,,,,,,
Mar2015,550.0,True,180.0,pid_lowdrag_preview,1,96.0,0.6654825348749394,2.7507745940238237,-1.7041426785290241,3.344466324936788,6.687076877259665,948.0216892586153,0,59.094348120061746,59.03641923379426,1350.0,1500.0,-1.0639748005196452,0.2627145745053683,0.0,0.0,0.0,0.0,0.0,0,0,0,0.0,0,0,True,0,0,,,,0.20471400000587892,0.4692150999858313,2.0385600000736304,0.7148176116732368,2.7507745940238237,-1.6258928906172514,2.193931964957605,6.687076877259665,948.0216892586153,0,38.69877454756304,38.727221227472526,1380.8637537841164,1498.4968575744701,0.5377762457355857,0.3348789438416562,0.0,0.0,0.0,0.0,0.0,0,0,0,0.0,0,0,True,0,0,,,,0.18703249997997773,0.4702024601488119,2.0385600000736304,0.6740634249877882,2.7507745940238237,-1.6258928906172514,2.44555021384141,6.687076877259665,948.0216892586153,0,43.077650015804636,43.16877900822197,1350.0,1498.4968575744701,0.5377762457355857,0.3374475150787104,0.0,0.0,0.0,0.0,0.0,0,0,0,0.0,0,0,True,0,0,,,,0.18703249997997773,0.4702024601488119,2.0385600000736304,0.6345362604565244,1.7041426785290241,-1.7041426785290241,0.8989161110953781,8.075894615834889,1138.7492085219753,0,16.01669810425711,15.867640225572295,1498.4968575744701,1500.0,-1.0639748005196452,0.001149282498670634,0.0,0.0,0.0,0.0,0.0,0,0,0,0.0,0,0,True,0,0,,,,0.20471400000587892,0.4692150999858313,2.0385600000736304,,,,,,,,,,,,
Mar2015,550.0,True,180.0,pid_lowdrag_preview,2,96.0,0.5991219400326099,1.9912710469216108,-1.562538885511458,3.343612875125212,6.697327407500482,948.1240428389133,0,59.08719117268228,59.021354163323934,1350.0,1500.0,-0.08200321439653635,0.2626302100506068,0.0,0.0,0.0,0.0,0.0,0,0,0,0.0,0,0,True,0,0,,,,0.16132899997955974,0.404027899890024,0.8011300001271593,0.5835835654520812,1.7804984850808978,-1.562538885511458,2.18973289830716,6.697327407500482,948.1240428389133,0,38.69124172924448,38.653099428931114,1381.1563239850122,1498.0876490878939,0.11560151167213917,0.3347572736868635,0.0,0.0,0.0,0.0,0.0,0,0,0,0.0,0,0,True,0,0,,,,0.1622954999902504,0.38446026993369714,0.8011300001271593,0.5605800604590131,1.7804984850808978,-1.562538885511458,2.4386762770513255,6.697327407500482,948.1240428389133,0,43.07073143170111,43.04744048222174,1350.0,1498.0876490878939,0.11560151167213917,0.3373359548708462,0.0,0.0,0.0,0.0,0.0,0,0,0,0.0,0,0,True,0,0,,,,0.1622954999902504,0.38446026993369714,0.8011300001271593,0.7179045416928106,1.9912710469216108,-0.9843963738530874,0.9049365980738866,8.063973027687451,1137.860319218658,0,16.01645974098117,15.973913681102196,1498.0876490878939,1500.0,-0.08200321439653635,0.0011601031797684458,0.0,0.0,0.0,0.0,0.0,0,0,0,0.0,0,0,True,0,0,,,,0.16132899997955974,0.404027899890024,0.8011300001271593,,,,,,,,,,,,
Mar2015,550.0,True,180.0,pid_lowdrag_preview,3,96.0,0.614538705815039,2.2638553231954575,-1.5564565435051918,3.3452365339683907,6.697877263281711,948.687665139614,0,59.09284570845436,59.050014940513414,1350.0,1500.0,-0.26611045375466347,0.2627004836338267,0.0,0.0,0.0,0.0,0.0,0,0,0,0.0,0,0,True,0,0,,,,0.169922000054612,0.47483830001056027,0.7626229999004863,0.6548952491686545,2.2638553231954575,-1.5564565435051918,2.2028536670084966,6.697877263281711,948.687665139614,0,38.69734350977892,38.88470684442362,1380.5705369823,1498.8219494832367,0.458358027972281,0.33485280109284565,0.0,0.0,0.0,0.0,0.0,0,0,0,0.0,0,0,True,0,0,,,,0.17071799993573222,0.4787331800389436,0.7626229999004863,0.6332305471310037,2.2638553231954575,-1.5564565435051918,2.444830821062028,6.697877263281711,948.687665139614,0,43.0761494234163,43.15608030846193,1350.0,1498.8219494832367,0.458358027972281,0.33742915928414574,0.0,0.0,0.0,0.0,0.0,0,0,0,0.0,0,0,True,0,0,,,,0.17071799993573222,0.4787331800389436,0.7626229999004863,0.5440835908960107,1.4418544312939048,-1.4212311683222651,0.9004057129063625,8.074973007105855,1138.4513425963546,0,16.016696285038066,15.893934632051483,1498.8219494832367,1500.0,-0.26611045375466347,0.001150118857710547,0.0,0.0,0.0,0.0,0.0,0,0,0,0.0,0,0,True,0,0,,,,0.169922000054612,0.47483830001056027,0.7626229999004863,,,,,,,,,,,,
Mar2015,550.0,True,180.0,pid_lowdrag_preview,4,96.0,0.6583631763397166,2.36926297750324,-2.1503579849377275,3.348956364597529,6.698610356056866,948.2101836695555,0,59.09121354571899,59.11567727918428,1350.0,1500.0,-0.008527783676981926,0.2626654957265486,0.0,0.0,0.0,0.0,0.0,0,0,0,0.0,0,0,True,0,0,,,,0.1633169999877282,0.43196210010592,1.75384999988637,0.6196111511864546,2.0059270188212395,-1.7393435761332512,2.199343452042669,6.698610356056866,948.2101836695555,0,38.69581359463877,38.82274463515336,1380.8214689537717,1498.2477508650104,0.6629888908937573,0.3347923859442342,0.0,0.0,0.0,0.0,0.0,0,0,0,0.0,0,0,True,0,0,,,,0.1652844999853187,0.4476837100651207,1.75384999988637,0.6073126074288596,2.0059270188212395,-1.7393435761332512,2.4425073787841494,6.698610356056866,948.2101836695555,0,43.0746542403888,43.11506697507618,1350.0,1498.2477508650104,0.6629888908937573,0.33738132425425504,0.0,0.0,0.0,0.0,0.0,0,0,0,0.0,0,0,True,0,0,,,,0.1652844999853187,0.4476837100651207,1.75384999988637,0.8121509790817242,2.36926297750324,-2.1503579849377275,0.9064489858133795,8.063981069127276,1139.6081529045903,0,16.01655930533019,16.0006103041081,1498.2477508650104,1500.0,-0.008527783676981926,0.0011600958795757732,0.0,0.0,0.0,0.0,0.0,0,0,0,0.0,0,0,True,0,0,,,,0.1633169999877282,0.43196210010592,1.75384999988637,,,,,,,,,,,,
Mar2015,550.0,True,180.0,swmpc,0,96.0,0.6159926941072341,2.2910930197685957,-2.2910930197685957,3.3760028590107956,5.200000000000001,1042.0034507427447,0,59.732765037046406,59.59310118717263,1350.0,1500.0,-1.1679505491629243,0.2160477466849402,45.544203537773825,0.0,1.2010639830090627e-14,45.544203537773825,0.0,0,0,0,0.0,0,0,True,1008,0,7.668546839494398e-11,1.4109763229934413e-13,3.9003138861954943e-10,0.7058764999783307,1.0231008499886227,2.5629920000938,0.5650764028541735,1.8729121554642916,-1.4388164980337024,2.2270443011911514,5.200000000000001,1042.0034507427447,0,39.284642181150744,39.31171919329716,1450.7590278053563,1500.0,0.21867985557764769,0.27655243116924333,45.544203537773825,0.0,1.2010639830090627e-14,45.544203537773825,0.0,0,0,0,0.0,0,0,True,1008,0,7.668546839494398e-11,1.4109763229934413e-13,3.9003138861954943e-10,0.7284560000471174,1.032968450035696,2.5629920000938,0.5689357964435672,1.8729121554642916,-1.5858472269028425,2.4789441681605213,5.200000000000001,1042.0034507427447,0,43.72757726728896,43.75824808804446,1350.0,1500.0,0.21867985557764769,0.2772094871202596,45.544203537773825,0.0,1.2010639830090627e-14,45.544203537773825,0.0,0,0,0,0.0,0,0,True,1008,0,7.668546839494398e-11,1.4109763229934413e-13,3.9003138861954943e-10,0.7284560000471174,1.032968450035696,2.5629920000938,0.7580261899885993,2.2910930197685957,-2.2910930197685957,0.8970586908502742,7.240162166102927,1139.0041241552437,0,16.00518776975745,15.834853099128168,1500.0,1500.0,-1.1679505491629243,0.0019816551613216493,0.0,0.0,0.0,0.0,0.0,0,0,0,0.0,0,0,True,1008,0,7.668546839494398e-11,1.4109763229934413e-13,3.9003138861954943e-10,0.7058764999783307,1.0231008499886227,2.5629920000938,0.27178499999536143,0.4022996000412604,0.5955399999493238,0.27178499999536143,0.4022996000412604,0.5955399999493238,0.27178499999536143,0.4022996000412604,0.5955399999493238,0.27178499999536143,0.4022996000412604,0.5955399999493238
Mar2015,550.0,True,180.0,swmpc,1,96.0,0.6248194148152914,2.5150076495483518,-1.702135993167758,3.3810028707093385,5.204019291457044,1042.890935312053,0,59.739711386831665,59.68136124367543,1350.0,1500.0,-1.0679059866815805,0.21591158568208135,45.6161285159308,0.0,1.3794937273292595e-14,45.6161285159308,0.0,0,0,0,0.0,0,0,True,1008,0,5.16686901903799e-11,1.3977771217313237e-13,2.8256068578532373e-10,0.7516644999441269,1.310473650039512,2.1515310002087062,0.6601459635380355,2.5150076495483518,-1.5685553792864084,2.2247549107487936,5.204019291457044,1042.890935312053,0,39.292474818636805,39.271306941890344,1452.0713674422868,1500.0,0.33014057017862797,0.2763289052725386,45.6161285159308,0.0,1.3794937273292595e-14,45.6161285159308,0.0,0,0,0,0.0,0,0,True,1008,0,5.16686901903799e-11,1.3977771217313237e-13,2.8256068578532373e-10,0.7889219999697161,1.3336741899024669,2.1515310002087062,0.6214578593890947,2.5150076495483518,-1.5685553792864084,2.4809528748553653,5.204019291457044,1042.890935312053,0,43.73483293053126,43.79370571836063,1350.0,1500.0,0.33014057017862797,0.27702757221632013,45.6161285159308,0.0,1.3794937273292595e-14,45.6161285159308,0.0,0,0,0,0.0,0,0,True,1008,0,5.16686901903799e-11,1.3977771217313237e-13,2.8256068578532373e-10,0.7889219999697161,1.3336741899024669,2.1515310002087062,0.6364450538718082,1.702135993167758,-1.702135993167758,0.9000499958539732,7.222021937370733,1138.726811147036,0,16.004878456300403,15.887655525314806,1500.0,1500.0,-1.0679059866815805,0.002005632812245306,0.0,0.0,0.0,0.0,0.0,0,0,0,0.0,0,0,True,1008,0,5.16686901903799e-11,1.3977771217313237e-13,2.8256068578532373e-10,0.7516644999441269,1.310473650039512,2.1515310002087062,0.2894215000424083,0.6088466399910427,1.3074549999601004,0.2894215000424083,0.6088466399910427,1.3074549999601004,0.2894215000424083,0.6088466399910427,1.3074549999601004,0.2894215000424083,0.6088466399910427,1.3074549999601004
Mar2015,550.0,True,180.0,swmpc,2,96.0,0.5759875495491522,1.9914276311174035,-1.2668249942362309,3.3808103359798,5.200000000000001,1042.776908107253,0,59.7440056901209,59.677962626405325,1350.0,1500.0,-0.08344759792089462,0.21603378340234614,45.561474488849306,0.0,1.2372194119480054e-14,45.561474488849306,0.0,0,0,0,0.0,0,0,True,1008,0,1.0240723362414188e-10,1.3398163701189855e-13,4.288346951516629e-10,0.7351799999923969,1.2755006499787664,3.067929000053482,0.5595910196803958,1.7335662571713328,-1.2668249942362309,2.2253611934283293,5.200000000000001,1042.776908107253,0,39.295390748206096,39.28200902556112,1452.9984668428758,1500.0,0.21678057592362165,0.2765676652167718,45.561474488849306,0.0,1.2372194119480054e-14,45.561474488849306,0.0,0,0,0,0.0,0,0,True,1008,0,1.0240723362414188e-10,1.3398163701189855e-13,4.288346951516629e-10,0.7691314999647147,1.3651348299708823,3.067929000053482,0.5301594016320278,1.7335662571713328,-1.2668249942362309,2.4781827394376905,5.200000000000001,1042.776908107253,0,43.73892995206306,43.74480737107198,1350.0,1500.0,0.21678057592362165,0.2771908306517179,45.561474488849306,0.0,1.2372194119480054e-14,45.561474488849306,0.0,0,0,0,0.0,0,0,True,1008,0,1.0240723362414188e-10,1.3398163701189855e-13,4.288346951516629e-10,0.7691314999647147,1.3651348299708823,3.067929000053482,0.7135726932656988,1.9914276311174035,-0.9953553406521678,0.9026275965421093,7.238298360045842,1137.8606411182784,0,16.00507573805784,15.933155255333347,1500.0,1500.0,-0.08344759792089462,0.0019841180295452343,0.0,0.0,0.0,0.0,0.0,0,0,0,0.0,0,0,True,1008,0,1.0240723362414188e-10,1.3398163701189855e-13,4.288346951516629e-10,0.7351799999923969,1.2755006499787664,3.067929000053482,0.2831824998565935,0.5522277600653068,2.066562999971211,0.2831824998565935,0.5522277600653068,2.066562999971211,0.2831824998565935,0.5522277600653068,2.066562999971211,0.2831824998565935,0.5522277600653068,2.066562999971211
Mar2015,550.0,True,180.0,swmpc,3,96.0,0.5981217750446909,1.444676891900599,-1.4312594141811132,3.3825862582532342,5.199999999999999,1042.4109836068844,0,59.75283295953303,59.70931115309785,1350.0,1500.0,-0.2716872086748481,0.215833603349454,45.57461848759781,0.0,1.658244853063881e-14,45.57461848759781,0.0,0,0,0,0.0,0,0,True,1008,0,7.647437527469842e-11,1.1536162200739166e-13,4.060642382831221e-10,0.7180405000326573,1.2389971000288824,2.3359850001725135,0.6368085861492708,1.4294077679514885,-1.4114937325939536,2.235118568740246,5.204438135912284,1042.4109836068844,0,39.29952079584102,39.454245921845455,1452.5887878968683,1500.0,0.4419295862317085,0.2764298201953238,45.57461848759781,0.0,1.2518899842057495e-14,45.57461848759781,0.0,0,0,0,0.0,0,0,True,1008,0,7.647437527469842e-11,1.1536162200739166e-13,4.060642382831221e-10,0.7434129998955541,1.2601812598245485,2.3359850001725135,0.6122839045018482,1.4294077679514885,-1.4114937325939536,2.4815740334082905,5.199999999999999,1042.4109836068844,0,43.74753269388453,43.80467039050185,1350.0,1500.0,0.4419295862317085,0.2769363061936396,45.57461848759781,0.0,1.658244853063881e-14,45.57461848759781,0.0,0,0,0,0.0,0,0,True,1008,0,7.647437527469842e-11,1.1536162200739166e-13,4.060642382831221e-10,0.7434129998955541,1.2601812598245485,2.3359850001725135,0.5456674179659747,1.444676891900599,-1.4312594141811132,0.9010122248449437,7.245847552618215,1138.4167070316842,0,16.0053002656485,15.904640762596003,1500.0,1500.0,-0.2716872086748481,0.001974143394803951,0.0,0.0,0.0,0.0,0.0,0,0,0,0.0,0,0,True,1008,0,7.647437527469842e-11,1.1536162200739166e-13,4.060642382831221e-10,0.7180405000326573,1.2389971000288824,2.3359850001725135,0.2836880000813835,0.5405927299807445,0.6749399999534944,0.2836880000813835,0.5405927299807445,0.6749399999534944,0.2836880000813835,0.5405927299807445,0.6749399999534944,0.2836880000813835,0.5405927299807445,0.6749399999534944
Mar2015,550.0,True,180.0,swmpc,4,96.0,0.6420046440857711,2.3727870546281338,-2.143919059075415,3.3852762227622915,5.199999999999999,1042.1079836233896,0,59.732201337280344,59.75679432591317,1350.0,1500.0,-0.007448996417224407,0.2161591770709188,45.56526774994428,0.0,1.2496508461925114e-14,45.56526774994428,0.0,0,0,0,0.0,0,0,True,1008,0,8.424584893330264e-11,9.276317117002306e-14,3.317389038446649e-10,0.730547000102888,1.531675499870743,2.9319539999050903,0.6016837967149238,1.9798451578244567,-1.4887902233749628,2.2328163356282724,5.199999999999999,1042.1079836233896,0,39.282368137500086,39.41360697202001,1452.247263586084,1500.0,0.6569156842306256,0.27680700973327443,45.56526774994428,0.0,1.2496508461925114e-14,45.56526774994428,0.0,0,0,0,0.0,0,0,True,1008,0,8.424584893330264e-11,9.276317117002306e-14,3.317389038446649e-10,0.7582489998867459,1.5766375100110956,2.9319539999050903,0.5850469099978797,1.9798451578244567,-1.4887902233749628,2.480516920350017,5.199999999999999,1042.1079836233896,0,43.726567052026674,43.786010262510686,1350.0,1500.0,0.6569156842306256,0.27736212240806835,45.56526774994428,0.0,1.2496508461925114e-14,45.56526774994428,0.0,0,0,0,0.0,0,0,True,1008,0,8.424584893330264e-11,9.276317117002306e-14,3.317389038446649e-10,0.7582489998867459,1.5766375100110956,2.9319539999050903,0.8104228707788329,2.3727870546281338,-2.143919059075415,0.9047593024122746,7.2649859337186,1139.6098230338685,0,16.00563428525367,15.970784063402483,1500.0,1500.0,-0.007448996417224407,0.0019488683908956972,0.0,0.0,0.0,0.0,0.0,0,0,0,0.0,0,0,True,1008,0,8.424584893330264e-11,9.276317117002306e-14,3.317389038446649e-10,0.730547000102888,1.531675499870743,2.9319539999050903,0.28360300007079786,0.5815569800529372,1.2221239999234967,0.28360300007079786,0.5815569800529372,1.2221239999234967,0.28360300007079786,0.5815569800529372,1.2221239999234967,0.28360300007079786,0.5815569800529372,1.2221239999234967
Mar2015,550.0,True,180.0,swmpc_nosw,0,96.0,0.6160040370043748,2.1626457814127207,-2.1626457814127207,3.3781854467743906,5.199999999999999,1041.927165259783,0,59.75220286930771,59.631628160898245,1350.0,1500.0,-1.0277546932920814,0.21583802299195143,45.521138341332204,0.0,1.196999855341909e-14,45.521138341332204,0.0,0,0,0,0.0,0,0,True,1008,0,1.0227786889493671e-10,1.4109763229934413e-13,4.0573225802878315e-10,0.7258955000679634,1.2420505500244872,10.256906999984494,0.5719666112402692,1.7166026709601283,-1.3115589963272214,2.229969267103943,5.199999999999999,1041.927165259783,0,39.30421943458761,39.36335060384084,1450.495518462845,1500.0,0.3685920247808099,0.2761878558479558,45.521138341332204,0.0,1.196999855341909e-14,45.521138341332204,0.0,0,0,0,0.0,0,0,True,1008,0,1.0227786889493671e-10,1.4109763229934413e-13,4.0573225802878315e-10,0.7524554999918109,1.243196729938063,10.256906999984494,0.5771611338004816,1.7166026709601283,-1.553644249215722,2.4813075726268714,5.199999999999999,1041.927165259783,0,43.74706231700231,43.7999668327824,1350.0,1500.0,0.3685920247808099,0.2769390369710071,45.521138341332204,0.0,1.196999855341909e-14,45.521138341332204,0.0,0,0,0,0.0,0,0,True,1008,0,1.0227786889493671e-10,1.4109763229934413e-13,4.0573225802878315e-10,0.7524554999918109,1.243196729938063,10.256906999984494,0.7359836757232395,2.1626457814127207,-2.1626457814127207,0.8968778741475192,7.238028935775731,1139.0503140558428,0,16.0051405523054,15.831661328115842,1500.0,1500.0,-1.0277546932920814,0.0019844740652565918,0.0,0.0,0.0,0.0,0.0,0,0,0,0.0,0,0,True,1008,0,1.0227786889493671e-10,1.4109763229934413e-13,4.0573225802878315e-10,0.7258955000679634,1.2420505500244872,10.256906999984494,0.2830319999702624,0.5426608099060102,8.557527999982995,0.2830319999702624,0.5426608099060102,8.557527999982995,0.2830319999702624,0.5426608099060102,8.557527999982995,0.2830319999702624,0.5426608099060102,8.557527999982995
Mar2015,550.0,True,180.0,swmpc_nosw,1,96.0,0.6006866826933941,2.1212171502411366,-1.972362568601966,3.381433501180321,5.204636198026231,1042.6349034510783,0,59.72964704482218,59.68896271983002,1350.0,1500.0,-0.958677938207984,0.21620076090930773,45.58043221499194,0.0,1.2267416816219798e-14,45.58043221499194,0.0,0,0,0,0.0,0,0,True,1008,0,7.319225159312815e-11,1.566908951998517e-13,3.3937288289471245e-10,0.7360910000215881,1.2219642999070846,10.882240999990245,0.6354713496517316,2.1212171502411366,-1.972362568601966,2.2256155106850635,5.204636198026231,1042.6349034510783,0,39.28127651495862,39.286498226147614,1451.9972997435937,1500.0,0.44720272812992334,0.2767737361545508,45.58043221499194,0.0,1.2267416816219798e-14,45.58043221499194,0.0,0,0,0,0.0,0,0,True,1008,0,7.319225159312815e-11,1.566908951998517e-13,3.3937288289471245e-10,0.7631060000221623,1.3286035100418259,10.882240999990245,0.6030016454608328,2.1212171502411366,-1.972362568601966,2.4812408565613655,5.204636198026231,1042.6349034510783,0,43.724723829793064,43.79878916279573,1350.0,1500.0,0.44720272812992334,0.2774006201400069,45.58043221499194,0.0,1.2267416816219798e-14,45.58043221499194,0.0,0,0,0,0.0,0,0,True,1008,0,7.319225159312815e-11,1.566908951998517e-13,3.3937288289471245e-10,0.7631060000221623,1.3286035100418259,10.882240999990245,0.5925130909471307,1.555176505818963,-1.4974877526983619,0.9001926446189557,7.2253341691649275,1138.7726239189112,0,16.004923215029116,15.890173557034295,1500.0,1500.0,-0.958677938207984,0.002001253601860764,0.0,0.0,0.0,0.0,0.0,0,0,0,0.0,0,0,True,1008,0,7.319225159312815e-11,1.566908951998517e-13,3.3937288289471245e-10,0.7360910000215881,1.2219642999070846,10.882240999990245,0.28009699997255666,0.5474534000450145,1.495116000114649,0.28009699997255666,0.5474534000450145,1.495116000114649,0.28009699997255666,0.5474534000450145,1.495116000114649,0.28009699997255666,0.5474534000450145,1.495116000114649
Mar2015,550.0,True,180.0,swmpc_nosw,2,96.0,0.5712107255640095,1.7291750274598598,-1.365790843963623,3.3831608507801376,5.1999999999999975,1042.551916216159,0,59.76713947293765,59.719453843145054,1350.0,1500.0,0.045335305854678154,0.21580838536461333,45.5346118800097,0.0,1.1095887582537012e-14,45.5346118800097,0.0,0,0,0,0.0,0,0,True,1008,0,7.080334934586071e-11,1.232434279557353e-13,2.1448605152413971e-10,0.719795999998496,1.2427640000964857,3.513712000085434,0.5603878656505493,1.5901599675416946,-1.365790843963623,2.2281581877438397,5.1999999999999975,1042.551916216159,0,39.31881728106257,39.33138148530868,1453.1151305939748,1500.0,0.30426557548344135,0.27618711594832035,45.5346118800097,0.0,1.1095887582537012e-14,45.5346118800097,0.0,0,0,0,0.0,0,0,True,1008,0,7.080334934586071e-11,1.232434279557353e-13,2.1448605152413971e-10,0.7496910001236756,1.2456380201001591,3.513712000085434,0.5310355395071672,1.5901599675416946,-1.365790843963623,2.4804045823607708,5.1999999999999975,1042.551916216159,0,43.76217368487149,43.7840272756949,1350.0,1500.0,0.30426557548344135,0.2768988986340791,45.5346118800097,0.0,1.1095887582537012e-14,45.5346118800097,0.0,0,0,0,0.0,0,0,True,1008,0,7.080334934586071e-11,1.232434279557353e-13,2.1448605152413971e-10,0.7496910001236756,1.2456380201001591,3.513712000085434,0.6937377124881502,1.7291750274598598,-0.9404651885852218,0.9027562684193668,7.2326454184096605,1137.9058261258815,0,16.00496578806616,15.93542656745015,1500.0,1500.0,0.045335305854678154,0.0019915889214829896,0.0,0.0,0.0,0.0,0.0,0,0,0,0.0,0,0,True,1008,0,7.080334934586071e-11,1.232434279557353e-13,2.1448605152413971e-10,0.719795999998496,1.2427640000964857,3.513712000085434,0.27899100007289235,0.5182974100011958,2.827517000014268,0.27899100007289235,0.5182974100011958,2.827517000014268,0.27899100007289235,0.5182974100011958,2.827517000014268,0.27899100007289235,0.5182974100011958,2.827517000014268
Mar2015,550.0,True,180.0,swmpc_nosw,3,96.0,0.6299204587750205,1.667783074080944,-1.4933660086244345,3.384288085351958,5.200000000000001,1042.2157675517346,0,59.765260390263904,59.7393517539896,1350.0,1500.0,-0.12752121314406395,0.2156218727713035,45.550874010244826,0.0,1.3059453326671454e-14,45.550874010244826,0.0,0,0,0,0.0,0,0,True,1008,0,9.825237565541689e-11,1.2203062599205938e-13,3.963362987760452e-10,0.7401674999982788,1.2344398500658822,1.8171920000895625,0.6882132809506359,1.667783074080944,-1.4933660086244345,2.237318108844531,5.2050564742267404,1042.2157675517346,0,39.3126013021062,39.49307213777992,1452.4006829441412,1500.0,0.5341090746223927,0.2760587565670847,45.550874010244826,0.0,1.3059453326671454e-14,45.550874010244826,0.0,0,0,0,0.0,0,0,True,1008,0,9.825237565541689e-11,1.2203062599205938e-13,3.963362987760452e-10,0.7803225000770908,1.2521016800951654,1.8171920000895625,0.6591306911346217,1.667783074080944,-1.4933660086244345,2.4829913176240987,5.200000000000001,1042.2157675517346,0,43.759917806853885,43.82968824896061,1350.0,1500.0,0.5341090746223927,0.2766653237300929,45.550874010244826,0.0,1.3059453326671454e-14,45.550874010244826,0.0,0,0,0,0.0,0,0,True,1008,0,9.825237565541689e-11,1.2203062599205938e-13,3.963362987760452e-10,0.7803225000770908,1.2521016800951654,1.8171920000895625,0.5147937370834852,1.2591253919526935,-1.2591253919526935,0.9012967677278594,7.2491396697486525,1138.4968561016904,0,16.00534258341002,15.909663505028995,1500.0,1500.0,-0.12752121314406395,0.001969794415540571,0.0,0.0,0.0,0.0,0.0,0,0,0,0.0,0,0,True,1008,0,9.825237565541689e-11,1.2203062599205938e-13,3.963362987760452e-10,0.7401674999982788,1.2344398500658822,1.8171920000895625,0.2954104999162155,0.5478274400888946,0.6764409999959753,0.2954104999162155,0.5478274400888946,0.6764409999959753,0.2954104999162155,0.5478274400888946,0.6764409999959753,0.2954104999162155,0.5478274400888946,0.6764409999959753
Mar2015,550.0,True,180.0,swmpc_nosw,4,96.0,0.644777596109589,2.282495716586709,-2.0126279378309846,3.3878913301157074,5.200854208979969,1041.9228388023985,0,59.75687353623499,59.80295612246272,1350.0,1500.0,0.1538153039291501,0.21582404661940635,45.54090483024556,0.0,1.198642284785927e-14,45.54090483024556,0.0,0,0,0,0.0,0,0,True,1008,0,5.42041555273374e-11,1.1209362368089082e-13,3.698564146128939e-10,0.7285394999598793,1.2261890000104358,3.1906649999200454,0.6305378722519743,2.008831664919853,-1.5177138857543468,2.2356175573451464,5.200854208979969,1041.9228388023985,0,39.30677752293845,39.46305405372962,1452.1072831678393,1500.0,0.7326302854344249,0.2762943162466813,45.54090483024556,0.0,1.198642284785927e-14,45.54090483024556,0.0,0,0,0,0.0,0,0,True,1008,0,5.42041555273374e-11,1.1209362368089082e-13,3.698564146128939e-10,0.7512435000762707,1.2529117700910317,3.1906649999200454,0.6168330953740421,2.008831664919853,-1.5177138857543468,2.4828067203528463,5.200854208979969,1041.9228388023985,0,43.75134693895211,43.82642974346665,1350.0,1500.0,0.7326302854344249,0.2769291557690887,45.54090483024556,0.0,1.198642284785927e-14,45.54090483024556,0.0,0,0,0,0.0,0,0,True,1008,0,5.42041555273374e-11,1.1209362368089082e-13,3.698564146128939e-10,0.7512435000762707,1.2529117700910317,3.1906649999200454,0.7342553585649503,2.282495716586709,-2.0126279378309846,0.9050846097628611,7.259459816437522,1139.5984428619802,0,16.00552659728288,15.97652637899607,1500.0,1500.0,0.1538153039291501,0.0019561645955180618,0.0,0.0,0.0,0.0,0.0,0,0,0,0.0,0,0,True,1008,0,5.42041555273374e-11,1.1209362368089082e-13,3.698564146128939e-10,0.7285394999598793,1.2261890000104358,3.1906649999200454,0.28088350006783,0.5322751997800875,1.8761209998956474,0.28088350006783,0.5322751997800875,1.8761209998956474,0.28088350006783,0.5322751997800875,1.8761209998956474,0.28088350006783,0.5322751997800875,1.8761209998956474
May2024,400.0,False,0.0,pid_lowdrag_preview,0,96.58333333333333,2.3803282816757676,9.268796454183757,-8.149639281444252,106.4819105635536,7.152640010860226,1102.019185760844,0,1878.9375600648762,1879.615490810536,1350.0,1500.0,6.196936944499612,0.19706773877253647,0.0,0.0,0.0,0.0,0.0007674597083653108,0,0,0,0.0,0,0,True,0,0,,,,0.19309100002828927,0.4631183599758515,0.7284000000709057,2.484048492790168,9.268796454183757,-8.149639281444252,72.98945751048056,7.154917552323152,1102.019185760844,0,1288.312617088159,1288.4077142912693,1156.7780028270247,1456.2809390820403,3.2539315223693848,0.2490033777608287,0.0,0.0,0.0,0.0,0.0011574074074074073,0,0,0,0.0,0,0,True,0,0,,,,0.18000700003995007,0.497250260029885,0.7284000000709057,2.416917097624583,9.268796454183757,-8.149639281444252,80.49590810831668,7.152640010860226,1102.019185760844,0,1420.9915630732032,1420.911355050755,1350.0,1456.2809390820403,3.2539315223693848,0.2545568455573344,0.0,0.0,0.0,0.0,0.000992063492063492,0,0,0,0.0,0,0,True,0,0,,,,0.18000700003995007,0.497250260029885,0.7284000000709057,2.2508222772046738,6.367754399776459,-6.367754399776459,25.986002455236914,8.637300722264984,1120.4216416459235,0,457.9459969916729,458.7041357597809,1456.2809390820403,1500.0,6.196936944499612,0.0006303840638027802,0.0,0.0,0.0,0.0,0.0,0,0,0,0.0,0,0,True,0,0,,,,0.19309100002828927,0.4631183599758515,0.7284000000709057,,,,,,,,,,,,
May2024,400.0,False,0.0,pid_lowdrag_preview,1,96.58333333333333,2.382993915568487,8.13801728002727,-8.13801728002727,106.46056270404536,7.120839149108313,1102.0399390759899,0,1879.1759817797613,1879.2386590349283,1350.0,1500.0,3.583504719659686,0.1971440183790497,0.0,0.0,0.0,0.0,0.0023023791250959325,0,0,0,0.0,0,0,True,0,0,,,,0.16107299984469137,0.38132676005716365,1.3435670000490063,2.423166273874802,8.13801728002727,-8.13801728002727,73.00428615299299,7.128306269771107,1102.0399390759899,0,1288.5276355100852,1288.6694690440436,1159.8159156041486,1453.5310343376195,-0.8639418939128518,0.2491015849066216,0.0,0.0,0.0,0.0,0.003472222222222222,0,0,0,0.0,0,0,True,0,0,,,,0.16233500002726942,0.36159553009383666,1.3435670000490063,2.3434193660780656,8.13801728002727,-8.13801728002727,80.51222537276644,7.120839149108313,1102.0399390759899,0,1421.2074899939614,1421.1993869133075,1350.0,1453.5310343376195,-0.8639418939128518,0.25467214443034636,0.0,0.0,0.0,0.0,0.002976190476190476,0,0,0,0.0,0,0,True,0,0,,,,0.16233500002726942,0.36159553009383666,1.3435670000490063,2.513520552302623,7.152795542031527,-6.919551400467753,25.94833733127892,8.747435873158809,1116.4481972947171,0,457.96849178579987,458.0392721216208,1453.5310343376195,1500.0,3.583504719659686,0.0005733368207202494,0.0,0.0,0.0,0.0,0.0,0,0,0,0.0,0,0,True,0,0,,,,0.16107299984469137,0.38132676005716365,1.3435670000490063,,,,,,,,,,,,
May2024,400.0,False,0.0,pid_lowdrag_preview,2,96.58333333333333,2.443122798525845,9.27201157156378,-9.222238269634545,106.45863567826655,7.123705767186344,1100.5003188986468,0,1878.8307875625514,1879.204643233681,1350.0,1500.0,4.10748730506748,0.19718854487963677,0.0,0.0,0.0,0.0,0.0023023791250959325,0,0,0,0.0,0,0,True,0,0,,,,0.15967100011948787,0.3061632198841836,0.6539969999721507,2.5030644492573497,9.27201157156378,-9.222238269634545,72.96641001518388,7.123705767186344,1100.5003188986468,0,1288.151877160289,1288.000880595726,1156.7387175239828,1455.30263993087,0.5383989522233605,0.24918578617724263,0.0,0.0,0.0,0.0,0.003472222222222222,0,0,0,0.0,0,0,True,0,0,,,,0.1611784999795418,0.2967896399832168,0.6539969999721507,2.42132689199794,9.27201157156378,-9.222238269634545,80.48122806090109,7.123705767186344,1100.5003188986468,0,1420.8844019272478,1420.6522232941845,1350.0,1455.30263993087,0.5383989522233605,0.25471485333847943,0.0,0.0,0.0,0.0,0.002976190476190476,0,0,0,0.0,0,0,True,0,0,,,,0.1611784999795418,0.2967896399832168,0.6539969999721507,2.5161739512029437,7.752763085067272,-6.200367441400886,25.977407617365458,8.644260930560069,1118.5908972318775,0,457.9463856353036,458.55241993949653,1455.30263993087,1500.0,4.10748730506748,0.000624073942302461,0.0,0.0,0.0,0.0,0.0,0,0,0,0.0,0,0,True,0,0,,,,0.15967100011948787,0.3061632198841836,0.6539969999721507,,,,,,,,,,,,
May2024,400.0,False,0.0,pid_lowdrag_preview,3,96.58333333333333,2.320098620904876,10.046101334504783,-7.8700685650110245,106.4179826946723,6.989127401644456,1102.234165184744,0,1878.9861201014241,1878.4870379868764,1350.0,1500.0,-2.565741702914238,0.1971190440756202,0.0,0.0,0.0,0.0,0.0,0,0,0,0.0,0,0,True,0,0,,,,0.1730009998937021,0.44056231989088707,1.6568999999435619,2.4527122408743165,10.046101334504783,-7.8700685650110245,72.9887586054463,7.173049053109236,1102.234165184744,0,1288.077154184731,1288.395377240579,1159.6339143850012,1452.9225328132106,-2.0815278040245175,0.24932306698180662,0.0,0.0,0.0,0.0,0.0,0,0,0,0.0,0,0,True,0,0,,,,0.16586499998538784,0.4416677599624563,1.6568999999435619,2.3967897875780375,10.046101334504783,-7.8700685650110245,80.49833243823535,6.989127401644456,1102.234165184744,0,1421.0023599086708,1420.9541492497565,1350.0,1452.9225328132106,-2.0815278040245175,0.25465070397934486,0.0,0.0,0.0,0.0,0.0,0,0,0,0.0,0,0,True,0,0,,,,0.16586499998538784,0.4416677599624563,1.6568999999435619,2.0363687943512345,6.141051922924817,-6.141051922924817,25.919650256436952,8.825364408543262,1118.7536002191866,0,457.9837601927534,457.53288873711995,1452.9225328132106,1500.0,-2.565741702914238,0.0005362875232319819,0.0,0.0,0.0,0.0,0.0,0,0,0,0.0,0,0,True,0,0,,,,0.1730009998937021,0.44056231989088707,1.6568999999435619,,,,,,,,,,,,
May2024,400.0,False,0.0,pid_lowdrag_preview,4,96.58333333333333,2.4637777915859207,8.479133278131485,-7.929769127629697,106.4615822240029,7.072967958983883,1099.7394527591,0,1879.1547307337398,1879.2566555706233,1350.0,1500.0,1.8611062103882432,0.1970575643904654,0.0,0.0,0.0,0.0,0.0015349194167306216,0,0,0,0.0,0,0,True,0,0,,,,0.22425800011660613,0.49217622005016953,1.261328000055073,2.4438837791443047,8.479133278131485,-7.721318948082626,72.9827599504901,7.149033637815525,1099.7394527591,0,1288.5159525384618,1288.2894891632518,1162.2056292493294,1455.3167775564516,-1.3120307102799416,0.24900641197160978,0.0,0.0,0.0,0.0,0.0023148148148148147,0,0,0,0.0,0,0,True,0,0,,,,0.24340300001313153,0.4304613301655987,1.0490170000139187,2.411554669087462,8.479133278131485,-7.721318948082626,80.48498869428444,7.072967958983883,1099.7394527591,0,1421.218725509683,1420.718605881847,1350.0,1455.3167775564516,-1.3120307102799416,0.2545352174275811,0.0,0.0,0.0,0.0,0.001984126984126984,0,0,0,0.0,0,0,True,0,0,,,,0.24340300001313153,0.4304613301655987,1.0490170000139187,2.6344209294251493,8.029834591783583,-7.929769127629697,25.976593529718457,8.604011519038181,1117.6038940753033,0,457.93600522405677,458.53804968877625,1455.3167775564516,1500.0,1.8611062103882432,0.0006593465551680833,0.0,0.0,0.0,0.0,0.0,0,0,0,0.0,0,0,True,0,0,,,,0.22425800011660613,0.49217622005016953,1.261328000055073,,,,,,,,,,,,
May2024,400.0,False,0.0,swmpc,0,96.58333333333333,4.39803274090427,20.460589633323252,-7.181825398467481,98.00201682875728,2.944161979979915,645.837040330187,0,1729.2505480840882,1729.9286610007143,1350.0,1500.0,6.1967988247051835,0.27047438429119586,35.99251775822902,3.0340960634902383,1.185322148599283e-14,35.99251775822902,0.0,0,0,0,0.0,0,0,True,1008,0,6.821210263296962e-12,3.177764317901346e-13,2.555386681225714e-10,0.8377839999411663,1.5772347398660715,2.331077999997433,5.18578093868438,20.460589633323252,-7.181825398467481,65.17128108829803,3.1229627103381885,645.837040330187,0,1150.0432765856647,1150.401498632204,1159.9237339272922,1073.4323503532314,3.395849502645433,0.3468090908688647,35.99251775822902,3.0340960634902383,1.185322148599283e-14,35.99251775822902,0.0,0,0,0,0.0,0,0,True,1008,0,6.821210263296962e-12,3.177764317901346e-13,2.555386681225714e-10,0.8949409999559066,1.6039280299287384,2.331077999997433,4.8500059209165665,20.460589633323252,-7.181825398467481,72.06188609382392,2.944161979979915,645.837040330187,0,1271.8650804594693,1272.034251471597,1350.0,1073.4323503532314,3.395849502645433,0.34897676057756477,35.99251775822902,3.0340960634902383,1.185322148599283e-14,35.99251775822902,0.0,0,0,0,0.0,0,0,True,1008,0,6.821210263296962e-12,3.177764317901346e-13,2.555386681225714e-10,0.8949409999559066,1.6039280299287384,2.331077999997433,2.2495120153813137,6.3676708759739995,-6.3676708759739995,25.940130734933362,7.00777273401885,742.1886741315969,0,457.38546762461897,457.8944095291174,1073.4323503532314,1500.0,6.1967988247051835,0.0022357561669253956,0.0,0.0,0.0,0.0,0.0,0,0,0,0.0,0,0,True,1008,0,6.821210263296962e-12,3.177764317901346e-13,2.555386681225714e-10,0.8377839999411663,1.5772347398660715,2.331077999997433,0.4120870000861032,0.8266796400357632,1.6744059998927696,0.4120870000861032,0.8266796400357632,1.6744059998927696,0.4120870000861032,0.8266796400357632,1.6744059998927696,0.4120870000861032,0.8266796400357632,1.6744059998927696
May2024,400.0,False,0.0,swmpc,1,96.58333333333333,4.410270860274867,20.029246589168906,-8.10873251222074,98.11436640065092,2.687540617333741,645.8373641418156,0,1731.8490081384446,1731.9118522733022,1350.0,1500.0,3.5834243735298514,0.26913775290531006,35.970018146390764,2.6108890735613843,9.802232939740397e-15,35.970018146390764,0.0,0,0,0,0.0,0,0,True,1008,0,6.59383658785373e-12,3.1743619000456085e-13,3.7874968671046827e-10,0.8949600000960345,1.475208960005148,3.7067739999656624,5.170541115483499,20.029246589168906,-8.10873251222074,65.32635564371556,3.1329267456226835,645.8373641418156,0,1152.6905812799794,1153.1388700322068,1162.2217842175717,1050.7772097346192,3.097219259478152,0.34433221178162343,35.970018146390764,2.6108890735613843,9.802232939740397e-15,35.970018146390764,0.0,0,0,0,0.0,0,0,True,1008,0,6.59383658785373e-12,3.1743619000456085e-13,3.7874968671046827e-10,0.9304989999918689,1.5087627000752935,3.7067739999656624,4.8264263446067295,20.029246589168906,-8.10873251222074,72.21567078575201,2.687540617333741,645.8373641418156,0,1274.5040482522882,1274.7488542399806,1350.0,1050.7772097346192,3.097219259478152,0.347212583388703,35.970018146390764,2.6108890735613843,9.802232939740397e-15,35.970018146390764,0.0,0,0,0,0.0,0,0,True,1008,0,6.59383658785373e-12,3.1743619000456085e-13,3.7874968671046827e-10,0.9304989999918689,1.5087627000752935,3.7067739999656624,2.51317940066355,7.152836551889777,-6.91960971057415,25.898695614898912,6.912380762428832,717.9959295097275,0,457.3449598861564,457.1629980333216,1050.7772097346192,1500.0,3.5834243735298514,0.002360027050191338,0.0,0.0,0.0,0.0,0.0,0,0,0,0.0,0,0,True,1008,0,6.59383658785373e-12,3.1743619000456085e-13,3.7874968671046827e-10,0.8949600000960345,1.475208960005148,3.7067739999656624,0.4378355000653755,0.7318019300282685,1.0392480000973592,0.4378355000653755,0.7318019300282685,1.0392480000973592,0.4378355000653755,0.7318019300282685,1.0392480000973592,0.4378355000653755,0.7318019300282685,1.0392480000973592
May2024,400.0,False,0.0,swmpc,2,96.58333333333333,4.378198874279879,16.917252272367477,-9.404451325535774,98.01216097502093,2.9790309112110513,656.3879572082436,0,1729.7337023563334,1730.1077251662357,1350.0,1500.0,4.107456022873521,0.27088581265202005,36.00188944366223,2.7215733590248368,1.2579252249951069e-14,36.00188944366223,0.0,0,0,0,0.0,0,0,True,1008,0,6.821210263296962e-12,1.452990929003309e-07,2.4817681672046784e-10,0.7988149998254812,1.5063758201586102,1.6299700000672601,5.1245814190392,16.917252272367477,-9.404451325535774,65.17433966991561,3.137461126780031,656.3879572082436,0,1150.5342574549097,1150.455488623151,1159.7124328927346,1087.4393222954602,0.6323476769030094,0.3471834180073946,36.00188944366223,2.7215733590248368,1.2579252249951069e-14,36.00188944366223,0.0,0,0,0,0.0,0,0,True,1008,0,6.821210263296962e-12,1.452990929003309e-07,2.4817681672046784e-10,0.8563719999301611,1.5287537801646058,1.6299700000672601,4.788214117051963,16.917252272367477,-9.404451325535774,72.0711209937543,2.9790309112110513,656.3879572082436,0,1272.3590710362462,1272.1972656481116,1350.0,1087.4393222954602,0.6323476769030094,0.349500634388366,36.00188944366223,2.7215733590248368,1.2579252249951069e-14,36.00188944366223,0.0,0,0,0,0.0,0,0,True,1008,0,6.821210263296962e-12,1.452990929003309e-07,2.4817681672046784e-10,0.8563719999301611,1.5287537801646058,1.6299700000672601,2.5152473932546453,7.752720773220062,-6.200239408761263,25.941039981266627,6.986865841154266,754.7668739768118,0,457.37463132008725,457.91045951812407,1087.4393222954602,1500.0,4.107456022873521,0.0022629641427427405,0.0,0.0,0.0,0.0,0.0,0,0,0,0.0,0,0,True,1008,0,6.821210263296962e-12,1.452990929003309e-07,2.4817681672046784e-10,0.7988149998254812,1.5063758201586102,1.6299700000672601,0.4012204999526148,0.8008727601054487,0.9257169999727921,0.4012204999526148,0.8008727601054487,0.9257169999727921,0.4012204999526148,0.8008727601054487,0.9257169999727921,0.4012204999526148,0.8008727601054487,0.9257169999727921
May2024,400.0,False,0.0,swmpc,3,96.58333333333333,4.346163208823272,17.57264251727611,-9.032666893675923,98.025315504351,3.0318784959338787,660.0950730796732,0,1730.8388813959953,1730.3399285233556,1350.0,1500.0,-2.56545970775187,0.2694253554326934,35.932175843735735,2.287204726543928,1.1825664810301008e-14,35.932175843735735,0.0,0,0,0,0.0,0,0,True,1008,0,7.275957614183426e-12,2.359436014833008e-13,3.906829345091958e-10,0.83871500009991,1.5639919398336135,10.412862000066525,5.131701974046761,17.57264251727611,-9.032666893675923,65.25815183438198,3.0318784959338787,660.0950730796732,0,1151.5620021091618,1151.9349384359575,1162.1742742862077,1070.6746332218067,1.6608326323330402,0.3450445804839911,35.932175843735735,2.287204726543928,1.1825664810301008e-14,35.932175843735735,0.0,0,0,0,0.0,0,0,True,1008,0,7.275957614183426e-12,2.359436014833008e-13,3.906829345091958e-10,0.8947600000510647,1.6896865497983462,10.412862000066525,4.817084278014646,17.57264251727611,-9.032666893675923,72.13006576159552,3.0318784959338787,660.0950730796732,0,1273.266475301376,1273.2377569217133,1350.0,1070.6746332218067,1.6608326323330402,0.34778540112690015,35.932175843735735,2.287204726543928,1.1825664810301008e-14,35.932175843735735,0.0,0,0,0,0.0,0,0,True,1008,0,7.275957614183426e-12,2.359436014833008e-13,3.906829345091958e-10,0.8947600000510647,1.6896865497983462,10.412862000066525,2.0357875117490334,6.1409380082041025,-6.1409380082041025,25.89524974275548,7.458617600233417,738.6606799253632,0,457.5724060946193,457.10217160164234,1070.6746332218067,1500.0,-2.56545970775187,0.0016730637046917796,0.0,0.0,0.0,0.0,0.0,0,0,0,0.0,0,0,True,1008,0,7.275957614183426e-12,2.359436014833008e-13,3.906829345091958e-10,0.83871500009991,1.5639919398336135,10.412862000066525,0.4184265000048981,0.8498153299160536,2.3481129999254335,0.4184265000048981,0.8498153299160536,2.3481129999254335,0.4184265000048981,0.8498153299160536,2.3481129999254335,0.4184265000048981,0.8498153299160536,2.3481129999254335
May2024,400.0,False,0.0,swmpc,4,96.58333333333333,4.397050546248858,17.504164789803326,-9.630889859050512,98.11075546242773,3.06920990245819,652.6012631767233,0,1731.7460330501835,1731.8481121001118,1350.0,1500.0,1.8612525379285216,0.26921351270617766,35.99738423589674,3.282426326941432,9.432155534538317e-15,35.99738423589674,0.0,0,0,0,0.0,0,0,True,1008,0,8.412825991399586e-12,2.9058508365397963e-13,2.3721905740193347e-10,0.844172999904913,1.317398120127109,2.9727760002060677,5.115727414776175,17.504164789803326,-9.630889859050512,65.27318953211342,3.06920990245819,652.6012631767233,0,1151.8817206187055,1152.2003834251782,1164.144028810161,1073.334179341208,2.6252720560878515,0.34561940320383766,35.99738423589674,3.282426326941432,9.432155534538317e-15,35.99738423589674,0.0,0,0,0,0.0,0,0,True,1008,0,8.412825991399586e-12,2.9058508365397963e-13,2.3721905740193347e-10,0.898591000009219,1.3499731701585909,2.9727760002060677,4.792287437972566,17.504164789803326,-9.630889859050512,72.183745702033,3.06920990245819,652.6012631767233,0,1274.2445827012832,1274.1853136199134,1350.0,1073.334179341208,2.6252720560878515,0.34744987757531665,35.99738423589674,3.282426326941432,9.432155534538317e-15,35.99738423589674,0.0,0,0,0,0.0,0,0,True,1008,0,8.412825991399586e-12,2.9058508365397963e-13,2.3721905740193347e-10,0.898591000009219,1.3499731701585909,2.9727760002060677,2.631313830120136,8.019235010258853,-7.929731860756874,25.92700976039474,7.279570396007694,740.6052166345966,0,457.50145034890033,457.6627984801985,1073.334179341208,1500.0,1.8612525379285216,0.0018838320685772292,0.0,0.0,0.0,0.0,0.0,0,0,0,0.0,0,0,True,1008,0,8.412825991399586e-12,2.9058508365397963e-13,2.3721905740193347e-10,0.844172999904913,1.317398120127109,2.9727760002060677,0.41995849994691525,0.6380529201032913,2.4738629999774275,0.41995849994691525,0.6380529201032913,2.4738629999774275,0.41995849994691525,0.6380529201032913,2.4738629999774275,0.41995849994691525,0.6380529201032913,2.4738629999774275
May2024,400.0,False,0.0,swmpc_nosw,0,96.58333333333333,3.5325689355542327,15.725549745373428,-7.099531471729279,97.90991025887601,2.944161979979915,670.9781765575266,0,1727.6190495353515,1728.30279859238,1350.0,1500.0,5.789070654660463,0.27185302256939825,35.59894413400502,0.0,1.108007938625249e-14,35.59894413400502,0.0,0,0,0,0.0,0,0,True,1008,0,6.366462912410498e-12,2.8380509312214136e-13,2.5457364817007967e-10,0.9100830000079441,1.8116246799354496,2.6558879999356577,4.089830521715496,15.725549745373428,-7.099531471729279,65.05706621018982,3.1531450209388536,670.9781765575266,0,1148.0962006493014,1148.3853810302817,1160.0099534907015,1151.4419728908338,2.8242123695090413,0.34916727172618756,35.59894413400502,0.0,1.108007938625249e-14,35.59894413400502,0.0,0,0,0,0.0,0,0,True,1008,0,6.366462912410498e-12,2.8380509312214136e-13,2.5457364817007967e-10,0.9613149999267989,1.8274703100382792,2.5312349998785066,3.84723159150405,15.725549745373428,-7.099531471729279,71.94993810166766,2.944161979979915,670.9781765575266,0,1269.9592773107572,1270.0581488724915,1350.0,1151.4419728908338,2.8242123695090413,0.3509957126054887,35.59894413400502,0.0,1.108007938625249e-14,35.59894413400502,0.0,0,0,0,0.0,0,0,True,1008,0,6.366462912410498e-12,2.8380509312214136e-13,2.5457364817007967e-10,0.9613149999267989,1.8274703100382792,2.5312349998785066,2.1317558241043253,6.172269543632865,-6.172269543632865,25.959972157208355,7.7338372549762155,818.4461722143096,0,457.65977222459424,458.24464971988846,1151.4419728908338,1500.0,5.789070654660463,0.0014264749206555072,0.0,0.0,0.0,0.0,0.0,0,0,0,0.0,0,0,True,1008,0,6.366462912410498e-12,2.8380509312214136e-13,2.5457364817007967e-10,0.9100830000079441,1.8116246799354496,2.6558879999356577,0.429402999998274,0.9851150201552606,1.4025070001935092,0.429402999998274,0.9851150201552606,1.4025070001935092,0.429402999998274,0.9851150201552606,1.4025070001935092,0.429402999998274,0.9851150201552606,1.4025070001935092
May2024,400.0,False,0.0,swmpc_nosw,1,96.58333333333333,3.5548236991275117,16.756658227182925,-7.510584413073957,97.89910227545165,2.687540617333741,673.9098087358032,0,1728.0186003522267,1728.1120163932112,1350.0,1500.0,3.3509798627346754,0.27199806732156906,35.58234678211471,0.0,1.0736747535731488e-14,35.58234678211471,0.0,0,0,0,0.0,0,0,True,1008,0,5.4569682106375694e-12,2.509816273908756e-13,3.7874968671046827e-10,0.8634219998384651,1.502882099780438,4.397917000005691,4.084135936943305,16.756658227182925,-7.510584413073957,65.11666557397359,3.2506756269275616,673.9098087358032,0,1149.0489860730493,1149.4374272118184,1162.2594076305043,1127.6733435888082,2.587612561881542,0.3483048838064151,35.58234678211471,0.0,1.0736747535731488e-14,35.58234678211471,0.0,0,0,0,0.0,0,0,True,1008,0,5.4569682106375694e-12,2.509816273908756e-13,3.7874968671046827e-10,0.9005139999089806,1.5183632601429047,4.397917000005691,3.830034571169402,16.756658227182925,-7.510584413073957,71.98078852835815,2.687540617333741,673.9098087358032,0,1270.4196981884431,1270.6027196789264,1350.0,1127.6733435888082,2.587612561881542,0.3511333278991192,35.58234678211471,0.0,1.0736747535731488e-14,35.58234678211471,0.0,0,0,0,0.0,0,0,True,1008,0,5.4569682106375694e-12,2.509816273908756e-13,3.7874968671046827e-10,0.9005139999089806,1.5183632601429047,4.397917000005691,2.3858304677536837,6.569622243754566,-6.514007862657309,25.918313747093507,7.543477515477048,793.3741594433649,0,457.5989021637836,457.5092967142848,1127.6733435888082,1500.0,3.3509798627346754,0.001596905754889244,0.0,0.0,0.0,0.0,0.0,0,0,0,0.0,0,0,True,1008,0,5.4569682106375694e-12,2.509816273908756e-13,3.7874968671046827e-10,0.8634219998384651,1.502882099780438,4.397917000005691,0.40903700005401333,0.7772189998968312,2.3270210001555824,0.40903700005401333,0.7772189998968312,2.3270210001555824,0.40903700005401333,0.7772189998968312,2.3270210001555824,0.40903700005401333,0.7772189998968312,2.3270210001555824
May2024,400.0,False,0.0,swmpc_nosw,2,96.58333333333333,3.5203352524337315,12.921946839429438,-8.432769007980824,97.86579352435143,2.9790309112110513,677.9652568172324,0,1727.1199701433982,1727.524051318053,1350.0,1500.0,3.944548260420561,0.2727254636341392,35.61790346772492,0.0,1.0252201995457715e-14,35.61790346772492,0.0,0,0,0,0.0,0,0,True,1008,0,5.002220859751105e-12,2.723426941041029e-13,2.1424936632563264e-10,0.8176740000180871,1.1985497000023315,2.226719999953275,4.034558715028735,12.921946839429438,-8.432769007980824,65.02289554308368,3.3157373676703386,677.9652568172324,0,1147.9107468749187,1147.782201439651,1159.6115452693361,1155.4492783519763,0.23428100161254406,0.34987054257667227,35.61790346772492,0.0,1.0252201995457715e-14,35.61790346772492,0.0,0,0,0,0.0,0,0,True,1008,0,5.002220859751105e-12,2.723426941041029e-13,2.1424936632563264e-10,0.8771635000357492,1.2160610899309172,2.226719999953275,3.789034198134735,12.921946839429438,-8.432769007980824,71.90673324866192,2.9790309112110513,677.9652568172324,0,1269.5109503725876,1269.295498103387,1350.0,1155.4492783519763,0.23428100161254406,0.35208359259210276,35.61790346772492,0.0,1.0252201995457715e-14,35.61790346772492,0.0,0,0,0,0.0,0,0,True,1008,0,5.002220859751105e-12,2.723426941041029e-13,2.1424936632563264e-10,0.8771635000357492,1.2160610899309172,2.226719999953275,2.3836535561768133,7.254602863453329,-5.920444967225194,25.95906027568951,7.581549949843261,821.1762173196715,0,457.6090197708106,458.2285532146659,1155.4492783519763,1500.0,3.944548260420561,0.0015627721438773445,0.0,0.0,0.0,0.0,0.0,0,0,0,0.0,0,0,True,1008,0,5.002220859751105e-12,2.723426941041029e-13,2.1424936632563264e-10,0.8176740000180871,1.1985497000023315,2.226719999953275,0.3962880000472069,0.6815051901230617,0.943624000001364,0.3962880000472069,0.6815051901230617,0.943624000001364,0.3962880000472069,0.6815051901230617,0.943624000001364,0.3962880000472069,0.6815051901230617,0.943624000001364
May2024,400.0,False,0.0,swmpc_nosw,3,96.58333333333333,3.5083676652773015,15.663010706193745,-8.249102747999132,97.8271665599234,3.1615033364387175,679.7823349092935,0,1727.2657657216591,1726.8422093007637,1350.0,1500.0,-1.9801353132352233,0.2720287687973597,35.57888343520219,0.0,1.1763960842168724e-14,35.57888343520219,0.0,0,0,0,0.0,0,0,True,1008,0,5.002220859751105e-12,2.419679518084621e-13,3.2604385832470854e-10,0.7976730000791576,2.0354491199123004,3.007168000067395,4.070851817026224,15.663010706193745,-8.249102747999132,65.06455733834912,3.1615033364387175,679.7823349092935,0,1148.1522289017553,1148.5176141998206,1162.131751394971,1131.0472297161002,1.4314007349312305,0.34869269637145106,35.57888343520219,0.0,1.1763960842168724e-14,35.57888343520219,0.0,0,0,0,0.0,0,0,True,1008,0,5.002220859751105e-12,2.419679518084621e-13,3.2604385832470854e-10,0.8614299999862851,2.0675539599528743,3.007168000067395,3.8512173135436703,15.663010706193745,-8.249102747999132,71.92360114655843,3.1615033364387175,679.7823349092935,0,1269.6360760523607,1269.5932497310166,1350.0,1131.0472297161002,1.4314007349312305,0.35119767443146976,35.57888343520219,0.0,1.1763960842168724e-14,35.57888343520219,0.0,0,0,0,0.0,0,0,True,1008,0,5.002220859751105e-12,2.419679518084621e-13,3.2604385832470854e-10,0.8614299999862851,2.0675539599528743,3.007168000067395,1.9201279209760247,5.879939576610923,-5.879939576610923,25.903565413364973,7.637508877356997,798.4425404694007,0,457.6296896692984,457.24895956974706,1131.0472297161002,1500.0,-1.9801353132352233,0.0015126437831805006,0.0,0.0,0.0,0.0,0.0,0,0,0,0.0,0,0,True,1008,0,5.002220859751105e-12,2.419679518084621e-13,3.2604385832470854e-10,0.7976730000791576,2.0354491199123004,3.007168000067395,0.38809099999070895,0.804959949998647,1.6360590000203956,0.38809099999070895,0.804959949998647,1.6360590000203956,0.38809099999070895,0.804959949998647,1.6360590000203956,0.38809099999070895,0.804959949998647,1.6360590000203956
May2024,400.0,False,0.0,swmpc_nosw,4,96.58333333333333,3.563273257681349,14.330411097034812,-8.294135960750282,97.93020809809764,3.195631422025777,669.5953199138035,0,1728.5042597672978,1728.6610954413786,1350.0,1500.0,2.116619933396578,0.2716711432606802,35.58773908344713,0.0,1.1574767644663531e-14,35.58773908344713,0.0,0,0,0,0.0,0,0,True,1008,0,4.092726157978177e-12,2.2419586338794828e-13,4.015448606758104e-10,0.8512339998105745,1.5108674999464717,2.1108250000452244,4.053665927647309,14.330411097034812,-8.294135960750282,65.09856523174366,3.195631422025777,669.5953199138035,0,1148.8075164862762,1149.1179205137846,1164.0732724834943,1145.290642488725,2.3042705319821835,0.3490605373577659,35.58773908344713,0.0,1.1574767644663531e-14,35.58773908344713,0.0,0,0,0,0.0,0,0,True,1008,0,4.092726157978177e-12,2.2419586338794828e-13,4.015448606758104e-10,0.9023615000387508,1.7547612100815906,2.1108250000452244,3.8219296206228197,14.330411097034812,-8.294135960750282,71.99170812125966,3.195631422025777,669.5953199138035,0,1270.8682479787324,1270.7954720052348,1350.0,1145.290642488725,2.3042705319821835,0.3507408006313236,35.58773908344713,0.0,1.1574767644663531e-14,35.58773908344713,0.0,0,0,0,0.0,0,0,True,1008,0,4.092726157978177e-12,2.2419586338794828e-13,4.015448606758104e-10,0.9023615000387508,1.7547612100815906,2.1108250000452244,2.4838998569511985,7.823435566388071,-7.823435566388071,25.938499976837974,7.658174246430306,811.8786378692195,0,457.6360117885654,457.8656234361438,1145.290642488725,1500.0,2.116619933396578,0.001494144516243745,0.0,0.0,0.0,0.0,0.0,0,0,0,0.0,0,0,True,1008,0,4.092726157978177e-12,2.2419586338794828e-13,4.015448606758104e-10,0.8512339998105745,1.5108674999464717,2.1108250000452244,0.4044549999662195,0.7449629999155147,1.509228000031726,0.4044549999662195,0.7449629999155147,1.509228000031726,0.4044549999662195,0.7449629999155147,1.509228000031726,0.4044549999662195,0.7449629999155147,1.509228000031726
May2024,400.0,False,180.0,pid_lowdrag_preview,0,97.33333333333333,2.3657224002941413,9.900901273824275,-8.991094191558659,107.60273091903001,7.124093841880637,1028.734158763424,0,1898.9479086589197,1899.4001781007867,1350.0,1500.0,3.190041451714933,0.19171763387355534,0.0,0.0,0.0,0.0,0.001524390243902439,0,0,0,0.0,0,0,True,0,0,,,,0.1635920000353508,0.4413596899507866,1.4305180000064865,2.4171771997485343,9.900901273824275,-8.991094191558659,73.16111760100132,7.124093841880637,1088.996033621462,0,1291.2080384477824,1291.437853059351,1467.1393425285833,1241.3213852466345,2.1617790423333645,0.24563464529418277,0.0,0.0,0.0,0.0,0.0023148148148148147,0,0,0,0.0,0,0,True,0,0,,,,0.16418749999047577,0.4406579799365312,1.4305180000064865,2.367253170679418,9.900901273824275,-8.991094191558659,80.7336721264574,7.124093841880637,1028.734158763424,0,1425.0781553572062,1425.108358366066,1350.0,1241.3213852466345,2.1617790423333645,0.24948173866088164,0.0,0.0,0.0,0.0,0.001984126984126984,0,0,0,0.0,0,0,True,0,0,,,,0.16418749999047577,0.4406579799365312,1.4305180000064865,2.3606395855339053,6.5480654099956155,-6.5480654099956155,26.869058792572602,9.567115949943084,1103.2474531142589,0,473.86975330171344,474.29181973472055,1241.3213852466345,1500.0,3.190041451714933,0.00018402326294753024,0.0,0.0,0.0,0.0,0.0,0,0,0,0.0,0,0,True,0,0,,,,0.1635920000353508,0.4413596899507866,1.4305180000064865,,,,,,,,,,,,
May2024,400.0,False,180.0,pid_lowdrag_preview,1,97.33333333333333,2.3731792556728797,7.9872135035693645,-7.582969871349633,107.57866538437129,7.120973541620998,1029.5478412286138,0,1899.4285919706715,1898.9753740049593,1350.0,1500.0,0.1091958237811923,0.1915975964987341,0.0,0.0,0.0,0.0,0.0007621951219512195,0,0,0,0.0,0,0,True,0,0,,,,0.16014149991860904,0.38981265989832825,1.3803929998630338,2.452947182714814,7.9872135035693645,-7.582969871349633,73.1868973411923,7.120973541620998,1087.9312442529465,0,1291.6441965568222,1291.892916259807,1464.0710643830398,1245.769535096929,-0.6448966823518276,0.24553513131607474,0.0,0.0,0.0,0.0,0.0011574074074074073,0,0,0,0.0,0,0,True,0,0,,,,0.16202900008011056,0.401843349973205,1.3803929998630338,2.374853140439677,7.9872135035693645,-7.582969871349633,80.76529396751526,7.120973541620998,1029.5478412286138,0,1425.5351730980128,1425.6665461557611,1350.0,1245.769535096929,-0.6448966823518276,0.24934220196241585,0.0,0.0,0.0,0.0,0.000992063492063492,0,0,0,0.0,0,0,True,0,0,,,,0.16202900008011056,0.401843349973205,1.3803929998630338,2.3676205386783358,6.271503459662199,-5.996998567134142,26.81337141685603,9.693310932919637,1102.213273745425,0,473.8934188726587,473.3088278491982,1245.769535096929,1500.0,0.1091958237811923,0.00012864154020986174,0.0,0.0,0.0,0.0,0.0,0,0,0,0.0,0,0,True,0,0,,,,0.16014149991860904,0.38981265989832825,1.3803929998630338,,,,,,,,,,,,
May2024,400.0,False,180.0,pid_lowdrag_preview,2,97.33333333333333,2.3820435064467405,9.517438128590584,-9.517438128590584,107.56924910708597,7.173136540499724,1029.5076609108685,0,1898.9181505755307,1898.8091581608053,1350.0,1500.0,3.796609463170171,0.1917991627110165,0.0,0.0,0.0,0.0,0.001524390243902439,0,0,0,0.0,0,0,True,0,0,,,,0.16126849993725045,0.38918038002521,1.6033389999847714,2.4342555883110664,9.517438128590584,-9.517438128590584,73.14288419027861,7.173136540499724,1087.736021566535,0,1291.2463131396137,1291.1159974402724,1464.0796633797484,1242.6808050548163,-0.8939809780567884,0.24573256846631275,0.0,0.0,0.0,0.0,0.0023148148148148147,0,0,0,0.0,0,0,True,0,0,,,,0.16310600005908782,0.39062995989752375,1.6033389999847714,2.36160652867246,9.517438128590584,-9.517438128590584,80.71572458368385,7.173136540499724,1029.5076609108685,0,1425.059551854477,1424.7915488794497,1350.0,1242.6808050548163,-0.8939809780567884,0.24958178131554232,0.0,0.0,0.0,0.0,0.001984126984126984,0,0,0,0.0,0,0,True,0,0,,,,0.16310600005908782,0.39062995989752375,1.6033389999847714,2.4485880345588242,7.586577709764242,-6.159187247976661,26.853524523402115,9.521696256386903,1101.9219250181777,0,473.8585987210538,474.0176092813556,1242.6808050548163,1500.0,3.796609463170171,0.00020416418021984573,0.0,0.0,0.0,0.0,0.0,0,0,0,0.0,0,0,True,0,0,,,,0.16126849993725045,0.38918038002521,1.6033389999847714,,,,,,,,,,,,
May2024,400.0,False,180.0,pid_lowdrag_preview,3,97.33333333333333,2.277940479848622,8.995719874277711,-6.868054101243615,107.5902180018895,7.156572410675589,1028.1977208889782,0,1898.825202574081,1899.1793004628191,1350.0,1500.0,0.5416970066726208,0.19187167660301507,0.0,0.0,0.0,0.0,0.0038109756097560975,0,0,0,0.0,0,0,True,0,0,,,,0.16336149997187022,0.3777677001448872,0.569399000141857,2.3936966659153227,8.995719874277711,-6.868054101243615,73.1492307855418,7.156572410675589,1089.93642306958,0,1290.9231139022515,1291.2280273494698,1464.2817165164045,1241.6932929347445,-1.6591568365693092,0.246092646164504,0.0,0.0,0.0,0.0,0.005787037037037037,0,0,0,0.0,0,0,True,0,0,,,,0.1618439999901966,0.36995256983345765,0.5128739999236132,2.3479307148692325,8.995719874277711,-6.868054101243615,80.72121304125193,7.156572410675589,1028.1977208889782,0,1424.931706744053,1424.888430967797,1350.0,1241.6932929347445,-1.6591568365693092,0.24969882995870207,0.0,0.0,0.0,0.0,0.00496031746031746,0,0,0,0.0,0,0,True,0,0,,,,0.1618439999901966,0.36995256983345765,0.5128739999236132,2.0286629976550894,5.363697410561144,-4.641306516714394,26.869004960637568,9.692463030722694,1101.2037702564191,0,473.8934958300281,474.2908694950222,1241.6932929347445,1500.0,0.5416970066726208,0.00012901021310574023,0.0,0.0,0.0,0.0,0.0,0,0,0,0.0,0,0,True,0,0,,,,0.16336149997187022,0.3777677001448872,0.569399000141857,,,,,,,,,,,,
May2024,400.0,False,180.0,pid_lowdrag_preview,4,97.33333333333333,2.442376810983298,9.260751998983324,-9.260751998983324,107.61192435612786,7.155924130738203,1027.359137165721,0,1899.4814328466596,1899.5624603766535,1350.0,1500.0,4.4468365935608745,0.19159437722823502,0.0,0.0,0.0,0.0,0.003048780487804878,0,0,0,0.0,0,0,True,0,0,,,,0.16451849990062328,0.3415217698443499,0.4821370000627212,2.3869383214460105,9.260751998983324,-9.260751998983324,73.16423932707016,7.155924130738203,1091.6173929222782,0,1291.706760006181,1291.4929576742616,1465.9396104234397,1245.3539621359982,-0.9550156649202108,0.2455341363657998,0.0,0.0,0.0,0.0,0.004629629629629629,0,0,0,0.0,0,0,True,0,0,,,,0.16755750004904257,0.34395742992956,0.4821370000627212,2.373798177264308,9.260751998983324,-9.260751998983324,80.74126770831712,7.155924130738203,1027.359137165721,0,1425.6238345514328,1425.2424353491815,1350.0,1245.3539621359982,-0.9550156649202108,0.2493126751342155,0.0,0.0,0.0,0.0,0.003968253968253968,0,0,0,0.0,0,0,True,0,0,,,,0.16755750004904257,0.34395742992956,0.4821370000627212,2.6571348575983764,7.611361620947719,-7.125130083411932,26.870656647810733,9.50261494185069,1100.3501760029576,0,473.8575982952268,474.32002502747196,1245.3539621359982,1500.0,4.4468365935608745,0.0002126525926156031,0.0,0.0,0.0,0.0,0.0,0,0,0,0.0,0,0,True,0,0,,,,0.16451849990062328,0.3415217698443499,0.4821370000627212,,,,,,,,,,,,
May2024,400.0,False,180.0,swmpc,0,97.33333333333333,4.4424260439673935,18.635851771570742,-6.7534328838810325,99.12172958659089,3.099872094762559,652.5104892300903,0,1749.2413547168924,1749.6937970106267,1350.0,1500.0,3.189940790645778,0.2637690427365421,35.90175982706777,2.2672392276366145,1.0411809331367286e-14,35.90175982706777,0.0,0,0,0,0.0,0,0,True,1008,0,5.6843418860808015e-12,2.552983615723483e-13,2.7041732507707665e-10,0.8096265000858693,1.532176230059577,2.7951100000791484,5.216033784220147,18.635851771570742,-6.7534328838810325,65.17849748260365,3.099872094762559,652.5104892300903,0,1149.458514552127,1150.5288822079974,1388.6043958534485,883.6735172546472,6.258186248131096,0.34658376513987277,35.90175982706777,2.2672392276366145,1.0411809331367286e-14,35.90175982706777,0.0,0,0,0,0.0,0,0,True,1008,0,5.6843418860808015e-12,2.552983615723483e-13,2.7041732507707665e-10,0.8973444998900959,1.544998460037732,2.7951100000791484,4.8977297549627785,18.635851771570742,-6.7534328838810325,72.2956889782314,3.099872094762559,652.5104892300903,0,1275.372020975955,1276.1613329730737,1350.0,883.6735172546472,6.258186248131096,0.3432625968737475,35.90175982706777,2.2672392276366145,1.0411809331367286e-14,35.90175982706777,0.0,0,0,0,0.0,0,0,True,1008,0,5.6843418860808015e-12,2.552983615723483e-13,2.7041732507707665e-10,0.8973444998900959,1.544998460037732,2.7951100000791484,2.3736886172880407,6.5479501355439425,-6.5479501355439425,26.82604060835949,9.564563227433679,947.3227968291767,0,473.86933374093746,473.5324640375529,883.6735172546472,1500.0,3.189940790645778,0.00018515270265095918,0.0,0.0,0.0,0.0,0.0,0,0,0,0.0,0,0,True,1008,0,5.6843418860808015e-12,2.552983615723483e-13,2.7041732507707665e-10,0.8096265000858693,1.532176230059577,2.7951100000791484,0.4201799999918876,0.8042478000857045,2.2709989998475066,0.4201799999918876,0.8042478000857045,2.2709989998475066,0.4201799999918876,0.8042478000857045,2.2709989998475066,0.4201799999918876,0.8042478000857045,2.2709989998475066
May2024,400.0,False,180.0,swmpc,1,97.33333333333333,4.438143363505691,17.746147674508393,-5.996843794360757,99.0423103244067,3.0013270442398294,653.9872018731006,0,1748.7449578266733,1748.2918905771369,1350.0,1500.0,0.10932216048240662,0.2633419394420633,35.92895979429906,1.4323250061238946,1.2942155665164218e-14,35.92895979429906,0.0,0,0,0,0.0,0,0,True,1008,0,7.275957614183426e-12,2.8900533973075933e-13,2.6281026381105953e-10,0.8398170000418759,1.609985139846231,8.57808799992199,5.227667421269354,17.746147674508393,-5.95458023250103,65.17755209466888,3.0013270442398294,653.9872018731006,0,1149.3784999694328,1150.5121942485434,1368.9408644589928,876.5853949770751,5.392561166547239,0.34602692495431475,35.92895979429906,1.4323250061238946,1.2942155665164218e-14,35.92895979429906,0.0,0,0,0,0.0,0,0,True,1008,0,7.275957614183426e-12,2.8900533973075933e-13,2.6281026381105953e-10,0.9163480000324853,1.6170708400113651,8.57808799992199,4.891302548006859,17.746147674508393,-5.95458023250103,72.27076010874192,3.0013270442398294,653.9872018731006,0,1274.8725172124146,1275.7212893167202,1350.0,876.5853949770751,5.392561166547239,0.3427089359344403,35.92895979429906,1.4323250061238946,1.2942155665164218e-14,35.92895979429906,0.0,0,0,0,0.0,0,0,True,1008,0,7.275957614183426e-12,2.8900533973075933e-13,2.6281026381105953e-10,0.9163480000324853,1.6170708400113651,8.57808799992199,2.3830386994197243,6.210215560160577,-5.996843794360757,26.771550215664774,9.581448339367181,940.3871323504793,0,473.8724406142587,472.57060126041665,876.5853949770751,1500.0,0.10932216048240662,0.000177687914708069,0.0,0.0,0.0,0.0,0.0,0,0,0,0.0,0,0,True,1008,0,7.275957614183426e-12,2.8900533973075933e-13,2.6281026381105953e-10,0.8398170000418759,1.609985139846231,8.57808799992199,0.42746050007735903,0.854964560019198,1.0525790000883717,0.42746050007735903,0.854964560019198,1.0525790000883717,0.42746050007735903,0.854964560019198,1.0525790000883717,0.42746050007735903,0.854964560019198,1.0525790000883717
May2024,400.0,False,180.0,swmpc,2,97.33333333333333,4.390974379353332,18.01168859936297,-6.159366564825177,99.13750101649846,2.9851566539984837,649.9028832694926,0,1750.0810207965997,1749.972193818191,1350.0,1500.0,3.796506862156093,0.2627543601721857,35.94570560696711,2.3060904633587636,1.2246194085438179e-14,35.94570560696711,0.0,0,0,0,0.0,0,0,True,1008,0,8.86757334228605e-12,2.2054871995148547e-13,1.9270418883425691e-10,0.9116059998177661,1.506026669856057,3.358757999876616,5.1583612806959165,18.01168859936297,-5.808184349909425,65.20964438129982,2.9851566539984837,649.9028832694926,0,1150.635691461791,1151.0786863293722,1390.5628850011776,867.6769445743221,3.174331867136061,0.34494260968761026,35.94570560696711,2.3060904633587636,1.2246194085438179e-14,35.94570560696711,0.0,0,0,0,0.0,0,0,True,1008,0,8.86757334228605e-12,2.2054871995148547e-13,1.9270418883425691e-10,0.9607055000060427,1.5155616899210145,3.358757999876616,4.824671909929146,18.01168859936297,-5.808184349909425,72.31868539766204,2.9851566539984837,649.9028832694926,0,1276.230311961946,1276.5672650789675,1350.0,867.6769445743221,3.174331867136061,0.34193058722828873,35.94570560696711,2.3060904633587636,1.2246194085438179e-14,35.94570560696711,0.0,0,0,0,0.0,0,0,True,1008,0,8.86757334228605e-12,2.2054871995148547e-13,1.9270418883425691e-10,0.9607055000060427,1.5155616899210145,3.358757999876616,2.4552186373682314,7.5863874815404415,-6.159366564825177,26.818815618836425,9.480161757424654,931.2612314114433,0,473.8507088346537,473.4049287392236,867.6769445743221,1500.0,3.796506862156093,0.0002226599335281021,0.0,0.0,0.0,0.0,0.0,0,0,0,0.0,0,0,True,1008,0,8.86757334228605e-12,2.2054871995148547e-13,1.9270418883425691e-10,0.9116059998177661,1.506026669856057,3.358757999876616,0.4524535000882679,0.8122594399992513,2.7482469999995374,0.4524535000882679,0.8122594399992513,2.7482469999995374,0.4524535000882679,0.8122594399992513,2.7482469999995374,0.4524535000882679,0.8122594399992513,2.7482469999995374
May2024,400.0,False,180.0,swmpc,3,97.33333333333333,4.314153248460883,19.871866930276155,-6.120107574388385,99.19193295604957,3.057966318956432,645.6602585601493,0,1750.5787759758982,1750.9330247821968,1350.0,1500.0,0.5417878208681941,0.26218810281194393,35.898122103874535,1.8256547825170388,1.172078136832395e-14,35.898122103874535,0.0,0,0,0,0.0,0,0,True,1008,0,5.9117155615240335e-12,2.8103458882700004e-13,1.9979202484989395e-10,0.8252910000692282,2.146332310042011,6.125729000132196,5.114735860035758,19.871866930276155,-6.120107574388385,65.23587178479332,3.057966318956432,645.6602585601493,0,1150.5309987615797,1151.54165166902,1382.01822983944,899.3423333317138,4.277897320687771,0.34526704781254225,35.898122103874535,1.8256547825170388,1.172078136832395e-14,35.898122103874535,0.0,0,0,0,0.0,0,0,True,1008,0,5.9117155615240335e-12,2.8103458882700004e-13,1.9979202484989395e-10,0.8981314998663947,2.589338140073767,6.125729000132196,4.7936276749154265,19.871866930276155,-6.120107574388385,72.35760444029297,3.057966318956432,645.6602585601493,0,1276.7383679263453,1277.2542628519202,1350.0,899.3423333317138,4.277897320687771,0.34118445134084874,35.898122103874535,1.8256547825170388,1.172078136832395e-14,35.898122103874535,0.0,0,0,0,0.0,0,0,True,1008,0,5.9117155615240335e-12,2.8103458882700004e-13,1.9979202484989395e-10,0.8981314998663947,2.589338140073767,6.125729000132196,2.0327414804281165,5.363559591583908,-4.641302189789712,26.834328515756596,9.412696454853743,959.770706290576,0,473.84040804955293,473.67876193027655,899.3423333317138,1500.0,0.5417878208681941,0.0002528419003121618,0.0,0.0,0.0,0.0,0.0,0,0,0,0.0,0,0,True,1008,0,5.9117155615240335e-12,2.8103458882700004e-13,1.9979202484989395e-10,0.8252910000692282,2.146332310042011,6.125729000132196,0.41422000003876747,0.9200994499519753,3.492454000024736,0.41422000003876747,0.9200994499519753,3.492454000024736,0.41422000003876747,0.9200994499519753,3.492454000024736,0.41422000003876747,0.9200994499519753,3.492454000024736
May2024,400.0,False,180.0,swmpc,4,97.33333333333333,4.385931632090762,17.069570035673678,-7.71417154930532,99.1533215430457,3.1628538856678814,656.5631341723009,0,1750.170263255305,1750.251457278187,1350.0,1500.0,4.446613688953221,0.2623633231543723,35.92069455837867,2.091570746570031,1.381867269058729e-14,35.92069455837867,0.0,0,0,0,0.0,0,0,True,1008,0,8.185452315956354e-12,2.7343177399079436e-13,2.796609124437408e-10,0.8674145000213684,1.5341571800172475,3.239020000137316,5.08447358823259,17.069570035673678,-7.71417154930532,65.28157256089327,3.1628538856678814,656.5631341723009,0,1151.4223015257708,1152.348360397707,1361.6939570077286,897.966838788097,5.391518893651664,0.3435311721174842,35.92069455837867,2.091570746570031,1.381867269058729e-14,35.92069455837867,0.0,0,0,0,0.0,0,0,True,1008,0,8.185452315956354e-12,2.7343177399079436e-13,2.796609124437408e-10,0.9169589999373784,1.548760850082544,3.239020000137316,4.785071180478207,17.069570035673678,-7.71417154930532,72.33456049823913,3.1628538856678814,656.5631341723009,0,1276.3355833928524,1276.847491878098,1350.0,897.966838788097,5.391518893651664,0.341408476630747,35.92069455837867,2.091570746570031,1.381867269058729e-14,35.92069455837867,0.0,0,0,0,0.0,0,0,True,1008,0,8.185452315956354e-12,2.7343177399079436e-13,2.796609124437408e-10,0.9169589999373784,1.548760850082544,3.239020000137316,2.664379105427953,7.611363074742258,-7.1250408766791224,26.81876104480658,9.382868474249754,958.9086521292904,0,473.8346798624525,473.40396540008896,897.966838788097,1500.0,4.446613688953221,0.00026623531165592684,0.0,0.0,0.0,0.0,0.0,0,0,0,0.0,0,0,True,1008,0,8.185452315956354e-12,2.7343177399079436e-13,2.796609124437408e-10,0.8674145000213684,1.5341571800172475,3.239020000137316,0.4267890000164698,0.8125405399209737,2.403799999910916,0.4267890000164698,0.8125405399209737,2.403799999910916,0.4267890000164698,0.8125405399209737,2.403799999910916,0.4267890000164698,0.8125405399209737,2.403799999910916
May2024,400.0,False,180.0,swmpc_nosw,0,97.33333333333333,3.570758536576276,14.356505618430674,-6.419613666832447,99.14661427653127,3.281577261044183,671.1989995134205,0,1749.6787434437451,1750.1330608109038,1350.0,1500.0,2.9471538169309497,0.26320791010357447,35.67309741993001,0.0,1.0533139678340172e-14,35.67309741993001,0.0,0,0,0,0.0,0,0,True,1008,0,5.9117155615240335e-12,3.833483345310616e-13,2.4610800692385377e-10,0.8413005000420526,1.4752154900565984,2.3439589999725285,4.09853749023923,14.356505618430674,-6.419613666832447,65.20308565845498,3.281577261044183,671.1989995134205,0,1149.9668265980883,1150.9629119504789,1394.084657709285,940.5017814885313,5.837899075821042,0.34563980825865126,35.67309741993001,0.0,1.0533139678340172e-14,35.67309741993001,0.0,0,0,0,0.0,0,0,True,1008,0,5.9117155615240335e-12,3.833483345310616e-13,2.4610800692385377e-10,0.890318499955356,1.5169055598926207,2.3439589999725285,3.8788407773919253,14.356505618430674,-6.419613666832447,72.31760478810106,3.281577261044183,671.1989995134205,0,1275.840192711389,1276.5481901914177,1350.0,940.5017814885313,5.837899075821042,0.3425107018568039,35.67309741993001,0.0,1.0533139678340172e-14,35.67309741993001,0.0,0,0,0,0.0,0,0,True,1008,0,5.9117155615240335e-12,3.833483345310616e-13,2.4610800692385377e-10,0.890318499955356,1.5169055598926207,2.3439589999725285,2.2672193874421076,6.203502403572202,-6.203502403572202,26.829009488430202,9.404436424355456,1001.0679919541178,0,473.8385507323562,473.5848706194861,940.5017814885313,1500.0,2.9471538169309497,0.000256547974444965,0.0,0.0,0.0,0.0,0.0,0,0,0,0.0,0,0,True,1008,0,5.9117155615240335e-12,3.833483345310616e-13,2.4610800692385377e-10,0.8413005000420526,1.4752154900565984,2.3439589999725285,0.4107500000145592,0.7700289300919394,1.1809539998921537,0.4107500000145592,0.7700289300919394,1.1809539998921537,0.4107500000145592,0.7700289300919394,1.1809539998921537,0.4107500000145592,0.7700289300919394,1.1809539998921537
May2024,400.0,False,180.0,swmpc_nosw,1,97.33333333333333,3.532391850171174,14.262788615189493,-5.880608964711428,98.96872559798578,3.236117592297844,673.257589237838,0,1747.3832393370342,1746.9929751938892,1350.0,1500.0,0.33406621776521206,0.26390117803294666,35.69829541498083,0.0,1.1868667970663906e-14,35.69829541498083,0.0,0,0,0,0.0,0,0,True,1008,0,5.9117155615240335e-12,2.621745411222885e-13,1.8890317156739065e-10,0.8166680000840643,1.2675037499366228,9.960511999906885,4.073753471820707,14.262788615189493,-5.880608964711428,65.08216972840225,3.236117592297844,673.257589237838,0,1147.8002220941485,1148.8285075806739,1389.959170271762,933.1869610397623,5.004497393965721,0.3471264942199115,35.69829541498083,0.0,1.1868667970663906e-14,35.69829541498083,0.0,0,0,0,0.0,0,0,True,1008,0,5.9117155615240335e-12,2.621745411222885e-13,1.8890317156739065e-10,0.879066500033332,1.298506659902614,9.960511999906885,3.8360157695224,14.262788615189493,-5.880608964711428,72.18901143960072,3.236117592297844,673.257589237838,0,1273.5408984475257,1274.2782642614977,1350.0,933.1869610397623,5.004497393965721,0.34341579569217995,35.69829541498083,0.0,1.1868667970663906e-14,35.69829541498083,0.0,0,0,0,0.0,0,0,True,1008,0,5.9117155615240335e-12,2.621745411222885e-13,1.8890317156739065e-10,0.879066500033332,1.298506659902614,9.960511999906885,2.249361184463202,6.144814133644104,-5.809264363721013,26.77971415838506,9.424732198011297,993.8487888146083,0,473.8423408895085,472.7147109323914,933.1869610397623,1500.0,0.33406621776521206,0.0002474457944366959,0.0,0.0,0.0,0.0,0.0,0,0,0,0.0,0,0,True,1008,0,5.9117155615240335e-12,2.621745411222885e-13,1.8890317156739065e-10,0.8166680000840643,1.2675037499366228,9.960511999906885,0.39733500000238564,0.681678650064441,1.5112119999685092,0.39733500000238564,0.681678650064441,1.5112119999685092,0.39733500000238564,0.681678650064441,1.5112119999685092,0.39733500000238564,0.681678650064441,1.5112119999685092
May2024,400.0,False,180.0,swmpc_nosw,2,97.33333333333333,3.503688295778477,15.141697107814252,-5.979873989708722,99.07066934365317,3.107234931522357,664.9179851966669,0,1748.8629032470087,1748.792483134106,1350.0,1500.0,3.6390202175825834,0.26295718297500525,35.661240465792986,0.0,1.2278024925316346e-14,35.661240465792986,0.0,0,0,0,0.0,0,0,True,1008,0,4.092726157978177e-12,2.565910901518078e-13,2.0024905711130677e-10,0.8543205000250964,1.442626569883033,3.157624999857944,4.0259202911215715,15.141697107814252,-5.979873989708722,65.13076703060196,3.107234931522357,664.9179851966669,0,1149.2787286050964,1149.6863457011898,1390.7875571836478,926.92060445447,3.233745272271335,0.3454900904454392,35.661240465792986,0.0,1.2278024925316346e-14,35.661240465792986,0.0,0,0,0,0.0,0,0,True,1008,0,4.092726157978177e-12,2.565910901518078e-13,2.0024905711130677e-10,0.9053864999941652,1.4647832199420916,3.157624999857944,3.78810675996869,15.141697107814252,-5.979873989708722,72.248806724075,3.107234931522357,664.9179851966669,0,1275.0387904665145,1275.3337688291847,1350.0,926.92060445447,3.233745272271335,0.3421760020428931,35.661240465792986,0.0,1.2278024925316346e-14,35.661240465792986,0.0,0,0,0,0.0,0,0,True,1008,0,4.092726157978177e-12,2.565910901518078e-13,2.0024905711130677e-10,0.9053864999941652,1.4647832199420916,3.157624999857944,2.323606195640583,6.854275781661272,-5.623820156790316,26.82186261957817,9.342829803465534,987.8540479705472,0,473.82411278049426,473.4587143049214,926.92060445447,1500.0,3.6390202175825834,0.00028425659200903564,0.0,0.0,0.0,0.0,0.0,0,0,0,0.0,0,0,True,1008,0,4.092726157978177e-12,2.565910901518078e-13,2.0024905711130677e-10,0.8543205000250964,1.442626569883033,3.157624999857944,0.4083460000856576,0.7353741200199682,1.762279999866223,0.4083460000856576,0.7353741200199682,1.762279999866223,0.4083460000856576,0.7353741200199682,1.762279999866223,0.4083460000856576,0.7353741200199682,1.762279999866223
May2024,400.0,False,180.0,swmpc_nosw,3,97.33333333333333,3.4085214177870693,13.793806187808514,-5.743989313952625,99.12000817049964,3.109148207740299,661.0225320498896,0,1749.2945955636205,1749.6634106254064,1350.0,1500.0,0.7379907499998808,0.26270369855835185,35.801340745360164,0.0,1.2996694787454851e-14,35.801340745360164,0.0,0,0,0,0.0,0,0,True,1008,0,6.821210263296962e-12,4.153093713194788e-13,2.3286276948865333e-10,0.8385305001183951,1.5639758300790167,4.032515000062631,3.9657110041973396,13.793806187808514,-5.743989313952625,65.14667150853076,3.109148207740299,661.0225320498896,0,1148.9668434605483,1149.967091068438,1404.9704328320481,956.7516989784291,4.400594280101359,0.34641918426476226,35.63436727194515,0.0,1.2996694787454851e-14,35.63436727194515,0.0,0,0,0,0.0,0,0,True,1008,0,6.821210263296962e-12,4.153093713194788e-13,2.3286276948865333e-10,0.9013044999619524,1.9263533698085495,4.032515000062631,3.7443509212999877,13.793806187808514,-5.743989313952625,72.28534420454636,3.109148207740299,661.0225320498896,0,1275.4806146704639,1275.9787273383242,1350.0,956.7516989784291,4.400594280101359,0.3418370703730561,35.801340745360164,0.0,1.2996694787454851e-14,35.801340745360164,0.0,0,0,0,0.0,0,0,True,1008,0,6.821210263296962e-12,4.153093713194788e-13,2.3286276948865333e-10,0.9013044999619524,1.9263533698085495,4.032515000062631,1.9112847177825854,5.171588897705078,-4.405737220309675,26.834663965953283,9.276750914927982,1014.8275378842696,0,473.81398089315667,473.6846832870822,956.7516989784291,1500.0,0.7379907499998808,0.0003140972780165674,0.0,0.0,0.0,0.0,0.0,0,0,0,0.0,0,0,True,1008,0,6.821210263296962e-12,4.153093713194788e-13,2.3286276948865333e-10,0.8385305001183951,1.5639758300790167,4.032515000062631,0.41340350003338244,0.7965113198997641,3.5209029999805352,0.41340350003338244,0.7965113198997641,3.5209029999805352,0.41340350003338244,0.7965113198997641,3.5209029999805352,0.41340350003338244,0.7965113198997641,3.5209029999805352
May2024,400.0,False,180.0,swmpc_nosw,4,97.33333333333333,3.545141935326511,13.38931417837739,-7.015014266595244,99.05756237628192,3.1520184065043937,673.4348109274129,0,1748.4534795254986,1748.5611193392829,1350.0,1500.0,4.14514987077564,0.26327880161491424,35.687558808158414,0.0,1.1401386582932717e-14,35.687558808158414,0.0,0,0,0,0.0,0,0,True,1008,0,5.002220859751105e-12,2.4723878502490897e-13,2.5928729693287044e-10,0.8146350000970415,2.036082249881024,13.159377999954813,3.9995568466341105,13.38931417837739,-6.835108881816268,65.18528150917022,3.1520184065043937,673.4348109274129,0,1149.6970961338968,1150.648633641435,1375.6602777093788,946.5774967375681,5.47600060980767,0.344846785025967,35.687558808158414,0.0,1.1401386582932717e-14,35.687558808158414,0.0,0,0,0,0.0,0,0,True,1008,0,5.002220859751105e-12,2.4723878502490897e-13,2.5928729693287044e-10,0.9054915001343034,2.263327990003744,13.159377999954813,3.7988118159995437,13.38931417837739,-6.835108881816268,72.23948783303523,3.1520184065043937,673.4348109274129,0,1274.6376110724714,1275.1692720441106,1350.0,946.5774967375681,5.47600060980767,0.34258694445449167,35.687558808158414,0.0,1.1401386582932717e-14,35.687558808158414,0.0,0,0,0,0.0,0,0,True,1008,0,5.002220859751105e-12,2.4723878502490897e-13,2.5928729693287044e-10,0.9054915001343034,2.263327990003744,13.159377999954813,2.5280258947840055,7.160858490504324,-7.015014266595244,26.818074543246695,9.286480048815624,1005.8854368032181,0,473.8158684530272,473.3918472951723,946.5774967375681,1500.0,4.14514987077564,0.00030969640999900516,0.0,0.0,0.0,0.0,0.0,0,0,0,0.0,0,0,True,1008,0,5.002220859751105e-12,2.4723878502490897e-13,2.5928729693287044e-10,0.8146350000970415,2.036082249881024,13.159377999954813,0.4168340000205717,1.0592582999515772,1.9717959999070445,0.4168340000205717,1.0592582999515772,1.9717959999070445,0.4168340000205717,1.0592582999515772,1.9717959999070445,0.4168340000205717,1.0592582999515772,1.9717959999070445
May2024,400.0,True,0.0,pid_lowdrag_preview,0,96.58333333333333,2.3989952703565294,9.264266363345087,-8.149664088152349,108.0721162393978,7.152640010860226,951.7822306581944,0,1907.0078312190774,1907.6857536943353,1350.0,1500.0,6.196962843649089,0.18291493433963812,0.0,0.0,0.0,0.0,0.0007674597083653108,0,0,0,0.0,0,0,True,0,0,,,,0.16079199986052117,0.3736019398684221,3.376455000079659,2.510981852888213,9.264266363345087,-8.149664088152349,74.57966341643375,7.154917552323152,951.7822306581944,0,1316.382888366125,1316.4779812369777,1156.7780028270247,1456.2809351386222,3.2539132684469223,0.22765950706796334,0.0,0.0,0.0,0.0,0.0011574074074074073,0,0,0,0.0,0,0,True,0,0,,,,0.16247000007751922,0.4019825699310783,3.376455000079659,2.4406561033440863,9.264266363345087,-8.149664088152349,82.08611401426987,7.152640010860226,951.7822306581944,0,1449.0618343511692,1448.9816219964634,1350.0,1456.2809351386222,3.2539132684469223,0.23626209924916408,0.0,0.0,0.0,0.0,0.000992063492063492,0,0,0,0.0,0,0,True,0,0,,,,0.16247000007751922,0.4019825699310783,3.376455000079659,2.250830883694866,6.367770061828196,-6.367770061828196,25.986002225127933,8.637300330975656,1120.42164213488,0,457.9459968679082,458.70413169787184,1456.2809351386222,1500.0,6.196962843649089,0.0006303844114955437,0.0,0.0,0.0,0.0,0.0,0,0,0,0.0,0,0,True,0,0,,,,0.16079199986052117,0.3736019398684221,3.376455000079659,,,,,,,,,,,,
May2024,400.0,True,0.0,pid_lowdrag_preview,1,96.58333333333333,2.4058100243181166,8.13804971985519,-8.13804971985519,108.05622333012421,7.120839149108313,953.1128228774282,0,1907.3425408221076,1907.4052125366607,1350.0,1500.0,3.583520078100264,0.1829594625266574,0.0,0.0,0.0,0.0,0.0023023791250959325,0,0,0,0.0,0,0,True,0,0,,,,0.16172400000868947,0.47302247997322416,2.308774000084668,2.456929183782278,8.13804971985519,-8.13804971985519,74.59994689935593,7.128306269771107,953.1128228774282,0,1316.6941938136354,1316.8360246690288,1159.8159156041486,1453.5310039262822,-0.8640141012147069,0.22770983059098715,0.0,0.0,0.0,0.0,0.003472222222222222,0,0,0,0.0,0,0,True,0,0,,,,0.16239499996117956,0.45130238998353744,2.308774000084668,2.373361016931432,8.13804971985519,-8.13804971985519,82.10788611912938,7.120839149108313,953.1128228774282,0,1449.3740482975115,1449.3659425382928,1350.0,1453.5310039262822,-0.8640141012147069,0.2363363550169455,0.0,0.0,0.0,0.0,0.002976190476190476,0,0,0,0.0,0,0,True,0,0,,,,0.16239499996117956,0.45130238998353744,2.308774000084668,2.513527431440677,7.152787700295448,-6.919540248811245,25.948337210994836,8.747439768705725,1116.4481525049189,0,457.96849252459606,458.0392699983679,1453.5310039262822,1500.0,3.583520078100264,0.0005733349666225962,0.0,0.0,0.0,0.0,0.0,0,0,0,0.0,0,0,True,0,0,,,,0.16172400000868947,0.47302247997322416,2.308774000084668,,,,,,,,,,,,
May2024,400.0,True,0.0,pid_lowdrag_preview,2,96.58333333333333,2.4609276455998215,9.271995940245688,-9.222269034013152,108.04838520027374,7.123705767186344,953.6712246035131,0,1906.893003791745,1907.2668541036683,1350.0,1500.0,4.107493193820119,0.1830345875219559,0.0,0.0,0.0,0.0,0.0023023791250959325,0,0,0,0.0,0,0,True,0,0,,,,0.16125299998748233,0.3600739000512477,0.564331999839851,2.5292296703535206,9.271995940245688,-9.222269034013152,74.55615975740277,7.123705767186344,953.6712246035131,0,1316.2140934343931,1316.0630953528685,1156.7387175239828,1455.302643785717,0.5383956031873822,0.22784017682820112,0.0,0.0,0.0,0.0,0.003472222222222222,0,0,0,0.0,0,0,True,0,0,,,,0.16270050002731296,0.3829791499197191,0.564331999839851,2.4445213950193163,9.271995940245688,-9.222269034013152,82.07097780311997,7.123705767186344,953.6712246035131,0,1448.946618201352,1448.7144380513269,1350.0,1455.302643785717,0.5383956031873822,0.23641861675358677,0.0,0.0,0.0,0.0,0.002976190476190476,0,0,0,0.0,0,0,True,0,0,,,,0.16270050002731296,0.3829791499197191,0.564331999839851,2.516179849314563,7.752771048806608,-6.200391537509859,25.97740739715377,8.644260784573651,1118.5909046755305,0,457.946385590393,458.5524160523414,1455.302643785717,1500.0,4.107493193820119,0.0006240740796369382,0.0,0.0,0.0,0.0,0.0,0,0,0,0.0,0,0,True,0,0,,,,0.16125299998748233,0.3600739000512477,0.564331999839851,,,,,,,,,,,,
May2024,400.0,True,0.0,pid_lowdrag_preview,3,96.58333333333333,2.3467519973358537,10.021275086328387,-7.870064560323954,108.00902795008831,6.989127401644456,957.7361694266602,0,1907.071201991723,1906.5721211041202,1350.0,1500.0,-2.5657951636239886,0.18296605205703365,0.0,0.0,0.0,0.0,0.0,0,0,0,0.0,0,0,True,0,0,,,,0.15957099981278589,0.4470126600199368,2.2702709998156934,2.490657563490294,10.021275086328387,-7.870064560323954,74.57980389026875,7.173049053109236,957.7361694266602,0,1316.1622356217147,1316.4804608769055,1159.6339143850012,1452.922514113542,-2.081554777920246,0.2279789138975422,0.0,0.0,0.0,0.0,0.0,0,0,0,0.0,0,0,True,0,0,,,,0.16112349999275466,0.5528858599450329,2.2702709998156934,2.4300992211691628,10.021275086328387,-7.870064560323954,82.08937772305781,6.989127401644456,957.7361694266602,0,1449.0874413456545,1449.039232886083,1350.0,1452.922514113542,-2.081554777920246,0.236355715621404,0.0,0.0,0.0,0.0,0.0,0,0,0,0.0,0,0,True,0,0,,,,0.16112349999275466,0.5528858599450329,2.2702709998156934,2.0363767011790816,6.141073520295322,-6.141073520295322,25.919650227030502,8.825366802793996,1118.7535969670412,0,457.9837606460685,457.5328882180372,1452.922514113542,1500.0,-2.5657951636239886,0.0005362863862359291,0.0,0.0,0.0,0.0,0.0,0,0,0,0.0,0,0,True,0,0,,,,0.15957099981278589,0.4470126600199368,2.2702709998156934,,,,,,,,,,,,
May2024,400.0,True,0.0,pid_lowdrag_preview,4,96.58333333333333,2.4848934361680595,8.75666921120137,-8.097968007437885,108.04443358446638,7.072967958983883,956.4899726499909,0,1907.0951791748753,1907.1971002999924,1350.0,1500.0,1.8610784718766809,0.1829525481592198,0.0,0.0,0.0,0.0,0.0023023791250959325,0,0,0,0.0,0,0,True,0,0,,,,0.16053199988164124,0.33482948012078895,0.5099400000290188,2.475912576209236,8.75666921120137,-8.097968007437885,74.56561156294195,7.149033637815525,956.4899726499909,0,1316.4564009152598,1316.2299383407094,1162.2056292493294,1455.3167609222537,-1.3120626546442509,0.22773461093056258,0.0,0.0,0.0,0.0,0.003472222222222222,0,0,0,0.0,0,0,True,0,0,,,,0.16198950004309154,0.34437608989264834,0.5099400000290188,2.439397537109206,8.75666921120137,-8.097968007437885,82.06784030673629,7.072967958983883,956.4899726499909,0,1449.159173886481,1448.6590550593046,1350.0,1455.3167609222537,-1.3120626546442509,0.23630224510668352,0.0,0.0,0.0,0.0,0.002976190476190476,0,0,0,0.0,0,0,True,0,0,,,,0.16198950004309154,0.34437608989264834,0.5099400000290188,2.6344281630853414,8.02983916271478,-7.929776192642748,25.97659327773009,8.604011714383343,1117.6039046231808,0,457.9360052883942,458.5380452406878,1455.3167609222537,1500.0,1.8610784718766809,0.0006593463861914728,0.0,0.0,0.0,0.0,0.0,0,0,0,0.0,0,0,True,0,0,,,,0.16053199988164124,0.33482948012078895,0.5099400000290188,,,,,,,,,,,,
May2024,400.0,True,0.0,swmpc,0,96.58333333333333,4.564345315250915,20.95448257960379,-7.193707595579326,99.55710212949936,2.944161979979915,586.6352805980073,0,1756.7008628013325,1757.3789800768375,1350.0,1500.0,6.196824154816568,0.25766837447134805,47.169317705013434,3.5186046544488025,1.1434658185536493e-14,47.169317705013434,0.0,0,0,0,0.0,0,0,True,1008,0,7.503331289626658e-12,3.177764317901346e-13,2.666510478546673e-10,0.8185950000552111,1.8168201000980857,4.764969999996538,5.398168364515944,20.95448257960379,-7.193707595579326,66.7263667662205,3.320984009327227,586.6352805980073,0,1177.4935905550249,1177.8518243662993,1159.9237339272922,1073.4316776815697,3.39587574172765,0.32749632452117095,47.169317705013434,3.5186046544488025,1.1434658185536493e-14,47.169317705013434,0.0,0,0,0,0.0,0,0,True,1008,0,7.503331289626658e-12,3.177764317901346e-13,2.666510478546673e-10,0.9076950000235229,2.09164262008471,4.764969999996538,5.044732592606033,20.95448257960379,-7.193707595579326,73.61697177174638,2.944161979979915,586.6352805980073,0,1299.3153944288294,1299.4845772056922,1350.0,1073.4316776815697,3.39587574172765,0.3324229608509698,47.169317705013434,3.5186046544488025,1.1434658185536493e-14,47.169317705013434,0.0,0,0,0,0.0,0,0,True,1008,0,7.503331289626658e-12,3.177764317901346e-13,2.666510478546673e-10,0.9076950000235229,2.09164262008471,4.764969999996538,2.249520327047237,6.367686194367707,-6.367686194367707,25.940130357752977,7.0077744819850984,742.1879940299784,0,457.38546837250306,457.8944028711453,1073.4316776815697,1500.0,6.196824154816568,0.002235753892843473,0.0,0.0,0.0,0.0,0.0,0,0,0,0.0,0,0,True,1008,0,7.503331289626658e-12,3.177764317901346e-13,2.666510478546673e-10,0.8185950000552111,1.8168201000980857,4.764969999996538,0.43096999991121265,0.9633302198290031,3.1798380000509496,0.43096999991121265,0.9633302198290031,3.1798380000509496,0.43096999991121265,0.9633302198290031,3.1798380000509496,0.43096999991121265,0.9633302198290031,3.1798380000509496
May2024,400.0,True,0.0,swmpc,1,96.58333333333333,4.566756015795352,20.097414664924145,-8.271506275050342,99.65769411807567,2.687540617333741,571.5344219936277,0,1759.0917759499757,1759.1546268414497,1350.0,1500.0,3.583439231850207,0.2563809585045237,47.195752902072236,4.4145782404090275,9.56460343735484e-15,47.195752902072236,0.0,0,0,0,0.0,0,0,True,1008,0,5.9117155615240335e-12,7.459986585086907e-08,3.7874968671046827e-10,0.8595269998750155,1.4387897200685986,5.534941999940202,5.371500969016432,20.097414664924145,-8.271506275050342,66.86968329232218,3.1329656036842604,571.5344219936277,0,1179.9333436685122,1180.381643385574,1162.2217842175717,1050.7767628847664,3.0972460256889462,0.32509367216981344,47.195752902072236,4.4145782404090275,9.56460343735484e-15,47.195752902072236,0.0,0,0,0,0.0,0,0,True,1008,0,5.9117155615240335e-12,7.459986585086907e-08,3.7874968671046827e-10,0.9171090000563709,1.4648242302109789,5.534941999940202,5.011015041440946,20.097414664924145,-8.271506275050342,73.75899843435863,2.687540617333741,571.5344219936277,0,1301.746810640821,1301.9916275933479,1350.0,1050.7767628847664,3.0972460256889462,0.3307224065785802,47.195752902072236,4.4145782404090275,9.56460343735484e-15,47.195752902072236,0.0,0,0,0,0.0,0,0,True,1008,0,5.9117155615240335e-12,7.459986585086907e-08,3.7874968671046827e-10,0.9171090000563709,1.4648242302109789,5.534941999940202,2.5131859192933064,7.152828966267407,-6.919598930515349,25.898695683717037,6.912393443422679,717.9954559037631,0,457.34496530915476,457.16299924810187,1050.7767628847664,1500.0,3.583439231850207,0.002360010509103061,0.0,0.0,0.0,0.0,0.0,0,0,0,0.0,0,0,True,1008,0,5.9117155615240335e-12,7.459986585086907e-08,3.7874968671046827e-10,0.8595269998750155,1.4387897200685986,5.534941999940202,0.43342899994058826,0.7683453699405611,3.520191999996314,0.43342899994058826,0.7683453699405611,3.520191999996314,0.43342899994058826,0.7683453699405611,3.520191999996314,0.43342899994058826,0.7683453699405611,3.520191999996314
May2024,400.0,True,0.0,swmpc,2,96.58333333333333,4.53561542597826,17.48999397084117,-9.290789937600493,99.54309728104293,2.9790309112110513,581.5759747824424,0,1756.7577372785693,1757.131766912045,1350.0,1500.0,4.1074616918340325,0.258275397543703,47.19881803290329,3.8550780545862624,1.255814661096105e-14,47.19881803290329,0.0,0,0,0,0.0,0,0,True,1008,0,5.9117155615240335e-12,1.4507507702936955e-07,4.450409030925358e-10,0.8772740000040358,1.700711299986324,4.2418719999659515,5.327050432202065,17.48999397084117,-9.290789937600493,66.70527634286167,3.1374960464865893,581.5759747824424,0,1177.5582920241013,1177.4795368459086,1159.7124328927346,1087.4384115742382,0.6323668891564012,0.3281656279926629,47.19881803290329,3.8550780545862624,1.255814661096105e-14,47.19881803290329,0.0,0,0,0,0.0,0,0,True,1008,0,5.9117155615240335e-12,1.4507507702936955e-07,4.450409030925358e-10,0.960945499969057,1.8391551599597686,4.2418719999659515,4.974014626555615,17.48999397084117,-9.290789937600493,73.60205766670036,2.9790309112110513,581.5759747824424,0,1299.3831056054378,1299.2213138708692,1350.0,1087.4384115742382,0.6323668891564012,0.3331996715185961,47.19881803290329,3.8550780545862624,1.255814661096105e-14,47.19881803290329,0.0,0,0,0,0.0,0,0,True,1008,0,5.9117155615240335e-12,1.4507507702936955e-07,4.450409030925358e-10,0.960945499969057,1.8391551599597686,4.2418719999659515,2.5152530113189386,7.752728444524109,-6.200262615457177,25.94103961434257,6.986866657267736,754.765980274722,0,457.3746316731315,457.91045304117574,1087.4384115742382,1500.0,4.1074616918340325,0.002262963080339797,0.0,0.0,0.0,0.0,0.0,0,0,0,0.0,0,0,True,1008,0,5.9117155615240335e-12,1.4507507702936955e-07,4.450409030925358e-10,0.8772740000040358,1.700711299986324,4.2418719999659515,0.45072049999816954,0.9729233999360033,3.7441709998802253,0.45072049999816954,0.9729233999360033,3.7441709998802253,0.45072049999816954,0.9729233999360033,3.7441709998802253,0.45072049999816954,0.9729233999360033,3.7441709998802253
May2024,400.0,True,0.0,swmpc,3,96.58333333333333,4.5042261108191175,17.64691763278097,-9.041638290509582,99.55686890633687,3.130291985584135,582.8972924315443,0,1757.8738027804511,1757.374863228597,1350.0,1500.0,-2.5655111679807305,0.25684765930035836,47.182981097617514,4.4258892980810005,1.1825664810301008e-14,47.182981097617514,0.0,0,0,0,0.0,0,0,True,1008,0,7.503331289626658e-12,2.675861643986517e-09,3.2604385832470854e-10,0.8490709999477986,1.5504499599728663,15.506909999885465,5.333297826208101,17.64691763278097,-9.041638290509582,66.78970508904263,3.130291985584135,582.8972924315443,0,1178.5969237897202,1178.9698705406297,1162.1742742862077,1070.6741801115918,1.6608305061236024,0.3260761333693608,47.182981097617514,4.4258892980810005,1.1825664810301008e-14,47.182981097617514,0.0,0,0,0,0.0,0,0,True,1008,0,7.503331289626658e-12,2.675861643986517e-09,3.2604385832470854e-10,0.9148059999688485,1.577222339967647,15.506909999885465,5.001261410971021,17.64691763278097,-9.041638290509582,73.66161901625618,3.130291985584135,582.8972924315443,0,1300.3013969819344,1300.2726890263855,1350.0,1070.6741801115918,1.6608305061236024,0.33152673217150275,47.182981097617514,4.4258892980810005,1.1825664810301008e-14,47.182981097617514,0.0,0,0,0,0.0,0,0,True,1008,0,7.503331289626658e-12,2.675861643986517e-09,3.2604385832470854e-10,0.9148059999688485,1.577222339967647,15.506909999885465,2.035795140285934,6.140958793461323,-6.140958793461323,25.89524989008069,7.4586166693830975,738.6602269722099,0,457.5724057985167,457.1021742022115,1070.6741801115918,1500.0,-2.5655111679807305,0.0016730645406514144,0.0,0.0,0.0,0.0,0.0,0,0,0,0.0,0,0,True,1008,0,7.503331289626658e-12,2.675861643986517e-09,3.2604385832470854e-10,0.8490709999477986,1.5504499599728663,15.506909999885465,0.4245459999765444,0.8147712499703629,1.0868200001823425,0.4245459999765444,0.8147712499703629,1.0868200001823425,0.4245459999765444,0.8147712499703629,1.0868200001823425,0.4245459999765444,0.8147712499703629,1.0868200001823425
May2024,400.0,True,0.0,swmpc,4,96.58333333333333,4.559166575511866,17.600022026337683,-9.894776094704866,99.65014359099082,3.2046678522584626,577.1811422305735,0,1758.9192575592936,1759.0213451638342,1350.0,1500.0,1.8612255631014705,0.25653408345676876,47.18775405221356,3.5626775522752077,1.1272458488429316e-14,47.18775405221356,0.0,0,0,0,0.0,0,0,True,1008,0,6.139089236967266e-12,2.9058508365397963e-13,2.7111861994443843e-10,0.8948699999109522,1.776160700192123,6.74496800002089,5.325442469215178,17.600022026337683,-9.894776094704866,66.81257766108656,3.2046678522584626,577.1811422305735,0,1179.0549444206522,1179.3736164961592,1164.144028810161,1073.3336293636644,2.6252729361876845,0.3264975332033041,47.18775405221356,3.5626775522752077,1.1272458488429316e-14,47.18775405221356,0.0,0,0,0,0.0,0,0,True,1008,0,6.139089236967266e-12,2.9058508365397963e-13,2.7111861994443843e-10,0.948416500023086,1.8905414599475978,6.74496800002089,4.984263167794304,17.600022026337683,-9.894776094704866,73.72313383100614,3.2046678522584626,577.1811422305735,0,1301.41780650323,1301.3585466908946,1350.0,1073.3336293636644,2.6252729361876845,0.3310597032891449,47.18775405221356,3.5626775522752077,1.1272458488429316e-14,47.18775405221356,0.0,0,0,0,0.0,0,0,True,1008,0,6.139089236967266e-12,2.9058508365397963e-13,2.7111861994443843e-10,0.948416500023086,1.8905414599475978,6.74496800002089,2.6313207751397543,8.019240537658334,-7.929738733917475,25.927009759984685,7.2795720579008165,740.6046382319051,0,457.5014510560636,457.6627984729396,1073.3336293636644,1500.0,1.8612255631014705,0.0018838299278360893,0.0,0.0,0.0,0.0,0.0,0,0,0,0.0,0,0,True,1008,0,6.139089236967266e-12,2.9058508365397963e-13,2.7111861994443843e-10,0.8948699999109522,1.776160700192123,6.74496800002089,0.43933799997830647,0.8399665798901877,2.9812389998369326,0.43933799997830647,0.8399665798901877,2.9812389998369326,0.43933799997830647,0.8399665798901877,2.9812389998369326,0.43933799997830647,0.8399665798901877,2.9812389998369326
May2024,400.0,True,0.0,swmpc_nosw,0,96.58333333333333,3.673382549103303,16.691921644844115,-7.6354311453178525,99.57025711426282,2.944161979979915,623.1637097352645,0,1756.9274391315716,1757.6111914732414,1350.0,1500.0,5.789102668873966,0.2580330885941776,46.73584516267706,0.0,1.108007938625249e-14,46.73584516267706,0.0,0,0,0,0.0,0,0,True,1008,0,5.229594535194337e-12,2.8380509312214136e-13,2.5457364817007967e-10,0.9195779998663056,1.3647005398888725,5.25442999992265,4.272817208600946,16.691921644844115,-7.6354311453178525,66.71741348288619,3.336181206560176,623.1637097352645,0,1177.404590148969,1177.6937812774931,1160.0099534907015,1151.4407563966877,2.824243920855224,0.3283254037953216,46.73584516267706,0.0,1.108007938625249e-14,46.73584516267706,0.0,0,0,0,0.0,0,0,True,1008,0,5.229594535194337e-12,2.8380509312214136e-13,2.5457364817007967e-10,0.9643304999826796,1.3976191298820595,5.25442999992265,4.014079784978867,16.691921644844115,-7.6354311453178525,73.61028537436403,2.944161979979915,623.1637097352645,0,1299.2676668104248,1299.366549119703,1350.0,1151.4407563966877,2.824243920855224,0.33313125437903224,46.73584516267706,0.0,1.108007938625249e-14,46.73584516267706,0.0,0,0,0,0.0,0,0,True,1008,0,5.229594535194337e-12,2.8380509312214136e-13,2.5457364817007967e-10,0.9643304999826796,1.3976191298820595,5.25442999992265,2.131763941674888,6.172280007041991,-6.172280007041991,25.95997173989879,7.733837548730653,818.4449575042562,0,457.6597723211469,458.24464235353844,1151.4407563966877,1500.0,5.789102668873966,0.0014264746581321708,0.0,0.0,0.0,0.0,0.0,0,0,0,0.0,0,0,True,1008,0,5.229594535194337e-12,2.8380509312214136e-13,2.5457364817007967e-10,0.9195779998663056,1.3647005398888725,5.25442999992265,0.4373699999860037,0.7289768500572789,4.60533000000396,0.4373699999860037,0.7289768500572789,4.60533000000396,0.4373699999860037,0.7289768500572789,4.60533000000396,0.4373699999860037,0.7289768500572789,4.60533000000396
May2024,400.0,True,0.0,swmpc_nosw,1,96.58333333333333,3.668899516099708,17.005018962547183,-8.52512725815177,99.54057962401055,2.687540617333741,592.8236816969418,0,1756.99390408842,1757.0873253056347,1350.0,1500.0,3.3510006684809923,0.2582906527262169,46.80317824175434,0.0,1.1122481081804189e-14,46.80317824175434,0.0,0,0,0,0.0,0,0,True,1008,0,6.366462912410498e-12,2.898056043018711e-09,4.061826505976359e-10,0.8825319998777559,1.321334319986818,2.340422000088438,4.233545761511325,17.005018962547183,-8.52512725815177,66.75814313401324,3.2965091600126453,592.8236816969418,0,1178.0242892290346,1178.4127398573028,1162.2594076305043,1127.6723464013835,2.5876416442915797,0.32763270701961456,46.80317824175434,0.0,1.1122481081804189e-14,46.80317824175434,0.0,0,0,0,0.0,0,0,True,1008,0,6.366462912410498e-12,2.898056043018711e-09,4.061826505976359e-10,0.9256970000706133,1.3546691798364907,2.340422000088438,3.966657713180525,17.005018962547183,-8.52512725815177,73.6222660883978,2.687540617333741,592.8236816969418,0,1299.3950013444285,1299.5780323244107,1350.0,1127.6723464013835,2.5876416442915797,0.33341431922471854,46.80317824175434,0.0,1.1122481081804189e-14,46.80317824175434,0.0,0,0,0,0.0,0,0,True,1008,0,6.366462912410498e-12,2.898056043018711e-09,4.061826505976359e-10,0.9256970000706133,1.3546691798364907,2.340422000088438,2.3858373274441025,6.569619879126549,-6.514008759520948,25.918313535612754,7.5434793068950885,793.3731655252242,0,457.59890274399163,457.509292981224,1127.6723464013835,1500.0,3.3510006684809923,0.001596904148285394,0.0,0.0,0.0,0.0,0.0,0,0,0,0.0,0,0,True,1008,0,6.366462912410498e-12,2.898056043018711e-09,4.061826505976359e-10,0.8825319998777559,1.321334319986818,2.340422000088438,0.4226980000794356,0.6698041600020588,1.4031279999926483,0.4226980000794356,0.6698041600020588,1.4031279999926483,0.4226980000794356,0.6698041600020588,1.4031279999926483,0.4226980000794356,0.6698041600020588,1.4031279999926483
May2024,400.0,True,0.0,swmpc_nosw,2,96.58333333333333,3.648920286276029,13.542116969823837,-9.471968097612262,99.56026661971026,2.9790309112110513,612.1844607294221,0,1757.0307535340685,1757.4348395631246,1350.0,1500.0,3.9445594837889075,0.25861322757203564,46.789892306805385,0.0,1.2495276383870329e-14,46.789892306805385,0.0,0,0,0,0.0,0,0,True,1008,0,5.9117155615240335e-12,3.0287897638241507e-09,2.6601244484585125e-10,0.8459470000161673,1.525498380060526,15.863930000023174,4.203321368291581,13.542116969823837,-9.471968097612262,66.71736893325415,3.3157952164023756,612.1844607294221,0,1177.8215284494058,1177.6929948887241,1159.6115452693361,1155.448382972583,0.23429980594664812,0.32858785496488097,46.789892306805385,0.0,1.2495276383870329e-14,46.789892306805385,0.0,0,0,0,0.0,0,0,True,1008,0,5.9117155615240335e-12,3.0287897638241507e-09,2.6601244484585125e-10,0.8970739999085708,1.5511584400701386,15.863930000023174,3.9431484897074585,13.542116969823837,-9.471968097612262,73.6012066388324,2.9790309112110513,612.1844607294221,0,1299.4217319470747,1299.20629155246,1350.0,1155.448382972583,0.23429980594664812,0.3338412889248533,46.789892306805385,0.0,1.2495276383870329e-14,46.789892306805385,0.0,0,0,0,0.0,0,0,True,1008,0,5.9117155615240335e-12,3.0287897638241507e-09,2.6601244484585125e-10,0.8970739999085708,1.5511584400701386,15.863930000023174,2.3836601382031306,7.254636442288756,-5.920475669205189,25.959059980877868,7.581555594198773,821.1753342470296,0,457.6090215869938,458.22854801066455,1155.448382972583,1500.0,3.9445594837889075,0.0015627670851199316,0.0,0.0,0.0,0.0,0.0,0,0,0,0.0,0,0,True,1008,0,5.9117155615240335e-12,3.0287897638241507e-09,2.6601244484585125e-10,0.8459470000161673,1.525498380060526,15.863930000023174,0.40629800002989214,0.7729452899479837,2.0462590000533964,0.40629800002989214,0.7729452899479837,2.0462590000533964,0.40629800002989214,0.7729452899479837,2.0462590000533964,0.40629800002989214,0.7729452899479837,2.0462590000533964
May2024,400.0,True,0.0,swmpc_nosw,3,96.58333333333333,3.6286871708447124,15.807350663468242,-9.157561369240284,99.478808070113,3.161693490488582,607.1236934816603,0,1756.4204820490147,1755.996935689386,1350.0,1500.0,-1.9801842058077455,0.25818276466803525,46.751161798718805,0.0,1.0192694817555828e-14,46.751161798718805,0.0,0,0,0,0.0,0,0,True,1008,0,4.774847184307873e-12,3.3013438450025817e-13,3.2604385832470854e-10,0.7969020000473392,1.0773946599874762,2.794837000010375,4.226922310459757,15.807350663468242,-9.157561369240284,66.71619867375871,3.161693490488582,607.1236934816603,0,1177.3069441025468,1177.67233750323,1162.131751394971,1131.0464879736921,1.4313999963924289,0.32781151297443734,46.751161798718805,0.0,1.0192694817555828e-14,46.751161798718805,0.0,0,0,0,0.0,0,0,True,1008,0,4.774847184307873e-12,3.3013438450025817e-13,3.2604385832470854e-10,0.8562419999407211,1.1018652300890608,2.794837000010375,3.992731785701007,15.807350663468242,-9.157561369240284,73.57524248196802,3.161693490488582,607.1236934816603,0,1298.7907912531523,1298.747973034426,1350.0,1131.0464879736921,1.4313999963924289,0.3332995172340295,46.751161798718805,0.0,1.0192694817555828e-14,46.751161798718805,0.0,0,0,0,0.0,0,0,True,1008,0,4.774847184307873e-12,3.3013438450025817e-13,3.2604385832470854e-10,0.8562419999407211,1.1018652300890608,2.794837000010375,1.9201355013211092,5.879963723942637,-5.879963723942637,25.903565588144986,7.63751238128511,798.4417921267029,0,457.6296907958624,457.24896265496,1131.0464879736921,1500.0,-1.9801842058077455,0.0015126406459261554,0.0,0.0,0.0,0.0,0.0,0,0,0,0.0,0,0,True,1008,0,4.774847184307873e-12,3.3013438450025817e-13,3.2604385832470854e-10,0.7969020000473392,1.0773946599874762,2.794837000010375,0.3926675000229807,0.588990909968742,2.3144829999637295,0.3926675000229807,0.588990909968742,2.3144829999637295,0.3926675000229807,0.588990909968742,2.3144829999637295,0.3926675000229807,0.588990909968742,2.3144829999637295
May2024,400.0,True,0.0,swmpc_nosw,4,96.58333333333333,3.6972803293105767,14.750392035581172,-9.396965902298689,99.63482682847642,3.2348172417062466,612.2011568862885,0,1758.5941322691071,1758.7509741314614,1350.0,1500.0,2.116596811451018,0.257358078060659,46.7790759422528,0.0,1.2881567720884204e-14,46.7790759422528,0.0,0,0,0,0.0,0,0,True,1008,0,6.139089236967266e-12,2.6700945191740665e-09,5.045663616257386e-10,0.83845500012103,1.3019988799806017,1.8093010000939103,4.230783089123482,14.750392035581172,-9.396965902298689,66.80318397388278,3.2348172417062466,612.2011568862885,0,1178.8973878158615,1179.2077994114766,1164.0732724834943,1145.2897531315198,2.3042746456339955,0.3274749783377091,46.7790759422528,0.0,1.2881567720884204e-14,46.7790759422528,0.0,0,0,0,0.0,0,0,True,1008,0,6.139089236967266e-12,2.6700945191740665e-09,5.045663616257386e-10,0.8993924999458613,1.321722699958627,1.8093010000939103,3.9830700782979256,14.750392035581172,-9.396965902298689,73.69632686339878,3.2348172417062466,612.2011568862885,0,1300.9581193083177,1300.8853509029268,1350.0,1145.2897531315198,2.3042746456339955,0.33223889289984665,46.7790759422528,0.0,1.2881567720884204e-14,46.7790759422528,0.0,0,0,0,0.0,0,0,True,1008,0,6.139089236967266e-12,2.6700945191740665e-09,5.045663616257386e-10,0.8993924999458613,1.321722699958627,1.8093010000939103,2.483907530169883,7.823445993475616,-7.823445993475616,25.93849996507764,7.658177891117203,811.8777187299644,0,457.63601296078946,457.86562322853456,1145.2897531315198,1500.0,2.116596811451018,0.0014941412542153198,0.0,0.0,0.0,0.0,0.0,0,0,0,0.0,0,0,True,1008,0,6.139089236967266e-12,2.6700945191740665e-09,5.045663616257386e-10,0.83845500012103,1.3019988799806017,1.8093010000939103,0.4034440001987605,0.6972041601261479,0.8797570001206623,0.4034440001987605,0.6972041601261479,0.8797570001206623,0.4034440001987605,0.6972041601261479,0.8797570001206623,0.4034440001987605,0.6972041601261479,0.8797570001206623
May2024,400.0,True,180.0,pid_lowdrag_preview,0,97.33333333333333,2.3839385913862303,9.898173046298325,-9.060289511457086,109.18323136227419,7.124093841880637,958.9612841546527,0,1926.8468606151305,1927.2991245099129,1350.0,1500.0,3.1900602066889405,0.17775618437461738,0.0,0.0,0.0,0.0,0.001524390243902439,0,0,0,0.0,0,0,True,0,0,,,,0.16283999991628662,0.4306229001872459,1.3572880000083387,2.44420043797982,9.898173046298325,-9.060289511457086,74.74161822236123,7.124093841880637,958.9612841546527,0,1319.106990450094,1319.3368026125675,1467.1393425285833,1241.3213866678575,2.161776908673346,0.22443392564392062,0.0,0.0,0.0,0.0,0.0023148148148148147,0,0,0,0.0,0,0,True,0,0,,,,0.16436299995348236,0.41284198995981464,1.299381000080757,2.390918353593799,9.898173046298325,-9.060289511457086,82.31417274781731,7.124093841880637,958.9612841546527,0,1452.9771073595177,1453.0073079192825,1350.0,1241.3213866678575,2.161776908673346,0.2313096932463713,0.0,0.0,0.0,0.0,0.001984126984126984,0,0,0,0.0,0,0,True,0,0,,,,0.16436299995348236,0.41284198995981464,1.299381000080757,2.3606475124343853,6.548086892813444,-6.548086892813444,26.869058614456875,9.56711568805706,1103.2474536081065,0,473.86975325561275,474.29181659063033,1241.3213866678575,1500.0,3.1900602066889405,0.0001840233788015233,0.0,0.0,0.0,0.0,0.0,0,0,0,0.0,0,0,True,0,0,,,,0.16283999991628662,0.4306229001872459,1.3572880000083387,,,,,,,,,,,,
May2024,400.0,True,180.0,pid_lowdrag_preview,1,97.33333333333333,2.3910351026540506,7.582481502555311,-7.582481502555311,109.1444646820698,7.120973541620998,959.8832481366115,0,1927.0680357163728,1926.6148162339564,1350.0,1500.0,0.10917264875024557,0.17775674018615983,0.0,0.0,0.0,0.0,0.001524390243902439,0,0,0,0.0,0,0,True,0,0,,,,0.15937000011945202,0.3213689601352601,0.5889990000014222,2.4791361973429087,7.582481502555311,-7.582481502555311,74.75269661934733,7.120973541620998,959.8832481366115,0,1319.2836401012084,1319.5323581438304,1464.0710643830398,1245.7695000659317,-0.6449240939691663,0.22451753485516535,0.0,0.0,0.0,0.0,0.0023148148148148147,0,0,0,0.0,0,0,True,0,0,,,,0.16036700003496662,0.3177752599208357,0.5889990000014222,2.3980495197233367,7.582481502555311,-7.582481502555311,82.33109324567029,7.120973541620998,959.8832481366115,0,1453.174616642399,1453.3059880397846,1350.0,1245.7695000659317,-0.6449240939691663,0.2313271192816364,0.0,0.0,0.0,0.0,0.001984126984126984,0,0,0,0.0,0,0,True,0,0,,,,0.16036700003496662,0.3177752599208357,0.5889990000014222,2.367628085284172,6.271503402851522,-5.997027173638344,26.813371436399507,9.693311991179304,1102.2132607171795,0,473.89341907397375,473.30882819417184,1245.7695000659317,1500.0,0.10917264875024557,0.00012864108010612885,0.0,0.0,0.0,0.0,0.0,0,0,0,0.0,0,0,True,0,0,,,,0.15937000011945202,0.3213689601352601,0.5889990000014222,,,,,,,,,,,,
May2024,400.0,True,180.0,pid_lowdrag_preview,2,97.33333333333333,2.4000270277460083,9.573679096065462,-9.573679096065462,109.15747608478246,7.173136540499724,947.9940960237817,0,1926.9534897719475,1926.8444931243048,1350.0,1500.0,3.796628786250949,0.17779743957963123,0.0,0.0,0.0,0.0,0.001524390243902439,0,0,0,0.0,0,0,True,0,0,,,,0.1648290000275665,0.42439769996008253,1.5712009999333532,2.4609308160544643,9.573679096065462,-9.573679096065462,74.73111148187263,7.173136540499724,947.9940960237817,0,1319.2816522694793,1319.1513379446774,1464.0796633797484,1242.6807830399093,-0.893982820212841,0.22447069265125774,0.0,0.0,0.0,0.0,0.0023148148148148147,0,0,0,0.0,0,0,True,0,0,,,,0.16675599999871338,0.4246788999603265,1.5712009999333532,2.385185798302745,9.573679096065462,-9.573679096065462,82.30395187527787,7.173136540499724,947.9940960237817,0,1453.0948909843426,1452.8268893838547,1350.0,1242.6807830399093,-0.893982820212841,0.23135731633120948,0.0,0.0,0.0,0.0,0.001984126984126984,0,0,0,0.0,0,0,True,0,0,,,,0.16675599999871338,0.4246788999603265,1.5712009999333532,2.4485938688620563,7.58661353867501,-6.15923048555851,26.853524209504585,9.521696583293991,1101.9219080277412,0,473.85859878760493,474.0176037404501,1242.6807830399093,1500.0,3.796628786250949,0.00020416403492506952,0.0,0.0,0.0,0.0,0.0,0,0,0,0.0,0,0,True,0,0,,,,0.1648290000275665,0.42439769996008253,1.5712009999333532,,,,,,,,,,,,
May2024,400.0,True,180.0,pid_lowdrag_preview,3,97.33333333333333,2.3013994149867165,9.110498937778175,-6.8680402878671885,109.16146733708428,7.156572410675589,961.6950417866119,0,1926.5608501798417,1926.914946590185,1350.0,1500.0,0.5416800146922469,0.17798946168903051,0.0,0.0,0.0,0.0,0.0038109756097560975,0,0,0,0.0,0,0,True,0,0,,,,0.1609530000905579,0.45404741993252357,0.9731879999890225,2.4275300533637,9.110498937778175,-6.8680402878671885,74.72048026489753,7.156572410675589,961.6950417866119,0,1318.6587611846094,1318.9636760215678,1464.2817165164045,1241.6933033138946,-1.6591791911050677,0.22501224600390313,0.0,0.0,0.0,0.0,0.005787037037037037,0,0,0,0.0,0,0,True,0,0,,,,0.16225449996909447,0.4376264598863599,0.9731879999890225,2.3775185467867073,9.110498937778175,-6.8680402878671885,82.29246252060766,7.156572410675589,961.6950417866119,0,1452.6673540264107,1452.624079639895,1350.0,1241.6933033138946,-1.6591791911050677,0.23162991553532997,0.0,0.0,0.0,0.0,0.00496031746031746,0,0,0,0.0,0,0,True,0,0,,,,0.16225449996909447,0.4376264598863599,0.9731879999890225,2.0286704250874785,5.3637231811881065,-4.641317658126354,26.869004816476618,9.692464758445984,1101.203750505748,0,473.893496153431,474.29086695029014,1241.6933033138946,1500.0,0.5416800146922469,0.00012900946182625717,0.0,0.0,0.0,0.0,0.0,0,0,0,0.0,0,0,True,0,0,,,,0.1609530000905579,0.45404741993252357,0.9731879999890225,,,,,,,,,,,,
May2024,400.0,True,180.0,pid_lowdrag_preview,4,97.33333333333333,2.463585951867161,9.515638531185687,-9.515638531185687,109.17889340631403,7.155924130738203,957.8332581933574,0,1927.1415288060552,1927.2225510414564,1350.0,1500.0,4.446877888403833,0.17774674418252423,0.0,0.0,0.0,0.0,0.0038109756097560975,0,0,0,0.0,0,0,True,0,0,,,,0.16741200010983448,0.43401694995054674,2.346299999999246,2.419807181741398,9.515638531185687,-9.515638531185687,74.73120865869343,7.155924130738203,957.8332581933574,0,1319.3668559471587,1319.1530533069933,1465.9396104234397,1245.353965898031,-0.9550396436825395,0.22450624916159445,0.0,0.0,0.0,0.0,0.005787037037037037,0,0,0,0.0,0,0,True,0,0,,,,0.1660254999933386,0.43414714994696607,0.6322240001281898,2.4021531408063876,9.515638531185687,-9.515638531185687,82.3082370399404,7.155924130738203,957.8332581933574,0,1453.2839304924105,1452.9025309819133,1350.0,1245.353965898031,-0.9550396436825395,0.231288771816325,0.0,0.0,0.0,0.0,0.00496031746031746,0,0,0,0.0,0,0,True,0,0,,,,0.1660254999933386,0.43414714994696607,0.6322240001281898,2.6571410141713043,7.611361349001527,-7.125146611593664,26.870656366373638,9.502615027099965,1100.3501907829514,0,473.85759831364476,474.32002005954314,1245.353965898031,1500.0,4.446877888403833,0.00021265255465829913,0.0,0.0,0.0,0.0,0.0,0,0,0,0.0,0,0,True,0,0,,,,0.16741200010983448,0.43401694995054674,2.346299999999246,,,,,,,,,,,,
May2024,400.0,True,180.0,swmpc,0,97.33333333333333,4.659836967628934,19.272190546616912,-7.512559651397169,100.72290151802463,3.2400066016197533,575.2927706236427,0,1777.5051838142965,1777.9576359091373,1350.0,1500.0,3.189959798939526,0.2506373535440005,47.20601653057816,2.351550633295979,1.2775055105355902e-14,47.20601653057816,0.0,0,0,0,0.0,0,0,True,1008,0,1.1141310096718371e-11,2.50898570926724e-13,2.7041732507707665e-10,0.855105500022546,1.6120596998462133,5.867042999852856,5.496547956832089,19.272190546616912,-7.512559651397169,66.77966950078932,3.2400066016197533,575.2927706236427,0,1177.722343664163,1178.7927226378492,1388.6043958534485,883.6729777434238,6.2582119926810265,0.32664305190623055,47.20601653057816,2.351550633295979,1.2775055105355902e-14,47.20601653057816,0.0,0,0,0,0.0,0,0,True,1008,0,1.1141310096718371e-11,2.50898570926724e-13,2.7041732507707665e-10,0.9138545000269005,1.627329240129711,5.867042999852856,5.153978813780791,19.272190546616912,-7.512559651397169,73.89686099641708,3.2400066016197533,575.2927706236427,0,1303.6358500879908,1304.4251734029256,1350.0,883.6729777434238,6.2582119926810265,0.32617055695919683,47.20601653057816,2.351550633295979,1.2775055105355902e-14,47.20601653057816,0.0,0,0,0,0.0,0,0,True,1008,0,1.1141310096718371e-11,2.50898570926724e-13,2.7041732507707665e-10,0.9138545000269005,1.627329240129711,5.867042999852856,2.373696392454528,6.5479718977585435,-6.5479718977585435,26.826040521607553,9.564563128919389,947.32226714667,0,473.86933372630574,473.5324625062117,883.6729777434238,1500.0,3.189959798939526,0.00018515274624397726,0.0,0.0,0.0,0.0,0.0,0,0,0,0.0,0,0,True,1008,0,1.1141310096718371e-11,2.50898570926724e-13,2.7041732507707665e-10,0.855105500022546,1.6120596998462133,5.867042999852856,0.4269749998684347,0.8365736599830597,0.9008889999222447,0.4269749998684347,0.8365736599830597,0.9008889999222447,0.4269749998684347,0.8365736599830597,0.9008889999222447,0.4269749998684347,0.8365736599830597,0.9008889999222447
May2024,400.0,True,180.0,swmpc,1,97.33333333333333,4.680196294394563,17.854871560819447,-7.378227104432881,100.65652265947901,3.3714495091306786,594.4638761321688,0,1777.2389706907013,1776.7859182894504,1350.0,1500.0,0.10929827112704515,0.2500940375137465,47.183192270212665,2.5564757120142336,1.0590917805873892e-14,47.183192270212665,0.0,0,0,0,0.0,0,0,True,1008,0,5.9117155615240335e-12,2.6845035817095046e-13,1.9176234636316242e-10,0.8267219999424924,1.7288886699884651,49.33054000002812,5.53895727503826,17.854871560819447,-7.378227104432881,66.79176435661903,3.3714495091306786,594.4638761321688,0,1177.8725127681591,1179.0062206701111,1368.9408644589928,876.5849544847938,5.392592715099454,0.32590974059448996,47.183192270212665,2.5564757120142336,1.0099147321831484e-14,47.183192270212665,0.0,0,0,0,0.0,0,0,True,1008,0,5.9117155615240335e-12,2.6845035817095046e-13,1.9176234636316242e-10,0.9167485000034503,3.999557120105122,49.33054000002812,5.1766388775061705,17.854871560819447,-7.378227104432881,73.88497237069207,3.3714495091306786,594.4638761321688,0,1303.3665300111409,1304.215315738288,1350.0,876.5849544847938,5.392592715099454,0.3254656350545906,47.183192270212665,2.5564757120142336,1.0590917805873892e-14,47.183192270212665,0.0,0,0,0,0.0,0,0,True,1008,0,5.9117155615240335e-12,2.6845035817095046e-13,1.9176234636316242e-10,0.9167485000034503,3.999557120105122,49.33054000002812,2.3830463557837707,6.210206838324666,-5.99687328748405,26.77155028878694,9.58144866009161,940.3867179573625,0,473.87244067956044,472.57060255116244,876.5849544847938,1500.0,0.10929827112704515,0.00017768777305315897,0.0,0.0,0.0,0.0,0.0,0,0,0,0.0,0,0,True,1008,0,5.9117155615240335e-12,2.6845035817095046e-13,1.9176234636316242e-10,0.8267219999424924,1.7288886699884651,49.33054000002812,0.4239599999209531,0.8879264800953022,17.871980000109033,0.4239599999209531,0.8879264800953022,17.871980000109033,0.4239599999209531,0.8879264800953022,17.871980000109033,0.4239599999209531,0.8879264800953022,17.871980000109033
May2024,400.0,True,180.0,swmpc,2,97.33333333333333,4.62858442817352,18.685694972984493,-6.9296977100893855,100.77105024901421,3.3239550323952916,578.9551212173917,0,1778.9163718311406,1778.8075558640933,1350.0,1500.0,3.7965267403051257,0.2492959105625877,47.153969383581746,2.6451704174157906,1.2246194085438179e-14,47.153969383581746,0.0,0,0,0,0.0,0,0,True,1008,0,7.048583938740194e-12,2.006800974984642e-07,1.9270418883425691e-10,0.8258309999291669,1.7428911898696302,43.78114799987998,5.464711782614367,18.685694972984493,-6.9296977100893855,66.84319380084655,3.3239550323952916,578.9551212173917,0,1179.4710425894352,1179.9140516767334,1390.5628850011776,867.6769554577019,3.1743463538587093,0.3245057046446812,47.153969383581746,2.6451704174157906,1.2246194085438179e-14,47.153969383581746,0.0,0,0,0,0.0,0,0,True,1008,0,7.048583938740194e-12,2.006800974984642e-07,1.9270418883425691e-10,0.9179099998846141,1.8738866199555506,43.78114799987998,5.105578403757213,18.685694972984493,-6.9296977100893855,73.95223481720876,3.3239550323952916,578.9551212173917,0,1305.06566308959,1305.4026304263286,1350.0,867.6769554577019,3.1743463538587093,0.32441324004863537,47.153969383581746,2.6451704174157906,1.2246194085438179e-14,47.153969383581746,0.0,0,0,0,0.0,0,0,True,1008,0,7.048583938740194e-12,2.006800974984642e-07,1.9270418883425691e-10,0.9179099998846141,1.8738866199555506,43.78114799987998,2.4552248218467176,7.586424337700009,-6.159411096945405,26.818815431805447,9.480161246474728,931.2612403886312,0,473.85070874155053,473.40492543776463,867.6769554577019,1500.0,3.7965267403051257,0.00022266016148231316,0.0,0.0,0.0,0.0,0.0,0,0,0,0.0,0,0,True,1008,0,7.048583938740194e-12,2.006800974984642e-07,1.9270418883425691e-10,0.8258309999291669,1.7428911898696302,43.78114799987998,0.4431735000025583,0.8741263899673867,6.565227000010054,0.4431735000025583,0.8741263899673867,6.565227000010054,0.4431735000025583,0.8741263899673867,6.565227000010054,0.4431735000025583,0.8741263899673867,6.565227000010054
May2024,400.0,True,180.0,swmpc,3,97.33333333333333,4.548913531660348,21.64671887177974,-7.309666023589671,100.83057012461,3.270056673191597,575.8687862376768,0,1779.503936138233,1779.858198922511,1350.0,1500.0,0.5417701033875346,0.24873418312078266,47.24353973980791,3.7012899953307934,1.3534706655588665e-14,47.24353973980791,0.0,0,0,0,0.0,0,0,True,1008,0,5.6843418860808015e-12,2.8103458882700004e-13,4.393399565709013e-10,0.8634329999495094,1.7783206500621487,18.782394000027125,5.41480262147471,21.64671887177974,-7.309666023589671,66.87450875235301,3.270056673191597,575.8687862376768,0,1179.4561587134242,1180.4668222612693,1382.01822983944,899.3416958572453,4.277893322519958,0.3248370217862835,47.24353973980791,3.7012899953307934,1.3534706655588665e-14,47.24353973980791,0.0,0,0,0,0.0,0,0,True,1008,0,5.6843418860808015e-12,2.8103458882700004e-13,4.393399565709013e-10,0.9709904999226637,1.8994749700732418,18.782394000027125,5.068240763668361,21.64671887177974,-7.309666023589671,73.99624140785266,3.270056673191597,575.8687862376768,0,1305.6635278781898,1306.1794334441695,1350.0,899.3416958572453,4.277893322519958,0.3236730004611983,47.24353973980791,3.7012899953307934,1.3534706655588665e-14,47.24353973980791,0.0,0,0,0,0.0,0,0,True,1008,0,5.6843418860808015e-12,2.8103458882700004e-13,4.393399565709013e-10,0.9709904999226637,1.8994749700732418,18.782394000027125,2.032749168940624,5.363586467690766,-4.6413138238713145,26.83432871675734,9.41269754109511,959.7700781979231,0,473.8404082600432,473.6787654783416,899.3416958572453,1500.0,0.5417701033875346,0.00025284141308923314,0.0,0.0,0.0,0.0,0.0,0,0,0,0.0,0,0,True,1008,0,5.6843418860808015e-12,2.8103458882700004e-13,4.393399565709013e-10,0.8634329999495094,1.7783206500621487,18.782394000027125,0.4592179999463042,0.9521483400112624,17.9770780000581,0.4592179999463042,0.9521483400112624,17.9770780000581,0.4592179999463042,0.9521483400112624,17.9770780000581,0.4592179999463042,0.9521483400112624,17.9770780000581
May2024,400.0,True,180.0,swmpc,4,97.33333333333333,4.62620737653239,19.131153855472803,-8.68539938237518,100.78327221436362,3.262724507817322,579.0660118569748,0,1778.9420928749298,1779.0232976297834,1350.0,1500.0,4.446656641550362,0.24900809590229045,47.16214737217118,2.7206510140853717,1.3224506338867638e-14,47.16214737217118,0.0,0,0,0,0.0,0,0,True,1008,0,7.275957614183426e-12,2.7343177399079436e-13,2.796609124437408e-10,0.8821659999966869,1.4447105200952142,7.470522999938112,5.398153233084568,19.131153855472803,-8.68539938237518,66.91152314470756,3.262724507817322,579.0660118569748,0,1180.1941309452593,1181.120199204695,1361.6939570077286,897.9661478398664,5.3915187399834394,0.32325101237809883,47.16214737217118,2.7206510140853717,1.3224506338867638e-14,47.16214737217118,0.0,0,0,0,0.0,0,0,True,1008,0,7.275957614183426e-12,2.7343177399079436e-13,2.796609124437408e-10,0.9280104999334071,1.4640298701669956,7.470522999938112,5.07103065554389,19.131153855472803,-8.68539938237518,73.96451108205342,3.262724507817322,579.0660118569748,0,1305.107412812341,1305.619330685086,1350.0,897.9661478398664,5.3915187399834394,0.3240254825684168,47.16214737217118,2.7206510140853717,1.3224506338867638e-14,47.16214737217118,0.0,0,0,0,0.0,0,0,True,1008,0,7.275957614183426e-12,2.7343177399079436e-13,2.796609124437408e-10,0.9280104999334071,1.4640298701669956,7.470522999938112,2.6643849328704072,7.611362798139453,-7.125058066099882,26.8187611323102,9.382869498081995,958.9079663722108,0,473.83468006258886,473.40396694469746,897.9661478398664,1500.0,4.446656641550362,0.0002662348514502755,0.0,0.0,0.0,0.0,0.0,0,0,0,0.0,0,0,True,1008,0,7.275957614183426e-12,2.7343177399079436e-13,2.796609124437408e-10,0.8821659999966869,1.4447105200952142,7.470522999938112,0.4365434999726858,0.808103519950691,1.5264430001025175,0.4365434999726858,0.808103519950691,1.5264430001025175,0.4365434999726858,0.808103519950691,1.5264430001025175,0.4365434999726858,0.808103519950691,1.5264430001025175
May2024,400.0,True,180.0,swmpc_nosw,0,97.33333333333333,3.685943125782167,15.566214628517628,-7.715810897760093,100.76357029433744,3.2868416177421644,596.3517440734113,0,1778.2211964940493,1778.6755199285394,1350.0,1500.0,2.947177132591605,0.24996692174468993,46.77000983013519,0.0,9.486586134263489e-15,46.77000983013519,0.0,0,0,0,0.0,0,0,True,1008,0,5.9117155615240335e-12,3.567656558083275e-13,2.4610800692385377e-10,0.8762825000303565,1.5800489499906707,3.782817999990584,4.250560720530601,15.566214628517628,-7.715810897760093,66.82004175570758,3.2868416177421644,596.3517440734113,0,1178.5092793030667,1179.5053724704985,1394.084657709285,940.5008523044161,5.8379241693764925,0.3255331225122299,46.77000983013519,0.0,9.486586134263489e-15,46.77000983013519,0.0,0,0,0,0.0,0,0,True,1008,0,5.9117155615240335e-12,3.567656558083275e-13,2.4610800692385377e-10,0.9274394999465585,1.6019503999586955,3.782817999990584,4.016632948745496,15.566214628517628,-7.715810897760093,73.93456088535366,3.2868416177421644,596.3517440734113,0,1304.3826454163673,1305.0906507114373,1350.0,940.5008523044161,5.8379241693764925,0.3252763997884428,46.77000983013519,0.0,9.486586134263489e-15,46.77000983013519,0.0,0,0,0,0.0,0,0,True,1008,0,5.9117155615240335e-12,3.567656558083275e-13,2.4610800692385377e-10,0.9274394999465585,1.6019503999586955,3.782817999990584,2.2672271046989114,6.203526897355914,-6.203526897355914,26.82900940898378,9.404438197672793,1001.0671018142616,0,473.83855107768204,473.5848692171021,940.5008523044161,1500.0,2.947177132591605,0.0002565471785620499,0.0,0.0,0.0,0.0,0.0,0,0,0,0.0,0,0,True,1008,0,5.9117155615240335e-12,3.567656558083275e-13,2.4610800692385377e-10,0.8762825000303565,1.5800489499906707,3.782817999990584,0.4232384999340866,0.8219492999364771,3.164084999980332,0.4232384999340866,0.8219492999364771,3.164084999980332,0.4232384999340866,0.8219492999364771,3.164084999980332,0.4232384999340866,0.8219492999364771,3.164084999980332
May2024,400.0,True,180.0,swmpc_nosw,1,97.33333333333333,3.6739713885404277,14.743276374414563,-7.076694384217262,100.59672075722546,3.335836010026366,630.1430442465246,0,1776.1205515534202,1775.7302969049285,1350.0,1500.0,0.3340470129624009,0.25049744469390023,46.69671414832342,0.0,1.1811645643426455e-14,46.69671414832342,0.0,0,0,0,0.0,0,0,True,1008,0,5.002220859751105e-12,2.3270924228405606e-13,3.2159210303043425e-10,0.859226999978091,1.6870808599628706,2.35845900010645,4.2596666321478605,14.743276374414563,-7.076694384217262,66.71016487285787,3.335836010026366,630.1430442465246,0,1176.537533697953,1177.5658290307474,1389.959170271762,933.1858860004122,5.004528500139713,0.3267726774259919,46.69671414832342,0.0,8.03745144747144e-15,46.69671414832342,0.0,0,0,0,0.0,0,0,True,1008,0,5.002220859751105e-12,2.3270924228405606e-13,3.2159210303043425e-10,0.9130430000823253,1.9670479899832556,2.35845900010645,4.005369141100258,14.743276374414563,-7.076694384217262,73.81700658405634,3.335836010026366,630.1430442465246,0,1302.2782100513302,1303.0155857115712,1350.0,933.1858860004122,5.004528500139713,0.3259696670116774,46.69671414832342,0.0,1.1811645643426455e-14,46.69671414832342,0.0,0,0,0,0.0,0,0,True,1008,0,5.002220859751105e-12,2.3270924228405606e-13,3.2159210303043425e-10,0.9130430000823253,1.9670479899832556,2.35845900010645,2.2493686760440363,6.144812770187855,-5.809285284951329,26.77971417316911,9.424735360822424,993.8477805841546,0,473.84234150209,472.7147111933573,933.1858860004122,1500.0,0.3340470129624009,0.0002474443770603685,0.0,0.0,0.0,0.0,0.0,0,0,0,0.0,0,0,True,1008,0,5.002220859751105e-12,2.3270924228405606e-13,3.2159210303043425e-10,0.859226999978091,1.6870808599628706,2.35845900010645,0.415601999975479,0.8183663898716982,1.458961000025738,0.415601999975479,0.8183663898716982,1.458961000025738,0.415601999975479,0.8183663898716982,1.458961000025738,0.415601999975479,0.8183663898716982,1.458961000025738
May2024,400.0,True,180.0,swmpc_nosw,2,97.33333333333333,3.6490391814418532,15.231068247929215,-6.671409324742854,100.69637716243356,3.2568934135797325,605.0834091385315,0,1777.5598412348415,1777.489428779952,1350.0,1500.0,3.6390424137935042,0.24949716673599354,46.7187670842247,0.0,9.397235950658373e-15,46.7187670842247,0.0,0,0,0,0.0,0,0,True,1008,0,6.366462912410498e-12,3.026066355352061e-13,1.8071953991012046e-10,0.8325215000013486,1.4686617698339435,4.011086999980762,4.217435181146167,15.231068247929215,-6.671409324742854,66.75647499504177,3.2568934135797325,605.0834091385315,0,1177.9756660654518,1178.3832939182216,1390.7875571836478,926.9197620465336,3.233760505914688,0.32505080695574184,46.7187670842247,0.0,9.397235950658373e-15,46.7187670842247,0.0,0,0,0,0.0,0,0,True,1008,0,6.366462912410498e-12,3.026066355352061e-13,1.8071953991012046e-10,0.8961975000829625,1.5011470400600044,4.011086999980762,3.9626942795937175,15.231068247929215,-6.671409324742854,73.87451468851481,3.2568934135797325,605.0834091385315,0,1303.73572792687,1304.0307170462165,1350.0,926.9197620465336,3.233760505914688,0.3246566161945812,46.7187670842247,0.0,9.397235950658373e-15,46.7187670842247,0.0,0,0,0,0.0,0,0,True,1008,0,6.366462912410498e-12,3.026066355352061e-13,1.8071953991012046e-10,0.8961975000829625,1.5011470400600044,4.011086999980762,2.3236125983744143,6.854316649958491,-5.623864498920739,26.821862473918756,9.342832507574956,987.8532528299409,0,473.82411330797163,473.4587117337355,926.9197620465336,1500.0,3.6390424137935042,0.0002842553733083397,0.0,0.0,0.0,0.0,0.0,0,0,0,0.0,0,0,True,1008,0,6.366462912410498e-12,3.026066355352061e-13,1.8071953991012046e-10,0.8325215000013486,1.4686617698339435,4.011086999980762,0.40433000003758934,0.7643256298592856,3.29945399994358,0.40433000003758934,0.7643256298592856,3.29945399994358,0.40433000003758934,0.7643256298592856,3.29945399994358,0.40433000003758934,0.7643256298592856,3.29945399994358
May2024,400.0,True,180.0,swmpc_nosw,3,97.33333333333333,3.5518802362792976,16.29207612387836,-7.017159953713417,100.7488824546514,3.394980270384367,608.0012254717478,0,1778.0474260083126,1778.4162506230402,1350.0,1500.0,0.7379768565297127,0.24934641371881217,46.736783808793156,0.0,1.1540991815521132e-14,46.736783808793156,0.0,0,0,0,0.0,0,0,True,1008,0,5.002220859751105e-12,3.304898872936908e-13,2.3286276948865333e-10,0.884064500041859,1.3909455900693501,2.211557000009634,4.152358978789513,16.29207612387836,-7.017159953713417,66.77554562248031,3.394980270384367,608.0012254717478,0,1177.7196734191666,1178.719928061655,1404.9704328320481,956.7507352859312,4.40059413947165,0.32613590027608486,46.736783808793156,0.0,1.1540991815521132e-14,46.736783808793156,0.0,0,0,0,0.0,0,0,True,1008,0,5.002220859751105e-12,3.304898872936908e-13,2.3286276948865333e-10,0.9286414999678527,1.4668661899941071,2.211557000009634,3.9139398249336685,16.29207612387836,-7.017159953713417,73.91421831849591,3.394980270384367,608.0012254717478,0,1304.2334446290822,1304.7315643315412,1350.0,956.7507352859312,4.40059413947165,0.3244513983827614,46.736783808793156,0.0,1.1540991815521132e-14,46.736783808793156,0.0,0,0,0,0.0,0,0,True,1008,0,5.002220859751105e-12,3.304898872936908e-13,2.3286276948865333e-10,0.9286414999678527,1.4668661899941071,2.211557000009634,1.911291811752184,5.171614778228104,-4.405729169026017,26.83466413615548,9.276753410470242,1014.8266073750074,0,473.8139813792304,473.684686291499,956.7507352859312,1500.0,0.7379768565297127,0.0003140961488756755,0.0,0.0,0.0,0.0,0.0,0,0,0,0.0,0,0,True,1008,0,5.002220859751105e-12,3.304898872936908e-13,2.3286276948865333e-10,0.884064500041859,1.3909455900693501,2.211557000009634,0.4217009999365473,0.7963507499766805,1.5850820000196109,0.4217009999365473,0.7963507499766805,1.5850820000196109,0.4217009999365473,0.7963507499766805,1.5850820000196109,0.4217009999365473,0.7963507499766805,1.5850820000196109
May2024,400.0,True,180.0,swmpc_nosw,4,97.33333333333333,3.6780991437367447,14.314807175658643,-8.519065197557211,100.70169539467477,3.335785351240266,606.344301344494,0,1777.4756594243568,1777.5833060559287,1350.0,1500.0,4.145192258991301,0.2498001149545943,46.72709117350972,0.0,1.1159334222040715e-14,46.72709117350972,0.0,0,0,0,0.0,0,0,True,1008,0,4.774847184307873e-12,1.4671135185075504e-08,2.5928729693287044e-10,0.8190860000922839,1.5023275699650187,3.9150669999798993,4.177894419915732,14.314807175658643,-8.519065197557211,66.82941443409082,3.335785351240266,606.344301344494,0,1178.7192756352413,1179.6708187081324,1375.6602777093788,946.5766000593385,5.4760080417618155,0.32437915005049534,46.72709117350972,0.0,1.1159334222040715e-14,46.72709117350972,0.0,0,0,0,0.0,0,0,True,1008,0,4.774847184307873e-12,1.4671135185075504e-08,2.5928729693287044e-10,0.8908440000823248,1.6322906901223153,3.9150669999798993,3.9599220659841197,14.314807175658643,-8.519065197557211,73.88362075795582,3.335785351240266,606.344301344494,0,1303.6597905738158,1304.191457110808,1350.0,946.5766000593385,5.4760080417618155,0.3250432573326588,46.72709117350972,0.0,1.1159334222040715e-14,46.72709117350972,0.0,0,0,0,0.0,0,0,True,1008,0,4.774847184307873e-12,1.4671135185075504e-08,2.5928729693287044e-10,0.8908440000823248,1.6322906901223153,3.9150669999798993,2.52803207308926,7.160901226103306,-7.0150311859324574,26.818074636718947,9.286482082173476,1005.884566160328,0,473.81586885054094,473.3918489451207,946.5766000593385,1500.0,4.145192258991301,0.00030969549048531775,0.0,0.0,0.0,0.0,0.0,0,0,0,0.0,0,0,True,1008,0,4.774847184307873e-12,1.4671135185075504e-08,2.5928729693287044e-10,0.8190860000922839,1.5023275699650187,3.9150669999798993,0.41156600013891875,0.7570426400707218,3.3807110000907414,0.41156600013891875,0.7570426400707218,3.3807110000907414,0.41156600013891875,0.7570426400707218,3.3807110000907414,0.41156600013891875,0.7570426400707218,3.3807110000907414
May2024,550.0,False,0.0,pid_lowdrag_preview,0,97.0,0.9597519582757703,2.935899673961103,-2.935899673961103,12.746950014931182,6.590001866753889,1146.660725580407,0,225.22792766368875,225.0087792550655,1350.0,1500.0,-0.2070166738703847,0.2802747346634278,0.0,0.0,0.0,0.0,0.0,0,0,0,0.0,0,0,True,0,0,,,,0.1592004999793062,0.2764591500022109,0.5302699998992466,0.9643951614330717,2.877389293164015,-2.6151785664260387,8.662459206950931,6.590001866753889,1146.660725580407,0,152.81613029872568,152.9094700473223,1419.368263410894,1235.9972500287718,0.4615408005192876,0.36368035553122424,0.0,0.0,0.0,0.0,0.0,0,0,0,0.0,0,0,True,0,0,,,,0.15979599993443117,0.2591085101903443,0.4695190000347793,0.9462991678332373,2.877389293164015,-2.6151785664260387,9.469068456783864,6.590001866753889,1146.660725580407,0,167.10390942254259,167.14771232709572,1350.0,1235.9972500287718,0.4615408005192876,0.3633426823802274,0.0,0.0,0.0,0.0,0.0,0,0,0,0.0,0,0,True,0,0,,,,0.15979599993443117,0.2591085101903443,0.4695190000347793,1.0036333766994294,2.935899673961103,-2.935899673961103,3.2778815581473175,8.00352266573789,1156.5558286075368,0,58.12401824114616,57.86106692796977,1235.9972500287718,1500.0,-0.2070166738703847,0.0011664303349815386,0.0,0.0,0.0,0.0,0.0,0,0,0,0.0,0,0,True,0,0,,,,0.1592004999793062,0.2764591500022109,0.5302699998992466,,,,,,,,,,,,
May2024,550.0,False,0.0,pid_lowdrag_preview,1,97.0,0.8800423158859911,2.9697717055678368,-2.662637498229742,12.753484583614291,6.5977243386107185,1146.9845676003615,0,225.24148332138222,225.12412726542394,1350.0,1500.0,-1.3326165163889527,0.2802204821752712,0.0,0.0,0.0,0.0,0.0,0,0,0,0.0,0,0,True,0,0,,,,0.16340650006441138,0.4501571399555363,1.5767089998917072,0.9018822717832066,2.9697717055678368,-2.5862878831103444,8.661405007618425,6.5977243386107185,1146.9845676003615,0,152.83527329980552,152.89086135233222,1419.5152000348874,1236.039937431222,0.2053802814334631,0.36354859011194796,0.0,0.0,0.0,0.0,0.0,0,0,0,0.0,0,0,True,0,0,,,,0.16526950003026286,0.4717594100134187,1.5767089998917072,0.8641716751824318,2.9697717055678368,-2.5862878831103444,9.46975725580468,6.5977243386107185,1146.9845676003615,0,167.1173141109972,167.1598709867486,1350.0,1236.039937431222,0.2053802814334631,0.3632751477923718,0.0,0.0,0.0,0.0,0.0,0,0,0,0.0,0,0,True,0,0,,,,0.16526950003026286,0.4717594100134187,1.5767089998917072,0.9313889113144602,2.7240320313721895,-2.662637498229742,3.2837273278096113,8.014548117963011,1156.248659760449,0,58.12416921038502,57.96425627867535,1236.039937431222,1500.0,-1.3326165163889527,0.0011568057018126465,0.0,0.0,0.0,0.0,0.0,0,0,0,0.0,0,0,True,0,0,,,,0.16340650006441138,0.4501571399555363,1.5767089998917072,,,,,,,,,,,,
May2024,550.0,False,0.0,pid_lowdrag_preview,2,97.0,0.9129096794588091,3.5300377663224936,-2.5230640890076756,12.769014385793119,6.585518218843422,1147.731806926049,0,225.24858388033914,225.39825886758874,1350.0,1500.0,0.46876866463571787,0.2802475868683897,0.0,0.0,0.0,0.0,0.0,0,0,0,0.0,0,0,True,0,0,,,,0.15848949999508477,0.28394333008691364,1.2723000002097251,0.9189094421931434,3.2377560259774327,-2.5230640890076756,8.65219224343809,6.585518218843422,1147.731806926049,0,152.83871569325763,152.72823791540202,1419.381623355074,1238.4370014778776,-0.3483040649443865,0.36362269789890356,0.0,0.0,0.0,0.0,0.0,0,0,0,0.0,0,0,True,0,0,,,,0.15965599993705837,0.2871592500878249,1.2723000002097251,0.8800697441134394,3.2377560259774327,-2.5230640890076756,9.462568438069734,6.585518218843422,1147.731806926049,0,167.1249782820817,167.03297419175396,1350.0,1238.4370014778776,-0.3483040649443865,0.36330482453067636,0.0,0.0,0.0,0.0,0.0,0,0,0,0.0,0,0,True,0,0,,,,0.15965599993705837,0.2871592500878249,1.2723000002097251,1.0155025091505712,3.5300377663224936,-2.1696730330586433,3.3064459477233843,7.993401420364245,1155.8969498832541,0,58.12360559825743,58.36528467583477,1238.4370014778776,1500.0,0.46876866463571787,0.0011752683231059935,0.0,0.0,0.0,0.0,0.0,0,0,0,0.0,0,0,True,0,0,,,,0.15848949999508477,0.28394333008691364,1.2723000002097251,,,,,,,,,,,,
May2024,550.0,False,0.0,pid_lowdrag_preview,3,97.0,0.9291939930470804,4.0264302883297205,-3.2275210795924067,12.754959789193059,6.582809009494214,1146.5917529403714,0,225.246312026413,225.15016755004265,1350.0,1500.0,-0.6632581483572721,0.2802458195921482,0.0,0.0,0.0,0.0,0.0,0,0,0,0.0,0,0,True,0,0,,,,0.1669670000410406,0.6730254300055103,1.7762909999419207,0.9751779244501584,4.0264302883297205,-3.2275210795924067,8.666517978244736,6.582809009494214,1146.908531505045,0,152.84074288536175,152.98111535643665,1419.586470815152,1237.142797871695,0.1487026195973158,0.36359190898493166,0.0,0.0,0.0,0.0,0.0,0,0,0,0.0,0,0,True,0,0,,,,0.16842399998040491,0.5542670598765645,1.7566110000188928,0.9355582102361926,4.0264302883297205,-3.2275210795924067,9.468419406293966,6.582809009494214,1146.5917529403714,0,167.12227322774766,167.13625530731886,1350.0,1237.142797871695,0.1487026195973158,0.3633049392085125,0.0,0.0,0.0,0.0,0.0,0,0,0,0.0,0,0,True,0,0,,,,0.16842399998040491,0.5542670598765645,1.7566110000188928,0.9074833579459523,2.8546782908961177,-2.8008689135313034,3.2865403828990924,8.00266669339141,1155.0472764818544,0,58.12403879866534,58.01391224272379,1237.142797871695,1500.0,-0.6632581483572721,0.0011671776811645884,0.0,0.0,0.0,0.0,0.0,0,0,0,0.0,0,0,True,0,0,,,,0.1669670000410406,0.6730254300055103,1.7762909999419207,,,,,,,,,,,,
May2024,550.0,False,0.0,pid_lowdrag_preview,4,97.0,0.9579891174373227,3.629875364713371,-2.9837174732238054,12.763952275125229,6.584986802858431,1146.8658413755213,0,225.2506165241866,225.30890264194147,1350.0,1500.0,1.0290615251287818,0.2802292676754028,0.0,0.0,0.0,0.0,0.0,0,0,0,0.0,0,0,True,0,0,,,,0.16005200006929954,0.33692616007783777,0.8512350000273727,0.9508383187091921,3.629875364713371,-2.9837174732238054,8.664257538832626,6.584986802858431,1147.9917482580413,0,152.84119329343548,152.94121414774813,1419.4727421849427,1237.4692967035244,0.45216676965355873,0.3635761804259021,0.0,0.0,0.0,0.0,0.0,0,0,0,0.0,0,0,True,0,0,,,,0.16186399989237543,0.348457279960712,0.8512350000273727,0.9224988292789273,3.629875364713371,-2.9837174732238054,9.46655507218462,6.584986802858431,1146.8658413755213,0,167.12667215011226,167.10334613755157,1350.0,1237.4692967035244,0.45216676965355873,0.3632826777629665,0.0,0.0,0.0,0.0,0.0,0,0,0,0.0,0,0,True,0,0,,,,0.16186399989237543,0.348457279960712,0.8512350000273727,1.0686376316268447,2.7406986448913813,-2.733866066671908,3.2973972029406085,7.9996521866101356,1155.5350084040397,0,58.12394437407434,58.205556504389904,1237.4692967035244,1500.0,1.0290615251287818,0.0011698097811889685,0.0,0.0,0.0,0.0,0.0,0,0,0,0.0,0,0,True,0,0,,,,0.16005200006929954,0.33692616007783777,0.8512350000273727,,,,,,,,,,,,
May2024,550.0,False,0.0,swmpc,0,97.0,0.9578078582819126,3.1076288605108857,-2.9358416218310595,12.815938372981783,5.224254813667747,1146.5508529471003,0,226.44570820768186,226.22655968172498,1350.0,1500.0,-0.2070391671732068,0.24261390438475805,34.57776219486435,0.0,1.0763787545103843e-14,34.57776219486435,0.0,0,0,0,0.0,0,0,True,1008,0,9.780321008204531e-11,1.9166449125408735e-13,4.631418248304922e-10,0.7997215000159485,2.3450001600508656,8.206353000105082,0.9742191032800418,3.1076288605108857,-2.0826163850724697,8.733911195401348,5.224254813667747,1146.5508529471003,0,154.18420461468688,154.17073840388935,1419.3132787060458,1236.0355627677948,-0.6088915904983878,0.31452260478834093,34.57776219486435,0.0,1.0763787545103843e-14,34.57776219486435,0.0,0,0,0,0.0,0,0,True,1008,0,9.780321008204531e-11,1.9166449125408735e-13,4.631418248304922e-10,0.8686305000082939,2.822318060054825,8.206353000105082,0.9432588684198245,3.1076288605108857,-2.0826163850724697,9.53014149927962,5.224254813667747,1146.5508529471003,0,168.29777310958903,168.22577184103952,1350.0,1236.0355627677948,-0.6088915904983878,0.31480817694189656,34.57776219486435,0.0,1.0763787545103843e-14,34.57776219486435,0.0,0,0,0,0.0,0,0,True,1008,0,9.780321008204531e-11,1.9166449125408735e-13,4.631418248304922e-10,0.8686305000082939,2.822318060054825,8.206353000105082,1.0051511285277508,2.9358416218310595,-2.9358416218310595,3.2857968737021626,9.901243377346006,1156.5533607837353,0,58.14793509809283,58.00078784068546,1236.0355627677948,1500.0,-0.2070391671732068,4.114859277248861e-05,0.0,0.0,0.0,0.0,0.0,0,0,0,0.0,0,0,True,1008,0,9.780321008204531e-11,1.9166449125408735e-13,4.631418248304922e-10,0.7997215000159485,2.3450001600508656,8.206353000105082,0.330793999864909,1.0733950198118591,3.609656999969957,0.330793999864909,1.0733950198118591,3.609656999969957,0.330793999864909,1.0733950198118591,3.609656999969957,0.330793999864909,1.0733950198118591,3.609656999969957
May2024,550.0,False,0.0,swmpc,1,97.0,0.8768876455901838,3.114487459883094,-2.6624806225299835,12.8327737714753,5.214043767241286,1146.6831620271591,0,226.64108931453836,226.52373763086845,1350.0,1500.0,-1.3326047658920288,0.2418045448303141,34.587394266621345,0.0,1.3041189624204074e-14,34.587394266621345,0.0,0,0,0,0.0,0,0,True,1008,0,6.967229490332101e-11,2.071914261473046e-13,3.787779439989674e-10,0.7527105000235679,1.300578130014856,3.6792220000734233,0.9009719635961707,3.114487459883094,-2.3499280782416463,8.74125085454639,5.225952063905165,1146.6831620271591,0,154.35373687843028,154.30029784692766,1419.4725807137213,1236.0601453819954,-0.5252909185364842,0.31354527096793294,34.587394266621345,0.0,1.3041189624204074e-14,34.587394266621345,0.0,0,0,0,0.0,0,0,True,1008,0,6.967229490332101e-11,2.071914261473046e-13,3.787779439989674e-10,0.7841179999559245,1.3500563800312182,3.6792220000734233,0.8601593001142245,3.114487459883094,-2.3499280782416463,9.54267303748735,5.214043767241286,1146.6831620271591,0,168.4932086039186,168.446978177536,1350.0,1236.0601453819954,-0.5252909185364842,0.31375784105139326,34.587394266621345,0.0,1.3041189624204074e-14,34.587394266621345,0.0,0,0,0,0.0,0,0,True,1008,0,6.967229490332101e-11,2.071914261473046e-13,3.787779439989674e-10,0.7841179999559245,1.3500563800312182,3.6792220000734233,0.9308955682274243,2.7241327231749892,-2.6624806225299835,3.2901007339879484,9.900473134028303,1156.2512731168317,0,58.14788071061977,58.07675945333244,1236.0601453819954,1500.0,-1.3326047658920288,4.1469527488180447e-05,0.0,0.0,0.0,0.0,0.0,0,0,0,0.0,0,0,True,1008,0,6.967229490332101e-11,2.071914261473046e-13,3.787779439989674e-10,0.7527105000235679,1.300578130014856,3.6792220000734233,0.3042439999489943,0.561418499996762,3.002100000003338,0.3042439999489943,0.561418499996762,3.002100000003338,0.3042439999489943,0.561418499996762,3.002100000003338,0.3042439999489943,0.561418499996762,3.002100000003338
May2024,550.0,False,0.0,swmpc,2,97.0,0.9147205642388996,3.530263011343777,-2.357039392925799,12.832889735567921,5.212129055652328,1147.0387876948075,0,226.37610919826528,226.5257846255522,1350.0,1500.0,0.468742853961885,0.24276776519931043,34.554423378225096,0.0,1.2837389199940037e-14,34.554423378225096,0.0,0,0,0,0.0,0,0,True,1008,0,8.68118401148841e-11,2.0895779564565572e-13,4.831095411306499e-10,0.7221040000331413,1.099434770096651,2.5464430000283755,0.9285542719623223,3.114484189078212,-2.357039392925799,8.725660491212038,5.22385668702989,1147.0387876948075,0,154.09452713416954,154.02509722106086,1419.2652629339234,1237.2852748773203,-0.5065583344548941,0.3149263412826607,34.554423378225096,0.0,1.2837389199940037e-14,34.554423378225096,0.0,0,0,0,0.0,0,0,True,1008,0,8.68118401148841e-11,2.0895779564565572e-13,4.831095411306499e-10,0.7519244999230068,1.1186770901008458,2.5464430000283755,0.8819240759565079,3.114484189078212,-2.357039392925799,9.524672011008642,5.212129055652328,1147.0387876948075,0,168.2283436245926,168.12922459816485,1350.0,1237.2852748773203,-0.5065583344548941,0.31500855912930725,34.554423378225096,0.0,1.2837389199940037e-14,34.554423378225096,0.0,0,0,0,0.0,0,0,True,1008,0,8.68118401148841e-11,2.0895779564565572e-13,4.831095411306499e-10,0.7519244999230068,1.1186770901008458,2.5464430000283755,1.0172006310808237,3.530263011343777,-2.169225787743926,3.308217724559279,9.90712577314668,1155.8928487565317,0,58.14776557367267,58.39656002738735,1237.2852748773203,1500.0,0.468742853961885,3.8697594522241197e-05,0.0,0.0,0.0,0.0,0.0,0,0,0,0.0,0,0,True,1008,0,8.68118401148841e-11,2.0895779564565572e-13,4.831095411306499e-10,0.7221040000331413,1.099434770096651,2.5464430000283755,0.286556999867571,0.48492313019778455,2.043753999942055,0.286556999867571,0.48492313019778455,2.043753999942055,0.286556999867571,0.48492313019778455,2.043753999942055,0.286556999867571,0.48492313019778455,2.043753999942055
May2024,550.0,False,0.0,swmpc,3,97.0,0.9198837977062186,2.8546000039204955,-2.8340027946978807,12.840223935463476,5.219005664792649,1146.8251365902302,0,226.7513935513427,226.65524770208395,1350.0,1500.0,-0.6633144142106175,0.24134572758712747,34.56706761660988,0.0,1.0940805682697441e-14,34.56706761660988,0.0,0,0,0,0.0,0,0,True,1008,0,7.543644931999265e-11,1.8729153326504838e-13,2.806179036542359e-10,0.7422200000064549,1.4287018698905753,9.0293160001238,0.9686593514581473,2.8340027946978807,-2.8340027946978807,8.758673312338015,5.219005664792649,1147.04627039554,0,154.46897893193494,154.6078385491924,1419.483605500113,1236.344955103004,-0.18923608027398586,0.3129001359211535,34.56706761660988,0.0,1.0940805682697441e-14,34.56706761660988,0.0,0,0,0,0.0,0,0,True,1008,0,7.543644931999265e-11,1.8729153326504838e-13,2.806179036542359e-10,0.7772175000582138,1.7637800599663909,9.0293160001238,0.9235058090441975,2.8340027946978807,-2.8340027946978807,9.550201132853642,5.219005664792649,1146.8251365902302,0,168.6033982345911,168.57986389109956,1350.0,1236.344955103004,-0.18923608027398586,0.31316285836717117,34.56706761660988,0.0,1.0940805682697441e-14,34.56706761660988,0.0,0,0,0,0.0,0,0,True,1008,0,7.543644931999265e-11,1.8729153326504838e-13,2.806179036542359e-10,0.7772175000582138,1.7637800599663909,9.0293160001238,0.9076079698935998,2.8546000039204955,-2.801034257747233,3.2900228026098333,9.90359640116666,1155.0441585950541,0,58.147995316751576,58.07538381098439,1236.344955103004,1500.0,-0.6633144142106175,4.0168166180687415e-05,0.0,0.0,0.0,0.0,0.0,0,0,0,0.0,0,0,True,1008,0,7.543644931999265e-11,1.8729153326504838e-13,2.806179036542359e-10,0.7422200000064549,1.4287018698905753,9.0293160001238,0.2960315000564151,0.5973370299420822,8.547618999955375,0.2960315000564151,0.5973370299420822,8.547618999955375,0.2960315000564151,0.5973370299420822,8.547618999955375,0.2960315000564151,0.5973370299420822,8.547618999955375
May2024,550.0,False,0.0,swmpc,4,97.0,0.9780024495744988,3.092717617750168,-2.921064732596278,12.841176812175748,5.215214309448136,1146.981361330864,0,226.61377948796434,226.67206785322253,1350.0,1500.0,1.0290996627882123,0.24201856414857537,34.57589583546106,0.0,1.1170628097182531e-14,34.57589583546106,0.0,0,0,0,0.0,0,0,True,1008,0,6.46602871089799e-11,1.9209419898936762e-13,4.829258207865423e-10,0.7355950000373923,1.3724899200019551,13.61192099989239,0.9844254355634849,3.092717617750168,-2.921064732596278,8.748716527455752,5.215214309448136,1147.6544797513247,0,154.33442572688676,154.4320816811532,1419.40023566045,1236.477381398576,0.12514051888138056,0.313817758460077,34.57589583546106,0.0,1.1170628097182531e-14,34.57589583546106,0.0,0,0,0,0.0,0,0,True,1008,0,6.46602871089799e-11,1.9209419898936762e-13,4.829258207865423e-10,0.7681340000544878,1.4356408798334979,13.61192099989239,0.9491115142074391,3.092717617750168,-2.921064732596278,9.542996647939182,5.215214309448136,1146.981361330864,0,168.46584533682486,168.4526905395231,1350.0,1236.477381398576,0.12514051888138056,0.31403566134658345,34.57589583546106,0.0,1.1170628097182531e-14,34.57589583546106,0.0,0,0,0,0.0,0,0,True,1008,0,6.46602871089799e-11,1.9209419898936762e-13,4.829258207865423e-10,0.7681340000544878,1.4356408798334979,13.61192099989239,1.0693739155606874,2.737892225384712,-2.7339925710111856,3.298180164236566,9.901317848156445,1155.5371565574833,0,58.14793415113948,58.219377313699425,1236.477381398576,1500.0,1.0290996627882123,4.111756326818927e-05,0.0,0.0,0.0,0.0,0.0,0,0,0,0.0,0,0,True,1008,0,6.46602871089799e-11,1.9209419898936762e-13,4.829258207865423e-10,0.7355950000373923,1.3724899200019551,13.61192099989239,0.30136500004118716,0.5894875799071995,13.04885100012143,0.30136500004118716,0.5894875799071995,13.04885100012143,0.30136500004118716,0.5894875799071995,13.04885100012143,0.30136500004118716,0.5894875799071995,13.04885100012143
May2024,550.0,False,0.0,swmpc_nosw,0,97.0,0.9880558839070658,3.323261560872197,-3.242073357105255,12.839271432484475,5.2243817877033205,1146.6313889936825,0,226.82022526391282,226.6384341480728,1350.0,1500.0,-0.13635965902358294,0.2414153487140004,34.49962425058853,0.0,1.136961678370447e-14,34.49962425058853,0.0,0,0,0,0.0,0,0,True,1008,0,7.393599443388932e-11,1.558862483541645e-13,3.346217836758286e-10,0.7184039999401648,1.258428020014436,1.6844720000790403,1.027229793877821,3.323261560872197,-3.242073357105255,8.760515385399268,5.2243817877033205,1146.6313889936825,0,154.5584146331357,154.64035476760603,1419.3206530683037,1236.1268253580115,0.13268921338021755,0.3127129242495329,34.49962425058853,0.0,1.136961678370447e-14,34.49962425058853,0.0,0,0,0,0.0,0,0,True,1008,0,7.393599443388932e-11,1.558862483541645e-13,3.346217836758286e-10,0.7466819999990548,1.2931690799473463,1.6844720000790403,0.9869191690482538,3.323261560872197,-3.242073357105255,9.557541795564498,5.2243817877033205,1146.6313889936825,0,168.67230141590707,168.7094410490504,1350.0,1236.1268253580115,0.13268921338021755,0.3132529955352422,34.49962425058853,0.0,1.136961678370447e-14,34.49962425058853,0.0,0,0,0,0.0,0,0,True,1008,0,7.393599443388932e-11,1.558862483541645e-13,3.346217836758286e-10,0.7466819999990548,1.2931690799473463,1.6844720000790403,0.9918657037344606,2.958476490341127,-2.958476490341127,3.2817296369199767,9.901947052894094,1156.214092521349,0,58.147923848005746,57.92899309902239,1236.1268253580115,1500.0,-0.13635965902358294,4.085539462739263e-05,0.0,0.0,0.0,0.0,0.0,0,0,0,0.0,0,0,True,1008,0,7.393599443388932e-11,1.558862483541645e-13,3.346217836758286e-10,0.7184039999401648,1.258428020014436,1.6844720000790403,0.27696300003299257,0.5412290499702974,0.6161499998142972,0.27696300003299257,0.5412290499702974,0.6161499998142972,0.27696300003299257,0.5412290499702974,0.6161499998142972,0.27696300003299257,0.5412290499702974,0.6161499998142972
May2024,550.0,False,0.0,swmpc_nosw,1,97.0,0.9079769107390712,3.2352691683918238,-3.2352691683918238,12.836184793417184,5.214811511784889,1146.6639271809333,0,226.68201937691921,226.58394888785944,1350.0,1500.0,-1.048100059852004,0.24172334366488324,34.506097678500794,0.0,1.12592056463466e-14,34.506097678500794,0.0,0,0,0,0.0,0,0,True,1008,0,6.813970088007445e-11,1.7060474582868707e-13,4.735715399535567e-10,0.7349839999051255,1.2704610998434882,2.0626529999390186,0.9756369889687679,3.2352691683918238,-3.2352691683918238,8.748683538100938,5.228752367529353,1146.6639271809333,0,154.3946407690811,154.43149935405242,1419.482001790268,1236.1410051900361,0.2035486688837409,0.3134275871805303,34.506097678500794,0.0,1.12592056463466e-14,34.506097678500794,0.0,0,0,0,0.0,0,0,True,1008,0,6.813970088007445e-11,1.7060474582868707e-13,4.735715399535567e-10,0.7751594999945155,1.3015557301287113,2.0626529999390186,0.9275207348495326,3.2352691683918238,-3.2352691683918238,9.550904021510668,5.214811511784889,1146.6639271809333,0,168.5341502461268,168.5922712605865,1350.0,1236.1410051900361,0.2035486688837409,0.313652612523721,34.506097678500794,0.0,1.12592056463466e-14,34.506097678500794,0.0,0,0,0,0.0,0,0,True,1008,0,6.813970088007445e-11,1.7060474582868707e-13,4.735715399535567e-10,0.7751594999945155,1.3015557301287113,2.0626529999390186,0.8389815191546355,2.846521832048893,-1.9679813999682665,3.285280771906516,9.901599281948455,1156.1378620224505,0,58.1478691307924,57.991677627272935,1236.1410051900361,1500.0,-1.048100059852004,4.100029918807646e-05,0.0,0.0,0.0,0.0,0.0,0,0,0,0.0,0,0,True,1008,0,6.813970088007445e-11,1.7060474582868707e-13,4.735715399535567e-10,0.7349839999051255,1.2704610998434882,2.0626529999390186,0.2884055001004526,0.5559157699758541,0.6295400000908558,0.2884055001004526,0.5559157699758541,0.6295400000908558,0.2884055001004526,0.5559157699758541,0.6295400000908558,0.2884055001004526,0.5559157699758541,0.6295400000908558
May2024,550.0,False,0.0,swmpc_nosw,2,97.0,0.884946040675939,2.70575247798115,-2.70575247798115,12.861859779957115,5.213086940998304,1146.9794275974102,0,226.89565836069033,227.03716298000853,1350.0,1500.0,0.46862315759062767,0.24116684741023287,34.48632965150032,0.0,1.3450757861883115e-14,34.48632965150032,0.0,0,0,0,0.0,0,0,True,1008,0,9.38228763389882e-11,1.66899854287654e-13,3.8098066838371684e-10,0.730973000031554,1.2758349298906082,2.4912790001963003,0.9343649155192075,2.70575247798115,-2.70575247798115,8.761040573563772,5.222637857430882,1146.9794275974102,0,154.61643323633058,154.64962537332892,1419.275074245565,1237.199765982772,0.26109102740883827,0.3124688302769414,34.48632965150032,0.0,1.3450757861883115e-14,34.48632965150032,0.0,0,0,0,0.0,0,0,True,1008,0,9.38228763389882e-11,1.66899854287654e-13,3.8098066838371684e-10,0.7639179999614498,1.29824738001389,2.4912790001963003,0.885716235458928,2.70575247798115,-2.70575247798115,9.560728399673646,5.213086940998304,1146.9794275974102,0,168.74793631725967,168.7656908891857,1350.0,1237.199765982772,0.26109102740883827,0.31293102790810023,34.48632965150032,0.0,1.3450757861883115e-14,34.48632965150032,0.0,0,0,0,0.0,0,0,True,1008,0,9.38228763389882e-11,1.66899854287654e-13,3.8098066838371684e-10,0.7639179999614498,1.29824738001389,2.4912790001963003,0.8823532618063876,2.4971548272296786,-1.6138934614136815,3.3011313802834685,9.905917750243123,1155.6392156999964,0,58.14772204343066,58.27147209082284,1237.199765982772,1500.0,0.46862315759062767,3.9200937398731206e-05,0.0,0.0,0.0,0.0,0.0,0,0,0,0.0,0,0,True,1008,0,9.38228763389882e-11,1.66899854287654e-13,3.8098066838371684e-10,0.730973000031554,1.2758349298906082,2.4912790001963003,0.2846494999175775,0.5521646700049122,1.9090700000106153,0.2846494999175775,0.5521646700049122,1.9090700000106153,0.2846494999175775,0.5521646700049122,1.9090700000106153,0.2846494999175775,0.5521646700049122,1.9090700000106153
May2024,550.0,False,0.0,swmpc_nosw,3,97.0,0.9452869558502198,3.2263627583160996,-3.2263627583160996,12.841808826889459,5.220840853097677,1146.8898994033884,0,226.75839105068306,226.68322415798514,1350.0,1500.0,-0.4888865603134036,0.24137644804913738,34.499778384797786,0.0,1.0790317826665818e-14,34.499778384797786,0.0,0,0,0,0.0,0,0,True,1008,0,6.789201000005341e-11,1.750750351398974e-13,4.666509442238272e-10,0.7339930000398454,1.2383203700005652,3.3285580000210757,1.03301983898723,3.2263627583160996,-3.2263627583160996,8.763787949101175,5.220840853097677,1147.05305770996,0,154.47522260110262,154.69812196389435,1419.4925815029576,1236.4874153779094,0.49737113155424595,0.31295663150675446,34.499778384797786,0.0,1.0790317826665818e-14,34.499778384797786,0.0,0,0,0,0.0,0,0,True,1008,0,6.789201000005341e-11,1.750750351398974e-13,4.666509442238272e-10,0.7678885000359514,1.2689398598422486,3.3285580000210757,0.982319314778899,3.2263627583160996,-3.2263627583160996,9.55612511863645,5.220840853097677,1146.8898994033884,0,168.61041165408776,168.68443391041595,1350.0,1236.4874153779094,0.49737113155424595,0.3132028667569795,34.499778384797786,0.0,1.0790317826665818e-14,34.499778384797786,0.0,0,0,0,0.0,0,0,True,1008,0,6.789201000005341e-11,1.750750351398974e-13,4.666509442238272e-10,0.7678885000359514,1.2689398598422486,3.3285580000210757,0.808528191478742,2.3007519114762545,-1.607861646451056,3.285683708253009,9.904765142109735,1155.0589980263428,0,58.147979396595304,57.99879024756919,1236.4874153779094,1500.0,-0.4888865603134036,3.968119078767707e-05,0.0,0.0,0.0,0.0,0.0,0,0,0,0.0,0,0,True,1008,0,6.789201000005341e-11,1.750750351398974e-13,4.666509442238272e-10,0.7339930000398454,1.2383203700005652,3.3285580000210757,0.29338749993712554,0.5546807200198599,0.7658060001176636,0.29338749993712554,0.5546807200198599,0.7658060001176636,0.29338749993712554,0.5546807200198599,0.7658060001176636,0.29338749993712554,0.5546807200198599,0.7658060001176636
May2024,550.0,False,0.0,swmpc_nosw,4,97.0,1.0225798294534791,3.851859892718494,-3.851859892718494,12.854272665413887,5.218120754396388,1147.046915819695,0,226.8245306040535,226.90323546170492,1350.0,1500.0,1.0653610154986382,0.24134065400158766,34.49382851934463,0.0,1.1564718101583018e-14,34.49382851934463,0.0,0,0,0,0.0,0,0,True,1008,0,9.836556639929689e-11,1.4624130966389552e-13,2.916014088214875e-10,0.7418550001148105,1.2438223701201427,2.788436999935584,1.0953212510764654,3.851859892718494,-3.851859892718494,8.765628490405112,5.220308593463779,1147.621809063405,0,154.54514097681505,154.7306111437762,1419.4094969530536,1236.5359689005284,0.7812648136168718,0.31279769624630815,34.49382851934463,0.0,1.1564718101583018e-14,34.49382851934463,0.0,0,0,0,0.0,0,0,True,1008,0,9.836556639929689e-11,1.4624130966389552e-13,2.916014088214875e-10,0.7809630000110701,1.331559569978252,2.788436999935584,1.0450721485041203,3.851859892718494,-3.851859892718494,9.56062443482684,5.218120754396388,1147.046915819695,0,168.67661200643522,168.76385570483026,1350.0,1236.5359689005284,0.7812648136168718,0.31315612526693515,34.49382851934463,0.0,1.1564718101583018e-14,34.49382851934463,0.0,0,0,0,0.0,0,0,True,1008,0,9.836556639929689e-11,1.4624130966389552e-13,2.916014088214875e-10,0.7809630000110701,1.331559569978252,2.788436999935584,0.9430845031134607,2.6785461781546474,-2.508788541890681,3.2936482305870474,9.902390679951734,1155.471141522014,0,58.147918597618286,58.13937975687466,1236.5359689005284,1500.0,1.0653610154986382,4.0670550020105445e-05,0.0,0.0,0.0,0.0,0.0,0,0,0,0.0,0,0,True,1008,0,9.836556639929689e-11,1.4624130966389552e-13,2.916014088214875e-10,0.7418550001148105,1.2438223701201427,2.788436999935584,0.3012544999592137,0.5523899900185824,2.2899850000612787,0.3012544999592137,0.5523899900185824,2.2899850000612787,0.3012544999592137,0.5523899900185824,2.2899850000612787,0.3012544999592137,0.5523899900185824,2.2899850000612787
May2024,550.0,False,180.0,pid_lowdrag_preview,0,96.25,0.9256280644716727,3.0521929543465376,-2.702489255927503,12.653535335514318,6.6162756980688915,1048.3521852516526,0,223.6235726409798,223.3598261364378,1350.0,1500.0,-0.8035203060135245,0.28124225204420916,0.0,0.0,0.0,0.0,0.0,0,0,0,0.0,0,0,True,0,0,,,,0.1580089999606571,0.3276264599480781,0.47315400001934904,0.9263084184088114,3.0521929543465376,-2.2495358353480697,8.68559069038373,6.6162756980688915,1147.2333002507219,0,153.24444624095025,153.31778629893188,1294.848816429652,1413.209895588256,0.5418404843658209,0.36318973731446624,0.0,0.0,0.0,0.0,0.0,0,0,0,0.0,0,0,True,0,0,,,,0.1593559999264471,0.33846152010255526,0.47315400001934904,0.9029103272315706,3.0521929543465376,-2.2495358353480697,9.45819714368911,6.6162756980688915,1048.3521852516526,0,166.912059735238,166.95581223448485,1350.0,1413.209895588256,0.5418404843658209,0.3621533049595771,0.0,0.0,0.0,0.0,0.0,0,0,0,0.0,0,0,True,0,0,,,,0.1593559999264471,0.33846152010255526,0.47315400001934904,1.0003396073703867,2.702489255927503,-2.702489255927503,3.1953381918252077,8.259520914826963,1155.1960645405927,0,56.71151290574181,56.404013901952936,1413.209895588256,1500.0,-0.8035203060135245,0.0009730378219038327,0.0,0.0,0.0,0.0,0.0,0,0,0,0.0,0,0,True,0,0,,,,0.1580089999606571,0.3276264599480781,0.47315400001934904,,,,,,,,,,,,
May2024,550.0,False,180.0,pid_lowdrag_preview,1,96.25,0.9218151263407739,4.206779072061181,-3.179855185560882,12.661497447270936,6.603351146939445,1048.5041115938952,0,223.65201965835604,223.5003730943034,1350.0,1500.0,-0.4418049566447735,0.281234838230922,0.0,0.0,0.0,0.0,0.0,0,0,0,0.0,0,0,True,0,0,,,,0.16167400008271215,0.3823390798652326,0.7479879998300021,0.9581667442020709,4.206779072061181,-3.179855185560882,8.683869382382722,6.603351146939445,1147.7199737501758,0,153.26990885132128,153.2874018217381,1294.2058539581399,1412.7282795059996,0.2744877627119422,0.3631939734043409,0.0,0.0,0.0,0.0,0.0,0,0,0,0.0,0,0,True,0,0,,,,0.16326650006703858,0.3847087198414555,0.7479879998300021,0.9111477200767278,4.206779072061181,-3.179855185560882,9.460647475926905,6.603351146939445,1048.5041115938952,0,166.939145574414,166.99906542563716,1350.0,1412.7282795059996,0.2744877627119422,0.36214961033260584,0.0,0.0,0.0,0.0,0.0,0,0,0,0.0,0,0,True,0,0,,,,0.16326650006703858,0.3847087198414555,0.7479879998300021,0.9578480911515133,3.059407769702375,-3.059407769702375,3.200849971344031,8.282283478865546,1155.2938932754057,0,56.71287408394204,56.50130766866624,1412.7282795059996,1500.0,-0.4418049566447735,0.0009527410539552639,0.0,0.0,0.0,0.0,0.0,0,0,0,0.0,0,0,True,0,0,,,,0.16167400008271215,0.3823390798652326,0.7479879998300021,,,,,,,,,,,,
May2024,550.0,False,180.0,pid_lowdrag_preview,2,96.25,0.9100266987362501,3.2714705988764763,-3.1494238656014204,12.655516707655215,6.608123213901774,1047.639091044631,0,223.64512373857042,223.39480125802785,1350.0,1500.0,-1.44113939255476,0.28115426629739704,0.0,0.0,0.0,0.0,0.0,0,0,0,0.0,0,0,True,0,0,,,,0.15923000000839238,0.3267705399139231,0.47027999994497804,0.9250005846103108,3.2714705988764763,-3.1494238656014204,8.676634367628134,6.608123213901774,1147.596220976941,0,153.26535780074795,153.1596895583414,1294.5259297903585,1412.4112567467646,-0.20424533169716597,0.3630738941094701,0.0,0.0,0.0,0.0,0.0,0,0,0,0.0,0,0,True,0,0,,,,0.15997200011952373,0.325233099872548,0.47027999994497804,0.8837149715325333,3.2714705988764763,-3.1494238656014204,9.451192278392842,6.608123213901774,1047.639091044631,0,166.934399114527,166.83216256242267,1350.0,1412.4112567467646,-0.20424533169716597,0.3620375756259877,0.0,0.0,0.0,0.0,0.0,0,0,0,0.0,0,0,True,0,0,,,,0.15997200011952373,0.325233099872548,0.47027999994497804,0.9958077993698802,3.1310492856428027,-1.9139846628531814,3.204324429262373,8.250425477113524,1155.4902612309254,0,56.71072462404342,56.56263869560519,1412.4112567467646,1500.0,-1.44113939255476,0.0009811535715574804,0.0,0.0,0.0,0.0,0.0,0,0,0,0.0,0,0,True,0,0,,,,0.15923000000839238,0.3267705399139231,0.47027999994497804,,,,,,,,,,,,
May2024,550.0,False,180.0,pid_lowdrag_preview,3,96.25,0.9210151702342871,3.5034833615645766,-2.8854511212557554,12.666773592961878,6.622418891913322,1047.808136666058,0,223.62810749200446,223.59350745975442,1350.0,1500.0,-1.2791517805308104,0.2812318593447879,0.0,0.0,0.0,0.0,0.0,0,0,0,0.0,0,0,True,0,0,,,,0.16053200010901492,0.38463111993223714,1.8114140000307088,0.9523676906895671,3.5034833615645766,-2.8854511212557554,8.688992204135777,6.622418891913322,1148.5800362818782,0,153.2459090215808,153.37782971763883,1294.3228359837387,1413.4761415543983,0.0641738809645176,0.3631855938903975,0.0,0.0,0.0,0.0,0.0,0,0,0,0.0,0,0,True,0,0,,,,0.16213000003517664,0.38918073011700405,1.8114140000307088,0.9141630986854697,3.5034833615645766,-2.8854511212557554,9.456167080303624,6.622418891913322,1047.808136666058,0,166.91612966655197,166.91997761650734,1350.0,1413.4761415543983,0.0641738809645176,0.36214176207936755,0.0,0.0,0.0,0.0,0.0,0,0,0,0.0,0,0,True,0,0,,,,0.16213000003517664,0.38918073011700405,1.8114140000307088,0.9443658823243553,2.5816181395202875,-2.5816181395202875,3.210606512658254,8.266705594601095,1154.8389834044442,0,56.71197782545249,56.67352984324708,1413.4761415543983,1500.0,-1.2791517805308104,0.0009666292538726973,0.0,0.0,0.0,0.0,0.0,0,0,0,0.0,0,0,True,0,0,,,,0.16053200010901492,0.38463111993223714,1.8114140000307088,,,,,,,,,,,,
May2024,550.0,False,180.0,pid_lowdrag_preview,4,96.25,0.9821250182870732,3.5465730680152774,-3.148862723261118,12.671878717203969,6.623477274169361,1048.1088708552659,0,223.63146696795837,223.68362295972352,1350.0,1500.0,0.058686286211013794,0.28121020536353647,0.0,0.0,0.0,0.0,0.0,0,0,0,0.0,0,0,True,0,0,,,,0.17263100016862154,0.3637593599523823,3.3150120000300376,0.9690275807498085,3.148862723261118,-3.148862723261118,8.683238010122032,6.623477274169361,1147.7441022909704,0,153.25185476201992,153.27625685753287,1293.58052946405,1413.203861807655,0.41172549221664667,0.3631534045526418,0.0,0.0,0.0,0.0,0.0,0,0,0,0.0,0,0,True,0,0,,,,0.16224000000875094,0.37515073990562026,1.9258260001606686,0.9420635861933933,3.148862723261118,-3.148862723261118,9.45386022860699,6.623477274169361,1048.1088708552659,0,166.9200510002665,166.8792571395628,1350.0,1413.203861807655,0.41172549221664667,0.3621114619796987,0.0,0.0,0.0,0.0,0.0,0,0,0,0.0,0,0,True,0,0,,,,0.16224000000875094,0.37515073990562026,1.9258260001606686,1.1097694516501884,3.5465730680152774,-2.4619900370016694,3.2180184885969787,8.257405933549446,1155.379927488618,0,56.71141596769186,56.80436582016071,1413.203861807655,1500.0,0.058686286211013794,0.0009749247137372796,0.0,0.0,0.0,0.0,0.0,0,0,0,0.0,0,0,True,0,0,,,,0.17263100016862154,0.3637593599523823,3.3150120000300376,,,,,,,,,,,,
May2024,550.0,False,180.0,swmpc,0,96.25,0.9381958419781582,2.7296061599627137,-2.6934419963508844,12.743839535444181,5.21909911860018,1047.9695279461066,0,225.2176115408441,224.95387316447565,1350.0,1500.0,-0.8034315509721637,0.24084859290802196,34.56026188788519,0.0,1.2084641012100817e-14,34.56026188788519,0.0,0,0,0,0.0,0,0,True,1008,0,1.0270678789195934e-10,1.8998085943125457e-13,3.9465146117312555e-10,0.7440730000780604,1.1927599198315875,1.9005280000783387,0.9495071239816665,2.7296061599627137,-2.646198231726885,8.761071601298413,5.21909911860018,1147.537815290027,0,154.67137874388317,154.65017307397142,1364.3767341776202,1462.622205820783,0.1136435093358159,0.3143958228901169,34.56026188788519,0.0,1.0392347288458697e-14,34.56026188788519,0.0,0,0,0,0.0,0,0,True,1008,0,1.0270678789195934e-10,1.8998085943125457e-13,3.9465146117312555e-10,0.7788950000531258,1.2037546300643949,1.9005280000783387,0.9200934584259605,2.7296061599627137,-2.646198231726885,9.548416663919996,5.21909911860018,1047.9695279461066,0,168.5519745860805,168.54836449901572,1350.0,1462.622205820783,0.1136435093358159,0.309898933431186,34.56026188788519,0.0,1.2084641012100817e-14,34.56026188788519,0.0,0,0,0,0.0,0,0,True,1008,0,1.0270678789195934e-10,1.8998085943125457e-13,3.9465146117312555e-10,0.7788950000531258,1.2037546300643949,1.9005280000783387,0.9983665522172654,2.6934419963508844,-2.6934419963508844,3.195422871524185,7.493944550715215,1155.1984070913122,0,56.66563695476361,56.405508665459934,1462.622205820783,1500.0,-0.8034315509721637,0.0016639082092270163,0.0,0.0,0.0,0.0,0.0,0,0,0,0.0,0,0,True,1008,0,1.0270678789195934e-10,1.8998085943125457e-13,3.9465146117312555e-10,0.7440730000780604,1.1927599198315875,1.9005280000783387,0.30013299999609444,0.5550713199613709,1.2506969999321882,0.30013299999609444,0.5550713199613709,1.2506969999321882,0.30013299999609444,0.5550713199613709,1.2506969999321882,0.30013299999609444,0.5550713199613709,1.2506969999321882
May2024,550.0,False,180.0,swmpc,1,96.25,0.8995194755624324,3.9929184885695577,-3.059298660606146,12.720477695103456,5.215850671388912,1048.1166925802268,0,224.69313250621997,224.5414906596374,1350.0,1500.0,-0.4417608669027686,0.24253782252992773,34.545269514662884,0.0,1.0836272404401696e-14,34.545269514662884,0.0,0,0,0,0.0,0,0,True,1008,0,8.526200188128077e-11,1.9660234457087935e-13,3.98097284281584e-10,0.7344079999711539,1.0718278799959078,4.8253420000037295,0.9353031458032142,3.9929184885695577,-2.698582638055086,8.733167171429605,5.215850671388912,1147.3777951744273,0,154.18937093608648,154.15760491506168,1363.0189307212931,1460.708054397495,0.29206926096230745,0.31645074976264553,34.545269514662884,0.0,1.0635413218313436e-14,34.545269514662884,0.0,0,0,0,0.0,0,0,True,1008,0,8.526200188128077e-11,1.9660234457087935e-13,3.98097284281584e-10,0.7640130000936551,1.093825959931109,4.8253420000037295,0.8824232867402605,3.9929184885695577,-2.698582638055086,9.521564629732751,5.215850671388912,1048.1166925802268,0,168.02858020727783,168.07437319710507,1350.0,1460.708054397495,0.29206926096230745,0.3120710609058919,34.545269514662884,0.0,1.0836272404401696e-14,34.545269514662884,0.0,0,0,0,0.0,0,0,True,1008,0,8.526200188128077e-11,1.9660234457087935e-13,3.98097284281584e-10,0.7640130000936551,1.093825959931109,4.8253420000037295,0.9563794015344355,3.059298660606146,-3.059298660606146,3.1989130653707054,7.475800880422824,1155.2949249128626,0,56.66455229894214,56.467117462532315,1460.708054397495,1500.0,-0.4417608669027686,0.0016804194956608898,0.0,0.0,0.0,0.0,0.0,0,0,0,0.0,0,0,True,1008,0,8.526200188128077e-11,1.9660234457087935e-13,3.98097284281584e-10,0.7344079999711539,1.0718278799959078,4.8253420000037295,0.2960764999215826,0.5276774901426505,4.354952000085177,0.2960764999215826,0.5276774901426505,4.354952000085177,0.2960764999215826,0.5276774901426505,4.354952000085177,0.2960764999215826,0.5276774901426505,4.354952000085177
May2024,550.0,False,180.0,swmpc,2,96.25,0.9161429003116047,3.713540241122246,-3.0509574403986335,12.735365230202147,5.225765386931478,1047.650512409457,0,225.0545940317046,224.8042849825718,1350.0,1500.0,-1.4410199513658881,0.2414396051520915,34.562999677135544,0.0,1.1949372097816548e-14,34.562999677135544,0.0,0,0,0,0.0,0,0,True,1008,0,8.447729007130857e-11,1.4464962561078206e-13,4.0446205130202705e-10,0.7404370001040661,1.3143352199813307,6.075327999951696,0.9428343888382262,3.713540241122246,-3.0509574403986335,8.751115494201287,5.230460076348615,1147.3689336490543,0,154.54370437058017,154.47442817017694,1364.089324920872,1463.0499557128803,0.07953698001801968,0.31491646200345624,34.562999677135544,0.0,1.1949372097816548e-14,34.562999677135544,0.0,0,0,0,0.0,0,0,True,1008,0,8.447729007130857e-11,1.4464962561078206e-13,4.0446205130202705e-10,0.7756254999549128,1.346564469865825,6.075327999951696,0.8930164006204167,3.713540241122246,-3.0509574403986335,9.537029897607994,5.225765386931478,1047.650512409457,0,168.39394463973923,168.34736564168008,1350.0,1463.0499557128803,0.07953698001801968,0.31063996149046547,34.562999677135544,0.0,1.1949372097816548e-14,34.562999677135544,0.0,0,0,0,0.0,0,0,True,1008,0,8.447729007130857e-11,1.4464962561078206e-13,4.0446205130202705e-10,0.7756254999549128,1.346564469865825,6.075327999951696,0.992091965175969,3.1310395589098334,-1.9120097383856773,3.1983353325941533,7.41555543902995,1155.493068122028,0,56.660649391965364,56.456919340891716,1463.0499557128803,1500.0,-1.4410199513658881,0.0017352780418481428,0.0,0.0,0.0,0.0,0.0,0,0,0,0.0,0,0,True,1008,0,8.447729007130857e-11,1.4464962561078206e-13,4.0446205130202705e-10,0.7404370001040661,1.3143352199813307,6.075327999951696,0.2946739999742931,0.6192681198763238,5.596614999831218,0.2946739999742931,0.6192681198763238,5.596614999831218,0.2946739999742931,0.6192681198763238,5.596614999831218,0.2946739999742931,0.6192681198763238,5.596614999831218
May2024,550.0,False,180.0,swmpc,3,96.25,0.9684434654626365,3.3830510918051004,-2.8679728396236897,12.744137516625846,5.2151484207607535,1047.5489955502553,0,224.9937229261637,224.95913311935473,1350.0,1500.0,-1.2790932655334473,0.24156574451446766,34.558702978641875,0.0,1.0965895052535494e-14,34.558702978641875,0.0,0,0,0,0.0,0,0,True,1008,0,8.346801375799036e-11,2.0653345700338825e-13,3.917093207118213e-10,0.754688999904829,1.2517441799855078,1.6067340000063268,1.0287423633493205,3.3830510918051004,-2.8679728396236897,8.758188095183995,5.2151484207607535,1147.8822446680053,0,154.4691666122951,154.59927351054597,1361.9620305222813,1462.9791477856174,0.28074949607253075,0.31521000234430274,34.558702978641875,0.0,1.0965895052535494e-14,34.558702978641875,0.0,0,0,0,0.0,0,0,True,1008,0,8.346801375799036e-11,2.0653345700338825e-13,3.917093207118213e-10,0.7873529999642415,1.2624489601421374,1.6067340000063268,0.9755323258017089,3.3830510918051004,-2.8679728396236897,9.537444771684003,5.2151484207607535,1047.5489955502553,0,168.33193130532422,168.3546889864238,1350.0,1462.9791477856174,0.28074949607253075,0.3108062287071669,34.558702978641875,0.0,1.0965895052535494e-14,34.558702978641875,0.0,0,0,0,0.0,0,0,True,1008,0,8.346801375799036e-11,2.0653345700338825e-13,3.917093207118213e-10,0.7873529999642415,1.2624489601421374,1.6067340000063268,0.9434765380545833,2.5807957239449024,-2.5807957239449024,3.2066927449418436,7.429673518413039,1154.840109498619,0,56.661791620839494,56.60444413293092,1462.9791477856174,1500.0,-1.2790932655334473,0.0017224178263546275,0.0,0.0,0.0,0.0,0.0,0,0,0,0.0,0,0,True,1008,0,8.346801375799036e-11,2.0653345700338825e-13,3.917093207118213e-10,0.754688999904829,1.2517441799855078,1.6067340000063268,0.30433399990670296,0.5381011600070451,0.6974830000672227,0.30433399990670296,0.5381011600070451,0.6974830000672227,0.30433399990670296,0.5381011600070451,0.6974830000672227,0.30433399990670296,0.5381011600070451,0.6974830000672227
May2024,550.0,False,180.0,swmpc,4,96.25,1.0038083415530619,3.552547578699887,-3.337187262251973,12.758535135853114,5.213914908074029,1047.9111182898612,0,225.16111502465006,225.21327946202283,1350.0,1500.0,0.058802660554647446,0.24106688325081183,34.548518560551145,0.0,1.131378177431762e-14,34.548518560551145,0.0,0,0,0,0.0,0,0,True,1008,0,8.82427687975438e-11,1.9135045567335088e-13,3.693786605427179e-10,0.7287500000074942,1.1561417598932167,2.8693289998500404,1.0041479976904721,3.337187262251973,-3.337187262251973,8.764613071545348,5.2223358338018375,1147.6034199515004,0,154.65193625531754,154.71268700052525,1361.6650484556046,1462.1751562986958,0.6881963266059756,0.31434628326632974,34.548518560551145,0.0,1.0472762017626948e-14,34.548518560551145,0.0,0,0,0,0.0,0,0,True,1008,0,8.82427687975438e-11,1.9135045567335088e-13,3.693786605427179e-10,0.7541879999735102,1.226360599837335,2.8693289998500404,0.9709237483516143,3.337187262251973,-3.337187262251973,9.547624658944095,5.213914908074029,1047.9111182898612,0,168.4976850093526,168.5343840509403,1350.0,1462.1751562986958,0.6881963266059756,0.3101705221581982,34.548518560551145,0.0,1.131378177431762e-14,34.548518560551145,0.0,0,0,0,0.0,0,0,True,1008,0,8.82427687975438e-11,1.9135045567335088e-13,3.693786605427179e-10,0.7541879999735102,1.226360599837335,2.8693289998500404,1.1102125780814964,3.552547578699887,-2.4627017667517066,3.210910476909019,7.456952207596287,1155.3827762127428,0,56.66343001529745,56.67889541108252,1462.1751562986958,1500.0,0.058802660554647446,0.0016975773448139053,0.0,0.0,0.0,0.0,0.0,0,0,0,0.0,0,0,True,1008,0,8.82427687975438e-11,1.9135045567335088e-13,3.693786605427179e-10,0.7287500000074942,1.1561417598932167,2.8693289998500404,0.2928325000084442,0.47548964986162884,1.5313599999444705,0.2928325000084442,0.47548964986162884,1.5313599999444705,0.2928325000084442,0.47548964986162884,1.5313599999444705,0.2928325000084442,0.47548964986162884,1.5313599999444705
May2024,550.0,False,180.0,swmpc_nosw,0,96.25,0.9816587697306871,3.050413097254932,-3.050413097254932,12.753382735421614,5.22096947991895,1047.9695279461066,0,225.35871655050434,225.1223294441791,1350.0,1500.0,-0.7568265590816736,0.240434868486045,34.50605541393777,0.0,1.1993340490070331e-14,34.50605541393777,0.0,0,0,0,0.0,0,0,True,1008,0,8.608989404056118e-11,1.8070608709854718e-13,4.578621518305051e-10,0.739966000082859,1.1832709799318764,1.798274000066158,1.0201523614024302,3.050413097254932,-3.050413097254932,8.775008621684599,5.22096947991895,1147.4848940426011,0,154.81098600588513,154.8961889397169,1364.2816018645858,1461.8829809995436,1.0709532527253032,0.3137812977269453,34.50605541393777,0.0,1.1296515257794915e-14,34.50605541393777,0.0,0,0,0,0.0,0,0,True,1008,0,8.608989404056118e-11,1.8070608709854718e-13,4.578621518305051e-10,0.7748089999495278,1.223355590047957,1.798274000066158,0.9794958385741238,3.050413097254932,-3.050413097254932,9.562999277823193,5.22096947991895,1047.9695279461066,0,168.69139713715586,168.80577636215568,1350.0,1461.8829809995436,1.0709532527253032,0.30937317830491984,34.50605541393777,0.0,1.1993340490070331e-14,34.50605541393777,0.0,0,0,0,0.0,0,0,True,1008,0,8.608989404056118e-11,1.8070608709854718e-13,4.578621518305051e-10,0.7748089999495278,1.223355590047957,1.798274000066158,0.9891144182741947,2.443739148788154,-2.443739148788154,3.1903834575984202,7.522151138362355,1155.0524173540634,0,56.66731941334848,56.316553082023404,1461.8829809995436,1500.0,-0.7568265590816736,0.001638248907261608,0.0,0.0,0.0,0.0,0.0,0,0,0,0.0,0,0,True,1008,0,8.608989404056118e-11,1.8070608709854718e-13,4.578621518305051e-10,0.739966000082859,1.1832709799318764,1.798274000066158,0.28097899996737397,0.5090132900204476,0.6252529999528633,0.28097899996737397,0.5090132900204476,0.6252529999528633,0.28097899996737397,0.5090132900204476,0.6252529999528633,0.28097899996737397,0.5090132900204476,0.6252529999528633
May2024,550.0,False,180.0,swmpc_nosw,1,96.25,0.9096829169300532,3.0015361914411187,-2.7837441749870777,12.765627353076106,5.218248247492118,1048.1166925802268,0,225.4585782155611,225.33847106767996,1350.0,1500.0,-0.31453599501401186,0.24007231134793316,34.49321006567766,0.0,1.0586367191781445e-14,34.49321006567766,0.0,0,0,0,0.0,0,0,True,1008,0,4.871805178189624e-11,2.00080886676283e-13,3.8782961975107143e-10,0.7096009999258968,1.1658808600168413,1.2704069999927015,0.978370309620526,3.0015361914411187,-2.7837441749870777,8.782225707358307,5.218248247492118,1147.3496752228903,0,154.9536730263132,155.0235847195171,1362.8358752763736,1459.8420113229417,1.2454566387459636,0.31274897368878996,34.49321006567766,0.0,1.0586367191781445e-14,34.49321006567766,0.0,0,0,0,0.0,0,0,True,1008,0,4.871805178189624e-11,2.00080886676283e-13,3.8782961975107143e-10,0.7361959999343526,1.1715368600584952,1.2704069999927015,0.9219927104590782,3.0015361914411187,-2.7837441749870777,9.571302759311502,5.218248247492118,1048.1166925802268,0,168.7928449528774,168.95234916828332,1350.0,1459.8420113229417,1.2454566387459636,0.3088989939761124,34.49321006567766,0.0,1.0586367191781445e-14,34.49321006567766,0.0,0,0,0,0.0,0,0,True,1008,0,4.871805178189624e-11,2.00080886676283e-13,3.8782961975107143e-10,0.7361959999343526,1.1715368600584952,1.2704069999927015,0.8656905682480994,2.7256059190258384,-2.470049805007875,3.1943245937646036,7.495647024567903,1155.1908178365695,0,56.66573326268369,56.38612189939664,1459.8420113229417,1500.0,-0.31453599501401186,0.0016623591513535985,0.0,0.0,0.0,0.0,0.0,0,0,0,0.0,0,0,True,1008,0,4.871805178189624e-11,2.00080886676283e-13,3.8782961975107143e-10,0.7096009999258968,1.1658808600168413,1.2704069999927015,0.27543100009097543,0.5095802201049081,0.6692199999633885,0.27543100009097543,0.5095802201049081,0.6692199999633885,0.27543100009097543,0.5095802201049081,0.6692199999633885,0.27543100009097543,0.5095802201049081,0.6692199999633885
May2024,550.0,False,180.0,swmpc_nosw,2,96.25,0.8819752185032641,3.0012383805587888,-3.0012383805587888,12.740070009164823,5.225981487635072,1047.650512409457,0,225.1041078053691,224.88733359968072,1350.0,1500.0,-1.1626845002174377,0.24126198676021393,34.512844282660225,0.0,1.1050020647303522e-14,34.512844282660225,0.0,0,0,0,0.0,0,0,True,1008,0,6.306200131804275e-11,1.476180011561467e-13,4.3411328170271825e-10,0.7288399999652029,1.0754414600887685,2.0901249999951688,0.9265878520137971,3.0012383805587888,-3.0012383805587888,8.760462004851554,5.23050987483165,1147.3441472893876,0,154.59315548097953,154.63941249578116,1364.0060204340562,1462.252910461998,1.0619718618690968,0.31464406989829163,34.512844282660225,0.0,1.1050020647303522e-14,34.512844282660225,0.0,0,0,0,0.0,0,0,True,1008,0,6.306200131804275e-11,1.476180011561467e-13,4.3411328170271825e-10,0.7592155000111234,1.0900414500315487,2.0901249999951688,0.876680240978691,3.0012383805587888,-3.0012383805587888,9.547042689482172,5.225981487635072,1047.650512409457,0,168.44250162461597,168.52411114346032,1350.0,1462.252910461998,1.0619718618690968,0.3104153139913737,34.512844282660225,0.0,1.1050020647303522e-14,34.512844282660225,0.0,0,0,0,0.0,0,0,True,1008,0,6.306200131804275e-11,1.476180011561467e-13,4.3411328170271825e-10,0.7592155000111234,1.0900414500315487,2.0901249999951688,0.9000757904364184,2.940008219331503,-1.8544410597532988,3.193027319682651,7.431708258145022,1155.4265662751495,0,56.661606180753125,56.3632224562204,1462.252910461998,1500.0,-1.1626845002174377,0.0017205645986705376,0.0,0.0,0.0,0.0,0.0,0,0,0,0.0,0,0,True,1008,0,6.306200131804275e-11,1.476180011561467e-13,4.3411328170271825e-10,0.7288399999652029,1.0754414600887685,2.0901249999951688,0.27755399992202,0.5292085099790709,0.7137669999792706,0.27755399992202,0.5292085099790709,0.7137669999792706,0.27755399992202,0.5292085099790709,0.7137669999792706,0.27755399992202,0.5292085099790709,0.7137669999792706
May2024,550.0,False,180.0,swmpc_nosw,3,96.25,0.9948206580380909,3.2374108200892806,-3.2374108200892806,12.76512229374307,5.217706371294483,1047.5489955502553,0,225.36040224445514,225.3295557754855,1350.0,1500.0,-1.0511222770437598,0.24041684206725056,34.5032085406232,0.0,1.2015523796589683e-14,34.5032085406232,0.0,0,0,0,0.0,0,0,True,1008,0,6.450741139445508e-11,1.805565674394752e-13,4.471748053671187e-10,0.7154899999477493,1.291944779914047,2.7886379998562916,1.0976256188054596,3.2374108200892806,-3.2374108200892806,8.784993571312057,5.217706371294483,1147.817370701813,0,154.83452244062744,155.07244297099447,1361.802969689135,1462.1819820780472,1.2982850028201938,0.3134913421271669,34.5032085406232,0.0,1.2015523796589683e-14,34.5032085406232,0.0,0,0,0,0.0,0,0,True,1008,0,6.450741139445508e-11,1.805565674394752e-13,4.471748053671187e-10,0.7494809999570862,1.3544740700399387,2.7886379998562916,1.0381442740557032,3.2374108200892806,-3.2374108200892806,9.564884201505365,5.217706371294483,1047.5489955502553,0,168.69660031159316,168.83904897844783,1350.0,1462.1819820780472,1.2982850028201938,0.3093344638233543,34.5032085406232,0.0,1.2015523796589683e-14,34.5032085406232,0.0,0,0,0,0.0,0,0,True,1008,0,6.450741139445508e-11,1.805565674394752e-13,4.471748053671187e-10,0.7494809999570862,1.3544740700399387,2.7886379998562916,0.8273948557920073,2.0528526306152344,-2.0528526306152344,3.200238092237706,7.463205736289305,1154.7915546337929,0,56.663801932861986,56.49050679703765,1462.1819820780472,1500.0,-1.0511222770437598,0.0016918842316744342,0.0,0.0,0.0,0.0,0.0,0,0,0,0.0,0,0,True,1008,0,6.450741139445508e-11,1.805565674394752e-13,4.471748053671187e-10,0.7154899999477493,1.291944779914047,2.7886379998562916,0.2826015000891857,0.5617552999206051,2.3172969999905035,0.2826015000891857,0.5617552999206051,2.3172969999905035,0.2826015000891857,0.5617552999206051,2.3172969999905035,0.2826015000891857,0.5617552999206051,2.3172969999905035
May2024,550.0,False,180.0,swmpc_nosw,4,96.25,1.0390548077570732,3.8758869655430317,-3.8758869655430317,12.765627521631377,5.2143036147461235,1047.9111182898612,0,225.2824093715281,225.33847404301034,1350.0,1500.0,0.17027010396122932,0.24067758835860675,34.50347131831614,0.0,1.2341807345858418e-14,34.50347131831614,0.0,0,0,0,0.0,0,0,True,1008,0,8.931637378450148e-11,1.464197652012444e-13,2.282562812284903e-10,0.7494309998037352,1.2822108399905112,4.42817299995113,1.1015399069330434,3.8758869655430317,-3.8758869655430317,8.777734586033969,5.222728598681881,1147.6048037627625,0,154.77210293380404,154.94430758063288,1361.49132923841,1461.6565825018045,1.6407203217968345,0.313761723258966,34.50347131831614,0.0,1.2341807345858418e-14,34.50347131831614,0.0,0,0,0,0.0,0,0,True,1008,0,8.931637378450148e-11,1.464197652012444e-13,2.282562812284903e-10,0.7916544999488906,1.319377060071927,3.2805400001052476,1.0538215847841867,3.8758869655430317,-3.8758869655430317,9.561314514573963,5.2143036147461235,1047.9111182898612,0,168.6173328993558,168.776036971823,1350.0,1461.6565825018045,1.6407203217968345,0.30967607307159306,34.50347131831614,0.0,1.2341807345858418e-14,34.50347131831614,0.0,0,0,0,0.0,0,0,True,1008,0,8.931637378450148e-11,1.464197652012444e-13,2.282562812284903e-10,0.7916544999488906,1.319377060071927,3.2805400001052476,0.9861959172388757,3.0535398786887527,-2.618611733429134,3.2043130070574133,7.484472014894072,1155.0866281989722,0,56.6650764721723,56.56243707118733,1461.6565825018045,1500.0,0.17027010396122932,0.001672527909499566,0.0,0.0,0.0,0.0,0.0,0,0,0,0.0,0,0,True,1008,0,8.931637378450148e-11,1.464197652012444e-13,2.282562812284903e-10,0.7494309998037352,1.2822108399905112,4.42817299995113,0.3039834999754021,0.5539441600399185,1.509418000068763,0.3039834999754021,0.5539441600399185,1.509418000068763,0.3039834999754021,0.5539441600399185,1.509418000068763,0.3039834999754021,0.5539441600399185,1.509418000068763
May2024,550.0,True,0.0,pid_lowdrag_preview,0,97.0,0.9694499077692845,3.0069017028436065,-2.935900440439582,12.969857253689847,6.590001914949324,985.7796306161104,0,229.16267947220865,228.94353114641547,1350.0,1500.0,-0.2070164829492569,0.26656316990147033,0.0,0.0,0.0,0.0,0.0,0,0,0,0.0,0,0,True,0,0,,,,0.15963600003487954,0.3245040999468074,1.1083419999522448,0.9789696618117917,3.0069017028436065,-2.603518252260983,8.885366459970225,6.590001914949324,985.7796306161104,0,156.75088210683708,156.8442221904005,1419.368263410894,1235.9972495231284,0.4615436131134629,0.34292256999574866,0.0,0.0,0.0,0.0,0.0,0,0,0,0.0,0,0,True,0,0,,,,0.1617940000642193,0.3378943799884835,1.1083419999522448,0.9590409073211321,3.0069017028436065,-2.603518252260983,9.691975709803158,6.590001914949324,985.7796306161104,0,171.038661230654,171.08246447017393,1350.0,1235.9972495231284,0.4615436131134629,0.34555029477839105,0.0,0.0,0.0,0.0,0.0,0,0,0,0.0,0,0,True,0,0,,,,0.1617940000642193,0.3378943799884835,1.1083419999522448,1.0036337116610559,2.935900440439582,-2.935900440439582,3.2778815438866893,8.003522688604702,1156.5558289146832,0,58.124018241554666,57.861066676241535,1235.9972495231284,1500.0,-0.2070164829492569,0.001166430315016842,0.0,0.0,0.0,0.0,0.0,0,0,0,0.0,0,0,True,0,0,,,,0.15963600003487954,0.3245040999468074,1.1083419999522448,,,,,,,,,,,,
May2024,550.0,True,0.0,pid_lowdrag_preview,1,97.0,0.8891722690178926,2.9690442690625787,-2.686339524574578,12.976062633322114,6.5977244307512315,987.0409472461645,0,229.17042423347152,229.0530683215249,1350.0,1500.0,-1.3326171701774001,0.2665256459045371,0.0,0.0,0.0,0.0,0.0,0,0,0,0.0,0,0,True,0,0,,,,0.15771799996855407,0.30870716001572884,0.4064729998844996,0.9153386969617181,2.9690442690625787,-2.686339524574578,8.883983046850743,6.5977244307512315,987.0409472461645,0,156.76421421140478,156.81980222351942,1419.5152000348874,1236.039935894111,0.20537958201020956,0.34281612965533925,0.0,0.0,0.0,0.0,0.0,0,0,0,0.0,0,0,True,0,0,,,,0.15999599997940095,0.311109030035368,0.4064729998844996,0.8762149587292006,2.9690442690625787,-2.686339524574578,9.692335295036997,6.5977244307512315,987.0409472461645,0,171.04625502259645,171.08881185793578,1350.0,1236.039935894111,0.20537958201020956,0.34550446740099283,0.0,0.0,0.0,0.0,0.0,0,0,0,0.0,0,0,True,0,0,,,,0.15999599997940095,0.311109030035368,0.4064729998844996,0.9313894005685952,2.7240335177630186,-2.662639159709215,3.283727338285116,8.01454814702652,1156.2486580992982,0,58.12416921087507,57.96425646358912,1236.039935894111,1500.0,-1.3326171701774001,0.0011568056764457157,0.0,0.0,0.0,0.0,0.0,0,0,0,0.0,0,0,True,0,0,,,,0.15771799996855407,0.30870716001572884,0.4064729998844996,,,,,,,,,,,,
May2024,550.0,True,0.0,pid_lowdrag_preview,2,97.0,0.9212446911826632,3.530038674362004,-2.4948638044297695,12.99142982412386,6.585518429540038,987.7135759851246,0,229.1746545361551,229.32432951254052,1350.0,1500.0,0.4687691470608115,0.2665593961014554,0.0,0.0,0.0,0.0,0.0,0,0,0,0.0,0,0,True,0,0,,,,0.1590599999872211,0.30649203012217197,0.42281799983356905,0.9314174422416445,3.3930185614153743,-2.4948638044297695,8.874607737298131,6.585518429540038,987.7135759851246,0,156.76478634691082,156.65430954055446,1419.381623355074,1238.436996241126,-0.348298117518425,0.3429002980234729,0.0,0.0,0.0,0.0,0.0,0,0,0,0.0,0,0,True,0,0,,,,0.15838399997392116,0.26608878994466056,0.42281799983356905,0.8912689680681442,3.3930185614153743,-2.4948638044297695,9.684983931929775,6.585518429540038,987.7135759851246,0,171.0510489357349,170.9590458169064,1350.0,1238.436996241126,-0.348298117518425,0.345542767494593,0.0,0.0,0.0,0.0,0.0,0,0,0,0.0,0,0,True,0,0,,,,0.15838399997392116,0.26608878994466056,0.42281799983356905,1.015502491645369,3.530038674362004,-2.169673291966319,3.306445892194086,7.993401537837249,1155.8969488295372,0,58.12360560042018,58.365283695634105,1238.436996241126,1500.0,0.4687691470608115,0.0011752682205125042,0.0,0.0,0.0,0.0,0.0,0,0,0,0.0,0,0,True,0,0,,,,0.1590599999872211,0.30649203012217197,0.42281799983356905,,,,,,,,,,,,
May2024,550.0,True,0.0,pid_lowdrag_preview,3,97.0,0.9432461935266065,4.278616409748793,-3.250377317890525,12.977414450079248,6.58280933703076,986.2840105023954,0,229.17307493422263,229.0769305503649,1350.0,1500.0,-0.6632579872384667,0.26655518352992347,0.0,0.0,0.0,0.0,0.0,0,0,0,0.0,0,0,True,0,0,,,,0.15803900009814242,0.3288832998600811,0.45568799987449893,0.9953918199452615,4.278616409748793,-3.250377317890525,8.888972702752637,6.58280933703076,986.2840105023954,0,156.7675057911445,156.90787947980806,1419.586470815152,1237.142786985311,0.14870994724333286,0.34286580720275295,0.0,0.0,0.0,0.0,0.0,0,0,0,0.0,0,0,True,0,0,,,,0.15910500007976225,0.32888329986008097,0.45568799987449893,0.9536307685035397,4.278616409748793,-3.250377317890525,9.690874130801868,6.58280933703076,986.2840105023954,0,171.0490361335304,171.06301943069028,1350.0,1237.142786985311,0.14870994724333286,0.34553970910950205,0.0,0.0,0.0,0.0,0.0,0,0,0,0.0,0,0,True,0,0,,,,0.15910500007976225,0.32888329986008097,0.45568799987449893,0.9074840078631998,2.854680061340332,-2.800870888866484,3.28654031927738,8.002666806350284,1155.0472716874729,0,58.12403880069223,58.01391111967462,1237.142786985311,1500.0,-0.6632579872384667,0.0011671775825394803,0.0,0.0,0.0,0.0,0.0,0,0,0,0.0,0,0,True,0,0,,,,0.15803900009814242,0.3288832998600811,0.45568799987449893,,,,,,,,,,,,
May2024,550.0,True,0.0,pid_lowdrag_preview,4,97.0,0.9660383212326469,3.629875364713371,-2.983795224688947,12.986324157134137,6.584986887994912,988.0116303249371,0,229.17591840044244,229.2342044320068,1350.0,1500.0,1.0290619097650051,0.2665440968126299,0.0,0.0,0.0,0.0,0.0,0,0,0,0.0,0,0,True,0,0,,,,0.15869899993958825,0.3026780300615428,0.7287999999334716,0.9630880777910071,3.629875364713371,-2.983795224688947,8.886629443400963,6.584986887994912,988.0116303249371,0,156.76649516883558,156.86651633603188,1419.4727421849427,1237.4692951249008,0.45216915756464005,0.3428583523283264,0.0,0.0,0.0,0.0,0.0,0,0,0,0.0,0,0,True,0,0,,,,0.1594504999502533,0.3030916300645003,0.7287999999334716,0.933327339123821,3.629875364713371,-2.983795224688947,9.688926976752958,6.584986887994912,988.0116303249371,0,171.05197402551235,171.02864832583532,1350.0,1237.4692951249008,0.45216915756464005,0.3455245393936158,0.0,0.0,0.0,0.0,0.0,0,0,0,0.0,0,0,True,0,0,,,,0.1594504999502533,0.3030916300645003,0.7287999999334716,1.068638024917867,2.740700213238597,-2.7338674860075116,3.2973971803811786,7.999652233189263,1155.5350079500984,0,58.12394437493009,58.205556106171485,1237.4692951249008,1500.0,1.0290619097650051,0.0011698097405167251,0.0,0.0,0.0,0.0,0.0,0,0,0,0.0,0,0,True,0,0,,,,0.15869899993958825,0.3026780300615428,0.7287999999334716,,,,,,,,,,,,
May2024,550.0,True,0.0,swmpc,0,97.0,0.9685693024546963,3.105546535924077,-2.935842248611152,12.993682684342858,5.224254813667747,1051.498730750255,0,229.58324538889073,229.36409693353795,1350.0,1500.0,-0.20703899208456278,0.2332014100842269,45.86994173622313,0.0,1.1300529572616662e-14,45.86994173622313,0.0,0,0,0,0.0,0,0,True,1008,0,9.780321008204531e-11,1.4504286660610428e-13,2.8901729553499265e-10,0.719275499932337,1.0402683000393158,2.0735290001994144,0.9901951800071312,3.105546535924077,-2.2319123540073633,8.911655508729586,5.224254813667747,1051.498730750255,0,157.32174179537682,157.30827569042768,1419.3132787060458,1236.0355664233346,-0.6088899802416563,0.3002731342575198,45.86994173622313,0.0,1.1300529572616662e-14,45.86994173622313,0.0,0,0,0,0.0,0,0,True,1008,0,9.780321008204531e-11,1.4504286660610428e-13,2.8901729553499265e-10,0.7489955000892223,1.0696007501337588,2.0735290001994144,0.9574119019411546,3.105546535924077,-2.2319123540073633,9.70788581260786,5.224254813667747,1051.498730750255,0,171.43531029027898,171.36330912757785,1350.0,1236.0355664233346,-0.6088899802416563,0.3025943450583357,45.86994173622313,0.0,1.1300529572616662e-14,45.86994173622313,0.0,0,0,0,0.0,0,0,True,1008,0,9.780321008204531e-11,1.4504286660610428e-13,2.8901729553499265e-10,0.7489955000892223,1.0696007501337588,2.0735290001994144,1.005151403729314,2.935842248611152,-2.935842248611152,3.2857968717349983,9.901243429067968,1156.5533634721548,0,58.147935098611754,58.0007878059601,1236.0355664233346,1500.0,-0.20703899208456278,4.1148571221616415e-05,0.0,0.0,0.0,0.0,0.0,0,0,0,0.0,0,0,True,1008,0,9.780321008204531e-11,1.4504286660610428e-13,2.8901729553499265e-10,0.719275499932337,1.0402683000393158,2.0735290001994144,0.28757899997344794,0.45275590995743126,0.6816289999278524,0.28757899997344794,0.45275590995743126,0.6816289999278524,0.28757899997344794,0.45275590995743126,0.6816289999278524,0.28757899997344794,0.45275590995743126,0.6816289999278524
May2024,550.0,True,0.0,swmpc,1,97.0,0.8878142067414468,3.098796719685197,-2.662481996230781,13.018688590414643,5.214043767241286,1051.2665298159857,0,229.92285201586583,229.80550043734118,1350.0,1500.0,-1.332605304196477,0.2318150476931078,45.884083856675296,0.0,1.1998159537590165e-14,45.884083856675296,0.0,0,0,0,0.0,0,0,True,1008,0,6.967229490332101e-11,2.2221595720769145e-13,7.521122144439511e-10,0.7348890000002939,1.930642420090863,15.506639000022915,0.917028466045991,3.098796719685197,-2.5231430428102612,8.927165624943115,5.225952063905165,1051.2665298159857,0,157.63549957951406,157.58205979652664,1419.4725807137213,1236.0601484873077,-0.525296731851995,0.2984222822508441,45.884083856675296,0.0,1.1998159537590165e-14,45.884083856675296,0.0,0,0,0,0.0,0,0,True,1008,0,6.967229490332101e-11,2.2221595720769145e-13,7.521122144439511e-10,0.7662364998850535,2.0930956001029655,15.506639000022915,0.8745825552084744,3.098796719685197,-2.5231430428102612,9.728587807884075,5.214043767241286,1051.2665298159857,0,171.77497130500237,171.72874012713498,1350.0,1236.0601484873077,-0.525296731851995,0.3007952792938885,45.884083856675296,0.0,1.1998159537590165e-14,45.884083856675296,0.0,0,0,0,0.0,0,0,True,1008,0,6.967229490332101e-11,2.2221595720769145e-13,7.521122144439511e-10,0.7662364998850535,2.0930956001029655,15.506639000022915,0.9308959750030777,2.724133975803852,-2.662481996230781,3.2901007825305673,9.900473165236562,1156.251272317672,0,58.14788071086346,58.0767603102062,1236.0601484873077,1500.0,-1.332605304196477,4.146951448469327e-05,0.0,0.0,0.0,0.0,0.0,0,0,0,0.0,0,0,True,1008,0,6.967229490332101e-11,2.2221595720769145e-13,7.521122144439511e-10,0.7348890000002939,1.930642420090863,15.506639000022915,0.29465449995313975,0.6324108000217159,2.52313799978765,0.29465449995313975,0.6324108000217159,2.52313799978765,0.29465449995313975,0.6324108000217159,2.52313799978765,0.29465449995313975,0.6324108000217159,2.52313799978765
May2024,550.0,True,0.0,swmpc,2,97.0,0.9266134689451775,3.530264020897448,-2.3523219833150506,13.012581865795969,5.212129055652328,1050.8954168527953,0,229.54802929561,229.6977047175749,1350.0,1500.0,0.4687432637438178,0.23321566709746067,45.874074461793136,0.0,1.1233240222439496e-14,45.874074461793136,0.0,0,0,0,0.0,0,0,True,1008,0,8.68118401148841e-11,1.6697681756712207e-13,6.271336159006044e-10,0.7278584998857696,1.2300262800931707,12.726489999977275,0.9462373888569962,3.113925919868052,-2.3523219833150506,8.905352636534731,5.22385668702989,1050.8954168527953,0,157.26644723131537,157.19701757953268,1419.2652629339234,1237.285275547691,-0.5065565034747124,0.3004655261032999,45.874074461793136,0.0,1.1233240222439496e-14,45.874074461793136,0.0,0,0,0,0.0,0,0,True,1008,0,8.68118401148841e-11,1.6697681756712207e-13,6.271336159006044e-10,0.7595165000111592,1.2770415399108954,12.726489999977275,0.8978898668394495,3.113925919868052,-2.3523219833150506,9.704364156331335,5.212129055652328,1050.8954168527953,0,171.40026372173844,171.30114495663668,1350.0,1237.285275547691,-0.5065565034747124,0.30261357468985517,45.874074461793136,0.0,1.1233240222439496e-14,45.874074461793136,0.0,0,0,0,0.0,0,0,True,1008,0,8.68118401148841e-11,1.6697681756712207e-13,6.271336159006044e-10,0.7595165000111592,1.2770415399108954,12.726489999977275,1.0172009217614402,3.530264020897448,-2.1692260317504406,3.3082177094646337,9.907125791162061,1155.8928501515243,0,58.14776557387157,58.39655976093823,1237.285275547691,1500.0,0.4687432637438178,3.8697587015912305e-05,0.0,0.0,0.0,0.0,0.0,0,0,0,0.0,0,0,True,1008,0,8.68118401148841e-11,1.6697681756712207e-13,6.271336159006044e-10,0.7278584998857696,1.2300262800931707,12.726489999977275,0.29889100005675573,0.5360588198800538,11.627391000047282,0.29889100005675573,0.5360588198800538,11.627391000047282,0.29889100005675573,0.5360588198800538,11.627391000047282,0.29889100005675573,0.5360588198800538,11.627391000047282
May2024,550.0,True,0.0,swmpc,3,97.0,0.9386840588619513,3.1597160138189793,-2.937681356444955,13.023502117826146,5.219005664792649,1050.4784606143346,0,229.98661443744658,229.89046867880558,1350.0,1500.0,-0.663314244709909,0.23157575244018247,45.86955575437327,0.0,1.0978567128757882e-14,45.86955575437327,0.0,0,0,0,0.0,0,0,True,1008,0,7.543644931999265e-11,1.6534812090378565e-13,4.893824156566401e-10,0.7424355000011928,1.2428962598619364,12.239508999982718,0.9955894378141187,3.1597160138189793,-2.937681356444955,8.941951495693917,5.219005664792649,1050.4784606143346,0,157.70419981823608,157.84305954344552,1419.483605500113,1236.3449535112686,-0.1892361594364047,0.2981094790986364,45.86955575437327,0.0,1.0978567128757882e-14,45.86955575437327,0.0,0,0,0,0.0,0,0,True,1008,0,7.543644931999265e-11,1.6534812090378565e-13,4.893824156566401e-10,0.7738829998515939,1.2543757998400904,12.239508999982718,0.9477360386345476,3.1597160138189793,-2.937681356444955,9.733479316209545,5.219005664792649,1050.4784606143346,0,171.83861912089225,171.8150848853527,1350.0,1236.3449535112686,-0.1892361594364047,0.3004851525192995,45.86955575437327,0.0,1.0978567128757882e-14,45.86955575437327,0.0,0,0,0,0.0,0,0,True,1008,0,7.543644931999265e-11,1.6534812090378565e-13,4.893824156566401e-10,0.7738829998515939,1.2543757998400904,12.239508999982718,0.9076083690130988,2.8546015238389373,-2.801035842858255,3.290022801616601,9.903596381561712,1155.044157666198,0,58.14799531655433,58.075383793452886,1236.3449535112686,1500.0,-0.663314244709909,4.016817434926434e-05,0.0,0.0,0.0,0.0,0.0,0,0,0,0.0,0,0,True,1008,0,7.543644931999265e-11,1.6534812090378565e-13,4.893824156566401e-10,0.7424355000011928,1.2428962598619364,12.239508999982718,0.30742399997052416,0.5631335200814646,2.939766000054078,0.30742399997052416,0.5631335200814646,2.939766000054078,0.30742399997052416,0.5631335200814646,2.939766000054078,0.30742399997052416,0.5631335200814646,2.939766000054078
May2024,550.0,True,0.0,swmpc,4,97.0,0.9858178672569816,3.0714608700945973,-2.8975710654631257,13.022884510631641,5.215214309448136,1051.7514494165262,0,229.8212783910166,229.87956669513406,1350.0,1500.0,1.0291000064462423,0.23232773450114286,45.894214070261405,0.0,1.1359143682015842e-14,45.894214070261405,0.0,0,0,0,0.0,0,0,True,1008,0,7.479655144511966e-11,1.898972851099693e-13,4.829258207865423e-10,0.7151239999529935,0.9983875400371297,1.225218999934441,0.9961568249127148,3.0714608700945973,-2.8975710654631257,8.930424200279953,5.215214309448136,1051.7514494165262,0,157.54192462927708,157.6395800706174,1419.40023566045,1236.4773877192283,0.1251385174691677,0.2991469191426217,45.894214070261405,0.0,1.1359143682015842e-14,45.894214070261405,0.0,0,0,0,0.0,0,0,True,1008,0,7.479655144511966e-11,1.898972851099693e-13,4.829258207865423e-10,0.7446579999168534,1.0189582598832199,1.225218999934441,0.959545916017639,3.0714608700945973,-2.8975710654631257,9.724704320763383,5.215214309448136,1051.7514494165262,0,171.67334423921517,171.6601889289873,1350.0,1236.4773877192283,0.1251385174691677,0.30146065621733587,45.894214070261405,0.0,1.1359143682015842e-14,45.894214070261405,0.0,0,0,0,0.0,0,0,True,1008,0,7.479655144511966e-11,1.898972851099693e-13,4.829258207865423e-10,0.7446579999168534,1.0189582598832199,1.225218999934441,1.0693743197115486,2.7378919953480363,-2.733993806876242,3.2981801898682583,9.90131791663772,1155.537158896193,0,58.14793415180142,58.21937776614675,1236.4773877192283,1500.0,1.0291000064462423,4.1117534734236294e-05,0.0,0.0,0.0,0.0,0.0,0,0,0,0.0,0,0,True,1008,0,7.479655144511966e-11,1.898972851099693e-13,4.829258207865423e-10,0.7151239999529935,0.9983875400371297,1.225218999934441,0.2862569999706466,0.44771758995693733,0.693136000109007,0.2862569999706466,0.44771758995693733,0.693136000109007,0.2862569999706466,0.44771758995693733,0.693136000109007,0.2862569999706466,0.44771758995693733,0.693136000109007
May2024,550.0,True,0.0,swmpc_nosw,0,97.0,0.9950598268098892,3.588148851878941,-3.588148851878941,13.027921987304753,5.2243817877033205,1051.4463541728921,0,230.1502804090666,229.96848808224306,1350.0,1500.0,-0.13636847212910652,0.2312355411354351,45.781837959896286,0.0,1.136961678370447e-14,45.781837959896286,0.0,0,0,0,0.0,0,0,True,1008,0,7.553117978955758e-11,1.9471613716218696e-13,5.65662200219311e-10,0.7311180000897366,1.3572825999244775,4.186238000102094,1.0374133240739891,3.588148851878941,-3.588148851878941,8.949165696186068,5.2243817877033205,1051.4463541728921,0,157.88846982055344,157.97040439410497,1419.3206530683037,1236.1265092324131,0.13251425232738256,0.29730182610093037,45.781837959896286,0.0,1.136961678370447e-14,45.781837959896286,0.0,0,0,0,0.0,0,0,True,1008,0,7.553117978955758e-11,1.9471613716218696e-13,5.65662200219311e-10,0.7651595000197631,1.454094639977938,4.186238000102094,0.9960076202275985,3.588148851878941,-3.588148851878941,9.746192106351298,5.2243817877033205,1051.4463541728921,0,172.0023566033248,172.03949067554936,1350.0,1236.1265092324131,0.13251425232738256,0.30004348283644,45.781837959896286,0.0,1.136961678370447e-14,45.781837959896286,0.0,0,0,0,0.0,0,0,True,1008,0,7.553117978955758e-11,1.9471613716218696e-13,5.65662200219311e-10,0.7651595000197631,1.454094639977938,4.186238000102094,0.991868607047319,2.958625172264874,-2.958625172264874,3.2817298809534545,9.901943151859605,1156.2137962247436,0,58.14792380574178,57.928997406693696,1236.1265092324131,1500.0,-0.13636847212910652,4.085702005851566e-05,0.0,0.0,0.0,0.0,0.0,0,0,0,0.0,0,0,True,1008,0,7.553117978955758e-11,1.9471613716218696e-13,5.65662200219311e-10,0.7311180000897366,1.3572825999244775,4.186238000102094,0.28378849992805044,0.6299469700979872,3.7268739999944955,0.28378849992805044,0.6299469700979872,3.7268739999944955,0.28378849992805044,0.6299469700979872,3.7268739999944955,0.28378849992805044,0.6299469700979872,3.7268739999944955
May2024,550.0,True,0.0,swmpc_nosw,1,97.0,0.9152228968350412,3.5867596259340644,-3.5867596259340644,13.024839621713724,5.214811511784889,1051.1826177120322,0,230.0121497454821,229.914078257304,1350.0,1500.0,-1.0481064161285758,0.23150941471306596,45.78587722651135,0.0,1.1436973495813148e-14,45.78587722651135,0.0,0,0,0,0.0,0,0,True,1008,0,8.672683360050202e-11,2.332006180751687e-13,6.733259641538553e-10,0.7352444998787178,1.2756719000094563,2.0054569999956584,0.9858265327214797,3.5867596259340644,-3.5867596259340644,8.937335731099507,5.228752367529353,1051.1826177120322,0,157.72477115956775,157.7615822052975,1419.482001790268,1236.1409772837333,0.20312825590372086,0.29796483341650115,45.78587722651135,0.0,1.1436973495813148e-14,45.78587722651135,0.0,0,0,0,0.0,0,0,True,1008,0,8.672683360050202e-11,2.332006180751687e-13,6.733259641538553e-10,0.765910499922029,1.2820218000024395,2.0054569999956584,0.9367101629237435,3.5867596259340644,-3.5867596259340644,9.739556214509237,5.214811511784889,1051.1826177120322,0,171.86428063661347,171.92235411183157,1350.0,1236.1409772837333,0.20312825590372086,0.30039882358312453,45.78587722651135,0.0,1.1436973495813148e-14,45.78587722651135,0.0,0,0,0,0.0,0,0,True,1008,0,8.672683360050202e-11,2.332006180751687e-13,6.733259641538553e-10,0.765910499922029,1.2820218000024395,2.0054569999956584,0.839004495431675,2.8470823280513287,-1.9680004455149174,3.2852834072044867,9.901597816794157,1156.1376657225974,0,58.14786910886863,57.99172414547243,1236.1409772837333,1500.0,-1.0481064161285758,4.100090966918657e-05,0.0,0.0,0.0,0.0,0.0,0,0,0,0.0,0,0,True,1008,0,8.672683360050202e-11,2.332006180751687e-13,6.733259641538553e-10,0.7352444998787178,1.2756719000094563,2.0054569999956584,0.29502500012767996,0.5659034799509752,1.5245009999489412,0.29502500012767996,0.5659034799509752,1.5245009999489412,0.29502500012767996,0.5659034799509752,1.5245009999489412,0.29502500012767996,0.5659034799509752,1.5245009999489412
May2024,550.0,True,0.0,swmpc_nosw,2,97.0,0.8923961875582953,2.9093030309304595,-2.9093030309304595,13.05014450001677,5.213086940998304,1051.1476223087527,0,230.21925503860635,230.36075920996038,1350.0,1500.0,0.4686214942485094,0.23100660607798829,45.7828579305341,0.0,1.1848281212110307e-14,45.7828579305341,0.0,0,0,0,0.0,0,0,True,1008,0,9.38228763389882e-11,1.7316814648893337e-13,4.893976425301749e-10,0.7372920000534577,1.267970129972582,5.535494000014296,0.9450306220685629,2.9093030309304595,-2.9093030309304595,8.949324711736658,5.222637857430882,1051.1476223087527,0,157.94002992679685,157.97321133183357,1419.275074245565,1237.1997291234836,0.26098423823714256,0.2970873536590335,45.7828579305341,0.0,1.1848281212110307e-14,45.7828579305341,0.0,0,0,0,0.0,0,0,True,1008,0,9.38228763389882e-11,1.7316814648893337e-13,4.893976425301749e-10,0.7714844999782144,1.2839629900167893,5.535494000014296,0.8953629141346,2.9093030309304595,-2.9093030309304595,9.749012537846532,5.213086940998304,1051.1476223087527,0,172.07153300772595,172.08927684769034,1350.0,1237.1997291234836,0.26098423823714256,0.2997469050927505,45.7828579305341,0.0,1.1848281212110307e-14,45.7828579305341,0.0,0,0,0,0.0,0,0,True,1008,0,9.38228763389882e-11,1.7316814648893337e-13,4.893976425301749e-10,0.7714844999782144,1.2839629900167893,5.535494000014296,0.8823549246043023,2.4970153840258718,-1.6139001939445734,3.3011319621702384,9.905916667870708,1155.639148281538,0,58.1477220308804,58.271482362270035,1237.1997291234836,1500.0,0.4686214942485094,3.92013883872e-05,0.0,0.0,0.0,0.0,0.0,0,0,0,0.0,0,0,True,1008,0,9.38228763389882e-11,1.7316814648893337e-13,4.893976425301749e-10,0.7372920000534577,1.267970129972582,5.535494000014296,0.3000425000436735,0.5583890100592723,0.7035119999727613,0.3000425000436735,0.5583890100592723,0.7035119999727613,0.3000425000436735,0.5583890100592723,0.7035119999727613,0.3000425000436735,0.5583890100592723,0.7035119999727613
May2024,550.0,True,0.0,swmpc_nosw,3,97.0,0.9548946882504995,3.4638668848201632,-3.4638668848201632,13.029916900321092,5.220840853097677,1050.5823533378277,0,230.07887025216723,230.0037022269604,1350.0,1500.0,-0.4888943685218692,0.23122817608121005,45.78218798897594,0.0,1.1347544103457569e-14,45.78218798897594,0.0,0,0,0,0.0,0,0,True,1008,0,6.789201000005341e-11,1.6476597863857015e-13,5.959702706423423e-10,0.7380590000138909,1.5417965199912944,4.536475999884715,1.0463057296606773,3.4638668848201632,-3.4638668848201632,8.951894880173322,5.220840853097677,1050.5823533378277,0,157.7957018399463,158.01857986797287,1419.4925815029576,1236.487189687856,0.4971008412539959,0.29759327485631437,45.78218798897594,0.0,1.1347544103457569e-14,45.78218798897594,0.0,0,0,0,0.0,0,0,True,1008,0,6.789201000005341e-11,1.6476597863857015e-13,5.959702706423423e-10,0.7734374999017746,1.8778089599868373,4.536475999884715,0.9942989494679265,3.4638668848201632,-3.4638668848201632,9.744232049708597,5.220840853097677,1050.5823533378277,0,171.93089089293144,172.00489181449447,1350.0,1236.487189687856,0.4971008412539959,0.30003427534231664,45.78218798897594,0.0,1.1347544103457569e-14,45.78218798897594,0.0,0,0,0,0.0,0,0,True,1008,0,6.789201000005341e-11,1.6476597863857015e-13,5.959702706423423e-10,0.7734374999017746,1.8778089599868373,4.536475999884715,0.8085504975955217,2.300739954225719,-1.6078643761575222,3.285684850612496,9.90476184665909,1155.0587511423328,0,58.14797935923579,57.99881041246593,1236.487189687856,1500.0,-0.4888943685218692,3.9682563891974e-05,0.0,0.0,0.0,0.0,0.0,0,0,0,0.0,0,0,True,1008,0,6.789201000005341e-11,1.6476597863857015e-13,5.959702706423423e-10,0.7380590000138909,1.5417965199912944,4.536475999884715,0.2902734998997403,0.5634241801044477,3.6737039999934495,0.2902734998997403,0.5634241801044477,3.6737039999934495,0.2902734998997403,0.5634241801044477,3.6737039999934495,0.2902734998997403,0.5634241801044477,3.6737039999934495
May2024,550.0,True,0.0,swmpc_nosw,4,97.0,1.0326949973873223,4.280549405142665,-4.280549405142665,13.043040474470692,5.218120754396388,1051.6638960975615,0,230.15665477290926,230.23535916414318,1350.0,1500.0,1.0653600497171283,0.23114429091497612,45.79512285737024,0.0,1.1401656007593823e-14,45.79512285737024,0.0,0,0,0,0.0,0,0,True,1008,0,7.030096943511456e-11,1.8105633374789253e-13,3.770987144359291e-10,0.7294809998938945,1.1970216799772972,2.554174999886527,1.1095938822821307,4.280549405142665,-4.280549405142665,8.95439530908617,5.220308593463779,1051.6638960975615,0,157.87726515419672,158.0627173641317,1419.4094969530536,1236.535988050055,0.7811203962191939,0.2973615353742114,45.79512285737024,0.0,1.1401656007593823e-14,45.79512285737024,0.0,0,0,0,0.0,0,0,True,1008,0,7.030096943511456e-11,1.8105633374789253e-13,3.770987144359291e-10,0.756842499981758,1.2482345999546833,2.554174999886527,1.0578988752834846,4.280549405142665,-4.280549405142665,9.749391253507898,5.218120754396388,1051.6638960975615,0,172.00873618381686,172.09596192518575,1350.0,1236.535988050055,0.7811203962191939,0.2999251302337095,45.79512285737024,0.0,1.1401656007593823e-14,45.79512285737024,0.0,0,0,0,0.0,0,0,True,1008,0,7.030096943511456e-11,1.8105633374789253e-13,3.770987144359291e-10,0.756842499981758,1.2482345999546833,2.554174999886527,0.9430890484816412,2.6785505479201674,-2.508803511969745,3.2936492209627932,9.902390070323317,1155.471096826571,0,58.1479185890924,58.13939723895743,1236.535988050055,1500.0,1.0653600497171283,4.067080403202805e-05,0.0,0.0,0.0,0.0,0.0,0,0,0,0.0,0,0,True,1008,0,7.030096943511456e-11,1.8105633374789253e-13,3.770987144359291e-10,0.7294809998938945,1.1970216799772972,2.554174999886527,0.2769730000409254,0.5081586500773478,0.9421219999694586,0.2769730000409254,0.5081586500773478,0.9421219999694586,0.2769730000409254,0.5081586500773478,0.9421219999694586,0.2769730000409254,0.5081586500773478,0.9421219999694586
May2024,550.0,True,180.0,pid_lowdrag_preview,0,96.25,0.9299821926586022,2.997067868709564,-2.702489122748375,12.875339900078817,6.616276824303823,981.7101078867354,0,227.53886007295526,227.2751136559928,1350.0,1500.0,-0.8035201178863645,0.26756874972674793,0.0,0.0,0.0,0.0,0.0,0,0,0,0.0,0,0,True,0,0,,,,0.15740800017738366,0.2834532800898157,1.9686210000600113,0.9328421042781875,2.997067868709564,-2.2502465285360813,8.907395160862396,6.616276824303823,981.7101078867354,0,157.1597337027617,157.23307215768904,1294.848816429652,1413.2098796215444,0.5418365346267819,0.3426320062477838,0.0,0.0,0.0,0.0,0.0,0,0,0,0.0,0,0,True,0,0,,,,0.15833400004794385,0.2691387099957862,0.46801700000287383,0.9086577263936934,2.997067868709564,-2.2502465285360813,9.680001614167777,6.616276824303823,981.7101078867354,0,170.82734719704945,170.871098093242,1350.0,1413.2098796215444,0.5418365346267819,0.3445323926167063,0.0,0.0,0.0,0.0,0.0,0,0,0,0.0,0,0,True,0,0,,,,0.15833400004794385,0.2691387099957862,0.46801700000287383,1.0003400465436825,2.702489122748375,-2.702489122748375,3.19533828591104,8.259520409323036,1155.1960633767455,0,56.71151287590581,56.4040155627508,1413.2098796215444,1500.0,-0.8035201178863645,0.0009730382728714293,0.0,0.0,0.0,0.0,0.0,0,0,0,0.0,0,0,True,0,0,,,,0.15740800017738366,0.2834532800898157,1.9686210000600113,,,,,,,,,,,,
May2024,550.0,True,180.0,pid_lowdrag_preview,1,96.25,0.9343734572213901,4.712331315502524,-3.1798208691179752,12.882816063755415,6.6033524547220654,981.8983007354927,0,227.55872917738304,227.4070826729288,1350.0,1500.0,-0.4418047349900007,0.2675837003194227,0.0,0.0,0.0,0.0,0.0,0,0,0,0.0,0,0,True,0,0,,,,0.15892999999778112,0.3302592401541915,0.49129099988931557,0.9762836697801637,4.712331315502524,-3.1798208691179752,8.90518789569184,6.6033524547220654,981.8983007354927,0,157.17661838754333,157.19410957911612,1294.2058539581399,1412.7282672495107,0.2744798185303807,0.3426698666648593,0.0,0.0,0.0,0.0,0.0,0,0,0,0.0,0,0,True,0,0,,,,0.16041700007463078,0.32376130986449403,0.49129099988931557,0.9274857672927921,4.712331315502524,-3.1798208691179752,9.681965989236023,6.6033524547220654,981.8983007354927,0,170.84585511063605,170.90577318301519,1350.0,1412.7282672495107,0.2744798185303807,0.34455751884162156,0.0,0.0,0.0,0.0,0.0,0,0,0,0.0,0,0,True,0,0,,,,0.16041700007463078,0.32376130986449403,0.49129099988931557,0.9578490073048355,3.0594088891521096,-3.0594088891521096,3.2008500745193924,8.282283186305078,1155.2938918141026,0,56.71287406674699,56.50130948991361,1412.7282672495107,1500.0,-0.4418047349900007,0.0009527413146924735,0.0,0.0,0.0,0.0,0.0,0,0,0,0.0,0,0,True,0,0,,,,0.15892999999778112,0.3302592401541915,0.49129099988931557,,,,,,,,,,,,
May2024,550.0,True,180.0,pid_lowdrag_preview,2,96.25,0.9214123974195736,3.437634026631713,-3.143574433401227,12.877813689780748,6.608123213901774,979.39784249146,0,227.5691031895873,227.31878091760223,1350.0,1500.0,-1.4411399150267243,0.2674570255424594,0.0,0.0,0.0,0.0,0.0,0,0,0,0.0,0,0,True,0,0,,,,0.15851900002417096,0.3561962400772245,0.8984050000435673,0.9417940936589858,3.437634026631713,-3.143574433401227,8.898931289279517,6.608123213901774,979.39784249146,0,157.18933727291957,157.08366815042493,1294.5259297903585,1412.4112443740844,-0.20424684789031744,0.34248047300564943,0.0,0.0,0.0,0.0,0.0,0,0,0,0.0,0,0,True,0,0,,,,0.15906999999515392,0.3552713999579272,0.8984050000435673,0.8987900800762597,3.437634026631713,-3.143574433401227,9.673489200044225,6.608123213901774,979.39784249146,0,170.85837858669862,170.7561411545062,1350.0,1412.4112443740844,-0.20424684789031744,0.34438607182271297,0.0,0.0,0.0,0.0,0.0,0,0,0,0.0,0,0,True,0,0,,,,0.15906999999515392,0.3552713999579272,0.8984050000435673,0.9958088291397614,3.1310495967045426,-1.9139861082658172,3.204324489736523,8.25042511887412,1155.4902591066975,0,56.71072460288869,56.56263976309603,1412.4112443740844,1500.0,-1.4411399150267243,0.0009811538912718465,0.0,0.0,0.0,0.0,0.0,0,0,0,0.0,0,0,True,0,0,,,,0.15851900002417096,0.3561962400772245,0.8984050000435673,,,,,,,,,,,,
May2024,550.0,True,180.0,pid_lowdrag_preview,3,96.25,0.931214930821617,3.503207706846297,-2.8853418100625277,12.888242903307406,6.6224191794741385,985.2901579084848,0,227.53747699202728,227.50287708189606,1350.0,1500.0,-1.279152044095099,0.2675763041164696,0.0,0.0,0.0,0.0,0.0,0,0,0,0.0,0,0,True,0,0,,,,0.16039199999795528,0.3994030800276959,0.6612279998989834,0.9671649580184992,3.503207706846297,-2.8853418100625277,8.91046147628069,6.6224191794741385,985.2901579084848,0,157.15527852585544,157.28719866546263,1294.3228359837387,1413.4761364065434,0.06417132075875998,0.3426548459038782,0.0,0.0,0.0,0.0,0.0,0,0,0,0.0,0,0,True,0,0,,,,0.15918999997666106,0.3760932098521147,0.45594799985337886,0.9273835871098262,3.503207706846297,-2.8853418100625277,9.677636352448536,6.6224191794741385,985.2901579084848,0,170.82549917082662,170.82934656433113,1350.0,1413.4761364065434,0.06417132075875998,0.3445439780909223,0.0,0.0,0.0,0.0,0.0,0,0,0,0.0,0,0,True,0,0,,,,0.15918999997666106,0.3760932098521147,0.45594799985337886,0.9443662217204755,2.581618431955576,-2.581618431955576,3.21060655085887,8.26670552228685,1154.8389830345545,0,56.71197782120066,56.67353051756493,1413.4761364065434,1500.0,-1.279152044095099,0.0009666293183653307,0.0,0.0,0.0,0.0,0.0,0,0,0,0.0,0,0,True,0,0,,,,0.16039199999795528,0.3994030800276959,0.6612279998989834,,,,,,,,,,,,
May2024,550.0,True,180.0,pid_lowdrag_preview,4,96.25,0.990238038490942,3.5465710991993546,-3.208780334331095,12.893544236359626,6.629564383060435,982.7321726042451,0,227.54430003807053,227.59645605389198,1350.0,1500.0,0.05868648178875446,0.26754295417308327,0.0,0.0,0.0,0.0,0.0,0,0,0,0.0,0,0,True,0,0,,,,0.15764799991302425,0.27732950019071717,0.4851720000260684,0.9813624020358009,3.2980432230979204,-3.208780334331095,8.904903448900855,6.629564383060435,982.7321726042451,0,157.16468785693917,157.1890885328933,1293.58052946405,1413.2038468374637,0.4117213524878025,0.3426050719073096,0.0,0.0,0.0,0.0,0.0,0,0,0,0.0,0,0,True,0,0,,,,0.15867950003212172,0.27707575017757324,0.42536199998721713,0.9529452745698316,3.2980432230979204,-3.208780334331095,9.675525667385813,6.629564383060435,982.7321726042451,0,170.83288409518576,170.79208881492323,1350.0,1413.2038468374637,0.4117213524878025,0.34449860542655675,0.0,0.0,0.0,0.0,0.0,0,0,0,0.0,0,0,True,0,0,,,,0.15867950003212172,0.27707575017757324,0.42536199998721713,1.1097702301866146,3.5465710991993546,-2.4619912272319198,3.2180185689738128,8.257405513070903,1155.3799271271866,0,56.71141594288477,56.80436723896875,1413.2038468374637,1500.0,0.05868648178875446,0.0009749250888864136,0.0,0.0,0.0,0.0,0.0,0,0,0,0.0,0,0,True,0,0,,,,0.15764799991302425,0.27732950019071717,0.4851720000260684,,,,,,,,,,,,
May2024,550.0,True,180.0,swmpc,0,96.25,0.9480330376014021,2.7296377727761865,-2.693442165851593,12.92372238525656,5.21909911860018,1040.3484632510354,0,228.392898124031,228.12915983287436,1350.0,1500.0,-0.803431392647326,0.23107539801271104,45.935082133861975,0.0,1.2084641012100817e-14,45.935082133861975,0.0,0,0,0,0.0,0,0,True,1008,0,1.0065870849497437e-10,1.6910553250487418e-13,3.9465146117312555e-10,0.7126460000108636,1.0253800601140028,3.606021999985387,0.9640854746931158,2.7296377727761865,-2.652044783346355,8.940954390851617,5.21909911860018,1040.3484632510354,0,157.8466653612097,157.82545867867955,1364.3767341776202,1462.6222498501932,0.11364076286554337,0.29970209566881656,45.935082133861975,0.0,1.1052003684795766e-14,45.935082133861975,0.0,0,0,0,0.0,0,0,True,1008,0,1.0065870849497437e-10,1.6910553250487418e-13,3.9465146117312555e-10,0.7394560000193451,1.0652722200029512,3.606021999985387,0.9329971635082898,2.7296377727761865,-2.652044783346355,9.7282994534732,5.21909911860018,1040.3484632510354,0,171.727261203407,171.72365010372386,1350.0,1462.6222498501932,0.11364076286554337,0.2973043100986429,45.935082133861975,0.0,1.2084641012100817e-14,45.935082133861975,0.0,0,0,0,0.0,0,0,True,1008,0,1.0065870849497437e-10,1.6910553250487418e-13,3.9465146117312555e-10,0.7394560000193451,1.0652722200029512,3.606021999985387,0.9983668607357171,2.693442165851593,-2.693442165851593,3.1954229317833605,7.4939439834728185,1155.1984063516109,0,56.665636920623996,56.40550972915051,1462.6222498501932,1500.0,-0.803431392647326,0.0016639087253602636,0.0,0.0,0.0,0.0,0.0,0,0,0,0.0,0,0,True,1008,0,1.0065870849497437e-10,1.6910553250487418e-13,3.9465146117312555e-10,0.7126460000108636,1.0253800601140028,3.606021999985387,0.2836279999200997,0.42901573004655735,0.5503509999016387,0.2836279999200997,0.42901573004655735,0.5503509999016387,0.2836279999200997,0.42901573004655735,0.5503509999016387,0.2836279999200997,0.42901573004655735,0.5503509999016387
May2024,550.0,True,180.0,swmpc,1,96.25,0.9177046559335595,4.76209560316056,-3.0592995434999466,12.898806072275175,5.215850671388912,1041.0184693717515,0,227.84097959516413,227.68933782361657,1350.0,1500.0,-0.4417606806382537,0.2329634040651425,45.94145556725735,0.0,1.1457722628585292e-14,45.94145556725735,0.0,0,0,0,0.0,0,0,True,1008,0,8.526200188128077e-11,1.6130838504303081e-13,3.98097284281584e-10,0.7475190000150178,1.510428419887827,3.325918999962596,0.9614967950898279,4.76209560316056,-2.698456604965031,8.911495437419434,5.215850671388912,1041.0184693717515,0,157.3372180619874,157.30545011646342,1363.0189307212931,1460.708203236151,0.2920587509870529,0.30205587736867356,45.94145556725735,0.0,1.1457722628585292e-14,45.94145556725735,0.0,0,0,0,0.0,0,0,True,1008,0,8.526200188128077e-11,1.6130838504303081e-13,3.98097284281584e-10,0.7790054999077256,1.8103854298942612,3.325918999962596,0.9062324420669284,4.76209560316056,-2.698456604965031,9.69989289572258,5.215850671388912,1041.0184693717515,0,171.17642733317874,171.2222183985068,1350.0,1460.708203236151,0.2920587509870529,0.29973259885391557,45.94145556725735,0.0,1.1457722628585292e-14,45.94145556725735,0.0,0,0,0,0.0,0,0,True,1008,0,8.526200188128077e-11,1.6130838504303081e-13,3.98097284281584e-10,0.7790054999077256,1.8103854298942612,3.325918999962596,0.9563801085059174,3.0592995434999466,-3.0592995434999466,3.198913176552594,7.475800266371035,1155.2949238666308,0,56.66455226198539,56.46711942510976,1460.708203236151,1500.0,-0.4417606806382537,0.0016804200545464942,0.0,0.0,0.0,0.0,0.0,0,0,0,0.0,0,0,True,1008,0,8.526200188128077e-11,1.6130838504303081e-13,3.98097284281584e-10,0.7475190000150178,1.510428419887827,3.325918999962596,0.30044300001463853,0.641613350046554,2.753405000021303,0.30044300001463853,0.641613350046554,2.753405000021303,0.30044300001463853,0.641613350046554,2.753405000021303,0.30044300001463853,0.641613350046554,2.753405000021303
May2024,550.0,True,180.0,swmpc,2,96.25,0.9328889617204613,4.30705073941499,-3.075191667303443,12.913591871409496,5.225765386931478,1040.797000750429,0,228.20064514628504,227.9503363063637,1350.0,1500.0,-1.4410203667357564,0.23176455875539725,45.9433155423065,0.0,1.1949372097816548e-14,45.9433155423065,0.0,0,0,0,0.0,0,0,True,1008,0,8.447729007130857e-11,1.6467893715343957e-13,4.749389578468614e-10,0.7655150000118738,1.3375041598646922,3.4134969998831366,0.967207163677965,4.30705073941499,-3.075191667303443,8.929342080863174,5.230460076348615,1040.797000750429,0,157.68975550693204,157.62047853113398,1364.089324920872,1463.0499852174282,0.07953473739326,0.300370298386306,45.9433155423065,0.0,1.1949372097816548e-14,45.9433155423065,0.0,0,0,0,0.0,0,0,True,1008,0,8.447729007130857e-11,1.6467893715343957e-13,4.749389578468614e-10,0.8033470001009846,1.4139869899463502,3.4134969998831366,0.9150851731321005,4.30705073941499,-3.075191667303443,9.715256484269881,5.225765386931478,1040.797000750429,0,171.5399957760911,171.49341600263713,1350.0,1463.0499852174282,0.07953473739326,0.2981718212471939,45.9433155423065,0.0,1.1949372097816548e-14,45.9433155423065,0.0,0,0,0,0.0,0,0,True,1008,0,8.447729007130857e-11,1.6467893715343957e-13,4.749389578468614e-10,0.8033470001009846,1.4139869899463502,3.4134969998831366,0.9920927176422534,3.131039807572961,-1.9120108196511865,3.1983353871396147,7.415555077236439,1155.4930665269262,0,56.66064937019394,56.45692030372658,1463.0499852174282,1500.0,-1.4410203667357564,0.0017352783714419395,0.0,0.0,0.0,0.0,0.0,0,0,0,0.0,0,0,True,1008,0,8.447729007130857e-11,1.6467893715343957e-13,4.749389578468614e-10,0.7655150000118738,1.3375041598646922,3.4134969998831366,0.3136279999580438,0.6089780900356337,2.8967769999326265,0.3136279999580438,0.6089780900356337,2.8967769999326265,0.3136279999580438,0.6089780900356337,2.8967769999326265,0.3136279999580438,0.6089780900356337,2.8967769999326265
May2024,550.0,True,180.0,swmpc,3,96.25,0.9875643909753158,4.003741895779967,-2.9606508696451783,12.922672069162706,5.2151484207607535,1039.3921473884384,0,228.1452093411647,228.11061968469951,1350.0,1500.0,-1.279093480668962,0.2319120553461379,45.96271247832252,0.0,1.2659190782782343e-14,45.96271247832252,0.0,0,0,0,0.0,0,0,True,1008,0,8.346801375799036e-11,2.1813695650662312e-13,5.385322811933382e-10,0.7158010000694048,1.0533195401603732,1.9106730001112737,1.0557185071690125,4.003741895779967,-2.9606508696451783,8.936722600901746,5.2151484207607535,1039.3921473884384,0,157.62065305162383,157.7507592494389,1361.9620305222813,1462.979164003443,0.28074588160961866,0.3006959487140414,45.96271247832252,0.0,1.2659190782782343e-14,45.96271247832252,0.0,0,0,0,0.0,0,0,True,1008,0,8.346801375799036e-11,2.1813695650662312e-13,5.385322811933382e-10,0.7426259999192553,1.0724037900945405,1.9106730001112737,0.9999305353134986,4.003741895779967,-2.9606508696451783,9.715979277401754,5.2151484207607535,1039.3921473884384,0,171.48341774465294,171.50617472531673,1350.0,1462.979164003443,0.28074588160961866,0.2983656113097999,45.96271247832252,0.0,1.2659190782782343e-14,45.96271247832252,0.0,0,0,0,0.0,0,0,True,1008,0,8.346801375799036e-11,2.1813695650662312e-13,5.385322811933382e-10,0.7426259999192553,1.0724037900945405,1.9106730001112737,0.943476802448849,2.580795930698514,-2.580795930698514,3.2066927917609522,7.4296731151396305,1154.8401091332612,0,56.66179159651176,56.60444495938279,1462.979164003443,1500.0,-1.279093480668962,0.0017224181936592586,0.0,0.0,0.0,0.0,0.0,0,0,0,0.0,0,0,True,1008,0,8.346801375799036e-11,2.1813695650662312e-13,5.385322811933382e-10,0.7158010000694048,1.0533195401603732,1.9106730001112737,0.2901630000451405,0.4878759800794794,0.6322740000541671,0.2901630000451405,0.4878759800794794,0.6322740000541671,0.2901630000451405,0.4878759800794794,0.6322740000541671,0.2901630000451405,0.4878759800794794,0.6322740000541671
May2024,550.0,True,180.0,swmpc,4,96.25,1.0167626867966861,3.6884694574400783,-3.431668068282306,12.934332851073359,5.213914908074029,1041.5055183776003,0,228.26429096442115,228.31645545716123,1350.0,1500.0,0.058802816085517406,0.2315498836144556,45.92358855087332,0.0,1.265350584589633e-14,45.92358855087332,0.0,0,0,0,0.0,0,0,True,1008,0,6.096049998336979e-11,1.8577672733499634e-13,2.968232122923392e-10,0.7346089998918615,1.2255442599416708,1.9516350000685634,1.0235557688839352,3.6884694574400783,-3.431668068282306,8.940410732425086,5.2223358338018375,1041.5055183776003,0,157.75511223123334,157.8158620364466,1361.6650484556046,1462.1751943742365,0.6881940308958292,0.3000377384901648,45.92358855087332,0.0,1.265350584589633e-14,45.92358855087332,0.0,0,0,0,0.0,0,0,True,1008,0,6.096049998336979e-11,1.8577672733499634e-13,2.968232122923392e-10,0.7669720000649249,1.247320459826824,1.9516350000685634,0.9881418160431107,3.6884694574400783,-3.431668068282306,9.723422319823834,5.213914908074029,1041.5055183776003,0,171.6008609852684,171.63755908686164,1350.0,1462.1751943742365,0.6881940308958292,0.2979060552071996,45.92358855087332,0.0,1.265350584589633e-14,45.92358855087332,0.0,0,0,0,0.0,0,0,True,1008,0,6.096049998336979e-11,1.8577672733499634e-13,2.968232122923392e-10,0.7669720000649249,1.247320459826824,1.9516350000685634,1.1102131628353693,3.5525461537763476,-2.4627026868984103,3.2109105312495245,7.4569516075243,1155.382775974461,0,56.66342997915274,56.67889637029958,1462.1751943742365,1500.0,0.058802816085517406,0.001697577891136448,0.0,0.0,0.0,0.0,0.0,0,0,0,0.0,0,0,True,1008,0,6.096049998336979e-11,1.8577672733499634e-13,2.968232122923392e-10,0.7346089998918615,1.2255442599416708,1.9516350000685634,0.30602700007875683,0.5812018398614777,1.2321890001203428,0.30602700007875683,0.5812018398614777,1.2321890001203428,0.30602700007875683,0.5812018398614777,1.2321890001203428,0.30602700007875683,0.5812018398614777,1.2321890001203428
May2024,550.0,True,180.0,swmpc_nosw,0,96.25,0.9861170161608354,3.187715613283217,-3.187715613283217,12.939244186686915,5.22096947991895,1041.2736786123712,0,228.6395386785829,228.40315020607298,1350.0,1500.0,-0.7568406276404858,0.23020051493374982,45.801167539429706,0.0,1.1993340490070331e-14,45.801167539429706,0.0,0,0,0,0.0,0,0,True,1008,0,8.608989404056118e-11,1.6188083227067008e-13,3.65629461326152e-10,0.7792760000029375,1.3298388799103122,4.777399999966292,1.0265845072801807,3.187715613283217,-3.187715613283217,8.960867558331742,5.22096947991895,1041.2736786123712,0,158.0918061457103,158.17696531364726,1364.2816018645858,1461.8879459250443,1.0709641696885228,0.29839424148625204,45.801167539429706,0.0,1.1296515257794915e-14,45.801167539429706,0.0,0,0,0,0.0,0,0,True,1008,0,8.608989404056118e-11,1.6188083227067008e-13,3.65629461326152e-10,0.8262269999477212,1.3391833400100948,4.777399999966292,0.9852392128067612,3.187715613283217,-3.187715613283217,9.748858214470337,5.22096947991895,1041.2736786123712,0,171.97221727698104,172.08655273608605,1350.0,1461.8879459250443,1.0709641696885228,0.2961842729557542,45.801167539429706,0.0,1.1993340490070331e-14,45.801167539429706,0.0,0,0,0,0.0,0,0,True,1008,0,8.608989404056118e-11,1.6188083227067008e-13,3.65629461326152e-10,0.8262269999477212,1.3391833400100948,4.777399999966292,0.9891516319836448,2.443663281388581,-2.443663281388581,3.1903859722165784,7.522183906780645,1155.0522960061128,0,56.66732140160187,56.31659746998693,1461.8879459250443,1500.0,-0.7568406276404858,0.0016382191049505446,0.0,0.0,0.0,0.0,0.0,0,0,0,0.0,0,0,True,1008,0,8.608989404056118e-11,1.6188083227067008e-13,3.65629461326152e-10,0.7792760000029375,1.3298388799103122,4.777399999966292,0.3164025000614856,0.5784926601813822,1.3262519998988864,0.3164025000614856,0.5784926601813822,1.3262519998988864,0.3164025000614856,0.5784926601813822,1.3262519998988864,0.3164025000614856,0.5784926601813822,1.3262519998988864
May2024,550.0,True,180.0,swmpc_nosw,1,96.25,0.9159014696851099,3.0202484782785177,-2.942930104210973,12.950747807483578,5.218248247492118,1041.7083830910435,0,228.72632029202535,228.6062117752662,1350.0,1500.0,-0.31455069221556187,0.22988228147219625,45.77753404382308,0.0,1.0818344104387917e-14,45.77753404382308,0.0,0,0,0,0.0,0,0,True,1008,0,9.842648315557398e-11,1.372832747547882e-13,8.28371584128773e-10,0.7104620001427975,1.0693234600876165,1.9724969999970199,0.98703903131207,3.0202484782785177,-2.942930104210973,8.967342424038408,5.218248247492118,1041.7083830910435,0,158.22141197915315,158.29125944885325,1362.8358752763736,1459.847166563524,1.2453378876671195,0.2974285626151484,45.77753404382308,0.0,1.0818344104387917e-14,45.77753404382308,0.0,0,0,0,0.0,0,0,True,1008,0,9.842648315557398e-11,1.372832747547882e-13,8.28371584128773e-10,0.7346090000055483,1.0923551900441446,1.3094559999444755,0.9298785962614978,3.0202484782785177,-2.942930104210973,9.756419475991603,5.218248247492118,1041.7083830910435,0,172.06058390571735,172.22002389761948,1350.0,1459.847166563524,1.2453378876671195,0.2957672130558483,45.77753404382308,0.0,1.0818344104387917e-14,45.77753404382308,0.0,0,0,0,0.0,0,0,True,1008,0,9.842648315557398e-11,1.372832747547882e-13,8.28371584128773e-10,0.7346090000055483,1.0923551900441446,1.3094559999444755,0.8657429916024325,2.726065071299672,-2.470074317418039,3.1943283314919757,7.495698543959188,1155.1906901583964,0,56.665736386308,56.386187877646705,1459.847166563524,1500.0,-0.31455069221556187,0.0016623122752162933,0.0,0.0,0.0,0.0,0.0,0,0,0,0.0,0,0,True,1008,0,9.842648315557398e-11,1.372832747547882e-13,8.28371584128773e-10,0.7104620001427975,1.0693234600876165,1.9724969999970199,0.2720005001037862,0.41973784998617686,0.6113120000463823,0.2720005001037862,0.41973784998617686,0.6113120000463823,0.2720005001037862,0.41973784998617686,0.6113120000463823,0.2720005001037862,0.41973784998617686,0.6113120000463823
May2024,550.0,True,180.0,swmpc_nosw,2,96.25,0.8900118216266304,3.07509776763618,-3.07509776763618,12.926762532198705,5.225981487635072,1041.4762628677547,0,228.39960088606736,228.18282441549732,1350.0,1500.0,-1.1627084640786052,0.23097687051953286,45.780336075096756,0.0,1.1050020647303522e-14,45.780336075096756,0.0,0,0,0,0.0,0,0,True,1008,0,5.7341351972281686e-11,1.7587562226158562e-13,5.371691229073878e-10,0.7458459999725164,1.3536986399412851,4.758872000138581,0.9380368991691537,3.07509776763618,-3.07509776763618,8.947152667533793,5.23050987483165,1041.4762628677547,0,157.88864903516065,157.93487047272694,1364.0060204340562,1462.2567795985267,1.0622147442772985,0.2991806808660271,45.780336075096756,0.0,1.1050020647303522e-14,45.780336075096756,0.0,0,0,0,0.0,0,0,True,1008,0,5.7341351972281686e-11,1.7587562226158562e-13,5.371691229073878e-10,0.7872779999615886,1.3716036800519757,4.758872000138581,0.887055061479695,3.07509776763618,-3.07509776763618,9.733733352164412,5.225981487635072,1041.4762628677547,0,171.7379951787971,171.8195691204061,1350.0,1462.2567795985267,1.0622147442772985,0.29716098053514683,45.780336075096756,0.0,1.1050020647303522e-14,45.780336075096756,0.0,0,0,0,0.0,0,0,True,1008,0,5.7341351972281686e-11,1.7587562226158562e-13,5.371691229073878e-10,0.7872779999615886,1.3716036800519757,4.758872000138581,0.9001787123626469,2.941101746633649,-1.8544538645073771,3.1930291800342925,7.4317002319703365,1155.426367233284,0,56.66160570727027,56.36325529509122,1462.2567795985267,1500.0,-1.1627084640786052,0.0017205719087463045,0.0,0.0,0.0,0.0,0.0,0,0,0,0.0,0,0,True,1008,0,5.7341351972281686e-11,1.7587562226158562e-13,5.371691229073878e-10,0.7458459999725164,1.3536986399412851,4.758872000138581,0.301429499927508,0.6008567500816748,2.67731099984303,0.301429499927508,0.6008567500816748,2.67731099984303,0.301429499927508,0.6008567500816748,2.67731099984303,0.301429499927508,0.6008567500816748,2.67731099984303
May2024,550.0,True,180.0,swmpc_nosw,3,96.25,1.0064136072400909,3.4066693894565105,-3.4066693894565105,12.951734628783083,5.217706371294483,1040.4400306760324,0,228.65447888395215,228.62363111524283,1350.0,1500.0,-1.0511363884434104,0.2301351233273169,45.79125676840616,0.0,1.2232238641612461e-14,45.79125676840616,0.0,0,0,0,0.0,0,0,True,1008,0,6.450741139445508e-11,1.80859940203319e-13,5.143635411680185e-10,0.7600169999477657,1.3262840001743823,7.931088999839631,1.1133971420939606,3.4066693894565105,-3.4066693894565105,8.97160371414314,5.217706371294483,1040.4400306760324,0,158.1285997647929,158.36647961394416,1361.802969689135,1462.183975172028,1.2982987593859434,0.29803306008687824,45.79125676840616,0.0,1.2232238641612461e-14,45.79125676840616,0.0,0,0,0,0.0,0,0,True,1008,0,6.450741139445508e-11,1.80859940203319e-13,5.143635411680185e-10,0.8056854999267671,1.4285286200083596,7.931088999839631,1.0524415096114152,3.4066693894565105,-3.4066693894565105,9.751494344336447,5.217706371294483,1040.4400306760324,0,171.99067763575863,172.13308562139753,1350.0,1462.183975172028,1.2982987593859434,0.2960845077888212,45.79125676840616,0.0,1.2232238641612461e-14,45.79125676840616,0.0,0,0,0,0.0,0,0,True,1008,0,6.450741139445508e-11,1.80859940203319e-13,5.143635411680185e-10,0.8056854999267671,1.4285286200083596,7.931088999839631,0.8274122059472567,2.053011336363852,-2.053011336363852,3.200240284446636,7.463194262024558,1154.7914366625826,0,56.66380124819352,56.4905454938453,1462.183975172028,1500.0,-1.0511363884434104,0.0016918946771570242,0.0,0.0,0.0,0.0,0.0,0,0,0,0.0,0,0,True,1008,0,6.450741139445508e-11,1.80859940203319e-13,5.143635411680185e-10,0.7600169999477657,1.3262840001743823,7.931088999839631,0.3156715001750854,0.6246748199464484,1.4397330000974762,0.3156715001750854,0.6246748199464484,1.4397330000974762,0.3156715001750854,0.6246748199464484,1.4397330000974762,0.3156715001750854,0.6246748199464484,1.4397330000974762
May2024,550.0,True,180.0,swmpc_nosw,4,96.25,1.047393389677452,4.077120928093791,-4.077120928093791,12.951969644696876,5.2143036147461235,1042.1225793956983,0,228.57171705780112,228.6277796090993,1350.0,1500.0,0.17024985887110233,0.23041761443639674,45.79171480816377,0.0,1.2341807345858418e-14,45.79171480816377,0.0,0,0,0,0.0,0,0,True,1008,0,7.279562001742217e-11,1.483499958887099e-13,3.7439879655012e-10,0.7443839999723423,1.3033445600012783,1.9156719999955385,1.1133322205669036,4.077120928093791,-4.077120928093791,8.96407553211701,5.222728598681881,1042.1225793956983,0,158.06140899242678,158.23359237066256,1361.49132923841,1461.6592645171809,1.6410019863396883,0.2983361456743546,45.79171480816377,0.0,1.2341807345858418e-14,45.79171480816377,0.0,0,0,0,0.0,0,0,True,1008,0,7.279562001742217e-11,1.483499958887099e-13,3.7439879655012e-10,0.7895865001046332,1.3182507198735034,1.9156719999955385,1.0643905250435663,4.077120928093791,-4.077120928093791,9.747655460657004,5.2143036147461235,1042.1225793956983,0,171.90663895797854,172.0653217618527,1350.0,1461.6592645171809,1.6410019863396883,0.2964541494276406,45.79171480816377,0.0,1.2341807345858418e-14,45.79171480816377,0.0,0,0,0,0.0,0,0,True,1008,0,7.279562001742217e-11,1.483499958887099e-13,3.7439879655012e-10,0.7895865001046332,1.3182507198735034,1.9156719999955385,0.9862545803940712,3.053215810097754,-2.618619996123016,3.2043141840398714,7.48449879472474,1155.0864571458953,0,56.66507809982258,56.562457847246606,1461.6592645171809,1500.0,0.17024985887110233,0.0016725035388927,0.0,0.0,0.0,0.0,0.0,0,0,0,0.0,0,0,True,1008,0,7.279562001742217e-11,1.483499958887099e-13,3.7439879655012e-10,0.7443839999723423,1.3033445600012783,1.9156719999955385,0.30917200001567835,0.564147150150802,1.1868809999668883,0.30917200001567835,0.564147150150802,1.1868809999668883,0.30917200001567835,0.564147150150802,1.1868809999668883,0.30917200001567835,0.564147150150802,1.1868809999668883
