protocol_sha256,event,h_km,payload,phase_deg,ctrl,seed,completion_event_h,full_rms,full_maxabs,full_min_x,full_fuel_g,full_minA,full_minE,full_n_floor_viol,full_drag_imp,full_thr_imp,full_E_start_Wh,full_E_end_Wh,full_x_end,full_mean_gen_loss,full_max_slack,full_max_slack_x_m,full_max_slack_E_Wh,full_max_slack_T_mN,full_u_sat_frac,full_total_generated_Wh,full_total_load_Wh,full_total_propulsion_Wh,full_total_shunt,full_total_unserved_Wh,full_energy_closure_error_Wh,full_fuel_power_closure_error_Wh,full_n_area_floor_viol,full_forced_fallback_steps,full_missing_measurement_steps,full_unserved_bus_Wh,full_n_energy_floor_viol,full_n_physical_battery_floor,full_powered_regime_valid,full_qp_attempts_all,full_qp_failures_all,full_max_qp_violation,full_max_kkt_scaled,full_max_complementarity,full_loop_med_ms,full_loop_p99_ms,full_loop_max_ms,event_window_rms,event_window_maxabs,event_window_min_x,event_window_fuel_g,event_window_minA,event_window_minE,event_window_n_floor_viol,event_window_drag_imp,event_window_thr_imp,event_window_E_start_Wh,event_window_E_end_Wh,event_window_x_end,event_window_mean_gen_loss,event_window_max_slack,event_window_max_slack_x_m,event_window_max_slack_E_Wh,event_window_max_slack_T_mN,event_window_u_sat_frac,event_window_total_generated_Wh,event_window_total_load_Wh,event_window_total_propulsion_Wh,event_window_total_shunt,event_window_total_unserved_Wh,event_window_energy_closure_error_Wh,event_window_fuel_power_closure_error_Wh,event_window_n_area_floor_viol,event_window_forced_fallback_steps,event_window_missing_measurement_steps,event_window_unserved_bus_Wh,event_window_n_energy_floor_viol,event_window_n_physical_battery_floor,event_window_powered_regime_valid,event_window_qp_attempts_all,event_window_qp_failures_all,event_window_max_qp_violation,event_window_max_kkt_scaled,event_window_max_complementarity,event_window_loop_med_ms,event_window_loop_p99_ms,event_window_loop_max_ms,before_recovery_rms,before_recovery_maxabs,before_recovery_min_x,before_recovery_fuel_g,before_recovery_minA,before_recovery_minE,before_recovery_n_floor_viol,before_recovery_drag_imp,before_recovery_thr_imp,before_recovery_E_start_Wh,before_recovery_E_end_Wh,before_recovery_x_end,before_recovery_mean_gen_loss,before_recovery_max_slack,before_recovery_max_slack_x_m,before_recovery_max_slack_E_Wh,before_recovery_max_slack_T_mN,before_recovery_u_sat_frac,before_recovery_total_generated_Wh,before_recovery_total_load_Wh,before_recovery_total_propulsion_Wh,before_recovery_total_shunt,before_recovery_total_unserved_Wh,before_recovery_energy_closure_error_Wh,before_recovery_fuel_power_closure_error_Wh,before_recovery_n_area_floor_viol,before_recovery_forced_fallback_steps,before_recovery_missing_measurement_steps,before_recovery_unserved_bus_Wh,before_recovery_n_energy_floor_viol,before_recovery_n_physical_battery_floor,before_recovery_powered_regime_valid,before_recovery_qp_attempts_all,before_recovery_qp_failures_all,before_recovery_max_qp_violation,before_recovery_max_kkt_scaled,before_recovery_max_complementarity,before_recovery_loop_med_ms,before_recovery_loop_p99_ms,before_recovery_loop_max_ms,recovery_rms,recovery_maxabs,recovery_min_x,recovery_fuel_g,recovery_minA,recovery_minE,recovery_n_floor_viol,recovery_drag_imp,recovery_thr_imp,recovery_E_start_Wh,recovery_E_end_Wh,recovery_x_end,recovery_mean_gen_loss,recovery_max_slack,recovery_max_slack_x_m,recovery_max_slack_E_Wh,recovery_max_slack_T_mN,recovery_u_sat_frac,recovery_total_generated_Wh,recovery_total_load_Wh,recovery_total_propulsion_Wh,recovery_total_shunt,recovery_total_unserved_Wh,recovery_energy_closure_error_Wh,recovery_fuel_power_closure_error_Wh,recovery_n_area_floor_viol,recovery_forced_fallback_steps,recovery_missing_measurement_steps,recovery_unserved_bus_Wh,recovery_n_energy_floor_viol,recovery_n_physical_battery_floor,recovery_powered_regime_valid,recovery_qp_attempts_all,recovery_qp_failures_all,recovery_max_qp_violation,recovery_max_kkt_scaled,recovery_max_complementarity,recovery_loop_med_ms,recovery_loop_p99_ms,recovery_loop_max_ms,full_solve_med_ms,full_solve_p99_ms,full_solve_max_ms,event_window_solve_med_ms,event_window_solve_p99_ms,event_window_solve_max_ms,before_recovery_solve_med_ms,before_recovery_solve_p99_ms,before_recovery_solve_max_ms,recovery_solve_med_ms,recovery_solve_p99_ms,recovery_solve_max_ms
1d51662afb815f886e6a892a9e4aa57a92f1f105af85fa83950794075ee6f9fd,Feb2022,400.0,False,0.0,pid_lowdrag_preview,0,96.16666666666667,1.2402806430263877,4.8629050850868225,-4.336441549472511,28.493157133094353,6.865544560413195,1126.6208050263438,0,503.2306845876554,502.9603549186628,1350.0,1500.0,-1.8353498298674822,0.24532064654818786,0.0,0.0,0.0,0.0,0.0,76482.62252683387,64900.0,2466.178082281579,8966.444444552299,0.0,1.8189894035458565e-12,3.637978807091713e-12,0,0,0,0.0,0,0,True,0,0,,,,0.26722899997366767,0.4718579999575919,20.53284600015104,1.2290381433099438,4.8629050850868225,-3.8746841670945287,17.98837331557321,6.865544560413195,1132.782434566555,0,317.496428397418,317.5302261152972,1284.316186377139,1211.6639387400019,0.0714892316609621,0.3147895408029774,0.0,0.0,0.0,0.0,0.0,46354.63450815805,43200.0,1556.9538959668057,1670.3328598283815,0.0,-1.1368683772161603e-12,8.185452315956354e-12,0,0,0,0.0,0,0,True,0,0,,,,0.2658959999735089,0.4712972199422437,20.53284600015104,1.202446721346019,4.8629050850868225,-3.8746841670945287,20.52212472800761,6.865544560413195,1132.782434566555,0,362.2453943850723,362.25593003504673,1350.0,1211.6639387400019,0.0714892316609621,0.31571418613342594,0.0,0.0,0.0,0.0,0.0,53932.69187821751,50400.0,1776.2585581391118,1894.7693813384026,0.0,3.637978807091713e-12,7.73070496506989e-12,0,0,0,0.0,0,0,True,0,0,,,,0.2658959999735089,0.4712972199422437,20.53284600015104,1.3636451666354765,4.336441549472511,-4.336441549472511,7.971032405086742,8.636015158665616,1126.6208050263438,0,140.9852902025831,140.70442488361607,1211.6639387400019,1500.0,-1.8353498298674822,0.0006424124036361611,0.0,0.0,0.0,0.0,0.0,22549.930648616355,14500.0,689.9195241424675,7071.675063213896,0.0,6.366462912410498e-12,-3.637978807091713e-12,0,0,0,0.0,0,0,True,0,0,,,,0.26722899997366767,0.4718579999575919,20.53284600015104,,,,,,,,,,,,
1d51662afb815f886e6a892a9e4aa57a92f1f105af85fa83950794075ee6f9fd,Feb2022,400.0,False,0.0,pid_lowdrag_preview,1,96.16666666666667,1.2671947616746435,5.4494449486956,-4.782498856075108,28.50097148995334,6.854847534672427,1125.9435495316961,0,503.3349012428571,503.0982937115131,1350.0,1500.0,-1.6064108088612556,0.24523986988690394,0.0,0.0,0.0,0.0,0.0,76510.83718863732,64900.0,2466.854441012997,8993.98274762432,0.0,-1.8189894035458565e-12,-4.547473508864641e-13,0,0,0,0.0,0,0,True,0,0,,,,0.265545500042208,0.48471585998868244,20.521948999885353,1.2805190466848269,5.4494449486956,-4.782498856075108,18.002536702341366,6.860907116201167,1130.4833577394284,0,317.57327528343615,317.7802377936288,1284.181199455481,1210.384236477752,1.4058743612840772,0.31465346034111286,0.0,0.0,0.0,0.0,0.0,46373.36020772885,43200.0,1558.1797844794376,1688.9773862271422,0.0,-1.5916157281026244e-12,-7.048583938740194e-12,0,0,0,0.0,0,0,True,0,0,,,,0.2646794999918711,0.5332432400678019,20.521948999885353,1.2342682605521538,5.4494449486956,-4.782498856075108,20.53883869763969,6.854847534672427,1130.4833577394284,0,362.34387544313404,362.5509645255751,1350.0,1210.384236477752,1.4058743612840772,0.3156289028225624,0.0,0.0,0.0,0.0,0.0,53960.837188637335,50400.0,1777.7052081323575,1922.7477440272144,0.0,-1.1368683772161603e-11,-6.821210263296962e-12,0,0,0,0.0,0,0,True,0,0,,,,0.2646794999918711,0.5332432400678019,20.521948999885353,1.3755253340950686,4.148047600872815,-4.148047600872815,7.96213279231365,8.759668853676056,1125.9435495316961,0,140.99102579972305,140.547329185938,1210.384236477752,1500.0,-1.6064108088612556,0.0005773002346841638,0.0,0.0,0.0,0.0,0.0,22550.0,14500.0,689.1492328806397,7071.235003597107,0.0,-5.4569682106375694e-12,6.252776074688882e-12,0,0,0,0.0,0,0,True,0,0,,,,0.265545500042208,0.48471585998868244,20.521948999885353,,,,,,,,,,,,
1d51662afb815f886e6a892a9e4aa57a92f1f105af85fa83950794075ee6f9fd,Feb2022,400.0,False,0.0,pid_lowdrag_preview,2,96.16666666666667,1.2670701091135987,4.319005864672363,-4.319005864672363,28.499703707067415,6.847836173448682,1126.6974236415676,0,503.3486900802984,503.07591484604063,1350.0,1500.0,-1.8519621137529612,0.2452598441458821,0.0,0.0,0.0,0.0,0.0,76515.69722465333,64900.0,2466.7447101624625,8998.952514490868,0.0,3.637978807091713e-12,-1.000444171950221e-11,0,0,0,0.0,0,0,True,0,0,,,,0.2933525000798909,0.4290256801095892,1.3271330001316528,1.2837500956035257,4.319005864672363,-4.319005864672363,17.97990982669584,6.847836173448682,1131.6059421460955,0,317.59647169660104,317.3808288635375,1283.4898377351242,1215.3963982686182,-1.4296638360247016,0.3146741638780912,0.0,0.0,0.0,0.0,0.0,46380.65484010861,43200.0,1556.2213526873134,1692.5269268878035,0.0,-2.2737367544323206e-13,-4.774847184307873e-12,0,0,0,0.0,0,0,True,0,0,,,,0.30248150005718344,0.406937130019287,0.7048939999094728,1.255503180908737,4.319005864672363,-4.319005864672363,20.516438816739615,6.847836173448682,1131.6059421460955,0,362.36614504864696,362.15556249992056,1350.0,1215.3963982686182,-1.4296638360247016,0.31563000947132835,0.0,0.0,0.0,0.0,0.0,53965.913224570264,50400.0,1775.7664234949311,1924.7504028067065,0.0,-8.185452315956354e-12,-4.320099833421409e-12,0,0,0,0.0,0,0,True,0,0,,,,0.30248150005718344,0.406937130019287,0.7048939999094728,1.3064787939724836,3.6719850916415453,-3.460165328346193,7.983264890327799,8.612940712834881,1126.6974236415676,0,140.98254503165145,140.92035234612007,1215.3963982686182,1500.0,-1.8519621137529612,0.0006628557043305561,0.0,0.0,0.0,0.0,0.0,22549.78400008307,14500.0,690.9782866675316,7074.202111684161,0.0,4.547473508864641e-12,-5.115907697472721e-12,0,0,0,0.0,0,0,True,0,0,,,,0.2933525000798909,0.4290256801095892,1.3271330001316528,,,,,,,,,,,,
1d51662afb815f886e6a892a9e4aa57a92f1f105af85fa83950794075ee6f9fd,Feb2022,400.0,False,0.0,pid_lowdrag_preview,3,96.16666666666667,1.2707419943467009,5.416860247030854,-4.178274488076568,28.497849693959353,6.849914351389062,1126.8725857619268,0,503.35134294613147,503.04318786228134,1350.0,1500.0,-2.092141787521541,0.24523893016924836,0.0,0.0,0.0,0.0,0.0,76516.34041319153,64900.0,2466.584239124818,8999.75617406669,0.0,-2.1827872842550278e-11,5.9117155615240335e-12,0,0,0,0.0,0,0,True,0,0,,,,0.2892120000979048,0.37969203011925856,0.7051049999518,1.264255816707845,5.416860247030854,-3.412022612988949,18.008005581545767,6.858816443789289,1129.727580486053,0,317.5862538758477,317.8767742852775,1285.5868056889997,1213.227252725501,0.3841781010851264,0.3146794545664847,0.0,0.0,0.0,0.0,0.0,46375.243451186616,43200.0,1558.6531342723567,1688.949869877746,0.0,-1.1596057447604835e-11,-5.9117155615240335e-12,0,0,0,0.0,0,0,True,0,0,,,,0.30211099999633007,0.3792326000166213,0.7051049999518,1.2494872509228117,5.416860247030854,-4.178274488076568,20.531509676596574,6.849914351389062,1129.727580486053,0,362.36499974894514,362.42159286599144,1350.0,1213.227252725501,0.3841781010851264,0.3156119384796031,0.0,0.0,0.0,0.0,0.0,53966.340763615546,50400.0,1777.0708568396362,1926.042654050394,0.0,-1.4779288903810084e-11,-5.9117155615240335e-12,0,0,0,0.0,0,0,True,0,0,,,,0.30211099999633007,0.3792326000166213,0.7051049999518,1.3420045136908427,4.028327218256891,-4.028327218256891,7.9663400173627785,8.646922682141705,1126.8725857619268,0,140.98634319718633,140.6215949962899,1213.227252725501,1500.0,-2.092141787521541,0.0006320599042913821,0.0,0.0,0.0,0.0,0.0,22549.999649575984,14500.0,689.5133822851813,7073.713520016295,0.0,-9.322320693172514e-12,1.1254996934439987e-11,0,0,0,0.0,0,0,True,0,0,,,,0.2892120000979048,0.37969203011925856,0.7051049999518,,,,,,,,,,,,
1d51662afb815f886e6a892a9e4aa57a92f1f105af85fa83950794075ee6f9fd,Feb2022,400.0,False,0.0,pid_lowdrag_preview,4,96.16666666666667,1.321724132473587,5.700528729707003,-3.70615547709167,28.507226802711784,6.852113324920872,1126.2292280152021,0,503.3175513904702,503.2087123046673,1350.0,1500.0,-0.7389687616378069,0.2453173115234466,0.0,0.0,0.0,0.0,0.0,76508.69324416136,64900.0,2467.395859261268,8991.297384900092,0.0,0.0,0.0,0,0,0,0.0,0,0,True,0,0,,,,0.18797899997480272,0.4228541198813217,0.6530660000407806,1.2645378160649379,5.700528729707003,-3.522935464978218,17.98821003583585,6.856418855089405,1129.9145643269646,0,317.5663959823244,317.5273439062755,1283.7678090167915,1213.7448960561373,-0.9953927677124739,0.31477767144044233,0.0,0.0,0.0,0.0,0.0,46377.22577774477,43200.0,1556.9397635592345,1690.3089271461872,0.0,9.094947017729282e-13,7.048583938740194e-12,0,0,0,0.0,0,0,True,0,0,,,,0.1729110000496803,0.42640272999506124,0.6530660000407806,1.2418616409934071,5.700528729707003,-3.522935464978218,20.51817282907815,6.852113324920872,1129.9145643269646,0,362.33278656543587,362.1861712337047,1350.0,1213.7448960561373,-0.9953927677124739,0.3157086200838778,0.0,0.0,0.0,0.0,0.0,53958.79382707828,50400.0,1775.916508064502,1919.1324229576426,0.0,-1.3642420526593924e-12,7.503331289626658e-12,0,0,0,0.0,0,0,True,0,0,,,,0.1729110000496803,0.42640272999506124,0.6530660000407806,1.5679869365807009,5.0685078445822,-3.70615547709167,7.989053973633634,8.631077931756948,1126.2292280152021,0,140.98476482503435,141.02254107096257,1213.7448960561373,1500.0,-0.7389687616378069,0.0006468321133957788,0.0,0.0,0.0,0.0,0.0,22549.89941708308,14500.0,691.479351196766,7072.164961942451,0.0,-2.2737367544323206e-12,-7.275957614183426e-12,0,0,0,0.0,0,0,True,0,0,,,,0.18797899997480272,0.4228541198813217,0.6530660000407806,,,,,,,,,,,,
1d51662afb815f886e6a892a9e4aa57a92f1f105af85fa83950794075ee6f9fd,Feb2022,400.0,False,0.0,swmpc,0,96.16666666666667,1.1966830286653283,4.537740035913885,-4.345595453865826,28.66738068786137,6.3349440011409435,1126.6208191351845,0,506.30607550289506,506.03574388070797,1350.0,1500.0,-1.8353511625900865,0.21011979609040765,34.465759736944996,0.0,1.2947840417104316e-14,34.465759736944996,0.0,75091.55069497491,64900.0,2481.2577138638826,7560.292981111021,0.0,-7.275957614183426e-12,9.094947017729282e-12,0,0,0,0.0,0,0,True,1008,0,3.780086273167783e-11,1.606150117288547e-13,1.0595839036891006e-10,0.7083644999283933,1.135548339998422,2.3745240000607737,1.1600054665036201,4.537740035913885,-3.2117571560665965,18.11462317223406,6.348087665998379,1129.3666172076632,0,319.87969436264984,319.75878479757966,1327.1244437556124,1210.5961257825725,0.03881135303527117,0.2713890854601515,34.441331009649126,0.0,1.1156747791749159e-14,34.441331009649126,0.0,45059.68892752609,43200.0,1567.8812434675935,408.33600203153014,0.0,-7.275957614183426e-12,-2.5011104298755527e-12,0,0,0,0.0,0,0,True,1008,0,3.780086273167783e-11,1.606150117288547e-13,1.0595839036891006e-10,0.735716000008324,1.1532088300259598,2.3745240000607737,1.144153612986919,4.537740035913885,-3.2117571560665965,20.69288464061287,6.3349440011409435,1129.3666172076632,0,365.26445858661754,365.2701788895584,1350.0,1210.5961257825725,0.03881135303527117,0.2705623057270551,34.465759736944996,0.0,1.2947840417104316e-14,34.465759736944996,0.0,52541.55069497491,50400.0,1791.0383999036453,489.91616928869394,0.0,1.1368683772161603e-12,-2.2737367544323206e-12,0,0,0,0.0,0,0,True,1008,0,3.780086273167783e-11,1.606150117288547e-13,1.0595839036891006e-10,0.735716000008324,1.1532088300259598,2.3745240000607737,1.363617225402539,4.345595453865826,-4.345595453865826,7.9744960472485005,9.930470780179038,1126.6208191351845,0,141.04161691627752,140.76556499114957,1210.5961257825725,1500.0,-1.8353511625900865,2.996949130218418e-05,0.0,0.0,0.0,0.0,0.0,22550.0,14500.0,690.2193139602377,7070.376811822328,0.0,-6.821210263296962e-12,1.1596057447604835e-11,0,0,0,0.0,0,0,True,1008,0,3.780086273167783e-11,1.606150117288547e-13,1.0595839036891006e-10,0.7083644999283933,1.135548339998422,2.3745240000607737,0.26658249998945394,0.5465609301313621,1.5681669999594305,0.26658249998945394,0.5465609301313621,1.5681669999594305,0.26658249998945394,0.5465609301313621,1.5681669999594305,0.26658249998945394,0.5465609301313621,1.5681669999594305
1d51662afb815f886e6a892a9e4aa57a92f1f105af85fa83950794075ee6f9fd,Feb2022,400.0,False,0.0,swmpc,1,96.16666666666667,1.152804279761461,4.148058474995196,-4.148058474995196,28.672226706060304,6.3770080048280136,1125.9557685282937,0,506.35789572287183,506.1212856485783,1350.0,1500.0,-1.6064131166785955,0.21003067353477511,34.47868333860492,0.0,1.4917590655730063e-14,34.47868333860492,0.0,75087.16434973133,64900.0,2481.6771529528096,7555.487196778513,0.0,-1.1823431123048067e-11,9.094947017729282e-12,0,0,0,0.0,0,0,True,1008,0,3.1073294127847534e-11,2.2198888877571017e-13,1.3042262172548952e-10,0.7493610000892659,1.2726782400250156,4.911515000003419,1.1220969961224705,3.6154296584427357,-3.3948669005185366,18.111382764802833,6.401930301084191,1129.8378830755148,0,319.8141569258734,319.7015852228193,1325.6365784243487,1210.4677574081784,0.2613919246941805,0.27174247927403883,34.4252006527416,0.0,1.4917590655730063e-14,34.4252006527416,0.0,45056.12955884024,43200.0,1567.600775362676,403.6976044937328,0.0,-4.320099833421409e-12,8.412825991399586e-12,0,0,0,0.0,0,0,True,1008,0,3.1073294127847534e-11,2.2198888877571017e-13,1.3042262172548952e-10,0.7857260000037058,1.29250955000316,4.911515000003419,1.0812130536831421,3.6154296584427357,-3.3948669005185366,20.697701232117513,6.3770080048280136,1129.8378830755148,0,365.31669518372735,365.35520121830405,1350.0,1210.4677574081784,0.2613919246941805,0.27044682005411924,34.47868333860492,0.0,1.4917590655730063e-14,34.47868333860492,0.0,52537.164349731334,50400.0,1791.4552920137357,485.24130030942297,0.0,2.7284841053187847e-12,8.412825991399586e-12,0,0,0,0.0,0,0,True,1008,0,3.1073294127847534e-11,2.2198888877571017e-13,1.3042262172548952e-10,0.7857260000037058,1.29250955000316,4.911515000003419,1.372906887690729,4.148058474995196,-4.148058474995196,7.974525473942791,9.924642931311976,1125.9557685282937,0,141.04120053914448,140.76608443027425,1210.4677574081784,1500.0,-1.6064131166785955,3.2481495124137005e-05,0.0,0.0,0.0,0.0,0.0,22550.0,14500.0,690.2218609390738,7070.24589646909,0.0,-1.4097167877480388e-11,1.1368683772161603e-12,0,0,0,0.0,0,0,True,1008,0,3.1073294127847534e-11,2.2198888877571017e-13,1.3042262172548952e-10,0.7493610000892659,1.2726782400250156,4.911515000003419,0.2939940000032948,0.5384464401367948,4.208402999893224,0.2939940000032948,0.5384464401367948,4.208402999893224,0.2939940000032948,0.5384464401367948,4.208402999893224,0.2939940000032948,0.5384464401367948,4.208402999893224
1d51662afb815f886e6a892a9e4aa57a92f1f105af85fa83950794075ee6f9fd,Feb2022,400.0,False,0.0,swmpc,2,96.16666666666667,1.142113652975345,3.9563875114545226,-3.4601894803345203,28.681322150774367,6.288292564402535,1126.6974251218285,0,506.5546155307882,506.28183816580304,1350.0,1500.0,-1.8519613444805145,0.20953137460457605,34.46725703430446,0.0,1.2369262153885234e-14,34.46725703430446,0.0,75089.07910658573,64900.0,2482.4643941243335,7556.6147124613835,0.0,-1.6370904631912708e-11,-1.000444171950221e-11,0,0,0,0.0,0,0,True,1008,0,2.2463455030454696e-11,1.6912765024733012e-13,1.4672795206843614e-10,0.7729170000629892,1.2813656001435445,2.672343999847726,1.1200107780299586,3.9563875114545226,-3.0067501943558455,18.115709992760298,6.288292564402535,1129.130145118421,0,320.06337217088924,319.7779693209044,1327.9491891119899,1212.8789496594204,-1.0415062196552753,0.2707088472718956,34.437066245414094,0.0,1.2369262153885234e-14,34.437066245414094,0.0,45059.139914456005,43200.0,1567.9753114204177,406.23484248814975,0.0,-7.503331289626658e-12,-8.640199666842818e-12,0,0,0,0.0,0,0,True,1008,0,2.2463455030454696e-11,1.6912765024733012e-13,1.4672795206843614e-10,0.9067385000207651,1.3119381999376853,2.672343999847726,1.0891270038026157,3.9563875114545226,-3.0067501943558455,20.698012145883496,6.288292564402535,1129.130145118421,0,365.5140992436342,365.3606894587705,1350.0,1212.8789496594204,-1.0415062196552753,0.2698042650978848,34.46725703430446,0.0,1.2369262153885234e-14,34.46725703430446,0.0,52539.079106585734,50400.0,1791.4822026404202,484.7179542858803,0.0,-1.2960299500264227e-11,-8.412825991399586e-12,0,0,0,0.0,0,0,True,1008,0,2.2463455030454696e-11,1.6912765024733012e-13,1.4672795206843614e-10,0.9067385000207651,1.3119381999376853,2.672343999847726,1.3097178118791373,3.669661570340395,-3.4601894803345203,7.983310004890871,9.927799855425487,1126.6974251218285,0,141.04051628715405,140.92114870703256,1212.8789496594204,1500.0,-1.8519613444805145,3.1120751971869254e-05,0.0,0.0,0.0,0.0,0.0,22550.0,14500.0,690.9821914839133,7071.896758175504,0.0,-3.183231456205249e-12,-1.7053025658242404e-12,0,0,0,0.0,0,0,True,1008,0,2.2463455030454696e-11,1.6912765024733012e-13,1.4672795206843614e-10,0.7729170000629892,1.2813656001435445,2.672343999847726,0.32325800009402883,0.5566558400960272,1.023915999894598,0.32325800009402883,0.5566558400960272,1.023915999894598,0.32325800009402883,0.5566558400960272,1.023915999894598,0.32325800009402883,0.5566558400960272,1.023915999894598
1d51662afb815f886e6a892a9e4aa57a92f1f105af85fa83950794075ee6f9fd,Feb2022,400.0,False,0.0,swmpc,3,96.16666666666667,1.1737163205899366,4.030379970557988,-4.030379970557988,28.679382068189142,6.36572541867174,1126.8725130899365,0,506.55574949119057,506.2475918862146,1350.0,1500.0,-2.0921422466635704,0.20959016365612027,34.496386302148025,0.0,1.6281585133208633e-14,34.496386302148025,0.0,75092.63013245977,64900.0,2482.2964734854704,7560.333658974307,0.0,3.637978807091713e-12,6.821210263296962e-12,0,0,0,0.0,0,0,True,1008,0,3.933689706612847e-11,1.6907173376657788e-13,1.466796927445287e-10,0.7787999999209205,1.2473001199418832,4.589337999959753,1.138639106778418,3.094308919273317,-3.0704747466370463,18.1397190182971,6.402279962579755,1127.8485506008437,0,320.06033750661993,320.2017759194098,1325.8585306903656,1211.29670198928,0.35386963840574026,0.2708118244041534,34.44106159520521,0.0,1.6281585133208633e-14,34.44106159520521,0.0,45063.344509246424,43200.0,1570.0533729100398,407.8529650374767,0.0,6.59383658785373e-12,-4.547473508864641e-13,0,0,0,0.0,0,0,True,1008,0,3.933689706612847e-11,1.6907173376657788e-13,1.466796927445287e-10,0.9182965000036347,1.2739091698904297,4.589337999959753,1.1207618515038582,3.333014812320471,-3.333014812320471,20.709654862217835,6.36572541867174,1127.8485506008437,0,365.51408032880875,365.56620633822325,1350.0,1211.29670198928,0.35386963840574026,0.26987997667219066,34.496386302148025,0.0,1.6281585133208633e-14,34.496386302148025,0.0,52542.63013245979,50400.0,1792.489918693369,488.84351177713415,0.0,-4.774847184307873e-12,0.0,0,0,0,0.0,0,0,True,1008,0,3.933689706612847e-11,1.6907173376657788e-13,1.466796927445287e-10,0.9182965000036347,1.2739091698904297,4.589337999959753,1.3416173933930065,4.030379970557988,-4.030379970557988,7.9697272059713065,9.927872479392398,1126.8725130899365,0,141.04166916238182,140.68138554799134,1211.29670198928,1500.0,-2.0921422466635704,3.108944853791318e-05,0.0,0.0,0.0,0.0,0.0,22550.0,14500.0,689.8065547921017,7071.4901471971725,0.0,-6.139089236967266e-12,7.048583938740194e-12,0,0,0,0.0,0,0,True,1008,0,3.933689706612847e-11,1.6907173376657788e-13,1.466796927445287e-10,0.7787999999209205,1.2473001199418832,4.589337999959753,0.3312454999786496,0.5592197899841266,1.7625110001517896,0.3312454999786496,0.5592197899841266,1.7625110001517896,0.3312454999786496,0.5592197899841266,1.7625110001517896,0.3312454999786496,0.5592197899841266,1.7625110001517896
1d51662afb815f886e6a892a9e4aa57a92f1f105af85fa83950794075ee6f9fd,Feb2022,400.0,False,0.0,swmpc,4,96.16666666666667,1.2281908910392412,5.045868402346969,-3.706157793290913,28.68512998520258,6.371851024277982,1126.2279109326778,0,506.4578953894994,506.3490539448946,1350.0,1500.0,-0.7389696128666401,0.20978939702763522,34.47538998207799,0.0,1.187087564478093e-14,34.47538998207799,0.0,75081.89838786659,64900.0,2482.7939749343523,7549.10441293226,0.0,2.2737367544323206e-11,-6.366462912410498e-12,0,0,0,0.0,0,0,True,1008,0,2.186949015761865e-11,1.576437631442534e-13,1.3862233451985484e-10,0.6969120000803741,1.0729662600715528,2.0810920000258193,1.1073043991098208,4.046084912493825,-2.5884650396183133,18.12703971195724,6.374907359311099,1128.3712207899264,0,319.9597778452423,319.97796118427584,1324.137859736046,1211.3376087903139,0.35737348068505526,0.27120170255644904,34.447661048542635,0.0,1.187087564478093e-14,34.447661048542635,0.0,45053.33198760229,43200.0,1568.9559365239033,397.1763020241192,0.0,3.410605131648481e-12,4.092726157978177e-12,0,0,0,0.0,0,0,True,1008,0,2.186949015761865e-11,1.576437631442534e-13,1.3862233451985484e-10,0.72424300003604,1.078204360021573,2.0810920000258193,1.1112193378707595,4.046084912493825,-3.18985113222152,20.704169119607933,6.371851024277982,1128.3712207899264,0,365.41672919198976,365.4693721742438,1350.0,1211.3376087903139,0.35737348068505526,0.27013594654168616,34.47538998207799,0.0,1.187087564478093e-14,34.47538998207799,0.0,52531.898387866604,50400.0,1792.0151093162874,478.5456697600116,0.0,8.86757334228605e-12,4.547473508864641e-12,0,0,0,0.0,0,0,True,1008,0,2.186949015761865e-11,1.576437631442534e-13,1.3862233451985484e-10,0.72424300003604,1.078204360021573,2.0810920000258193,1.5683122208052287,5.045868402346969,-3.706157793290913,7.980960865594646,9.923174177191784,1126.2279109326778,0,141.04116619750965,140.8796817706508,1211.3376087903139,1500.0,-0.7389696128666401,3.3114578796622496e-05,0.0,0.0,0.0,0.0,0.0,22550.0,14500.0,690.7788656180651,7070.558743172248,0.0,-4.547473508864641e-13,-1.0800249583553523e-11,0,0,0,0.0,0,0,True,1008,0,2.186949015761865e-11,1.576437631442534e-13,1.3862233451985484e-10,0.6969120000803741,1.0729662600715528,2.0810920000258193,0.26170499995714636,0.4715747000432202,0.8690419999766164,0.26170499995714636,0.4715747000432202,0.8690419999766164,0.26170499995714636,0.4715747000432202,0.8690419999766164,0.26170499995714636,0.4715747000432202,0.8690419999766164
1d51662afb815f886e6a892a9e4aa57a92f1f105af85fa83950794075ee6f9fd,Feb2022,400.0,False,0.0,swmpc_nosw,0,96.16666666666667,1.078739069616152,3.887391122058034,-3.887391122058034,28.68262601487812,6.321325228274207,1126.835016498291,0,506.55402243312625,506.30485393585013,1350.0,1500.0,-1.6916632102802396,0.2093485036815531,34.465759736944996,0.0,1.6161649060175942e-14,34.465759736944996,0.0,75092.00705039044,64900.0,2482.5772479250104,7559.429802465456,0.0,2.3646862246096134e-11,1.8189894035458565e-11,0,0,0,0.0,0,0,True,1008,0,3.780086273167783e-11,1.5807322289577707e-13,1.5484592024860775e-10,0.7494359999782318,1.3800522500878287,5.445876000067074,1.013652633112971,3.203293224796653,-2.908505130559206,18.126552322000943,6.395834009462744,1128.932203660965,0,320.12721557263126,319.9693577913952,1326.804862503066,1210.6480859574979,-0.1015149625018239,0.2702367087828035,34.38459774196599,0.0,1.6161649060175942e-14,34.38459774196599,0.0,45060.39089375091,43200.0,1568.913751292482,407.633919003993,0.0,-4.547473508864641e-12,9.777068044058979e-12,0,0,0,0.0,0,0,True,1008,0,3.780086273167783e-11,1.5807322289577707e-13,1.5484592024860775e-10,0.7922109999753957,1.4000083700784665,5.445876000067074,1.019040868568215,3.203293224796653,-2.908505130559206,20.705756614758926,6.321325228274207,1128.932203660965,0,365.51234520706726,365.49739459103046,1350.0,1210.6480859574979,-0.1015149625018239,0.2695696713699274,34.465759736944996,0.0,1.6161649060175942e-14,34.465759736944996,0.0,52542.00705039046,50400.0,1792.1525123330532,489.20645209990835,0.0,2.2737367544323206e-12,1.0231815394945443e-11,0,0,0,0.0,0,0,True,1008,0,3.780086273167783e-11,1.5807322289577707e-13,1.5484592024860775e-10,0.7922109999753957,1.4000083700784665,5.445876000067074,1.2645050446495754,3.887391122058034,-3.887391122058034,7.976869400119195,9.934967697846599,1126.835016498291,0,141.041677226059,140.80745934481968,1210.6480859574979,1500.0,-1.6916632102802396,2.8031164721387114e-05,0.0,0.0,0.0,0.0,0.0,22550.0,14500.0,690.4247355919572,7070.223350365548,0.0,7.048583938740194e-12,7.844391802791506e-12,0,0,0,0.0,0,0,True,1008,0,3.780086273167783e-11,1.5807322289577707e-13,1.5484592024860775e-10,0.7494359999782318,1.3800522500878287,5.445876000067074,0.30588100014483643,0.5385481300982065,1.011316999893097,0.30588100014483643,0.5385481300982065,1.011316999893097,0.30588100014483643,0.5385481300982065,1.011316999893097,0.30588100014483643,0.5385481300982065,1.011316999893097
1d51662afb815f886e6a892a9e4aa57a92f1f105af85fa83950794075ee6f9fd,Feb2022,400.0,False,0.0,swmpc_nosw,1,96.16666666666667,1.0409754722276539,3.7196942567825317,-3.7196942567825317,28.68809459976913,6.3770080048280136,1125.890802791076,0,506.60643439328356,506.40138523228273,1350.0,1500.0,-1.392132643610239,0.2092667940974443,34.47868333860492,0.0,1.2266044708397861e-14,34.47868333860492,0.0,75089.37971294289,64900.0,2483.0505722440985,7556.329140698808,0.0,2.091837814077735e-11,-3.183231456205249e-12,0,0,0,0.0,0,0,True,1008,0,2.2552526111148947e-11,1.7020054054079401e-13,1.547510446428271e-10,0.8146249999754218,1.543540870129617,4.451159000154803,1.0087255177009793,3.438886276446283,-3.063428543508053,18.123689510937076,6.407972840536074,1129.434366938208,0,320.06028979738744,319.9188235363732,1325.4164649538443,1210.637250914025,0.15657421946525574,0.27060423259220656,34.38473377700887,0.0,1.2266044708397861e-14,34.38473377700887,0.0,45058.48584788627,43200.0,1568.6659654164962,404.5990965096023,0.0,5.6843418860808015e-12,-4.092726157978177e-12,0,0,0,0.0,0,0,True,1008,0,2.2552526111148947e-11,1.7020054054079401e-13,1.547510446428271e-10,0.9676505000015823,1.6803770998990306,4.451159000154803,0.9771085238495242,3.438886276446283,-3.063428543508053,20.710908289413872,6.3770080048280136,1129.434366938208,0,365.56526639146097,365.58833179748206,1350.0,1210.637250914025,0.15657421946525574,0.2694634988492678,34.47868333860492,0.0,1.2266044708397861e-14,34.47868333860492,0.0,52539.37971294289,50400.0,1792.5984070108984,486.14405501797773,0.0,7.958078640513122e-12,-4.320099833421409e-12,0,0,0,0.0,0,0,True,1008,0,2.2552526111148947e-11,1.7020054054079401e-13,1.547510446428271e-10,0.9676505000015823,1.6803770998990306,4.451159000154803,1.2375903424041312,3.7196942567825317,-3.7196942567825317,7.977186310355258,9.927264812633066,1125.890802791076,0,141.0411680018226,140.81305343480068,1210.637250914025,1500.0,-1.392132643610239,3.1351373865118326e-05,0.0,0.0,0.0,0.0,0.0,22550.0,14500.0,690.4521652332,7070.1850856808305,0.0,6.139089236967266e-12,1.1368683772161603e-12,0,0,0,0.0,0,0,True,1008,0,2.2552526111148947e-11,1.7020054054079401e-13,1.547510446428271e-10,0.8146249999754218,1.543540870129617,4.451159000154803,0.3378949999159886,0.5610179699533544,2.9882409999117954,0.3378949999159886,0.5610179699533544,2.9882409999117954,0.3378949999159886,0.5610179699533544,2.9882409999117954,0.3378949999159886,0.5610179699533544,2.9882409999117954
1d51662afb815f886e6a892a9e4aa57a92f1f105af85fa83950794075ee6f9fd,Feb2022,400.0,False,0.0,swmpc_nosw,2,96.16666666666667,1.0321086232077734,3.4364534988999367,-3.123062706552446,28.694470789918473,6.379380528769225,1126.726980912798,0,506.7806920377716,506.5139375495177,1350.0,1500.0,-1.8110628053545952,0.2088182999719881,34.46725703430446,0.0,1.3743860040603229e-14,34.46725703430446,0.0,75089.19586687107,64900.0,2483.6024528349826,7555.593414036088,0.0,-1.8189894035458565e-12,-3.637978807091713e-12,0,0,0,0.0,0,0,True,1008,0,2.3695480729078395e-11,1.5561926745107297e-13,1.3037512925579502e-10,1.0598599999411817,1.340395889919818,3.7473470001714304,0.9976621451179921,3.4364534988999367,-2.6335496474057436,18.130368202782513,6.382675716031791,1128.6411220573832,0,320.2875864021713,320.03671560447185,1327.6602977638743,1212.476489330943,-0.7065135538578033,0.2696613265083351,34.38513444631597,0.0,1.3743860040603229e-14,34.38513444631597,0.0,45059.469826118024,43200.0,1569.2440285412915,405.40960600966696,0.0,3.410605131648481e-12,-2.2737367544323206e-13,0,0,0,0.0,0,0,True,1008,0,2.3695480729078395e-11,1.5561926745107297e-13,1.3037512925579502e-10,1.101978499946199,1.3810888799594063,3.7473470001714304,0.9829278586758095,3.4364534988999367,-2.6335496474057436,20.713615636598814,6.379380528769225,1128.6411220573832,0,365.74018873394203,365.6361218087743,1350.0,1212.476489330943,-0.7065135538578033,0.2688864763509413,34.46725703430446,0.0,1.3743860040603229e-14,34.46725703430446,0.0,52539.19586687108,50400.0,1792.8327369680023,483.8866405721292,0.0,-5.002220859751105e-12,-2.2737367544323206e-13,0,0,0,0.0,0,0,True,1008,0,2.3695480729078395e-11,1.5561926745107297e-13,1.3037512925579502e-10,1.101978499946199,1.3810888799594063,3.7473470001714304,1.1873119799546328,3.2218930879607797,-3.123062706552446,7.980855153319659,9.931318384866406,1126.726980912798,0,141.04050330382955,140.87781574074342,1212.476489330943,1500.0,-1.8110628053545952,2.9604144454187242e-05,0.0,0.0,0.0,0.0,0.0,22550.0,14500.0,690.7697158669806,7071.7067734639595,0.0,-2.7284841053187847e-12,-2.9558577807620168e-12,0,0,0,0.0,0,0,True,1008,0,2.3695480729078395e-11,1.5561926745107297e-13,1.3037512925579502e-10,1.0598599999411817,1.340395889919818,3.7473470001714304,0.38580199998250464,0.5834899098476851,2.5426690001495444,0.38580199998250464,0.5834899098476851,2.5426690001495444,0.38580199998250464,0.5834899098476851,2.5426690001495444,0.38580199998250464,0.5834899098476851,2.5426690001495444
1d51662afb815f886e6a892a9e4aa57a92f1f105af85fa83950794075ee6f9fd,Feb2022,400.0,False,0.0,swmpc_nosw,3,96.16666666666667,1.040074434898116,3.2355124428868294,-3.2355124428868294,28.695351055852992,6.36572541867174,1126.9244062253695,0,506.8158012855927,506.52947597738694,1350.0,1500.0,-1.9439107943326235,0.20877999775895562,34.496386302148025,0.0,1.15814986065718e-14,34.496386302148025,0.0,75094.47233805068,64900.0,2483.678642796808,7560.793695253855,0.0,-1.3642420526593924e-11,-4.547473508864641e-12,0,0,0,0.0,0,0,True,1008,0,2.379672010997192e-11,2.4263635121865396e-13,1.467114793186761e-10,0.9990974999709579,1.313588499970137,4.720510999959515,0.9983284714122368,3.054388238117099,-3.054388238117099,18.153594947682045,6.4395177416619545,1127.8467699005903,0,320.3155217400264,320.44671340863687,1325.63759821967,1210.9812901203127,0.3737774668261409,0.2696136380025286,34.37864010538608,0.0,1.15814986065718e-14,34.37864010538608,0.0,45065.24594569647,43200.0,1571.2543810244006,408.6478727714227,0.0,-5.6843418860808015e-12,5.4569682106375694e-12,0,0,0,0.0,0,0,True,1008,0,2.379672010997192e-11,2.4263635121865396e-13,1.467114793186761e-10,1.0420779999549268,1.3342137600102428,4.720510999959515,0.9912658932237425,3.2355124428868294,-3.2355124428868294,20.724557986815025,6.36572541867174,1127.8467699005903,0,365.7742185823973,365.82927584652117,1350.0,1210.9812901203127,0.3737774668261409,0.26883695833947674,34.496386302148025,0.0,1.15814986065718e-14,34.496386302148025,0.0,52544.47233805067,50400.0,1793.7798339901392,489.71121394020724,0.0,-1.0231815394945443e-11,5.6843418860808015e-12,0,0,0,0.0,0,0,True,1008,0,2.379672010997192e-11,2.4263635121865396e-13,1.467114793186761e-10,1.0420779999549268,1.3342137600102428,4.720510999959515,1.1943095449698338,3.2279201643541455,-3.2279201643541455,7.970793069037967,9.929735320546275,1126.9244062253695,0,141.04158270319544,140.70020013086577,1210.9812901203127,1500.0,-1.9439107943326235,3.028649976444253e-05,0.0,0.0,0.0,0.0,0.0,22550.0,14500.0,689.8988088066689,7071.082481313649,0.0,5.002220859751105e-12,-1.0118128557223827e-11,0,0,0,0.0,0,0,True,1008,0,2.379672010997192e-11,2.4263635121865396e-13,1.467114793186761e-10,0.9990974999709579,1.313588499970137,4.720510999959515,0.36010349992920965,0.5377464199364111,3.8710480000645475,0.36010349992920965,0.5377464199364111,3.8710480000645475,0.36010349992920965,0.5377464199364111,3.8710480000645475,0.36010349992920965,0.5377464199364111,3.8710480000645475
1d51662afb815f886e6a892a9e4aa57a92f1f105af85fa83950794075ee6f9fd,Feb2022,400.0,False,0.0,swmpc_nosw,4,96.16666666666667,1.0984599606056167,4.561728812754154,-3.3832819713279605,28.703057677667946,6.371851024277982,1126.319447311293,0,506.7558752480067,506.6655130344633,1350.0,1500.0,-0.6135016307234764,0.20887888110867037,34.47538998207799,0.0,1.3007794488008704e-14,34.47538998207799,0.0,75085.92651979835,64900.0,2484.345676699707,7551.580843098642,0.0,9.094947017729282e-13,-7.275957614183426e-12,0,0,0,0.0,0,0,True,1008,0,2.427920248275646e-11,1.6353748795071712e-13,1.2224118077601742e-10,0.8419505001029393,1.299318670087359,2.001250999910553,0.9780269098772373,3.6365095637738705,-3.3832819713279605,18.142839468812724,6.4143163375692165,1128.643740597178,0,320.2552708615284,320.25685801829457,1323.9137191249683,1211.2002221397433,0.33297173772007227,0.26984044238654603,34.384502547050786,0.0,1.3007794488008704e-14,34.384502547050786,0.0,45057.50145039726,43200.0,1570.323458342567,399.89148903991736,0.0,-4.092726157978177e-12,-4.547473508864641e-12,0,0,0,0.0,0,0,True,1008,0,2.427920248275646e-11,1.6353748795071712e-13,1.2224118077601742e-10,0.998712499949761,1.3334782898391484,2.001250999910553,0.9982920527917587,3.6365095637738705,-3.3832819713279605,20.720843594744064,6.371851024277982,1128.643740597178,0,365.7146619795314,365.76370950911087,1350.0,1211.2002221397433,0.33297173772007227,0.26896394286257297,34.47538998207799,0.0,1.3007794488008704e-14,34.47538998207799,0.0,52535.92651979834,50400.0,1793.4583409287739,481.2679567298237,0.0,4.547473508864641e-13,-4.320099833421409e-12,0,0,0,0.0,0,0,True,1008,0,2.427920248275646e-11,1.6353748795071712e-13,1.2224118077601742e-10,0.998712499949761,1.3334782898391484,2.001250999910553,1.3916321639828635,4.561728812754154,-3.3095887834206223,7.982214082923882,9.926933811355337,1126.319447311293,0,141.0412132684753,140.90180352535242,1211.2002221397433,1500.0,-0.6135016307234764,3.149404682956103e-05,0.0,0.0,0.0,0.0,0.0,22550.0,14500.0,690.887335770933,7070.312886368817,0.0,6.366462912410498e-12,-3.183231456205249e-12,0,0,0,0.0,0,0,True,1008,0,2.427920248275646e-11,1.6353748795071712e-13,1.2224118077601742e-10,0.8419505001029393,1.299318670087359,2.001250999910553,0.3412699999216784,0.5580107201035388,0.8319059998029843,0.3412699999216784,0.5580107201035388,0.8319059998029843,0.3412699999216784,0.5580107201035388,0.8319059998029843,0.3412699999216784,0.5580107201035388,0.8319059998029843
1d51662afb815f886e6a892a9e4aa57a92f1f105af85fa83950794075ee6f9fd,Feb2022,400.0,False,180.0,pid_lowdrag_preview,0,96.91666666666667,1.2490073799668706,4.863276316784322,-4.5036306250840425,28.7563103776846,6.876717704295066,1128.4059893509022,0,507.6897565505422,507.60552809757627,1350.0,1500.0,-0.5718878339976072,0.2429786973400032,0.0,0.0,0.0,0.0,0.0,77131.89723581681,65350.0,2488.9548760590515,9142.942359757779,0.0,2.000888343900442e-11,-1.3642420526593924e-12,0,0,0,0.0,0,0,True,0,0,,,,0.2610139999887906,0.40663913990556466,0.9081200000764511,1.213386608302085,4.863276316784322,-4.5036306250840425,17.975989861454202,6.896816212682662,1128.4059893509022,0,317.1731866949136,317.3116337546943,1418.4275444542418,1424.7010537690603,0.5273164669051766,0.3134635089604215,0.0,0.0,0.0,0.0,0.0,46400.458520153144,43200.0,1555.8820665802311,1638.302944258104,0.0,9.094947017729282e-12,-2.5011104298755527e-12,0,0,0,0.0,0,0,True,0,0,,,,0.27342300018062815,0.38945837989331233,0.9081200000764511,1.220244507486619,4.863276316784322,-4.5036306250840425,20.565676889568174,6.876717704295066,1128.4059893509022,0,362.9470331350234,363.0247114843513,1350.0,1424.7010537690603,0.5273164669051766,0.31487961057575165,0.0,0.0,0.0,0.0,0.0,54253.71098119515,50400.0,1780.028143439002,1998.981783987091,0.0,6.821210263296962e-13,-2.0463630789890885e-12,0,0,0,0.0,0,0,True,0,0,,,,0.27342300018062815,0.38945837989331233,0.9081200000764511,1.3414373194301568,3.6988454731181264,-3.6988454731181264,8.190633488116426,8.709169797846831,1137.7725401500845,0,144.7427234155188,144.58081661322495,1424.7010537690603,1500.0,-0.5718878339976072,0.0005836453612929615,0.0,0.0,0.0,0.0,0.0,22878.186254621676,14950.0,708.9267326200496,7143.960575770689,0.0,1.8189894035458565e-12,7.958078640513122e-13,0,0,0,0.0,0,0,True,0,0,,,,0.2610139999887906,0.40663913990556466,0.9081200000764511,,,,,,,,,,,,
1d51662afb815f886e6a892a9e4aa57a92f1f105af85fa83950794075ee6f9fd,Feb2022,400.0,False,180.0,pid_lowdrag_preview,1,96.91666666666667,1.2377257974279625,5.016158958896995,-5.016158958896995,28.741249982744467,6.886687854023576,1130.2686586706989,0,507.7045950799327,507.3396824579117,1350.0,1500.0,-2.477496149018407,0.24286746497097778,0.0,0.0,0.0,0.0,0.0,77137.39035718402,65350.0,2487.651348487924,9149.739008696108,0.0,1.2732925824820995e-11,1.3642420526593924e-11,0,0,0,0.0,0,0,True,0,0,,,,0.1687840001523,0.40140354001778256,1.1126990000320802,1.2159495312852338,5.016158958896995,-5.016158958896995,17.974514418744466,6.905933032958651,1130.2686586706989,0,317.22324209493354,317.28558928424906,1418.1889029829892,1426.2067677493892,0.8840762199833989,0.3133067034768692,0.0,0.0,0.0,0.0,0.0,46413.10613638756,43200.0,1555.7543620771862,1649.333909543984,0.0,6.821210263296962e-12,1.7053025658242404e-11,0,0,0,0.0,0,0,True,0,0,,,,0.17697250007131515,0.44420116002129356,1.1126990000320802,1.179620209342314,5.016158958896995,-5.016158958896995,20.56887119425108,6.886687854023576,1130.2686586706989,0,362.9508682878366,363.0810972547885,1350.0,1426.2067677493892,0.8840762199833989,0.31475263226515815,0.0,0.0,0.0,0.0,0.0,54257.03078140762,50400.0,1780.304621196832,2000.5193924614105,0.0,9.549694368615746e-12,1.7053025658242404e-11,0,0,0,0.0,0,0,True,0,0,,,,0.17697250007131515,0.44420116002129356,1.1126990000320802,1.4161545056246598,4.777471377514303,-4.616399489343166,8.172378788493386,8.833084734953927,1136.6253808412227,0,144.75372679209607,144.25858520312318,1426.2067677493892,1500.0,-2.477496149018407,0.0005254963002966351,0.0,0.0,0.0,0.0,0.0,22880.35957577641,14950.0,707.3467272910925,7149.219616234698,0.0,-6.821210263296962e-12,-3.637978807091713e-12,0,0,0,0.0,0,0,True,0,0,,,,0.1687840001523,0.40140354001778256,1.1126990000320802,,,,,,,,,,,,
1d51662afb815f886e6a892a9e4aa57a92f1f105af85fa83950794075ee6f9fd,Feb2022,400.0,False,180.0,pid_lowdrag_preview,2,96.91666666666667,1.2529014711785642,5.01098285894841,-4.305707799270749,28.75805102879229,6.869975910842165,1130.6161487258566,0,507.70332436317875,507.6362540187115,1350.0,1500.0,-0.4554062746465206,0.24285684690315745,0.0,0.0,0.0,0.0,0.0,77138.96123669817,65350.0,2489.105535236311,9149.855701461878,0.0,1.4551915228366852e-11,1.6825651982799172e-11,0,0,0,0.0,0,0,True,0,0,,,,0.16206399982365838,0.32842819980032906,0.5091390000870888,1.2395373013801043,4.305707799270749,-4.305707799270749,17.957346737918783,6.896109080841676,1130.6161487258566,0,317.2115858464239,316.98254589733995,1418.7525194117281,1423.5141087237648,-1.39815076533705,0.31324726058173347,0.0,0.0,0.0,0.0,0.0,46408.68579132695,43200.0,1554.2684418620736,1649.6557601528395,0.0,1.1368683772161603e-12,-2.0463630789890885e-12,0,0,0,0.0,0,0,True,0,0,,,,0.16286599986869987,0.36319545999049124,0.5091390000870888,1.2228470096068609,4.305707799270749,-4.305707799270749,20.55053289945742,6.869975910842165,1130.6161487258566,0,362.96333065703584,362.75739022523493,1350.0,1423.5141087237648,-1.39815076533705,0.31471848818678305,0.0,0.0,0.0,0.0,0.0,54261.16908796688,50400.0,1778.7173804261502,2008.9375988169825,0.0,1.5234036254696548e-11,-1.8189894035458565e-12,0,0,0,0.0,0,0,True,0,0,,,,0.16286599986869987,0.36319545999049124,0.5091390000870888,1.3492986072487803,5.01098285894841,-3.2819665679708123,8.207518129334872,8.68674456157789,1137.9203725705622,0,144.7399937061429,144.87886379347657,1423.5141087237648,1500.0,-0.4554062746465206,0.0005941900005004275,0.0,0.0,0.0,0.0,0.0,22877.792148731292,14950.0,710.388154810161,7140.918102644898,0.0,1.3642420526593924e-12,1.887201506178826e-11,0,0,0,0.0,0,0,True,0,0,,,,0.16206399982365838,0.32842819980032906,0.5091390000870888,,,,,,,,,,,,
1d51662afb815f886e6a892a9e4aa57a92f1f105af85fa83950794075ee6f9fd,Feb2022,400.0,False,180.0,pid_lowdrag_preview,3,96.91666666666667,1.253118977604832,6.598638146184385,-3.9176284791901708,28.7587764596101,6.889357272586892,1130.421533398994,0,507.7360794850165,507.6490593017409,1350.0,1500.0,-0.5908236699178815,0.24284931574537993,0.0,0.0,0.0,0.0,0.0,77129.37033456,65350.0,2489.16832370072,9140.202010859271,0.0,-1.8189894035458565e-12,-1.8189894035458565e-12,0,0,0,0.0,0,0,True,0,0,,,,0.16167400008271215,0.3006760800235502,0.5353880001166544,1.2347879124977126,6.598638146184385,-3.9176284791901708,17.983027930037096,6.900072631076882,1130.421533398994,0,317.24409671493004,317.435869530175,1418.6767789606859,1426.4760833959122,0.3994296509772539,0.31327250731099887,0.0,0.0,0.0,0.0,0.0,46398.34793712258,43200.0,1556.4912349640479,1634.0573977232946,0.0,-7.958078640513122e-12,-6.821210263296962e-12,0,0,0,0.0,0,0,True,0,0,,,,0.1629610000009052,0.29217828011496727,0.5353880001166544,1.2184514874630787,6.598638146184385,-3.9176284791901708,20.566629062482917,6.889357272586892,1130.421533398994,0,362.98268029944404,363.0415192120746,1350.0,1426.4760833959122,0.3994296509772539,0.3147280046413764,0.0,0.0,0.0,0.0,0.0,54249.148709648,50400.0,1780.1105571905482,1992.562069061525,0.0,-1.2278178473934531e-11,-7.048583938740194e-12,0,0,0,0.0,0,0,True,0,0,,,,0.1629610000009052,0.29217828011496727,0.5353880001166544,1.3635121558281285,3.7973220385611057,-3.58745323959738,8.192147397127183,8.825206074046145,1137.5430377121188,0,144.75339918557245,144.60754008966632,1426.4760833959122,1500.0,-0.5908236699178815,0.0005291872933245179,0.0,0.0,0.0,0.0,0.0,22880.221624912,14950.0,709.0577665101722,7147.639941797746,0.0,6.821210263296962e-12,5.229594535194337e-12,0,0,0,0.0,0,0,True,0,0,,,,0.16167400008271215,0.3006760800235502,0.5353880001166544,,,,,,,,,,,,
1d51662afb815f886e6a892a9e4aa57a92f1f105af85fa83950794075ee6f9fd,Feb2022,400.0,False,180.0,pid_lowdrag_preview,4,96.91666666666667,1.3319158256065993,5.653136418201029,-5.513669481500983,28.77774527834855,6.889341233053696,1130.2218589029092,0,507.7756671155569,507.98389632104687,1350.0,1500.0,1.4136537201702595,0.24275320604526496,0.0,0.0,0.0,0.0,0.0,77137.15013655537,65350.0,2490.8101384284064,9146.339998126965,0.0,0.0,-7.275957614183426e-12,0,0,0,0.0,0,0,True,0,0,,,,0.16125399997690693,0.2762615599112907,0.4863950000526529,1.2709369295573338,4.714549041353166,-4.311411640606821,17.966946196290017,6.900939383431811,1130.2218589029092,0,317.2692291900399,317.1519952485246,1418.189090161157,1425.1300307930455,-1.5722118522971869,0.3131547846761651,0.0,0.0,0.0,0.0,0.0,46410.60156542515,43200.0,1555.0993071019743,1648.5613176912873,0.0,-3.183231456205249e-12,-1.8189894035458565e-12,0,0,0,0.0,0,0,True,0,0,,,,0.1628254999559431,0.2784864900877437,0.4863950000526529,1.2548235335321645,4.714549041353166,-4.311411640606821,20.553073149024335,6.889341233053696,1130.2218589029092,0,363.03381029377323,362.8022306343823,1350.0,1425.1300307930455,-1.5722118522971869,0.31458540613642816,0.0,0.0,0.0,0.0,0.0,54259.19400101058,50400.0,1778.9372475253347,2005.1267226921977,0.0,-4.547473508864641e-12,-1.5916157281026244e-12,0,0,0,0.0,0,0,True,0,0,,,,0.1628254999559431,0.2784864900877437,0.4863950000526529,1.5640601243571368,5.653136418201029,-5.513669481500983,8.224672129324215,8.696074057403406,1136.752715546146,0,144.7418568217837,145.1816656866646,1425.1300307930455,1500.0,1.4136537201702595,0.0005898023934505225,0.0,0.0,0.0,0.0,0.0,22877.956135544788,14950.0,711.8728909030716,7141.213275434767,0.0,5.002220859751105e-12,-5.6843418860808015e-12,0,0,0,0.0,0,0,True,0,0,,,,0.16125399997690693,0.2762615599112907,0.4863950000526529,,,,,,,,,,,,
1d51662afb815f886e6a892a9e4aa57a92f1f105af85fa83950794075ee6f9fd,Feb2022,400.0,False,180.0,swmpc,0,96.91666666666667,1.187258011574034,3.777447503991425,-3.777447503991425,28.88838613593335,5.852459828819217,1127.7642005236944,0,510.0211555055907,509.93692541991584,1350.0,1500.0,-0.5718879131600261,0.2103650914367322,34.469914738703686,0.0,1.2539024185503143e-14,34.469914738703686,0.0,75662.69657084471,65350.0,2500.3864748345904,7662.310096010133,0.0,1.3642420526593924e-11,3.637978807091713e-12,0,0,0,0.0,0,0,True,1008,0,3.3991472250597075e-11,1.721231055796425e-13,3.5453290474804604e-10,0.7316840001294622,1.2174965398662607,3.9712640000288957,1.160517692765808,3.777447503991425,-3.777447503991425,18.121970208029367,6.389793677509019,1127.7642005236944,0,319.71280783235403,319.88847445303,1418.191106225057,1418.5643605598364,0.7691639587283134,0.27063229704148606,34.41117348755008,0.0,1.2539024185503143e-14,34.41117348755008,0.0,45216.77664486177,43200.0,1568.5171539974006,447.8862365295945,0.0,5.002220859751105e-12,6.59383658785373e-12,0,0,0,0.0,0,0,True,1008,0,3.3991472250597075e-11,1.721231055796425e-13,3.5453290474804604e-10,0.7683800000677365,1.2326432000281782,3.9712640000288957,1.1376158238046603,3.777447503991425,-3.777447503991425,20.70549132575233,5.852459828819217,1127.7642005236944,0,365.3794112869018,365.49271171744243,1350.0,1418.5643605598364,0.7691639587283134,0.27242238965106913,34.469914738703686,0.0,1.2539024185503143e-14,34.469914738703686,0.0,52805.87228828613,50400.0,1792.1295506819247,545.1783770443819,0.0,1.000444171950221e-11,6.59383658785373e-12,0,0,0,0.0,0,0,True,1008,0,3.3991472250597075e-11,1.721231055796425e-13,3.5453290474804604e-10,0.7683800000677365,1.2326432000281782,3.9712640000288957,1.3411421432746795,3.698846879415214,-3.698846879415214,8.182894810181018,8.020796614884965,1137.7725474488807,0,144.64174421868887,144.4442137024734,1418.5643605598364,1500.0,-0.5718879131600261,0.0011552031422453757,0.0,0.0,0.0,0.0,0.0,22856.82428255858,14950.0,708.2569241526655,7117.131718965751,0.0,-2.2737367544323206e-13,-3.183231456205249e-12,0,0,0,0.0,0,0,True,1008,0,3.3991472250597075e-11,1.721231055796425e-13,3.5453290474804604e-10,0.7316840001294622,1.2174965398662607,3.9712640000288957,0.2897725000821083,0.5431303499267414,3.2387280000421015,0.2897725000821083,0.5431303499267414,3.2387280000421015,0.2897725000821083,0.5431303499267414,3.2387280000421015,0.2897725000821083,0.5431303499267414,3.2387280000421015
1d51662afb815f886e6a892a9e4aa57a92f1f105af85fa83950794075ee6f9fd,Feb2022,400.0,False,180.0,swmpc,1,96.91666666666667,1.1957511004193015,4.776223053224385,-4.616399247199297,28.867567089601128,5.883985487045068,1129.6568571723187,0,509.93434268774604,509.5694282386256,1350.0,1500.0,-2.4774966733530164,0.21064548305432107,34.44651362095115,0.0,1.6107280846492187e-14,34.44651362095115,0.0,75663.8834532208,65350.0,2498.584516718162,7665.298936502621,0.0,-1.6370904631912708e-11,-4.547473508864641e-13,0,0,0,0.0,0,0,True,1008,0,2.293684217058676e-11,2.1399253227182012e-13,2.8828239537413635e-10,0.7250040000599256,1.2558286000421515,10.99416600004588,1.1473383349524144,3.6735163684934378,-3.6735163684934378,18.122364527729427,6.490504624011171,1129.6568571723187,0,319.72312031521824,319.8954349725461,1418.2396542721385,1419.3281742401316,1.0866554072126746,0.27062923654191606,34.42524930501043,0.0,1.6107280846492187e-14,34.42524930501043,0.0,45219.31788665331,43200.0,1568.5512836867579,449.6780829985564,0.0,-5.229594535194337e-12,8.640199666842818e-12,0,0,0,0.0,0,0,True,1008,0,2.293684217058676e-11,2.1399253227182012e-13,2.8828239537413635e-10,0.7549144999074997,1.2773890799712713,10.99416600004588,1.1221083375154632,3.6735163684934378,-3.6735163684934378,20.7030436193899,5.883985487045068,1129.6568571723187,0,365.2894382902317,365.4495048781641,1350.0,1419.3281742401316,1.0866554072126746,0.27279133160704405,34.44651362095115,0.0,1.6107280846492187e-14,34.44651362095115,0.0,52806.38146473296,50400.0,1791.917693506722,545.1355969860967,0.0,-6.139089236967266e-12,8.86757334228605e-12,0,0,0,0.0,0,0,True,1008,0,2.293684217058676e-11,2.1399253227182012e-13,2.8828239537413635e-10,0.7549144999074997,1.2773890799712713,10.99416600004588,1.4160753021761505,4.776223053224385,-4.616399247199297,8.164523470211229,8.041512547894488,1136.6253806918496,0,144.64490439751432,144.11992336046154,1419.3281742401316,1500.0,-2.4774966733530164,0.0011370705421315241,0.0,0.0,0.0,0.0,0.0,22857.501988487835,14950.0,706.6668232114398,7120.163339516525,0.0,-1.1368683772161603e-12,-9.663381206337363e-12,0,0,0,0.0,0,0,True,1008,0,2.293684217058676e-11,2.1399253227182012e-13,2.8828239537413635e-10,0.7250040000599256,1.2558286000421515,10.99416600004588,0.2780945001177315,0.5337868499418618,0.8120749998852261,0.2780945001177315,0.5337868499418618,0.8120749998852261,0.2780945001177315,0.5337868499418618,0.8120749998852261,0.2780945001177315,0.5337868499418618,0.8120749998852261
1d51662afb815f886e6a892a9e4aa57a92f1f105af85fa83950794075ee6f9fd,Feb2022,400.0,False,180.0,swmpc,2,96.91666666666667,1.2132954960294446,5.032468008808792,-3.6292198039591312,28.887136682753695,5.940278157405151,1128.2493576306047,0,509.98194282568403,509.91487010987265,1350.0,1500.0,-0.45540762040764093,0.21043047435380757,34.453090616103374,0.0,1.494777815324441e-14,34.453090616103374,0.0,75666.38295456501,65350.0,2500.278330481481,7666.104624083538,0.0,1.0913936421275139e-11,1.4097167877480388e-11,0,0,0,0.0,0,0,True,1008,0,2.8503204143707354e-11,1.6609745275607996e-13,3.0759394223606616e-10,0.695690999918952,1.0101425800985466,2.838095000015528,1.1985348327851226,3.6292198039591312,-3.6292198039591312,18.102929319986405,6.416623892516647,1128.2493576306047,0,319.66542524062226,319.5523652685245,1417.9734726891616,1419.734507209896,-0.8062506141141057,0.2708327325596035,34.40959587137542,0.0,1.494777815324441e-14,34.40959587137542,0.0,45217.83112607671,43200.0,1566.8691014302776,449.2009901257179,0.0,2.2282620193436742e-11,9.777068044058979e-12,0,0,0,0.0,0,0,True,1008,0,2.8503204143707354e-11,1.6609745275607996e-13,3.0759394223606616e-10,0.7168575000378041,1.0648809901249476,2.838095000015528,1.1697593338555166,3.6292198039591312,-3.6292198039591312,20.68978821442932,5.940278157405151,1128.2493576306047,0,365.3342773550533,365.2155208674642,1350.0,1419.734507209896,-0.8062506141141057,0.27251841460030546,34.453090616103374,0.0,1.494777815324441e-14,34.453090616103374,0.0,52808.14146247985,50400.0,1790.770393857448,547.6365614125273,0.0,2.2282620193436742e-11,1.0231815394945443e-11,0,0,0,0.0,0,0,True,1008,0,2.8503204143707354e-11,1.6609745275607996e-13,3.0759394223606616e-10,0.7168575000378041,1.0648809901249476,2.838095000015528,1.349758750004,5.032468008808792,-3.4110984643921256,8.197348468324375,8.06413233973298,1137.9203731378925,0,144.64766547063073,144.69934924240846,1419.734507209896,1500.0,-0.45540762040764093,0.001117284492704984,0.0,0.0,0.0,0.0,0.0,22858.24149208515,14950.0,709.5079366240329,7118.4680626710115,0.0,-2.7284841053187847e-12,3.751665644813329e-12,0,0,0,0.0,0,0,True,1008,0,2.8503204143707354e-11,1.6609745275607996e-13,3.0759394223606616e-10,0.695690999918952,1.0101425800985466,2.838095000015528,0.25933100005204324,0.45007347999444336,2.2533710000516294,0.25933100005204324,0.45007347999444336,2.2533710000516294,0.25933100005204324,0.45007347999444336,2.2533710000516294,0.25933100005204324,0.45007347999444336,2.2533710000516294
1d51662afb815f886e6a892a9e4aa57a92f1f105af85fa83950794075ee6f9fd,Feb2022,400.0,False,180.0,swmpc,3,96.91666666666667,1.1956488606024396,3.804640249349177,-3.720661025494337,28.881468895233326,5.729262861281939,1129.6457181731143,0,509.9018446618938,509.8148224945915,1350.0,1500.0,-0.5908233178779483,0.21073963666432383,34.44651368716355,0.0,1.3229712363260467e-14,34.44651368716355,0.0,75659.80115992724,65350.0,2499.787764508299,7660.01339541895,0.0,5.4569682106375694e-12,5.002220859751105e-12,0,0,0,0.0,0,0,True,1008,0,3.3132990886460544e-11,1.9548579290218526e-13,2.1712731369936632e-10,0.7004469998719287,1.1523597200357474,1.3895469999170018,1.1649522068172153,3.720661025494337,-3.720661025494337,18.12976561256768,6.440010156918725,1129.6457181731143,0,319.7176364592941,320.02607870007813,1418.3603578916304,1421.8783585529864,0.689231988042593,0.2706545060665435,34.42179331400801,0.0,1.3229712363260467e-14,34.42179331400801,0.0,45217.890168184575,43200.0,1569.191872342061,445.18029518115986,0.0,2.2737367544323206e-12,9.322320693172514e-12,0,0,0,0.0,0,0,True,1008,0,3.3132990886460544e-11,1.9548579290218526e-13,2.1712731369936632e-10,0.7271124999306267,1.1647696300087773,1.3895469999170018,1.1410184923003635,3.720661025494337,-3.720661025494337,20.69829633570127,5.729262861281939,1129.6457181731143,0,365.26418169438807,365.36570596891085,1350.0,1421.8783585529864,0.689231988042593,0.2729005345822292,34.44651368716355,0.0,1.3229712363260467e-14,34.44651368716355,0.0,52803.92194260027,50400.0,1791.5068002200096,540.5367838272728,0.0,1.3642420526593924e-12,1.0459189070388675e-11,0,0,0,0.0,0,0,True,1008,0,3.3132990886460544e-11,1.9548579290218526e-13,2.1712731369936632e-10,0.7271124999306267,1.1647696300087773,1.3895469999170018,1.3637905875414618,3.804640249349177,-3.5874536130577326,8.183172559532057,7.991929073736223,1137.543051375294,0,144.63766296750572,144.44911652568067,1421.8783585529864,1500.0,-0.5908233178779483,0.0011804891685091023,0.0,0.0,0.0,0.0,0.0,22855.879217326972,14950.0,708.2809642882894,7119.476611591677,0.0,8.185452315956354e-12,-5.5706550483591855e-12,0,0,0,0.0,0,0,True,1008,0,3.3132990886460544e-11,1.9548579290218526e-13,2.1712731369936632e-10,0.7004469998719287,1.1523597200357474,1.3895469999170018,0.26535999995758175,0.4789584600234775,0.7246239999858517,0.26535999995758175,0.4789584600234775,0.7246239999858517,0.26535999995758175,0.4789584600234775,0.7246239999858517,0.26535999995758175,0.4789584600234775,0.7246239999858517
1d51662afb815f886e6a892a9e4aa57a92f1f105af85fa83950794075ee6f9fd,Feb2022,400.0,False,180.0,swmpc,4,96.91666666666667,1.2835445341516134,5.653477882966399,-5.513613468036056,28.895458160677542,5.8295849210551545,1128.7209406063014,0,509.8535336479706,510.0617605885337,1350.0,1500.0,1.4136544782668352,0.21083149050092587,34.44651358199807,0.0,1.2242173529620526e-14,34.44651358199807,0.0,75669.28312926108,65350.0,2500.9985822377803,7668.284547023301,0.0,1.8189894035458565e-12,1.3642420526593924e-12,0,0,0,0.0,0,0,True,1008,0,2.3180527298646896e-11,1.8891154563014418e-13,2.896165193948747e-10,0.7098609999047767,1.2695184799304116,2.09013399989999,1.204756154350448,3.7964412104338408,-3.263396743685007,18.115851715593458,6.483335128906712,1128.7209406063014,0,319.5828015140222,319.7804710081014,1418.2711722933059,1423.110255295112,0.44245345517992973,0.2711349264963433,34.41478746951995,0.0,1.2242173529620526e-14,34.41478746951995,0.0,45220.28506374628,43200.0,1567.9875780058076,447.4584027386736,0.0,3.865352482534945e-12,-5.229594535194337e-12,0,0,0,0.0,0,0,True,1008,0,2.3180527298646896e-11,1.8891154563014418e-13,2.896165193948747e-10,0.7426960000884719,1.2867991800635532,2.09013399989999,1.1875178662866752,3.7964412104338408,-3.263396743685007,20.69221968296079,5.8295849210551545,1128.7209406063014,0,365.19326556048946,365.2584410770306,1350.0,1423.110255295112,0.44245345517992973,0.2730579284691018,34.44651358199807,0.0,1.2242173529620526e-14,34.44651358199807,0.0,52808.578902743,50400.0,1790.9808455940388,544.4878018538413,0.0,-7.958078640513122e-12,-5.6843418860808015e-12,0,0,0,0.0,0,0,True,1008,0,2.3180527298646896e-11,1.8891154563014418e-13,2.896165193948747e-10,0.7426960000884719,1.2867991800635532,2.09013399989999,1.564429732810568,5.653477882966399,-5.513613468036056,8.203238477716752,8.139579113076273,1136.752716447005,0,144.66026808748114,144.80331951150305,1423.110255295112,1500.0,1.4136544782668352,0.0010513919326263776,0.0,0.0,0.0,0.0,0.0,22860.704226518086,14950.0,710.0177366437415,7123.79674516946,0.0,4.092726157978177e-12,7.16227077646181e-12,0,0,0,0.0,0,0,True,1008,0,2.3180527298646896e-11,1.8891154563014418e-13,2.896165193948747e-10,0.7098609999047767,1.2695184799304116,2.09013399989999,0.2693769999950746,0.5512415900739138,0.6891699999869161,0.2693769999950746,0.5512415900739138,0.6891699999869161,0.2693769999950746,0.5512415900739138,0.6891699999869161,0.2693769999950746,0.5512415900739138,0.6891699999869161
1d51662afb815f886e6a892a9e4aa57a92f1f105af85fa83950794075ee6f9fd,Feb2022,400.0,False,180.0,swmpc_nosw,0,96.91666666666667,1.0607024447048727,3.360808159224689,-3.280054754577577,28.903924183907424,5.852459828819217,1127.8802601147652,0,510.2849815743804,510.2112025766052,1350.0,1500.0,-0.5009252363815904,0.20952730973450484,34.469914738703686,0.0,1.3265221903644953e-14,34.469914738703686,0.0,75665.55209689532,65350.0,2501.731344873943,7663.820752021371,0.0,-7.275957614183426e-12,-4.547473508864641e-12,0,0,0,0.0,0,0,True,1008,0,2.2588861414638678e-11,1.6900568587148912e-13,2.6269717832424807e-10,0.716240999963702,1.0851074000902372,1.655990000017482,1.0113885736733985,3.022589363157749,-3.022589363157749,18.134528259773646,6.448456481691554,1127.8802601147652,0,319.97088799674634,320.1101488056731,1418.20876588485,1418.7448969684554,0.5991126177832484,0.26938836029197677,34.37507083329936,0.0,1.3265221903644953e-14,34.37507083329936,0.0,45219.472168378605,43200.0,1569.6040953925828,449.33194190241034,0.0,-6.139089236967266e-12,-1.1141310096718371e-11,0,0,0,0.0,0,0,True,1008,0,2.2588861414638678e-11,1.6900568587148912e-13,2.6269717832424807e-10,0.7401269999718352,1.1431700600610377,1.655990000017482,1.0090434357778064,3.022589363157749,-3.022589363157749,20.71904546353094,5.852459828819217,1127.8802601147652,0,365.64371793288336,365.7319689508804,1350.0,1418.7448969684554,0.5991126177832484,0.2713355563573827,34.469914738703686,0.0,1.3265221903644953e-14,34.469914738703686,0.0,52808.796223739846,50400.0,1793.3027066560821,546.7486201153124,0.0,3.865352482534945e-12,-1.2050804798491299e-11,0,0,0,0.0,0,0,True,1008,0,2.2588861414638678e-11,1.6900568587148912e-13,2.6269717832424807e-10,0.7401269999718352,1.1431700600610377,1.655990000017482,1.2188296956446876,3.360808159224689,-3.280054754577577,8.184878720376485,8.018706201535172,1137.9269041966256,0,144.64126364149706,144.47923362572482,1418.7448969684554,1500.0,-0.5009252363815904,0.0011570334941681804,0.0,0.0,0.0,0.0,0.0,22856.755873155467,14950.0,708.4286382178607,7117.0721319060585,0.0,-3.410605131648481e-12,7.16227077646181e-12,0,0,0,0.0,0,0,True,1008,0,2.2588861414638678e-11,1.6900568587148912e-13,2.6269717832424807e-10,0.716240999963702,1.0851074000902372,1.655990000017482,0.26918600008229987,0.46466736991987967,0.5368210001961415,0.26918600008229987,0.46466736991987967,0.5368210001961415,0.26918600008229987,0.46466736991987967,0.5368210001961415,0.26918600008229987,0.46466736991987967,0.5368210001961415
1d51662afb815f886e6a892a9e4aa57a92f1f105af85fa83950794075ee6f9fd,Feb2022,400.0,False,180.0,swmpc_nosw,1,96.91666666666667,1.0871870331083948,4.283946203999221,-4.283946203999221,28.885562126859366,5.883985487045068,1129.641252580353,0,510.2385937187382,509.88707609645155,1350.0,1500.0,-2.3865338573232293,0.20971369992819655,34.44651362095115,0.0,1.1661187166432733e-14,34.44651362095115,0.0,75665.49484153208,65350.0,2500.142047400648,7665.352794131442,0.0,7.275957614183426e-12,-1.5006662579253316e-11,0,0,0,0.0,0,0,True,1008,0,3.358005112107729e-11,1.8511971226007063e-13,2.694907267781245e-10,0.7168019999426178,1.123455759993705,4.567774999941321,1.0439324520114563,3.4855420030653477,-3.4855420030653477,18.13847521851377,6.497633975220587,1129.641252580353,0,320.0261474358009,320.1798204029448,1418.2542056873613,1419.1807078683191,1.024708908982575,0.2692277883596743,34.378201488448774,0.0,8.33240304990612e-15,34.378201488448774,0.0,45221.132552967494,43200.0,1569.9457178772732,450.2603329092776,0.0,1.4551915228366852e-11,-1.4097167877480388e-11,0,0,0,0.0,0,0,True,1008,0,3.358005112107729e-11,1.8511971226007063e-13,2.694907267781245e-10,0.7404075000749799,1.174882759974024,4.567774999941321,1.02900286117819,3.4855420030653477,-3.4855420030653477,20.719830651394727,5.883985487045068,1129.641252580353,0,365.5948882374179,365.74582906349656,1350.0,1419.1807078683191,1.024708908982575,0.2715813160067079,34.44651362095115,0.0,1.1661187166432733e-14,34.44651362095115,0.0,52808.22475045602,50400.0,1793.3706672927733,545.6733752949367,0.0,7.275957614183426e-12,-1.3415046851150692e-11,0,0,0,0.0,0,0,True,1008,0,3.358005112107729e-11,1.8511971226007063e-13,2.694907267781245e-10,0.7404075000749799,1.174882759974024,4.567774999941321,1.263753109410745,4.283946203999221,-4.283946203999221,8.16573147546464,8.034422526733277,1136.9829633113625,0,144.6437054813203,144.141247032955,1419.1807078683191,1500.0,-2.3865338573232293,0.0011432751551553322,0.0,0.0,0.0,0.0,0.0,22857.270091076065,14950.0,706.771380107875,7119.679418836506,0.0,-3.183231456205249e-12,-1.4779288903810084e-12,0,0,0,0.0,0,0,True,1008,0,3.358005112107729e-11,1.8511971226007063e-13,2.694907267781245e-10,0.7168019999426178,1.123455759993705,4.567774999941321,0.26983249995282677,0.4726792898941311,4.086487999984456,0.26983249995282677,0.4726792898941311,4.086487999984456,0.26983249995282677,0.4726792898941311,4.086487999984456,0.26983249995282677,0.4726792898941311,4.086487999984456
1d51662afb815f886e6a892a9e4aa57a92f1f105af85fa83950794075ee6f9fd,Feb2022,400.0,False,180.0,swmpc_nosw,2,96.91666666666667,1.1049531495032514,4.3105800822377205,-2.9243286615237594,28.903425189335664,5.940278157405151,1128.6156095938575,0,510.24083386106133,510.2023943393934,1350.0,1500.0,-0.2610034551471472,0.20961193925514954,34.453090616103374,0.0,1.2548684644727345e-14,34.453090616103374,0.0,75669.3878684346,65350.0,2501.6881552242044,7667.699713210402,0.0,8.185452315956354e-12,-2.1373125491663814e-11,0,0,0,0.0,0,0,True,1008,0,2.0886947723167688e-11,1.69226038373166e-13,2.35574527842353e-10,0.7267969999702473,1.2955339798099887,3.4365170001819934,1.0806159443710004,2.977212973870337,-2.9243286615237594,18.12138504328016,6.395932812414763,1128.6156095938575,0,319.9263241644385,319.87814514242814,1417.9897103866997,1420.129045130494,-0.293002862483263,0.26958778243036785,34.375497172395804,0.0,1.2489435138050919e-14,34.375497172395804,0.0,45221.20547597441,43200.0,1568.4665060304947,450.59963520012684,0.0,2.5011104298755527e-12,-1.1141310096718371e-11,0,0,0,0.0,0,0,True,1008,0,2.0886947723167688e-11,1.69226038373166e-13,2.35574527842353e-10,0.7600420000244412,1.3109493600472888,3.4365170001819934,1.0668511119542452,2.977212973870337,-2.9243286615237594,20.708835239732025,5.940278157405151,1128.6156095938575,0,365.5948953295252,365.5517383866905,1350.0,1420.129045130494,-0.293002862483263,0.27145436452795724,34.453090616103374,0.0,1.2548684644727345e-14,34.453090616103374,0.0,52811.488513722026,50400.0,1792.4189776249177,548.9404909666271,0.0,1.2505552149377763e-11,-1.1141310096718371e-11,0,0,0,0.0,0,0,True,1008,0,2.0886947723167688e-11,1.69226038373166e-13,2.35574527842353e-10,0.7600420000244412,1.3109493600472888,3.4365170001819934,1.224700749983246,4.3105800822377205,-2.9076584819704294,8.194589949603639,8.053665155290997,1137.9004211962433,0,144.64593853153616,144.6506559527029,1420.129045130494,1500.0,-0.2610034551471472,0.0011264386698979223,0.0,0.0,0.0,0.0,0.0,22857.899354712565,14950.0,709.269177599287,7118.759222243774,0.0,2.7284841053187847e-12,-1.000444171950221e-11,0,0,0,0.0,0,0,True,1008,0,2.0886947723167688e-11,1.69226038373166e-13,2.35574527842353e-10,0.7267969999702473,1.2955339798099887,3.4365170001819934,0.2769479999642499,0.5807388600305782,2.840016999925865,0.2769479999642499,0.5807388600305782,2.840016999925865,0.2769479999642499,0.5807388600305782,2.840016999925865,0.2769479999642499,0.5807388600305782,2.840016999925865
1d51662afb815f886e6a892a9e4aa57a92f1f105af85fa83950794075ee6f9fd,Feb2022,400.0,False,180.0,swmpc_nosw,3,96.91666666666667,1.0689894474303232,3.483607077971101,-3.2279765969142318,28.89650484492791,5.729262861281939,1129.1010162812836,0,510.17759250319665,510.08023662751896,1350.0,1500.0,-0.6609719004482031,0.20986307505326995,34.44651368716355,0.0,1.3620536835987476e-14,34.44651368716355,0.0,75663.03668820567,65350.0,2501.0891762616375,7661.94751194403,0.0,-1.8189894035458565e-12,-7.275957614183426e-12,0,0,0,0.0,0,0,True,1008,0,2.3738565614141053e-11,1.8555129520828354e-13,2.553490257268583e-10,0.7156500000746746,1.268718920077845,2.3976690001745737,1.037336662003254,3.156771016307175,-3.156771016307175,18.146079328635068,6.471121268050163,1129.1010162812836,0,319.99383185203385,320.3140479266847,1418.3767059024992,1422.0235179551328,0.8349215323105454,0.26933375560973194,34.37621795769512,0.0,1.3620536835987476e-14,34.37621795769512,0.0,45221.315709925126,43200.0,1570.6038790501248,447.0650188223599,0.0,-7.503331289626658e-12,5.6843418860808015e-12,0,0,0,0.0,0,0,True,1008,0,2.3738565614141053e-11,1.8555129520828354e-13,2.553490257268583e-10,0.7465119999778835,1.2767098500603422,2.3976690001745737,1.0223852704926233,3.156771016307175,-3.156771016307175,20.71519211034034,5.729262861281939,1129.1010162812836,0,365.5409666516179,365.66394967596267,1350.0,1422.0235179551328,0.8349215323105454,0.27176246829322137,34.44651368716355,0.0,1.3620536835987476e-14,34.44651368716355,0.0,52807.34557008774,50400.0,1792.9691860449034,542.3528660876946,0.0,-7.73070496506989e-12,5.6843418860808015e-12,0,0,0,0.0,0,0,True,1008,0,2.3738565614141053e-11,1.8555129520828354e-13,2.553490257268583e-10,0.7465119999778835,1.2767098500603422,2.3976690001745737,1.212980691121148,3.483607077971101,-3.2279765969142318,8.181312734587571,7.986186312950513,1137.620663960107,0,144.63662585157874,144.4162869515563,1422.0235179551328,1500.0,-0.6609719004482031,0.0011855219232658198,0.0,0.0,0.0,0.0,0.0,22855.691118117942,14950.0,708.1199902167342,7119.594645856336,0.0,-4.547473508864641e-12,-1.2732925824820995e-11,0,0,0,0.0,0,0,True,1008,0,2.3738565614141053e-11,1.8555129520828354e-13,2.553490257268583e-10,0.7156500000746746,1.268718920077845,2.3976690001745737,0.26670249997096107,0.545350149996011,0.6864560000394704,0.26670249997096107,0.545350149996011,0.6864560000394704,0.26670249997096107,0.545350149996011,0.6864560000394704,0.26670249997096107,0.545350149996011,0.6864560000394704
1d51662afb815f886e6a892a9e4aa57a92f1f105af85fa83950794075ee6f9fd,Feb2022,400.0,False,180.0,swmpc_nosw,4,96.91666666666667,1.1658775357114262,4.9924600990489125,-4.830499201081693,28.908974096174287,5.8295849210551545,1128.64434617417,0,510.10225891015125,510.30034347644886,1350.0,1500.0,1.3448061607778072,0.21000806022493856,34.44651358199807,0.0,1.202418320205229e-14,34.44651358199807,0.0,75670.09395926466,65350.0,2502.168431676646,7667.925527588013,0.0,-1.8189894035458565e-12,3.183231456205249e-12,0,0,0,0.0,0,0,True,1008,0,2.3284580980264347e-11,1.72594946456751e-13,2.9568719589244077e-10,0.7191350000539387,1.2140626398741008,2.7818089999982476,1.0861551240630263,3.2334887143224478,-3.2334887143224478,18.131488990573885,6.493188097039013,1128.64434617417,0,319.8368690726278,320.0564997169444,1418.2852225756221,1422.3021052223867,0.6489904848858714,0.2698946361362553,34.3756414410701,0.0,1.202418320205229e-14,34.3756414410701,0.0,45222.777016596134,43200.0,1569.3410364745744,449.41909747479053,0.0,-4.320099833421409e-12,7.048583938740194e-12,0,0,0,0.0,0,0,True,1008,0,2.3284580980264347e-11,1.72594946456751e-13,2.9568719589244077e-10,0.7533574998888071,1.2237542299567394,2.7818089999982476,1.0818582469567246,3.2334887143224478,-3.2334887143224478,20.70851412353294,5.8295849210551545,1128.64434617417,0,365.45047303535625,365.5460700531836,1350.0,1422.3021052223867,0.6489904848858714,0.27197613627369577,34.44651358199807,0.0,1.202418320205229e-14,34.44651358199807,0.0,52811.16762802833,50400.0,1792.3911839435145,546.4743388624252,0.0,-1.8189894035458565e-12,7.048583938740194e-12,0,0,0,0.0,0,0,True,1008,0,2.3284580980264347e-11,1.72594946456751e-13,2.9568719589244077e-10,0.7533574998888071,1.2237542299567394,2.7818089999982476,1.412777152040657,4.9924600990489125,-4.830499201081693,8.200459972641347,8.085094166805444,1136.9706600391703,0,144.651785874795,144.75427342326526,1422.3021052223867,1500.0,1.3448061607778072,0.0010989610371548997,0.0,0.0,0.0,0.0,0.0,22858.926331236333,14950.0,709.7772477331314,7121.451188725588,0.0,-9.094947017729282e-13,-3.751665644813329e-12,0,0,0,0.0,0,0,True,1008,0,2.3284580980264347e-11,1.72594946456751e-13,2.9568719589244077e-10,0.7191350000539387,1.2140626398741008,2.7818089999982476,0.2773839999008487,0.5145369600313642,2.199819999987085,0.2773839999008487,0.5145369600313642,2.199819999987085,0.2773839999008487,0.5145369600313642,2.199819999987085,0.2773839999008487,0.5145369600313642,2.199819999987085
1d51662afb815f886e6a892a9e4aa57a92f1f105af85fa83950794075ee6f9fd,Feb2022,400.0,True,0.0,pid_lowdrag_preview,0,96.16666666666667,1.2456836914481528,4.862914544530213,-4.3364464631304145,28.93409089771406,6.865544560413195,995.4494931707404,0,511.01403412355603,510.7437045037304,1350.0,1500.0,-1.8353533828631043,0.23065360635615229,0.0,0.0,0.0,0.0,0.0,77964.16472513381,66100.0,2504.3423748857304,9209.822350248116,0.0,3.2741809263825417e-11,1.9554136088117957e-11,0,0,0,0.0,0,0,True,0,0,,,,0.16086200002973783,0.3822146199831877,1.6701510000984854,1.2372196264777606,4.862914544530213,-3.8747988492250443,18.429307073515343,6.865544560413195,995.4494931707404,0,325.27977793268974,325.3135755824863,1284.316186377139,1211.6639395079517,0.07148812059313059,0.29275502903522377,0.0,0.0,0.0,0.0,0.0,47836.1767064114,44400.0,1595.1181879929818,1913.7107652876246,0.0,1.6143530956469476e-11,1.5006662579253316e-11,0,0,0,0.0,0,0,True,0,0,,,,0.16037200009577646,0.39108769993163117,0.78625700007251,1.2096169820187257,4.862914544530213,-3.8747988492250443,20.963058485949745,6.865544560413195,995.4494931707404,0,370.028743920344,370.03927950223584,1350.0,1211.6639395079517,0.07148812059313059,0.2968274617610659,0.0,0.0,0.0,0.0,0.0,55414.234076470864,51600.0,1814.422850165288,2138.1472867976454,0.0,2.091837814077735e-11,1.4779288903810084e-11,0,0,0,0.0,0,0,True,0,0,,,,0.16037200009577646,0.39108769993163117,0.78625700007251,1.3636463946927702,4.3364464631304145,-4.3364464631304145,7.971032411764316,8.636015166031276,1126.6208049748964,0,140.985290203212,140.70442500149454,1211.6639395079517,1500.0,-1.8353533828631043,0.000642412397004688,0.0,0.0,0.0,0.0,0.0,22549.93064866295,14500.0,689.9195247204422,7071.675063450471,0.0,1.1141310096718371e-11,4.661160346586257e-12,0,0,0,0.0,0,0,True,0,0,,,,0.16086200002973783,0.3822146199831877,1.6701510000984854,,,,,,,,,,,,
1d51662afb815f886e6a892a9e4aa57a92f1f105af85fa83950794075ee6f9fd,Feb2022,400.0,True,0.0,pid_lowdrag_preview,1,96.16666666666667,1.2770310595948158,5.44960818067193,-4.771702169440687,28.941491537509528,6.854847534672427,996.6860930501009,0,511.11094829789954,510.874340375368,1350.0,1500.0,-1.6064168196171522,0.23057580247740161,0.0,0.0,0.0,0.0,0.0,77990.18038087868,66100.0,2504.9829250210532,9235.19745585762,0.0,-5.4569682106375694e-12,-1.77351466845721e-11,0,0,0,0.0,0,0,True,0,0,,,,0.1695909999170908,0.3659789998209817,1.6967919998478465,1.2951156379280333,5.44960818067193,-4.771702169440687,18.44305676413262,6.860907116201167,996.6860930501009,0,325.34932234355904,325.5562847087643,1284.181199455481,1210.384238413713,1.4058751175180078,0.29262341460767416,0.0,0.0,0.0,0.0,0.0,47852.70339997021,44400.0,1596.308269719601,1930.1920912923658,0.0,-1.1823431123048067e-11,-9.322320693172514e-12,0,0,0,0.0,0,0,True,0,0,,,,0.1859955000327318,0.368002559987417,1.6967919998478465,1.2472541208100634,5.44960818067193,-4.771702169440687,20.979358759430944,6.854847534672427,996.6860930501009,0,370.1199225032569,370.3270114407106,1350.0,1210.384238413713,1.4058751175180078,0.2967460064796149,0.0,0.0,0.0,0.0,0.0,55440.18038087868,51600.0,1815.8336933725209,2163.962449092438,0.0,-7.048583938740194e-12,-9.322320693172514e-12,0,0,0,0.0,0,0,True,0,0,,,,0.1859955000327318,0.368002559987417,1.6967919998478465,1.3755265124279896,4.148052344098687,-4.148052344098687,7.962132778078583,8.75966873856294,1125.9435520048078,0,140.99102579464267,140.5473289346574,1210.384238413713,1500.0,-1.6064168196171522,0.0005773002903983748,0.0,0.0,0.0,0.0,0.0,22550.0,14500.0,689.1492316485321,7071.2350067651805,0.0,-6.821210263296962e-13,-8.640199666842818e-12,0,0,0,0.0,0,0,True,0,0,,,,0.1695909999170908,0.3659789998209817,1.6967919998478465,,,,,,,,,,,,
1d51662afb815f886e6a892a9e4aa57a92f1f105af85fa83950794075ee6f9fd,Feb2022,400.0,True,0.0,pid_lowdrag_preview,2,96.16666666666667,1.2763059480990964,4.301911649294198,-4.301911649294198,28.94082032767648,6.847836173448682,993.1314571444304,0,511.1352665814226,510.86249219953515,1350.0,1500.0,-1.8519604448229074,0.23058316586367167,0.0,0.0,0.0,0.0,0.0,77996.54081674351,66100.0,2504.9248295642883,9241.615987179222,0.0,1.8189894035458565e-12,1.3642420526593924e-12,0,0,0,0.0,0,0,True,0,0,,,,0.1698165000334484,0.4229169998757241,5.000739000024623,1.2974216080276073,4.301911649294198,-4.301911649294198,18.421026408093446,6.847836173448682,993.1314571444304,0,325.38304819461155,325.1674055248718,1283.4898377351242,1215.3963955689912,-1.4296661335974932,0.29262517267430443,0.0,0.0,0.0,0.0,0.0,47861.498431939704,44400.0,1594.4014686952441,1935.190405410592,0.0,-1.3642420526593924e-12,-4.774847184307873e-12,0,0,0,0.0,0,0,True,0,0,,,,0.1736870000286217,0.4224181798895186,0.9237839999514108,1.267491830742509,4.301911649294198,-4.301911649294198,20.95755539813722,6.847836173448682,993.1314571444304,0,370.15272154665746,369.9421391612549,1350.0,1215.3963955689912,-1.4296661335974932,0.29673087415379684,0.0,0.0,0.0,0.0,0.0,55446.75681640135,51600.0,1813.946539502862,2167.413881329495,0.0,-2.0463630789890885e-12,-4.774847184307873e-12,0,0,0,0.0,0,0,True,0,0,,,,0.1736870000286217,0.4224181798895186,0.9237839999514108,1.3064801303974627,3.6719877757132053,-3.460167567245662,7.98326492953926,8.61294075292909,1126.6974253648527,0,140.98254503476517,140.92035303828027,1215.3963955689912,1500.0,-1.8519604448229074,0.0006628556690299048,0.0,0.0,0.0,0.0,0.0,22549.784000342166,14500.0,690.9782900614265,7074.202105849727,0.0,-4.320099833421409e-12,6.59383658785373e-12,0,0,0,0.0,0,0,True,0,0,,,,0.1698165000334484,0.4229169998757241,5.000739000024623,,,,,,,,,,,,
1d51662afb815f886e6a892a9e4aa57a92f1f105af85fa83950794075ee6f9fd,Feb2022,400.0,True,0.0,pid_lowdrag_preview,3,96.16666666666667,1.2793433610080414,5.416863986290991,-4.178274488076568,28.940100325097724,6.849914351389062,991.835087668393,0,511.15793740452193,510.8497827356138,1350.0,1500.0,-2.0921430280432105,0.2305242695684946,0.0,0.0,0.0,0.0,0.0,78000.8714149275,66100.0,2504.8625109321038,9246.00890399539,0.0,-1.0913936421275139e-11,-6.821210263296962e-12,0,0,0,0.0,0,0,True,0,0,,,,0.16244500011453056,0.3465265199019995,0.5530149999231071,1.2772210316977326,5.416863986290991,-3.412022612988949,18.450256165991746,6.858816443789289,991.835087668393,0,325.39284832240605,325.68336833439974,1285.5868056889997,1213.2272520854544,0.3841755697503686,0.29257340199704784,0.0,0.0,0.0,0.0,0.0,47859.77445239335,44400.0,1596.9314020382767,1935.2026039586153,0.0,-3.865352482534945e-12,-1.5916157281026244e-12,0,0,0,0.0,0,0,True,0,0,,,,0.1648384999271002,0.35909057995240745,0.5530149999231071,1.2607386436937287,5.416863986290991,-4.178274488076568,20.973760261042553,6.849914351389062,991.835087668393,0,370.1715941955035,370.22818691511367,1350.0,1213.2272520854544,0.3841755697503686,0.2966638934200858,0.0,0.0,0.0,0.0,0.0,55450.87176482229,51600.0,1815.3491246055562,2172.2953881312633,0.0,-1.432454155292362e-11,-1.3642420526593924e-12,0,0,0,0.0,0,0,True,0,0,,,,0.1648384999271002,0.35909057995240745,0.5530149999231071,1.3420059663351136,4.028330283239484,-4.028330283239484,7.966340064055171,8.646922765800653,1126.8725847468445,0,140.98634320901846,140.62159582050015,1213.2272520854544,1500.0,-2.0921430280432105,0.000632059767101345,0.0,0.0,0.0,0.0,0.0,22549.999650105223,14500.0,689.5133863265472,7073.713515864126,0.0,-4.092726157978177e-12,-5.6843418860808015e-12,0,0,0,0.0,0,0,True,0,0,,,,0.16244500011453056,0.3465265199019995,0.5530149999231071,,,,,,,,,,,,
1d51662afb815f886e6a892a9e4aa57a92f1f105af85fa83950794075ee6f9fd,Feb2022,400.0,True,0.0,pid_lowdrag_preview,4,96.16666666666667,1.3273573417250137,5.700528729707003,-3.900901025161147,28.948353353652298,6.852113324920872,990.7493144441555,0,511.10430411305873,510.9954649480711,1350.0,1500.0,-0.7389709800481796,0.23063707440211967,0.0,0.0,0.0,0.0,0.0,77990.01203889855,66100.0,2505.576838166487,9234.435200732067,0.0,1.8189894035458565e-12,-6.821210263296962e-12,0,0,0,0.0,0,0,True,0,0,,,,0.16509449994828174,0.4427902600355082,2.7912130001368496,1.2733707603794546,5.700528729707003,-3.900901025161147,18.429336577129504,6.856418855089405,990.7493144441555,0,325.35314870510615,325.3140963793921,1283.7678090167915,1213.7448959663054,-0.9953965758904815,0.29272333372688375,0.0,0.0,0.0,0.0,0.0,47858.544572507235,44400.0,1595.1207416294837,1933.4467439282305,0.0,-6.821210263296962e-12,-1.8189894035458565e-12,0,0,0,0.0,0,0,True,0,0,,,,0.167317000091316,0.44462805983584974,2.7912130001368496,1.2495739604465352,5.700528729707003,-3.900901025161147,20.959299370371806,6.852113324920872,990.7493144441555,0,370.1195392882176,369.9729237068213,1350.0,1213.7448959663054,-0.9953965758904815,0.2968049020436848,0.0,0.0,0.0,0.0,0.0,55440.112621840744,51600.0,1814.097486134751,2162.270239739686,0.0,-1.8189894035458565e-12,-1.5916157281026244e-12,0,0,0,0.0,0,0,True,0,0,,,,0.167317000091316,0.44462805983584974,2.7912130001368496,1.5679884413151264,5.068514017388225,-3.7061614943668246,7.989053983280492,8.631077927761725,1126.2292272361374,0,140.98476482484114,141.02254124124983,1213.7448959663054,1500.0,-0.7389709800481796,0.0006468321169551539,0.0,0.0,0.0,0.0,0.0,22549.899417057808,14500.0,691.4793520317362,7072.164960992382,0.0,4.320099833421409e-12,-4.774847184307873e-12,0,0,0,0.0,0,0,True,0,0,,,,0.16509449994828174,0.4427902600355082,2.7912130001368496,,,,,,,,,,,,
1d51662afb815f886e6a892a9e4aa57a92f1f105af85fa83950794075ee6f9fd,Feb2022,400.0,True,0.0,swmpc,0,96.16666666666667,1.1994984777927524,4.537740035913885,-4.345599164254963,29.002826242652777,6.3349440011409435,1023.0106221361905,0,512.2273503330366,511.95701875051645,1350.0,1500.0,-1.8353538634255528,0.2004593074951363,45.78601193109119,0.0,1.2947840417104316e-14,45.78601193109119,0.0,76329.31163722234,66100.0,2510.291648964875,7569.01998825746,0.0,-1.000444171950221e-11,-1.5916157281026244e-11,0,0,0,0.0,0,0,True,1008,0,3.780086273167783e-11,1.673210902711788e-13,2.5214866718849196e-10,0.7004524999274508,0.992266109888078,2.2293549998266826,1.1643654668522179,4.537740035913885,-3.2117788791656494,18.45006872623856,6.348087665998379,1023.0106221361905,0,325.80096919250786,325.68005965350073,1327.1244437556124,1210.596126444352,0.038810981437563896,0.256875990325955,45.78601193109119,0.0,1.1351421734896002e-14,45.78601193109119,0.0,46297.449869773525,44400.0,1596.9151785005042,417.0630085842686,0.0,-1.2960299500264227e-11,2.2737367544323206e-13,0,0,0,0.0,0,0,True,1008,0,3.780086273167783e-11,1.673210902711788e-13,2.5214866718849196e-10,0.7195110000566274,1.00627375002432,2.2293549998266826,1.1479433771038008,4.537740035913885,-3.2117788791656494,21.028330194617368,6.3349440011409435,1023.0106221361905,0,371.18573341647556,371.19145374547946,1350.0,1210.596126444352,0.038810981437563896,0.25812250989774377,45.78601193109119,0.0,1.2947840417104316e-14,45.78601193109119,0.0,53779.311637222345,51600.0,1820.0723349365558,498.64317584143237,0.0,-4.774847184307873e-12,4.547473508864641e-13,0,0,0,0.0,0,0,True,1008,0,3.780086273167783e-11,1.673210902711788e-13,2.5214866718849196e-10,0.7195110000566274,1.00627375002432,2.2293549998266826,1.363618153000778,4.345599164254963,-4.345599164254963,7.974496048035409,9.930470785910952,1126.6208190948685,0,141.04161691656105,140.765565005037,1210.596126444352,1500.0,-1.8353538634255528,2.9969488831493862e-05,0.0,0.0,0.0,0.0,0.0,22550.0,14500.0,690.2193140283198,7070.376812416027,0.0,-5.229594535194337e-12,-1.5916157281026244e-11,0,0,0,0.0,0,0,True,1008,0,3.780086273167783e-11,1.673210902711788e-13,2.5214866718849196e-10,0.7004524999274508,0.992266109888078,2.2293549998266826,0.2643740000394246,0.44990538019192083,0.54769700000179,0.2643740000394246,0.44990538019192083,0.54769700000179,0.2643740000394246,0.44990538019192083,0.54769700000179,0.2643740000394246,0.44990538019192083,0.54769700000179
1d51662afb815f886e6a892a9e4aa57a92f1f105af85fa83950794075ee6f9fd,Feb2022,400.0,True,0.0,swmpc,1,96.16666666666667,1.1624403392893885,4.148062112741172,-4.148062112741172,29.00980799673293,6.3770080048280136,1020.1249333490225,0,512.3168708122522,512.0802604640891,1350.0,1500.0,-1.6064177257940173,0.20029197379645147,45.77358753542201,0.0,1.3407949871195228e-14,45.77358753542201,0.0,76324.78662329978,66100.0,2510.8959431400936,7563.890680159685,0.0,1.8189894035458565e-12,1.0459189070388675e-11,0,0,0,0.0,0,0,True,1008,0,3.1073294127847534e-11,2.3182749726499673e-13,1.9197617336562345e-10,0.7375530000217623,1.2462563900771784,7.028644999991229,1.1369332588931975,4.029855123721063,-3.394627026282251,18.44896407548207,6.401930301084191,1020.1249333490225,0,325.77313201506377,325.66056039148685,1325.6365784243487,1210.4677570194058,0.26139213517308235,0.2571118863807246,45.77358753542201,0.0,1.3407949871195228e-14,45.77358753542201,0.0,46293.751832408685,44400.0,1596.8195672815943,412.10108653202633,0.0,-7.275957614183426e-12,5.4569682106375694e-12,0,0,0,0.0,0,0,True,1008,0,3.1073294127847534e-11,2.3182749726499673e-13,1.9197617336562345e-10,0.7775640001455031,1.266725310008496,7.028644999991229,1.0944173316692565,4.029855123721063,-3.394627026282251,21.03528254279675,6.3770080048280136,1020.1249333490225,0,371.2756702729177,371.3141763869716,1350.0,1210.4677570194058,0.26139213517308235,0.2579063118598498,45.77358753542201,0.0,1.3407949871195228e-14,45.77358753542201,0.0,53774.78662329978,51600.0,1820.6740839326544,493.6447823477165,0.0,0.0,5.4569682106375694e-12,0,0,0,0.0,0,0,True,1008,0,3.1073294127847534e-11,2.3182749726499673e-13,1.9197617336562345e-10,0.7775640001455031,1.266725310008496,7.028644999991229,1.3729077873191617,4.148062112741172,-4.148062112741172,7.974525453936181,9.924642935477719,1125.9557705687973,0,141.0412005393345,140.76608407711745,1210.4677570194058,1500.0,-1.6064177257940173,3.2481493328462285e-05,0.0,0.0,0.0,0.0,0.0,22550.0,14500.0,690.2218592074396,7070.2458978119685,0.0,2.2737367544323206e-12,5.6843418860808015e-12,0,0,0,0.0,0,0,True,1008,0,3.1073294127847534e-11,2.3182749726499673e-13,1.9197617336562345e-10,0.7375530000217623,1.2462563900771784,7.028644999991229,0.2798230000280455,0.520321450060237,0.8152510001764313,0.2798230000280455,0.520321450060237,0.8152510001764313,0.2798230000280455,0.520321450060237,0.8152510001764313,0.2798230000280455,0.520321450060237,0.8152510001764313
1d51662afb815f886e6a892a9e4aa57a92f1f105af85fa83950794075ee6f9fd,Feb2022,400.0,True,0.0,swmpc,2,96.16666666666667,1.1492151016023384,3.9563875114545226,-3.460191178135574,29.01609753201627,6.288292564402535,1019.8491160331433,0,512.4640599079268,512.1912831522236,1350.0,1500.0,-1.8519600788131356,0.19990204736422068,45.78313337076526,0.0,1.2369262153885234e-14,45.78313337076526,0.0,76326.40735797663,66100.0,2511.440323462378,7564.967034514251,0.0,2.7284841053187847e-12,-6.821210263296962e-12,0,0,0,0.0,0,0,True,1008,0,2.975807303059297e-11,1.6912765024733012e-13,1.5676351961117452e-10,0.6991400000515569,1.029099000024871,3.9378339999984746,1.130870694737707,3.9563875114545226,-3.006754524074495,18.45048533110597,6.288292564402535,1019.8491160331433,0,325.9728165476075,325.68741355012054,1327.9491891119899,1212.8789494815837,-1.041509049013257,0.25624256630322284,45.78313337076526,0.0,1.2369262153885234e-14,45.78313337076526,0.0,46296.46816584691,44400.0,1596.9512370456507,414.5871684316651,0.0,-2.9558577807620168e-12,-4.320099833421409e-12,0,0,0,0.0,0,0,True,1008,0,2.975807303059297e-11,1.6912765024733012e-13,1.5676351961117452e-10,0.7246940000413815,1.0435256200116778,3.9378339999984746,1.0987037638420016,3.9563875114545226,-3.006754524074495,21.032787484229168,6.288292564402535,1019.8491160331433,0,371.4235436203524,371.27013368798663,1350.0,1212.8789494815837,-1.041509049013257,0.25740459569616536,45.78313337076526,0.0,1.2369262153885234e-14,45.78313337076526,0.0,53776.40735797664,51600.0,1820.4581282656532,493.0702802293956,0.0,-8.412825991399586e-12,-4.092726157978177e-12,0,0,0,0.0,0,0,True,1008,0,2.975807303059297e-11,1.6912765024733012e-13,1.5676351961117452e-10,0.7246940000413815,1.0435256200116778,3.9378339999984746,1.3097188479693769,3.669664340093732,-3.460191178135574,7.9833100477871035,9.92779986380953,1126.6974264289752,0,141.04051628757435,140.92114946423698,1212.8789494815837,1500.0,-1.8519600788131356,3.1120748357982286e-05,0.0,0.0,0.0,0.0,0.0,22550.0,14500.0,690.9821951967249,7071.896754284857,0.0,-1.8189894035458565e-12,-2.5011104298755527e-12,0,0,0,0.0,0,0,True,1008,0,2.975807303059297e-11,1.6912765024733012e-13,1.5676351961117452e-10,0.6991400000515569,1.029099000024871,3.9378339999984746,0.2630124999996042,0.4307068700836677,1.2396319998515537,0.2630124999996042,0.4307068700836677,1.2396319998515537,0.2630124999996042,0.4307068700836677,1.2396319998515537,0.2630124999996042,0.4307068700836677,1.2396319998515537
1d51662afb815f886e6a892a9e4aa57a92f1f105af85fa83950794075ee6f9fd,Feb2022,400.0,True,0.0,swmpc,3,96.16666666666667,1.1854646009419458,4.030382236465812,-4.030382236465812,29.013848252854316,6.36572541867174,1021.1093409298597,0,512.4597361225315,512.1515789439402,1350.0,1500.0,-2.092143186368048,0.19996585351354157,45.79034078934603,0.0,1.1837032459069628e-14,45.79034078934603,0.0,76330.20150381138,66100.0,2511.2456408252947,7568.955862986063,0.0,-1.7280399333685637e-11,1.6370904631912708e-11,0,0,0,0.0,0,0,True,1008,0,2.1266941878301414e-11,1.677013417154987e-13,2.6527989539262183e-10,0.6985894999615994,1.1279630799617735,2.3480350000681938,1.156778572418797,3.3479730682447553,-3.126934239640832,18.474185170075337,6.402279962579755,1021.1093409298597,0,325.964324137663,326.10576239661805,1325.8585306903656,1211.2967046985525,0.3538678865879774,0.2563530806951758,45.79034078934603,0.0,1.1837032459069628e-14,45.79034078934603,0.0,46300.91588059801,44400.0,1599.00253740339,416.4751691864292,0.0,-5.229594535194337e-12,9.094947017729282e-12,0,0,0,0.0,0,0,True,1008,0,2.1266941878301414e-11,1.677013417154987e-13,2.6527989539262183e-10,0.7186249999904248,1.1345355599883078,2.3480350000681938,1.1365722775858742,3.3479730682447553,-3.333014812320471,21.044121013996072,6.36572541867174,1021.1093409298597,0,371.41806695985184,371.47019281543146,1350.0,1211.2967046985525,0.3538678865879774,0.2574867677787812,45.79034078934603,0.0,1.1837032459069628e-14,45.79034078934603,0.0,53780.201503811375,51600.0,1821.439083186719,497.46571592608666,0.0,-1.6825651982799172e-11,9.322320693172514e-12,0,0,0,0.0,0,0,True,1008,0,2.1266941878301414e-11,1.677013417154987e-13,2.6527989539262183e-10,0.7186249999904248,1.1345355599883078,2.3480350000681938,1.341618488550628,4.030382236465812,-4.030382236465812,7.969727238858244,9.927872483477195,1126.87251235568,0,141.04166916267963,140.68138612850873,1211.2967046985525,1500.0,-2.092143186368048,3.108944677709946e-05,0.0,0.0,0.0,0.0,0.0,22550.0,14500.0,689.8065576385759,7071.490147059976,0.0,-2.2737367544323206e-13,6.707523425575346e-12,0,0,0,0.0,0,0,True,1008,0,2.1266941878301414e-11,1.677013417154987e-13,2.6527989539262183e-10,0.6985894999615994,1.1279630799617735,2.3480350000681938,0.26421900008699595,0.48718456007463823,0.6337659999644529,0.26421900008699595,0.48718456007463823,0.6337659999644529,0.26421900008699595,0.48718456007463823,0.6337659999644529,0.26421900008699595,0.48718456007463823,0.6337659999644529
1d51662afb815f886e6a892a9e4aa57a92f1f105af85fa83950794075ee6f9fd,Feb2022,400.0,True,0.0,swmpc,4,96.16666666666667,1.2329731441048193,5.045873334631324,-3.706162380054593,29.021256252135647,6.371851024277982,1021.4893901539717,0,512.391186188856,512.2823447250078,1350.0,1500.0,-0.738971303217113,0.20010454573692338,45.78355359741022,0.0,1.3103379664611583e-14,45.78355359741022,0.0,76319.1147086493,66100.0,2511.88682794875,7557.227880700559,0.0,9.094947017729282e-12,-1.3642420526593924e-11,0,0,0,0.0,0,0,True,1008,0,2.2205241135545366e-11,1.440977863544425e-13,2.638148470257032e-10,0.7022749999805455,1.2176238001234194,4.473232000009375,1.1152595780940546,4.046084912493825,-2.591281401924789,18.463165969177652,6.374907359311099,1021.4893901539717,0,325.8930686442131,325.911251792945,1324.137859736046,1211.3376108000182,0.3573720511049032,0.2566520069841063,45.78355359741022,0.0,1.3103379664611583e-14,45.78355359741022,0.0,46290.548308384976,44400.0,1598.0487886976425,405.29976862337185,0.0,1.0686562745831907e-11,1.3642420526593924e-12,0,0,0,0.0,0,0,True,1008,0,2.2205241135545366e-11,1.440977863544425e-13,2.638148470257032e-10,0.7292354999890449,1.2252005598679716,4.473232000009375,1.1180176515001203,4.046084912493825,-3.18985113222152,21.040295376828343,6.371851024277982,1021.4893901539717,0,371.35001999096056,371.40266278291296,1350.0,1211.3376108000182,0.3573720511049032,0.25766477890824946,45.78355359741022,0.0,1.3103379664611583e-14,45.78355359741022,0.0,53769.1147086493,51600.0,1821.1079614900268,486.66913635926426,0.0,9.094947017729282e-12,2.0463630789890885e-12,0,0,0,0.0,0,0,True,1008,0,2.2205241135545366e-11,1.440977863544425e-13,2.638148470257032e-10,0.7292354999890449,1.2252005598679716,4.473232000009375,1.5683133746736815,5.045873334631324,-3.706162380054593,7.980960875307304,9.923174183912833,1126.2279103763565,0,141.0411661978954,140.8796819420948,1211.3376108000182,1500.0,-0.738971303217113,3.3114575899606535e-05,0.0,0.0,0.0,0.0,0.0,22550.0,14500.0,690.7788664587234,7070.558744341295,0.0,2.2737367544323206e-13,-1.546140993013978e-11,0,0,0,0.0,0,0,True,1008,0,2.2205241135545366e-11,1.440977863544425e-13,2.638148470257032e-10,0.7022749999805455,1.2176238001234194,4.473232000009375,0.2698574999158154,0.500001450125182,1.5374710001196945,0.2698574999158154,0.500001450125182,1.5374710001196945,0.2698574999158154,0.500001450125182,1.5374710001196945,0.2698574999158154,0.500001450125182,1.5374710001196945
1d51662afb815f886e6a892a9e4aa57a92f1f105af85fa83950794075ee6f9fd,Feb2022,400.0,True,0.0,swmpc_nosw,0,96.16666666666667,1.0809050830017906,3.8873934615403414,-3.8873934615403414,29.01647555837668,6.321325228274207,1022.926071498825,0,512.4471246493786,512.1979560622075,1350.0,1500.0,-1.6916654594242573,0.19976236727453178,45.737990805213755,0.0,1.6161649060175942e-14,45.737990805213755,0.0,76328.65522036319,66100.0,2511.473042908701,7567.182177454502,0.0,1.6370904631912708e-11,2.2282620193436742e-11,0,0,0,0.0,0,0,True,1008,0,3.780086273167783e-11,1.5807322289577707e-13,2.049049977683364e-10,0.7185045000142054,1.300072489850663,9.170904000029623,1.017112865909068,3.203293224796653,-2.9087552009150386,18.46040186553128,6.395834009462744,1022.926071498825,0,326.02031778860857,325.86245991830765,1326.804862503066,1210.6480864243633,-0.10151518043130636,0.25583531404250004,45.737990805213755,0.0,1.6161649060175942e-14,45.737990805213755,0.0,46297.03906372364,44400.0,1597.8095462789133,415.3862935234433,0.0,1.2505552149377763e-11,4.320099833421409e-12,0,0,0,0.0,0,0,True,1008,0,3.780086273167783e-11,1.5807322289577707e-13,2.049049977683364e-10,0.7466270000122677,1.2380158699443198,2.1804510001857125,1.021991862629837,3.203293224796653,-2.9087552009150386,21.039606158289264,6.321325228274207,1022.926071498825,0,371.40544742304456,371.3904967179429,1350.0,1210.6480864243633,-0.10151518043130636,0.25722561873538174,45.737990805213755,0.0,1.6161649060175942e-14,45.737990805213755,0.0,53778.655220363195,51600.0,1821.0483073194846,496.95882661935866,0.0,1.2050804798491299e-11,4.774847184307873e-12,0,0,0,0.0,0,0,True,1008,0,3.780086273167783e-11,1.5807322289577707e-13,2.049049977683364e-10,0.7466270000122677,1.2380158699443198,2.1804510001857125,1.2645057916722404,3.8873934615403414,-3.8873934615403414,7.976869400087416,9.934967703379463,1126.8350162963225,0,141.041677226334,140.8074593442646,1210.6480864243633,1500.0,-1.6916654594242573,2.803116233629499e-05,0.0,0.0,0.0,0.0,0.0,22550.0,14500.0,690.4247355892162,7070.223350835143,0.0,-3.865352482534945e-12,1.7394086171407253e-11,0,0,0,0.0,0,0,True,1008,0,3.780086273167783e-11,1.5807322289577707e-13,2.049049977683364e-10,0.7185045000142054,1.300072489850663,9.170904000029623,0.27938200003063685,0.5158245200959753,0.6775630001811805,0.27938200003063685,0.5158245200959753,0.6775630001811805,0.27938200003063685,0.5158245200959753,0.6775630001811805,0.27938200003063685,0.5158245200959753,0.6775630001811805
1d51662afb815f886e6a892a9e4aa57a92f1f105af85fa83950794075ee6f9fd,Feb2022,400.0,True,0.0,swmpc_nosw,1,96.16666666666667,1.047543879486476,3.719697695225477,-3.719697695225477,29.025494480619418,6.3770080048280136,1020.680322099713,0,512.5622073059131,512.3571578070599,1350.0,1500.0,-1.3921363484114408,0.19954665607071886,45.727287482197504,0.0,1.1913972494097321e-14,45.727287482197504,0.0,76326.5337736417,66100.0,2512.2536608042874,7564.280112837424,0.0,1.2732925824820995e-11,-1.2278178473934531e-11,0,0,0,0.0,0,0,True,1008,0,2.2552526111148947e-11,1.7020054054079401e-13,1.8077120931186674e-10,0.6999665000648747,1.1773224900548482,1.4592479999464558,1.0188893969264308,3.433039358817041,-3.062571126036346,18.461089402316365,6.407972840536074,1020.680322099713,0,326.01606270922264,325.87459629700686,1325.4164649538443,1210.6372510762003,0.1565737845376134,0.2560015252352278,45.727287482197504,0.0,1.1913972494097321e-14,45.727287482197504,0.0,46295.639908585086,44400.0,1597.8690548880104,412.55006757472347,0.0,3.637978807091713e-12,-8.412825991399586e-12,0,0,0,0.0,0,0,True,1008,0,2.2552526111148947e-11,1.7020054054079401e-13,1.8077120931186674e-10,0.7219000000304732,1.1909287800131094,1.4592479999464558,0.9861062004747878,3.433039358817041,-3.062571126036346,21.04830818079316,6.3770080048280136,1020.680322099713,0,371.52103930329616,371.5441045581157,1350.0,1210.6372510762003,0.1565737845376134,0.2569468925432856,45.727287482197504,0.0,1.1913972494097321e-14,45.727287482197504,0.0,53776.533773641706,51600.0,1821.8014964824129,494.0950260830989,0.0,6.139089236967266e-12,-8.412825991399586e-12,0,0,0,0.0,0,0,True,1008,0,2.2552526111148947e-11,1.7020054054079401e-13,1.8077120931186674e-10,0.7219000000304732,1.1909287800131094,1.4592479999464558,1.2375911736553749,3.719697695225477,-3.719697695225477,7.977186299826258,9.927264830710904,1125.8908032133627,0,141.04116800261698,140.81305324894424,1210.6372510762003,1500.0,-1.3921363484114408,3.135136607279598e-05,0.0,0.0,0.0,0.0,0.0,22550.0,14500.0,690.4521643218743,7070.185086754324,0.0,-1.8189894035458565e-12,-4.433786671143025e-12,0,0,0,0.0,0,0,True,1008,0,2.2552526111148947e-11,1.7020054054079401e-13,1.8077120931186674e-10,0.6999665000648747,1.1773224900548482,1.4592479999464558,0.2621109999836335,0.47117805997004325,0.6337970000913629,0.2621109999836335,0.47117805997004325,0.6337970000913629,0.2621109999836335,0.47117805997004325,0.6337970000913629,0.2621109999836335,0.47117805997004325,0.6337970000913629
1d51662afb815f886e6a892a9e4aa57a92f1f105af85fa83950794075ee6f9fd,Feb2022,400.0,True,0.0,swmpc_nosw,2,96.16666666666667,1.0382055414225584,3.4364534988999367,-3.1230646250769496,29.02708380157055,6.379380528769225,1020.304649416579,0,512.6519665621499,512.3852124528092,1350.0,1500.0,-1.811062091961503,0.19929296105762973,45.73540264327007,0.0,1.3743860040603229e-14,45.73540264327007,0.0,76325.49325969965,66100.0,2512.3912218501723,7563.102037849485,0.0,5.4569682106375694e-12,1.3642420526593924e-12,0,0,0,0.0,0,0,True,1008,0,2.3695480729078395e-11,1.8730315598249595e-13,1.4462092106313944e-10,0.7597014999873863,1.2673446001144824,3.5001530000045022,1.0071206764802232,3.4364534988999367,-2.6335579212754965,18.46298117223814,6.382675716031791,1020.304649416579,0,326.1588609262971,325.90798976291046,1327.6602977638743,1212.4764895904011,-0.706516488455236,0.25535126874179637,45.73540264327007,0.0,1.3743860040603229e-14,45.73540264327007,0.0,46295.7672189466,44400.0,1598.032793904225,412.9182332158557,0.0,4.547473508864641e-12,-7.73070496506989e-12,0,0,0,0.0,0,0,True,1008,0,2.3695480729078395e-11,1.8730315598249595e-13,1.4462092106313944e-10,0.8141290001049128,1.3358974398556702,3.5001530000045022,0.9911612262307262,3.4364534988999367,-2.6335579212754965,21.04622860605444,6.379380528769225,1020.304649416579,0,371.61146325806783,371.5073959672129,1350.0,1212.4764895904011,-0.706516488455236,0.2566207125510511,45.73540264327007,0.0,1.3743860040603229e-14,45.73540264327007,0.0,53775.49325969965,51600.0,1821.6215023309355,491.39526777831793,0.0,3.183231456205249e-12,-7.958078640513122e-12,0,0,0,0.0,0,0,True,1008,0,2.3695480729078395e-11,1.8730315598249595e-13,1.4462092106313944e-10,0.8141290001049128,1.3358974398556702,3.5001530000045022,1.1873128856225013,3.2218958027660847,-3.1230646250769496,7.98085519551611,9.93131838924646,1126.7269833853184,0,141.0405033040821,140.87781648559633,1212.4764895904011,1500.0,-1.811062091961503,2.960414256625299e-05,0.0,0.0,0.0,0.0,0.0,22550.0,14500.0,690.7697195192366,7071.706770071167,0.0,2.5011104298755527e-12,8.981260180007666e-12,0,0,0,0.0,0,0,True,1008,0,2.3695480729078395e-11,1.8730315598249595e-13,1.4462092106313944e-10,0.7597014999873863,1.2673446001144824,3.5001530000045022,0.3023864999249781,0.5614236200062804,2.6188429999365326,0.3023864999249781,0.5614236200062804,2.6188429999365326,0.3023864999249781,0.5614236200062804,2.6188429999365326,0.3023864999249781,0.5614236200062804,2.6188429999365326
1d51662afb815f886e6a892a9e4aa57a92f1f105af85fa83950794075ee6f9fd,Feb2022,400.0,True,0.0,swmpc_nosw,3,96.16666666666667,1.0473919576853608,3.2355124428868294,-3.2355124428868294,29.02928209103286,6.36572541867174,1021.5812440572586,0,512.7103416774756,512.4240165924479,1350.0,1500.0,-1.9439118131995201,0.1992064173269491,45.74202751649513,0.0,1.1596348406201152e-14,45.74202751649513,0.0,76331.48162198966,66100.0,2512.581491158172,7568.900130831458,0.0,-3.001332515850663e-11,9.094947017729282e-13,0,0,0,0.0,0,0,True,1008,0,2.4101609596982598e-11,1.8184667217388524e-13,1.9282717758359418e-10,0.7158910000271135,1.724862010014476,2.370117000054961,1.0097558866844087,3.1148082707077265,-3.1148082707077265,18.48752595749316,6.4395177416619545,1021.5812440572586,0,326.2100621305757,326.3412535758902,1325.63759821967,1210.9812915693863,0.37377639953047037,0.2552311062927324,45.74202751649513,0.0,1.1596348406201152e-14,45.74202751649513,0.0,46302.25522963544,44400.0,1600.1572271900027,416.75430909572697,0.0,5.229594535194337e-12,-4.547473508864641e-13,0,0,0,0.0,0,0,True,1008,0,2.4101609596982598e-11,1.8184667217388524e-13,1.9282717758359418e-10,0.7458259999566508,1.7871465899634131,2.370117000054961,1.0011379083430005,3.2355124428868294,-3.2355124428868294,21.05848899662614,6.36572541867174,1021.5812440572586,0,371.66875897294665,371.7238160137745,1350.0,1210.9812915693863,0.37377639953047037,0.25650907401679446,45.74202751649513,0.0,1.1596348406201152e-14,45.74202751649513,0.0,53781.48162198964,51600.0,1822.6826801557413,497.8176502645115,0.0,6.821210263296962e-13,-2.2737367544323206e-13,0,0,0,0.0,0,0,True,1008,0,2.4101609596982598e-11,1.8184667217388524e-13,1.9282717758359418e-10,0.7458259999566508,1.7871465899634131,2.370117000054961,1.1943105047243743,3.2279228614643216,-3.2279228614643216,7.970793094406723,9.929735348389679,1126.9244060002354,0,141.041582704529,140.70020057867333,1210.9812915693863,1500.0,-1.9439118131995201,3.0286487763042658e-05,0.0,0.0,0.0,0.0,0.0,22550.0,14500.0,689.8988110024308,7071.082480566947,0.0,-7.958078640513122e-12,1.0231815394945443e-12,0,0,0,0.0,0,0,True,1008,0,2.4101609596982598e-11,1.8184667217388524e-13,1.9282717758359418e-10,0.7158910000271135,1.724862010014476,2.370117000054961,0.2770830000144997,0.521530989990424,1.6924639999160718,0.2770830000144997,0.521530989990424,1.6924639999160718,0.2770830000144997,0.521530989990424,1.6924639999160718,0.2770830000144997,0.521530989990424,1.6924639999160718
1d51662afb815f886e6a892a9e4aa57a92f1f105af85fa83950794075ee6f9fd,Feb2022,400.0,True,0.0,swmpc_nosw,4,96.16666666666667,1.1048609395796516,4.561731840483844,-3.8455991372466087,29.036938918556334,6.371851024277982,1021.6046788803678,0,512.6495370478876,512.5591746821885,1350.0,1500.0,-0.6135030575096607,0.19929599322564906,45.736261769368944,0.0,1.3108672096710813e-14,45.736261769368944,0.0,76322.44014661814,66100.0,2513.244215198536,7559.195931419592,0.0,-1.6370904631912708e-11,-7.275957614183426e-12,0,0,0,0.0,0,0,True,1008,0,2.427920248275646e-11,1.781913079349378e-13,2.037673941262562e-10,0.7318144999999276,1.985230049861,4.617048999989493,0.9887989689997779,3.8455991372466087,-3.8455991372466087,18.47672070596856,6.4143163375692165,1021.6046788803678,0,326.1489326600183,326.1505196001353,1323.9137191249683,1211.2002230065805,0.3329710802063346,0.25544392795556314,45.736261769368944,0.0,1.3108672096710813e-14,45.736261769368944,0.0,46294.01507721706,44400.0,1599.2219965183294,407.5065768171032,0.0,-1.5234036254696548e-11,-6.366462912410498e-12,0,0,0,0.0,0,0,True,1008,0,2.427920248275646e-11,1.781913079349378e-13,2.037673941262562e-10,0.7678040000200781,2.076317710016155,4.617048999989493,1.0073465673013238,3.8455991372466087,-3.8455991372466087,21.0547248318999,6.371851024277982,1021.6046788803678,0,371.6083237780213,371.6573710909516,1350.0,1211.2002230065805,0.3329710802063346,0.2566240733503019,45.736261769368944,0.0,1.3108672096710813e-14,45.736261769368944,0.0,53772.440146618144,51600.0,1822.3568791045361,488.8830445070096,0.0,-1.8189894035458565e-11,-6.366462912410498e-12,0,0,0,0.0,0,0,True,1008,0,2.427920248275646e-11,1.781913079349378e-13,2.037673941262562e-10,0.7678040000200781,2.076317710016155,4.617048999989493,1.3916332325636016,4.561731840483844,-3.3095929929986596,7.982214086656434,9.92693384169446,1126.3194472461423,0,141.04121326986632,140.90180359123696,1211.2002230065805,1500.0,-0.6135030575096607,3.1494033752466066e-05,0.0,0.0,0.0,0.0,0.0,22550.0,14500.0,690.8873360939999,7070.312886912583,0.0,2.2737367544323206e-12,-1.1368683772161603e-12,0,0,0,0.0,0,0,True,1008,0,2.427920248275646e-11,1.781913079349378e-13,2.037673941262562e-10,0.7318144999999276,1.985230049861,4.617048999989493,0.27905600006761233,1.0959169200236742,3.579413000124987,0.27905600006761233,1.0959169200236742,3.579413000124987,0.27905600006761233,1.0959169200236742,3.579413000124987,0.27905600006761233,1.0959169200236742,3.579413000124987
1d51662afb815f886e6a892a9e4aa57a92f1f105af85fa83950794075ee6f9fd,Feb2022,400.0,True,180.0,pid_lowdrag_preview,0,96.91666666666667,1.2577026540603915,4.863276316784322,-4.5041989190503955,29.196032824299795,6.876717704295066,921.996557153597,0,515.4517238236735,515.3674955335551,1350.0,1500.0,-0.5718881813809276,0.22844114650840885,0.0,0.0,0.0,0.0,0.0,78602.16493559498,66550.0,2527.0143250370693,9375.150610557903,0.0,-5.4569682106375694e-12,0.0,0,0,0,0.0,0,0,True,0,0,,,,0.1591099999131984,0.23921318011161954,0.4422079998676054,1.2268977936046217,4.863276316784322,-4.5041989190503955,18.415712278837102,6.896816212682662,921.996557153597,0,324.9351539694118,325.0736006746636,1418.4275444542418,1424.7010531146632,0.5273144859820604,0.29147209815121755,0.0,0.0,0.0,0.0,0.0,47870.726220213575,44400.0,1593.941513028094,1870.5111985250594,0.0,-4.547473508864641e-13,-3.410605131648481e-12,0,0,0,0.0,0,0,True,0,0,,,,0.16020199996091833,0.2493552799478488,0.4422079998676054,1.231770120878842,4.863276316784322,-4.5041989190503955,21.005399306951073,6.876717704295066,921.996557153597,0,370.70900040952154,370.78667840432064,1350.0,1424.7010531146632,0.5273144859820604,0.2960298298821483,0.0,0.0,0.0,0.0,0.0,55723.978681255576,51600.0,1818.0875898868646,2231.190038254046,0.0,-2.0463630789890885e-12,-3.183231456205249e-12,0,0,0,0.0,0,0,True,0,0,,,,0.16020199996091833,0.2493552799478488,0.4422079998676054,1.341438572715757,3.6988508170470595,-3.6988508170470595,8.190633517348722,8.709169781779764,1137.7725371957627,0,144.742723414152,144.5808171292345,1424.7010531146632,1500.0,-0.5718881813809276,0.0005836453688456977,0.0,0.0,0.0,0.0,0.0,22878.186254339395,14950.0,708.9267351502046,7143.960572303857,0.0,3.865352482534945e-12,2.8421709430404007e-12,0,0,0,0.0,0,0,True,0,0,,,,0.1591099999131984,0.23921318011161954,0.4422079998676054,,,,,,,,,,,,
1d51662afb815f886e6a892a9e4aa57a92f1f105af85fa83950794075ee6f9fd,Feb2022,400.0,True,180.0,pid_lowdrag_preview,1,96.91666666666667,1.2467330582882863,5.016163750551641,-5.016163750551641,29.17958083949457,6.886687854023576,926.6794455498301,0,515.4419977421962,515.0770855913321,1350.0,1500.0,-2.4774980023503304,0.22837049621029526,0.0,0.0,0.0,0.0,0.0,78604.49280860714,66550.0,2525.5903507071175,9378.902457900003,0.0,-2.3646862246096134e-11,-5.002220859751105e-12,0,0,0,0.0,0,0,True,0,0,,,,0.18559099999038153,0.4995163799912922,1.7418790000647277,1.2297902704005401,5.016163750551641,-5.016163750551641,18.412845249370736,6.905933032958651,926.6794455498301,0,324.9606447401004,325.0229919565344,1418.1889029829892,1426.206773248263,0.8840770246461034,0.2913766824774845,0.0,0.0,0.0,0.0,0.0,47880.20858446769,44400.0,1593.6933620352656,1878.4973521671366,0.0,-1.5234036254696548e-11,-1.000444171950221e-11,0,0,0,0.0,0,0,True,0,0,,,,0.17504449999705685,0.6091226101307214,1.7418790000647277,1.1918552133577278,5.016163750551641,-5.016163750551641,21.00720202487735,6.886687854023576,926.6794455498301,0,370.6882709330035,370.81849992707384,1350.0,1426.206773248263,0.8840770246461034,0.2959554714085424,0.0,0.0,0.0,0.0,0.0,55724.13322948775,51600.0,1818.2436211549114,2229.682835084563,0.0,-1.2960299500264227e-11,-9.777068044058979e-12,0,0,0,0.0,0,0,True,0,0,,,,0.17504449999705685,0.6091226101307214,1.7418790000647277,1.416155846443087,4.777475359849632,-4.6164019256830215,8.172378814617218,8.83308492590114,1136.6253801778134,0,144.75372680919276,144.25858566425825,1426.206773248263,1500.0,-2.4774980023503304,0.0005254962108522943,0.0,0.0,0.0,0.0,0.0,22880.359579119387,14950.0,707.3467295522062,7149.219622815443,0.0,-2.0463630789890885e-12,5.002220859751105e-12,0,0,0,0.0,0,0,True,0,0,,,,0.18559099999038153,0.4995163799912922,1.7418790000647277,,,,,,,,,,,,
1d51662afb815f886e6a892a9e4aa57a92f1f105af85fa83950794075ee6f9fd,Feb2022,400.0,True,180.0,pid_lowdrag_preview,2,96.91666666666667,1.2599048142128455,5.010987130925059,-4.3477057153359056,29.197094979031597,6.869975910842165,927.6401632271782,0,515.4533154083524,515.386244657016,1350.0,1500.0,-0.45541095547378063,0.22834091358313902,0.0,0.0,0.0,0.0,0.0,78608.24418134098,66550.0,2527.1062580828666,9381.137923258128,0.0,1.0913936421275139e-11,1.8189894035458565e-12,0,0,0,0.0,0,0,True,0,0,,,,0.1635959999930492,0.31252469997980387,0.8931890001804277,1.2502290469259412,4.3477057153359056,-4.3477057153359056,18.396390739458386,6.896109080841676,927.6401632271782,0,324.96157688536226,324.732537441198,1418.7525194117281,1423.514110815681,-1.39815085940063,0.29128855127688313,0.0,0.0,0.0,0.0,0.0,47877.968734735565,44400.0,1592.269169148866,1880.9379741827368,0.0,-9.094947017729282e-12,7.73070496506989e-12,0,0,0,0.0,0,0,True,0,0,,,,0.1661310000145022,0.3124951499808047,0.8931890001804277,1.232141188101843,4.3477057153359056,-4.3477057153359056,20.989576900997022,6.869975910842165,927.6401632271782,0,370.71332169597423,370.507381769093,1350.0,1423.514110815681,-1.39815085940063,0.2958967373540542,0.0,0.0,0.0,0.0,0.0,55730.4520313755,51600.0,1816.7181077129421,2240.21981284688,0.0,4.774847184307873e-12,7.275957614183426e-12,0,0,0,0.0,0,0,True,0,0,,,,0.1661310000145022,0.3124951499808047,0.8931890001804277,1.3492998574009631,5.010987130925059,-3.281973982229829,8.207518078034575,8.686744631784677,1137.9203727538277,0,144.73999371237818,144.87886288792305,1423.514110815681,1500.0,-0.45541095547378063,0.000594189967478731,0.0,0.0,0.0,0.0,0.0,22877.792149965484,14950.0,710.3881503699242,7140.918110411248,0.0,6.59383658785373e-12,-5.4569682106375694e-12,0,0,0,0.0,0,0,True,0,0,,,,0.1635959999930492,0.31252469997980387,0.8931890001804277,,,,,,,,,,,,
1d51662afb815f886e6a892a9e4aa57a92f1f105af85fa83950794075ee6f9fd,Feb2022,400.0,True,180.0,pid_lowdrag_preview,3,96.91666666666667,1.2613943675003323,7.090648087672889,-3.9181850273162127,29.195535698301352,6.889357272586892,932.2184312275537,0,515.4457400719954,515.3587202803426,1350.0,1500.0,-0.5908225579187274,0.2284095016524128,0.0,0.0,0.0,0.0,0.0,78591.61146057493,66550.0,2526.9712971186127,9364.640163456295,0.0,-2.3646862246096134e-11,-7.275957614183426e-12,0,0,0,0.0,0,0,True,0,0,,,,0.166742000146769,0.33443488006923877,0.4915520000849938,1.2474685113551003,7.090648087672889,-3.9181850273162127,18.419787153482943,6.900342368876159,932.2184312275537,0,324.9537572771684,325.1455302396664,1418.6767789606859,1426.476083177046,0.39943076204508543,0.2914289459906333,0.0,0.0,0.0,0.0,0.0,47860.5890582985,44400.0,1594.294207062411,1858.4955470197278,0.0,-2.2737367544323206e-12,-4.547473508864641e-13,0,0,0,0.0,0,0,True,0,0,,,,0.1705275000176698,0.3431032598723504,0.4915520000849938,1.229473010157443,7.090648087672889,-3.9181850273162127,21.003388285928764,6.889357272586892,932.2184312275537,0,370.6923408616824,370.751179921566,1350.0,1426.476083177046,0.39943076204508543,0.29600495208106303,0.0,0.0,0.0,0.0,0.0,55711.38983082392,51600.0,1817.9135292889114,2217.000218357958,0.0,-6.821210263296962e-12,-9.094947017729282e-13,0,0,0,0.0,0,0,True,0,0,,,,0.1705275000176698,0.3431032598723504,0.4915520000849938,1.363513526509472,3.7973240576684475,-3.5874548899009824,8.192147412372588,8.82520635037886,1137.5430376496115,0,144.75339921031298,144.6075403587766,1426.476083177046,1500.0,-0.5908225579187274,0.0005291871638528622,0.0,0.0,0.0,0.0,0.0,22880.221629751002,14950.0,709.0577678297011,7147.639945098337,0.0,-9.549694368615746e-12,-6.59383658785373e-12,0,0,0,0.0,0,0,True,0,0,,,,0.166742000146769,0.33443488006923877,0.4915520000849938,,,,,,,,,,,,
1d51662afb815f886e6a892a9e4aa57a92f1f105af85fa83950794075ee6f9fd,Feb2022,400.0,True,180.0,pid_lowdrag_preview,4,96.91666666666667,1.3391380842193048,5.65314444154501,-5.513675490394235,29.215122977569372,6.889341233053696,929.7476504268395,0,515.4962449728745,515.7044743463645,1350.0,1500.0,1.4136564461514354,0.22829451768192888,0.0,0.0,0.0,0.0,0.0,78600.92386661294,66550.0,2528.6666416744015,9372.257224938547,0.0,9.094947017729282e-12,1.0459189070388675e-11,0,0,0,0.0,0,0,True,0,0,,,,0.1614339998923242,0.30010455997398944,1.356216999965909,1.2823655337573694,4.714554105885327,-4.331128085963428,18.404323887560842,6.900903477509442,929.7476504268395,0,324.9898070476403,324.8725731335046,1418.189090161157,1425.1300276322656,-1.5722151445224881,0.2912826716072403,0.0,0.0,0.0,0.0,0.0,47874.37529556658,44400.0,1592.9558096598582,1874.4785484356034,0.0,-6.59383658785373e-12,3.410605131648481e-12,0,0,0,0.0,0,0,True,0,0,,,,0.16234999998232524,0.30951019001349733,1.356216999965909,1.264750613570022,4.714554105885327,-4.331128085963428,20.99045084029516,6.889341233053696,929.7476504268395,0,370.75438815137363,370.5228085193623,1350.0,1425.1300276322656,-1.5722151445224881,0.29583788064877836,0.0,0.0,0.0,0.0,0.0,55722.967731152006,51600.0,1816.7937500832188,2231.043953436514,0.0,-7.958078640513122e-12,3.865352482534945e-12,0,0,0,0.0,0,0,True,0,0,,,,0.16234999998232524,0.30951019001349733,1.356216999965909,1.5640614947054012,5.65314444154501,-5.513675490394235,8.224672137274212,8.696074052632678,1136.752717630734,0,144.74185682150085,145.18166582700218,1425.1300276322656,1500.0,1.4136564461514354,0.0005898023956938392,0.0,0.0,0.0,0.0,0.0,22877.956135460943,14950.0,711.8728915911827,7141.2132715020325,0.0,6.139089236967266e-12,6.707523425575346e-12,0,0,0,0.0,0,0,True,0,0,,,,0.1614339998923242,0.30010455997398944,1.356216999965909,,,,,,,,,,,,
1d51662afb815f886e6a892a9e4aa57a92f1f105af85fa83950794075ee6f9fd,Feb2022,400.0,True,180.0,swmpc,0,96.91666666666667,1.1948002736062036,3.764895087108016,-3.764895087108016,29.22516129893895,5.852459828819217,1006.6823009238256,0,515.9659003772975,515.8816704940285,1350.0,1500.0,-0.571888180449605,0.20061807707395551,45.7704222899912,0.0,1.3819107965689372e-14,45.7704222899912,0.0,76901.74484930007,66550.0,2529.535491975128,7672.209357324948,0.0,5.4569682106375694e-12,-1.77351466845721e-11,0,0,0,0.0,0,0,True,1008,0,2.1923576728425923e-11,1.8520295341816595e-13,3.407880000848947e-10,0.7191960000909603,1.341377240014481,1.9706550001501455,1.1721682138410676,3.764895087108016,-3.764895087108016,18.458745364172405,6.389793677509019,1006.6823009238256,0,325.65755270421505,325.83321940601013,1418.191106225057,1418.5643604914933,0.769164607860148,0.25588768156407016,45.7704222899912,0.0,1.3819107965689372e-14,45.7704222899912,0.0,46455.82492335941,44400.0,1597.666170543966,457.78549854900143,0.0,-6.821210263296962e-12,-9.549694368615746e-12,0,0,0,0.0,0,0,True,1008,0,2.1923576728425923e-11,1.8520295341816595e-13,3.407880000848947e-10,0.7556355000133408,1.3870842100095593,1.9706550001501455,1.1478084942244502,3.764895087108016,-3.764895087108016,21.042266481895368,5.852459828819217,1006.6823009238256,0,371.32415615876283,371.43745667042253,1350.0,1418.5643604914933,0.769164607860148,0.25978414781328407,45.7704222899912,0.0,1.3819107965689372e-14,45.7704222899912,0.0,54044.92056678377,51600.0,1821.2785672284904,555.0776390637889,0.0,5.6843418860808015e-12,-9.094947017729282e-12,0,0,0,0.0,0,0,True,1008,0,2.1923576728425923e-11,1.8520295341816595e-13,3.407880000848947e-10,0.7556355000133408,1.3870842100095593,1.9706550001501455,1.3411431026075287,3.698850973509252,-3.698850973509252,8.182894817043582,8.020796613593076,1137.7725451855724,0,144.6417442185347,144.444213823606,1418.5643604914933,1500.0,-0.571888180449605,0.001155203143376582,0.0,0.0,0.0,0.0,0.0,22856.824282516303,14950.0,708.2569247466377,7117.131718261158,0.0,-2.2737367544323206e-13,-8.981260180007666e-12,0,0,0,0.0,0,0,True,1008,0,2.1923576728425923e-11,1.8520295341816595e-13,3.407880000848947e-10,0.7191960000909603,1.341377240014481,1.9706550001501455,0.291674999971292,0.5769202899546143,1.4251210000111314,0.291674999971292,0.5769202899546143,1.4251210000111314,0.291674999971292,0.5769202899546143,1.4251210000111314,0.291674999971292,0.5769202899546143,1.4251210000111314
1d51662afb815f886e6a892a9e4aa57a92f1f105af85fa83950794075ee6f9fd,Feb2022,400.0,True,180.0,swmpc,1,96.91666666666667,1.2047482894494974,4.776226233690977,-4.616401097737253,29.200583244994302,5.883985487045068,1008.7506473689227,0,515.8127334484707,515.4478194231424,1350.0,1500.0,-2.4774980833753943,0.20103204004277941,45.79308126835948,0.0,1.6107280846492187e-14,45.79308126835948,0.0,76902.12584597457,66550.0,2527.408179172981,7674.717666801616,0.0,2.3646862246096134e-11,3.183231456205249e-12,0,0,0,0.0,0,0,True,1008,0,2.293684217058676e-11,2.1399253227182012e-13,2.882823953079371e-10,0.7224700000278972,1.4077203599663424,4.076293000025544,1.1614886386779997,3.6735194427892566,-3.6735194427892566,18.455380663057692,6.490503643850978,1008.7506473689227,0,325.6015110655206,325.77382580287735,1418.2396542721385,1419.3281732668563,1.086656210012734,0.2560866786732703,45.79308126835948,0.0,1.6107280846492187e-14,45.79308126835948,0.0,46457.5602772102,44400.0,1597.3749444048879,459.0968138106052,0.0,1.1596057447604835e-11,8.412825991399586e-12,0,0,0,0.0,0,0,True,1008,0,2.293684217058676e-11,2.1399253227182012e-13,2.882823953079371e-10,0.7515995000630937,1.628894299940383,4.076293000025544,1.1345177367757997,3.6735194427892566,-3.6735194427892566,21.036059754718163,5.883985487045068,1008.7506473689227,0,371.16782904053406,371.3278957084953,1350.0,1419.3281732668563,1.086656210012734,0.2603262820053476,45.79308126835948,0.0,1.6107280846492187e-14,45.79308126835948,0.0,54044.62385528984,51600.0,1820.7413542248519,554.5543277981456,0.0,1.0686562745831907e-11,8.640199666842818e-12,0,0,0,0.0,0,0,True,1008,0,2.293684217058676e-11,2.1399253227182012e-13,2.882823953079371e-10,0.7515995000630937,1.628894299940383,4.076293000025544,1.4160763107922425,4.776226233690977,-4.616401097737253,8.164523490276139,8.041512615069724,1136.6253801877053,0,144.64490440793662,144.1199237146471,1419.3281732668563,1500.0,-2.4774980833753943,0.0011370704833514322,0.0,0.0,0.0,0.0,0.0,22857.50199068474,14950.0,706.666824948129,7120.163339003471,0.0,2.9558577807620168e-12,-5.6843418860808015e-12,0,0,0,0.0,0,0,True,1008,0,2.293684217058676e-11,2.1399253227182012e-13,2.882823953079371e-10,0.7224700000278972,1.4077203599663424,4.076293000025544,0.27227600003243424,0.570849520136107,2.6776219999646855,0.27227600003243424,0.570849520136107,2.6776219999646855,0.27227600003243424,0.570849520136107,2.6776219999646855,0.27227600003243424,0.570849520136107,2.6776219999646855
1d51662afb815f886e6a892a9e4aa57a92f1f105af85fa83950794075ee6f9fd,Feb2022,400.0,True,180.0,swmpc,2,96.91666666666667,1.2238683465679137,5.03247163631022,-3.6292198039591312,29.222850667903632,5.940278157405151,1008.3341060127493,0,515.9079561430874,515.8408833043143,1350.0,1500.0,-0.4554111985489726,0.20068803958125248,45.78195838249316,0.0,1.2548684644727345e-14,45.78195838249316,0.0,76905.02737350887,66550.0,2529.3354991281344,7675.6918743807355,0.0,-9.094947017729282e-13,5.002220859751105e-12,0,0,0,0.0,0,0,True,1008,0,2.8503204143707354e-11,1.7115653611300524e-13,5.525211933411156e-10,0.6981740000355785,1.036729020111125,2.8491200000644312,1.2146870256970954,4.038498567417264,-3.6292198039591312,18.438643322058788,6.416623892516647,1008.3341060127493,0,325.59143854397746,325.47837876168273,1417.9734726891616,1419.734503485241,-0.8062525112181902,0.25609504480062295,45.78195838249316,0.0,1.0771789625567325e-14,45.78195838249316,0.0,46456.47554202427,44400.0,1595.9262715416316,458.78823968657457,0.0,1.2960299500264227e-11,7.048583938740194e-12,0,0,0,0.0,0,0,True,1008,0,2.8503204143707354e-11,1.7115653611300524e-13,5.525211933411156e-10,0.7201269999086435,1.051139759920261,2.8491200000644312,1.183954104080311,4.038498567417264,-3.6292198039591312,21.025502216501703,5.940278157405151,1008.3341060127493,0,371.2602906584085,371.1415343606224,1350.0,1419.734503485241,-0.8062525112181902,0.2598861108068934,45.78195838249316,0.0,1.2548684644727345e-14,45.78195838249316,0.0,54046.785878427414,51600.0,1819.827563968802,557.2238109733839,0.0,1.2960299500264227e-11,7.275957614183426e-12,0,0,0,0.0,0,0,True,1008,0,2.8503204143707354e-11,1.7115653611300524e-13,5.525211933411156e-10,0.7201269999086435,1.051139759920261,2.8491200000644312,1.3497597031587625,5.03247163631022,-3.4111009938642383,8.197348451401929,8.064132431415105,1137.9203732785095,0,144.6476654846789,144.69934894369186,1419.734503485241,1500.0,-0.4554111985489726,0.0011172844125364456,0.0,0.0,0.0,0.0,0.0,22858.241495081456,14950.0,709.5079351593324,7118.468063407352,0.0,-1.318767317570746e-11,-2.5011104298755527e-12,0,0,0,0.0,0,0,True,1008,0,2.8503204143707354e-11,1.7115653611300524e-13,5.525211933411156e-10,0.6981740000355785,1.036729020111125,2.8491200000644312,0.25780449993817456,0.4881959499698491,2.1246980002160853,0.25780449993817456,0.4881959499698491,2.1246980002160853,0.25780449993817456,0.4881959499698491,2.1246980002160853,0.25780449993817456,0.4881959499698491,2.1246980002160853
1d51662afb815f886e6a892a9e4aa57a92f1f105af85fa83950794075ee6f9fd,Feb2022,400.0,True,180.0,swmpc,3,96.91666666666667,1.2057923312233891,3.97925266623497,-3.721839557401836,29.217577778289474,5.729262861281939,1008.7848217470334,0,515.8348281652701,515.7478064150345,1350.0,1500.0,-0.5908224629238248,0.20100560284960267,45.772470863897475,0.0,1.3217133498516992e-14,45.772470863897475,0.0,76898.62026871539,66550.0,2528.8791128900075,7669.741155825378,0.0,0.0,1.864464138634503e-11,0,0,0,0.0,0,0,True,1008,0,2.1841329313114933e-11,1.9548579290218526e-13,2.1712731369936632e-10,0.8324870000251394,1.429959720071566,3.186299999924813,1.1806613395252463,3.97925266623497,-3.721839557401836,18.465874462842034,6.440289884089408,1008.7848217470334,0,325.6506199447605,325.95906204185314,1418.3603578916304,1421.878354772073,0.6892306925728917,0.25592952670821767,45.772470863897475,0.0,1.3217133498516992e-14,45.772470863897475,0.0,46456.709273191824,44400.0,1598.2832178863787,454.9080584250132,0.0,1.0686562745831907e-11,6.59383658785373e-12,0,0,0,0.0,0,0,True,1008,0,2.1841329313114933e-11,1.9548579290218526e-13,2.1712731369936632e-10,1.021196500005317,1.4997950800216118,3.186299999924813,1.1547756569560077,3.97925266623497,-3.721839557401836,21.034405185975622,5.729262861281939,1008.7848217470334,0,371.19716517985444,371.29868931068586,1350.0,1421.878354772073,0.6892306925728917,0.26027912370366424,45.772470863897475,0.0,1.3217133498516992e-14,45.772470863897475,0.0,54042.74104760752,51600.0,1820.598145764327,550.2645470711261,0.0,9.549694368615746e-12,7.275957614183426e-12,0,0,0,0.0,0,0,True,1008,0,2.1841329313114933e-11,1.9548579290218526e-13,2.1712731369936632e-10,1.021196500005317,1.4997950800216118,3.186299999924813,1.3637916398361076,3.8046418353915215,-3.587454882450402,8.183172592313852,7.991929189178224,1137.5430513301592,0,144.63766298541566,144.4491171043486,1421.878354772073,1500.0,-0.5908224629238248,0.0011804890673479118,0.0,0.0,0.0,0.0,0.0,22855.87922110787,14950.0,708.2809671256805,7119.476608754252,0.0,-9.777068044058979e-12,1.1596057447604835e-11,0,0,0,0.0,0,0,True,1008,0,2.1841329313114933e-11,1.9548579290218526e-13,2.1712731369936632e-10,0.8324870000251394,1.429959720071566,3.186299999924813,0.3488014999675215,0.6080787199039143,1.2912990000586433,0.3488014999675215,0.6080787199039143,1.2912990000586433,0.3488014999675215,0.6080787199039143,1.2912990000586433,0.3488014999675215,0.6080787199039143,1.2912990000586433
1d51662afb815f886e6a892a9e4aa57a92f1f105af85fa83950794075ee6f9fd,Feb2022,400.0,True,180.0,swmpc,4,96.91666666666667,1.2917397191000342,5.653484056703746,-5.5136180920526385,29.231971924544812,5.8295849210551545,1007.6994952527291,0,515.7936642480047,516.0018914529061,1350.0,1500.0,1.4136565756052732,0.2010756104068362,45.782469266795054,0.0,1.1135466069118823e-14,45.782469266795054,0.0,76908.45449658722,66550.0,2530.1249744083134,7678.329522178884,0.0,-2.1827872842550278e-11,-1.2732925824820995e-11,0,0,0,0.0,0,0,True,1008,0,2.4687252629583244e-11,1.6415099139941185e-13,3.684003543404888e-10,0.803993000090486,1.3306486599412894,4.86955999986094,1.2179336429836554,3.7964412104338408,-3.2444702154025435,18.452365458043833,6.483335128906712,1007.6994952527291,0,325.5229320749586,325.72060149442336,1418.2711722933059,1423.1102562155245,0.4424519930034876,0.2563768996252468,45.782469266795054,0.0,1.0746840510028207e-14,45.782469266795054,0.0,46459.45642277894,44400.0,1597.1139683226445,457.5033705340695,0.0,-5.229594535194337e-12,-1.1596057447604835e-11,0,0,0,0.0,0,0,True,1008,0,2.4687252629583244e-11,1.6415099139941185e-13,3.684003543404888e-10,0.9218765000014173,1.4186487999063495,4.86955999986094,1.1989841285049458,3.7964412104338408,-3.2444702154025435,21.028733425411165,5.8295849210551545,1007.6994952527291,0,371.13339612142585,371.1985715633526,1350.0,1423.1102562155245,0.4424519930034876,0.2604081911510192,45.782469266795054,0.0,1.1135466069118823e-14,45.782469266795054,0.0,54047.75026177565,51600.0,1820.107235910876,554.5327696492373,0.0,-9.549694368615746e-12,-1.2050804798491299e-11,0,0,0,0.0,0,0,True,1008,0,2.4687252629583244e-11,1.6415099139941185e-13,3.684003543404888e-10,0.9218765000014173,1.4186487999063495,4.86955999986094,1.5644307726203306,5.653484056703746,-5.5136180920526385,8.203238499133647,8.139579367469395,1136.752718050351,0,144.66026812657884,144.8033198895535,1423.1102562155245,1500.0,1.4136565756052732,0.001051391710727323,0.0,0.0,0.0,0.0,0.0,22860.704234811565,14950.0,710.0177384974376,7123.796752529646,0.0,-5.229594535194337e-12,-6.821210263296962e-13,0,0,0,0.0,0,0,True,1008,0,2.4687252629583244e-11,1.6415099139941185e-13,3.684003543404888e-10,0.803993000090486,1.3306486599412894,4.86955999986094,0.33308299998680013,0.5783371200709548,1.57318500009751,0.33308299998680013,0.5783371200709548,1.57318500009751,0.33308299998680013,0.5783371200709548,1.57318500009751,0.33308299998680013,0.5783371200709548,1.57318500009751
1d51662afb815f886e6a892a9e4aa57a92f1f105af85fa83950794075ee6f9fd,Feb2022,400.0,True,180.0,swmpc_nosw,0,96.91666666666667,1.0660310704380942,3.360809084959328,-3.2800562297925353,29.242474626513076,5.852459828819217,1006.6628443362727,0,516.2610638336492,516.1872848329668,1350.0,1500.0,-0.5009256228804588,0.1997105362363023,45.72945031827479,0.0,1.3265221903644953e-14,45.72945031827479,0.0,76904.70881844484,66550.0,2531.034018403612,7673.674800041223,0.0,-1.8189894035458565e-12,-1.000444171950221e-11,0,0,0,0.0,0,0,True,1008,0,2.2588861414638678e-11,2.416566415360259e-13,3.2856859177264424e-10,0.901640999927622,1.327879420041427,2.913787999887063,1.0198280544706915,3.0006080958992243,-3.0006080958992243,18.473078700943077,6.446907236792133,1006.6628443362727,0,325.94697025083866,326.0862310366829,1418.20876588485,1418.744895662435,0.5991135314106941,0.2545382179847957,45.72945031827479,0.0,1.3265221903644953e-14,45.72945031827479,0.0,46458.628888834806,44400.0,1598.9067687979377,459.1859902592869,0.0,3.410605131648481e-12,-2.114575181622058e-11,0,0,0,0.0,0,0,True,1008,0,2.2588861414638678e-11,2.416566415360259e-13,3.2856859177264424e-10,1.042673999904764,1.3368007800681878,2.913787999887063,1.0162982597484536,3.0039211716502905,-3.0039211716502905,21.05759590470037,5.852459828819217,1006.6628443362727,0,371.6198001869757,371.7080511818902,1350.0,1418.744895662435,0.5991135314106941,0.2586068629512275,45.72945031827479,0.0,1.3265221903644953e-14,45.72945031827479,0.0,54047.95294419606,51600.0,1822.605380061437,556.602668472189,0.0,-1.1368683772161603e-12,-2.2282620193436742e-11,0,0,0,0.0,0,0,True,1008,0,2.2588861414638678e-11,2.416566415360259e-13,3.2856859177264424e-10,1.042673999904764,1.3368007800681878,2.913787999887063,1.2188305456355542,3.360809084959328,-3.2800562297925353,8.184878721812705,8.018706234942972,1137.9269022842607,0,144.64126364667356,144.47923365107664,1418.744895662435,1500.0,-0.5009256228804588,0.001157033464915469,0.0,0.0,0.0,0.0,0.0,22856.75587424878,14950.0,708.4286383421755,7117.072131569033,0.0,-7.503331289626658e-12,1.2391865311656147e-11,0,0,0,0.0,0,0,True,1008,0,2.2588861414638678e-11,2.416566415360259e-13,3.2856859177264424e-10,0.901640999927622,1.327879420041427,2.913787999887063,0.35903249988678,0.5766981800138635,2.350126999999702,0.35903249988678,0.5766981800138635,2.350126999999702,0.35903249988678,0.5766981800138635,2.350126999999702,0.35903249988678,0.5766981800138635,2.350126999999702
1d51662afb815f886e6a892a9e4aa57a92f1f105af85fa83950794075ee6f9fd,Feb2022,400.0,True,180.0,swmpc_nosw,1,96.91666666666667,1.093222571599542,4.283948287367821,-4.283948287367821,29.22005901061321,5.883985487045068,1008.5692449504411,0,516.1431224294145,515.7916050535725,1350.0,1500.0,-2.386535163037479,0.20004176844927601,45.750039918837075,0.0,1.2060524527795935e-14,45.750039918837075,0.0,76903.9406564679,66550.0,2529.0938718493217,7674.846784618578,0.0,5.4569682106375694e-12,6.366462912410498e-12,0,0,0,0.0,0,0,True,1008,0,3.358005112107729e-11,1.8511971226007063e-13,4.1415387229855365e-10,1.0573060001206613,1.3152805400841316,1.7717030000312661,1.0534237666089998,3.485563716851175,-3.485563716851175,18.472972080673827,6.497636137728831,1008.5692449504411,0,325.9306761321358,326.0843489788903,1418.2542056873613,1419.1807060549277,1.024709491059184,0.2545967531528309,45.750039918837075,0.0,1.2060524527795935e-14,45.750039918837075,0.0,46459.57836487374,44400.0,1598.897540456932,459.75432404925164,0.0,8.412825991399586e-12,6.59383658785373e-12,0,0,0,0.0,0,0,True,1008,0,3.358005112107729e-11,1.8511971226007063e-13,4.1415387229855365e-10,1.0931000000482527,1.3208798298774127,1.7717030000312661,1.0372606935271216,3.485563716851175,-3.485563716851175,21.054327513554785,5.883985487045068,1008.5692449504411,0,371.49941693375274,371.65035763944206,1350.0,1419.1807060549277,1.024709491059184,0.2590404286865562,45.750039918837075,0.0,1.2060524527795935e-14,45.750039918837075,0.0,54046.670562362255,51600.0,1822.322489872432,555.1673664349107,0.0,1.5688783605583012e-11,7.048583938740194e-12,0,0,0,0.0,0,0,True,1008,0,3.358005112107729e-11,1.8511971226007063e-13,4.1415387229855365e-10,1.0931000000482527,1.3208798298774127,1.7717030000312661,1.2637540206678028,4.283948287367821,-4.283948287367821,8.165731497058424,8.034422619349131,1136.9829624008742,0,144.64370549566172,144.14124741413048,1419.1807060549277,1500.0,-2.386535163037479,0.001143275074097061,0.0,0.0,0.0,0.0,0.0,22857.27009410563,14950.0,706.7713819768894,7119.679418183667,0.0,4.547473508864641e-13,-1.3642420526593924e-12,0,0,0,0.0,0,0,True,1008,0,3.358005112107729e-11,1.8511971226007063e-13,4.1415387229855365e-10,1.0573060001206613,1.3152805400841316,1.7717030000312661,0.38578199985295214,0.569785559957836,0.616751000052318,0.38578199985295214,0.569785559957836,0.616751000052318,0.38578199985295214,0.569785559957836,0.616751000052318,0.38578199985295214,0.569785559957836,0.616751000052318
1d51662afb815f886e6a892a9e4aa57a92f1f105af85fa83950794075ee6f9fd,Feb2022,400.0,True,180.0,swmpc_nosw,2,96.91666666666667,1.1112354657602217,4.310584696941078,-2.9244128884747624,29.241003299207083,5.940278157405151,1008.4575804613305,0,516.1997527943817,516.1613130075045,1350.0,1500.0,-0.2610064363107085,0.19980856739867092,45.73853571993526,0.0,1.5376233341530245e-14,45.73853571993526,0.0,76908.28460718195,66550.0,2530.9066701025217,7677.377937079434,0.0,4.547473508864641e-12,0.0,0,0,0,0.0,0,0,True,1008,0,2.0886947723167688e-11,1.3723684188158986e-13,2.7508703565839116e-10,0.7046529999570339,1.1409877400456025,1.8136280000362603,1.0903171742041622,2.977214867249131,-2.9244128884747624,18.458963160699017,6.395932812414763,1008.4575804613305,0,325.8852430887301,325.83706394376605,1417.9897103866997,1420.1290428914508,-0.29300489090383053,0.2547579132162293,45.73853571993526,0.0,1.5376233341530245e-14,45.73853571993526,0.0,46460.10221279654,44400.0,1597.6850215620602,460.2778587297271,0.0,-2.2737367544323206e-12,2.7284841053187847e-12,0,0,0,0.0,0,0,True,1008,0,2.0886947723167688e-11,1.3723684188158986e-13,2.7508703565839116e-10,0.7271975000548991,1.1783940101327055,1.8136280000362603,1.0752782624817492,2.977214867249131,-2.9244128884747624,21.046413357150882,5.940278157405151,1008.4575804613305,0,371.55381425381677,371.5106571880284,1350.0,1420.1290428914508,-0.29300489090383053,0.25874304805869575,45.73853571993526,0.0,1.5376233341530245e-14,45.73853571993526,0.0,54050.38525054416,51600.0,1821.6374931564833,558.6187144962273,0.0,4.547473508864641e-13,2.7284841053187847e-12,0,0,0,0.0,0,0,True,1008,0,2.0886947723167688e-11,1.3723684188158986e-13,2.7508703565839116e-10,0.7271975000548991,1.1783940101327055,1.8136280000362603,1.2247016151443078,4.310584696941078,-2.90766120236367,8.1945899420562,8.053665214180956,1137.9004227363453,0,144.64593854056488,144.65065581947613,1420.1290428914508,1500.0,-0.2610064363107085,0.0011264386183869046,0.0,0.0,0.0,0.0,0.0,22857.89935663779,14950.0,709.2691769460384,7118.759222583205,0.0,1.8189894035458565e-12,-2.5011104298755527e-12,0,0,0,0.0,0,0,True,1008,0,2.0886947723167688e-11,1.3723684188158986e-13,2.7508703565839116e-10,0.7046529999570339,1.1409877400456025,1.8136280000362603,0.2633424999203271,0.5076625200763373,1.0686030000215396,0.2633424999203271,0.5076625200763373,1.0686030000215396,0.2633424999203271,0.5076625200763373,1.0686030000215396,0.2633424999203271,0.5076625200763373,1.0686030000215396
1d51662afb815f886e6a892a9e4aa57a92f1f105af85fa83950794075ee6f9fd,Feb2022,400.0,True,180.0,swmpc_nosw,3,96.91666666666667,1.0750846191460341,3.483609113842249,-3.227978249080479,29.233331616096972,5.729262861281939,1008.1851113101052,0,516.1232483292955,516.0258926873948,1350.0,1500.0,-0.6609711414203048,0.2001020987265808,45.7348562818677,0.0,1.4413598387956553e-14,45.7348562818677,0.0,76901.90625825452,66550.0,2530.2426602614214,7671.663597993105,0.0,1.0913936421275139e-11,-9.094947017729282e-13,0,0,0,0.0,0,0,True,1008,0,2.3738565614141053e-11,1.4868570352766504e-13,2.563061059552537e-10,0.7040830000732967,1.2333009800340735,1.8115240000042832,1.046821682113861,3.162838556803763,-3.162838556803763,18.48290607249115,6.471121268050163,1008.1851113101052,0,325.93948766723554,326.25970350443316,1418.3767059024992,1422.0235159545036,0.8349210331216455,0.25456801945145324,45.7348562818677,0.0,1.4413598387956553e-14,45.7348562818677,0.0,46460.185277695244,44400.0,1599.757360685865,456.78110695738064,0.0,6.366462912410498e-12,-1.8189894035458565e-12,0,0,0,0.0,0,0,True,1008,0,2.3738565614141053e-11,1.4868570352766504e-13,2.563061059552537e-10,0.7316699999364573,1.2635348000139857,1.8115240000042832,1.030638580970054,3.162838556803763,-3.162838556803763,21.052018854196422,5.729262861281939,1008.1851113101052,0,371.4866224668196,371.60960525371115,1350.0,1422.0235159545036,0.8349210331216455,0.25910612301469704,45.7348562818677,0.0,1.4413598387956553e-14,45.7348562818677,0.0,54046.21513785784,51600.0,1822.1226676806434,552.0689542227153,0.0,2.0463630789890885e-11,-2.0463630789890885e-12,0,0,0,0.0,0,0,True,1008,0,2.3738565614141053e-11,1.4868570352766504e-13,2.563061059552537e-10,0.7316699999364573,1.2635348000139857,1.8115240000042832,1.212981699963309,3.483609113842249,-3.227978249080479,8.18131276190055,7.986186382515468,1137.6206639844497,0,144.6366258624759,144.4162874336837,1422.0235159545036,1500.0,-0.6609711414203048,0.0011855218622965902,0.0,0.0,0.0,0.0,0.0,22855.691120396667,14950.0,708.119992580778,7119.59464377039,0.0,-2.7284841053187847e-12,1.3642420526593924e-12,0,0,0,0.0,0,0,True,1008,0,2.3738565614141053e-11,1.4868570352766504e-13,2.563061059552537e-10,0.7040830000732967,1.2333009800340735,1.8115240000042832,0.2724310000985497,0.5375352500868756,0.8325969999987137,0.2724310000985497,0.5375352500868756,0.8325969999987137,0.2724310000985497,0.5375352500868756,0.8325969999987137,0.2724310000985497,0.5375352500868756,0.8325969999987137
1d51662afb815f886e6a892a9e4aa57a92f1f105af85fa83950794075ee6f9fd,Feb2022,400.0,True,180.0,swmpc_nosw,4,96.91666666666667,1.1704890649118718,4.992465490475297,-4.830503860488534,29.246911567724975,5.8295849210551545,1007.487100649502,0,516.0675210082534,516.2656055861358,1350.0,1500.0,1.3448077589273453,0.20019581965396427,45.74362811425214,0.0,1.202418320205229e-14,45.74362811425214,0.0,76909.33432672446,66550.0,2531.418050510626,7677.916276213815,0.0,-2.2737367544323206e-11,-5.002220859751105e-12,0,0,0,0.0,0,0,True,1008,0,2.8559225036638768e-11,1.7940430434753458e-13,3.143944232321232e-10,0.7306529998913902,1.2592459801180669,3.0977769999935845,1.0936317975159016,3.282112049870193,-3.282112049870193,18.469426450800707,6.493188097039013,1007.487100649502,0,325.8021311229114,326.02176162674215,1418.2852225756221,1422.302107617697,0.6489901561290026,0.25505135101470855,45.74362811425214,0.0,1.202418320205229e-14,45.74362811425214,0.0,46462.01737390005,44400.0,1598.5906543284395,459.409834529524,0.0,-1.4551915228366852e-11,2.0463630789890885e-12,0,0,0,0.0,0,0,True,1008,0,2.8559225036638768e-11,1.7940430434753458e-13,3.143944232321232e-10,0.7689254999831974,1.2699755698736224,3.0977769999935845,1.0882952721451828,3.282112049870193,-3.282112049870193,21.04645158375976,5.8295849210551545,1007.487100649502,0,371.4157350856399,371.51133196298133,1350.0,1422.302107617697,0.6489901561290026,0.2592533204552271,45.74362811425214,0.0,1.202418320205229e-14,45.74362811425214,0.0,54050.407985332255,51600.0,1821.6408017973797,556.4650759171586,0.0,-1.9326762412674725e-11,1.8189894035458565e-12,0,0,0,0.0,0,0,True,1008,0,2.8559225036638768e-11,1.7940430434753458e-13,3.143944232321232e-10,0.7689254999831974,1.2699755698736224,3.0977769999935845,1.4127781246184776,4.992465490475297,-4.830503860488534,8.200459983965214,8.085094477763137,1136.9706610074797,0,144.6517859226135,144.75427362315452,1422.302107617697,1500.0,1.3448077589273453,0.001098960765425705,0.0,0.0,0.0,0.0,0.0,22858.926341392216,14950.0,709.7772487132463,7121.451200296656,0.0,-1.1368683772161603e-11,-7.275957614183426e-12,0,0,0,0.0,0,0,True,1008,0,2.8559225036638768e-11,1.7940430434753458e-13,3.143944232321232e-10,0.7306529998913902,1.2592459801180669,3.0977769999935845,0.285555999994358,0.5423706601391131,0.6802469999911409,0.285555999994358,0.5423706601391131,0.6802469999911409,0.285555999994358,0.5423706601391131,0.6802469999911409,0.285555999994358,0.5423706601391131,0.6802469999911409
1d51662afb815f886e6a892a9e4aa57a92f1f105af85fa83950794075ee6f9fd,Feb2022,550.0,False,0.0,pid_lowdrag_preview,0,96.58333333333333,0.572787363064649,2.2199413934722543,-2.2199413934722543,2.214337173862378,6.63158139103847,1138.846380415506,0,39.13838066735914,39.08741336290346,1350.0,1500.0,-0.3575510950759053,0.27948005021514555,0.0,0.0,0.0,0.0,0.0,75602.41216679603,65150.0,191.65829112765948,10110.753875668372,0.0,3.637978807091713e-12,7.958078640513122e-13,0,0,0,0.0,0,0,True,0,0,,,,0.15960099995027122,0.2833309599373024,0.4950479999479285,0.5656407063889904,1.8475272478535771,-1.1600695345550776,1.3875150489708028,6.646086431226074,1139.4018080979165,0,24.33774829668839,24.49237401898127,1179.512882489787,1247.8528084820448,0.5159521838650107,0.3605386455757774,0.0,0.0,0.0,0.0,0.0,44820.1860480686,43200.0,120.0940698366211,1431.752052239722,0.0,0.0,4.121147867408581e-13,0,0,0,0.0,0,0,True,0,0,,,,0.16075250005087582,0.28312454993510966,0.4950479999479285,0.5596334692307533,1.8475272478535771,-1.300213790498674,1.569828002626873,6.63158139103847,1139.4018080979165,0,27.637009478555843,27.710556807529603,1350.0,1247.8528084820448,0.5159521838650107,0.3611139523997984,0.0,0.0,0.0,0.0,0.0,52072.36734321328,50400.0,135.87386595827988,1638.6406687729568,0.0,3.183231456205249e-12,3.979039320256561e-13,0,0,0,0.0,0,0,True,0,0,,,,0.16075250005087582,0.28312454993510966,0.4950479999479285,0.6156162449813739,2.2199413934722543,-2.2199413934722543,0.6445091712355049,8.815111301845286,1138.846380415506,0,11.501371188803294,11.376856555373859,1247.8528084820448,1500.0,-0.3575510950759053,0.0005411573265692304,0.0,0.0,0.0,0.0,0.0,23530.044823582757,14750.0,55.7844251693796,8472.113206895416,0.0,-5.6843418860808015e-12,4.121147867408581e-13,0,0,0,0.0,0,0,True,0,0,,,,0.15960099995027122,0.2833309599373024,0.4950479999479285,,,,,,,,,,,,
1d51662afb815f886e6a892a9e4aa57a92f1f105af85fa83950794075ee6f9fd,Feb2022,550.0,False,0.0,pid_lowdrag_preview,1,96.58333333333333,0.5424058628760318,1.7702995957806706,-1.457524823024869,2.2136041792967034,6.624661534625228,1138.9427733398434,0,39.1352580327461,39.074474564819916,1350.0,1500.0,-0.42641460336744785,0.2794666130449258,0.0,0.0,0.0,0.0,0.0,75598.19963544303,65150.0,191.5948479955452,10106.604787447504,0.0,2.000888343900442e-11,-9.663381206337363e-13,0,0,0,0.0,0,0,True,0,0,,,,0.17051800000444928,0.4542119199004448,1.6925249999530934,0.5807192091758844,1.7702995957806706,-1.457524823024869,1.3819075082125716,6.624661534625228,1139.2746737684242,0,24.334247985230807,24.393389877743076,1179.5749504056932,1247.7884152512686,0.6704103359952569,0.36051909980700403,0.0,0.0,0.0,0.0,0.0,44815.17474368164,43200.0,119.60871842228455,1427.3525604137856,0.0,8.640199666842818e-12,4.263256414560601e-14,0,0,0,0.0,0,0,True,0,0,,,,0.16977099994619493,0.5240542798719587,1.6925249999530934,0.5529614059931761,1.7702995957806706,-1.457524823024869,1.5708975261226064,6.624661534625228,1139.2746737684242,0,27.633871188500958,27.72943600419048,1350.0,1247.7884152512686,0.6704103359952569,0.3610972767566414,0.0,0.0,0.0,0.0,0.0,52068.0673637985,50400.0,135.96643679524723,1634.3125117519965,0.0,1.0459189070388675e-11,2.842170943040401e-14,0,0,0,0.0,0,0,True,0,0,,,,0.16977099994619493,0.5240542798719587,1.6925249999530934,0.5046748287461381,1.6120621263980865,-1.1333315232768655,0.642706653174097,8.820103917482184,1138.9427733398434,0,11.501386844245143,11.345038560629437,1247.7884152512686,1500.0,-0.42641460336744785,0.0005387858537074797,0.0,0.0,0.0,0.0,0.0,23530.132271644536,14750.0,55.62841120029795,8472.292275695509,0.0,2.0463630789890885e-12,-1.0089706847793423e-12,0,0,0,0.0,0,0,True,0,0,,,,0.17051800000444928,0.4542119199004448,1.6925249999530934,,,,,,,,,,,,
1d51662afb815f886e6a892a9e4aa57a92f1f105af85fa83950794075ee6f9fd,Feb2022,550.0,False,0.0,pid_lowdrag_preview,2,96.58333333333333,0.49305477153793736,1.7927456181496382,-1.0037228167057037,2.2140567265201714,6.623402681160899,1138.9775300738606,0,39.13973193230267,39.082462914832156,1350.0,1500.0,-0.4017596421763301,0.2794374075448718,0.0,0.0,0.0,0.0,0.0,75600.6484191863,65150.0,191.63401747186984,10109.014401714447,0.0,1.8189894035458565e-11,-8.526512829121202e-14,0,0,0,0.0,0,0,True,0,0,,,,0.16050199997152959,0.28791977994842466,0.3764079999655223,0.4778122373834178,1.2619681181386113,-0.9952679621055722,1.3829356683949179,6.623402681160899,1138.9775300738606,0,24.339004382810792,24.411538930436794,1179.4531466964643,1247.3510181002528,0.2798703759908676,0.36047676786189753,0.0,0.0,0.0,0.0,0.0,44818.694943745366,43200.0,119.69770912608499,1431.0993632154948,0.0,2.5011104298755527e-12,-1.8474111129762605e-13,0,0,0,0.0,0,0,True,0,0,,,,0.16129850007473578,0.27006452000932757,0.34320800000386953,0.47492615369753344,1.292964399792254,-1.0037228167057037,1.5680029366555912,6.623402681160899,1138.9775300738606,0,27.638446144280056,27.678340797756153,1350.0,1247.3510181002528,0.2798703759908676,0.3610580940040524,0.0,0.0,0.0,0.0,0.0,52070.6963285467,50400.0,135.7159003921587,1637.629410054297,0.0,9.549694368615746e-12,-1.7053025658242404e-13,0,0,0,0.0,0,0,True,0,0,,,,0.16129850007473578,0.27006452000932757,0.34320800000386953,0.55051263875876,1.7927456181496382,-0.8452245825901628,0.6460537898645802,8.809817767737732,1139.062236698611,0,11.50128578802261,11.404122117076003,1247.3510181002528,1500.0,-0.4017596421763301,0.0005436721182477955,0.0,0.0,0.0,0.0,0.0,23529.95209063961,14750.0,55.918117079711145,8471.38499166015,0.0,-1.5916157281026244e-12,9.237055564881302e-14,0,0,0,0.0,0,0,True,0,0,,,,0.16050199997152959,0.28791977994842466,0.3764079999655223,,,,,,,,,,,,
1d51662afb815f886e6a892a9e4aa57a92f1f105af85fa83950794075ee6f9fd,Feb2022,550.0,False,0.0,pid_lowdrag_preview,3,96.58333333333333,0.48437383494480635,1.4583094865083694,-1.383804701268673,2.2130702050104802,6.626153478167969,1138.2509136257536,0,39.135798887178076,39.06504886673884,1350.0,1500.0,-0.49633111618459225,0.2794436884256365,0.0,0.0,0.0,0.0,0.0,75595.8175382493,65150.0,191.54863073450207,10104.268907514806,0.0,1.8189894035458565e-12,-1.7053025658242404e-13,0,0,0,0.0,0,0,True,0,0,,,,0.17288099979850813,0.36825326018515636,3.2191589998546988,0.5025592567712599,1.4583094865083694,-1.1908162459731102,1.389121703229696,6.626153478167969,1138.2509136257536,0,24.33466300178316,24.52073463175946,1179.4938676638985,1246.7698499788005,0.6992246760055423,0.36048354440665253,0.0,0.0,0.0,0.0,0.0,44813.213726870265,43200.0,120.23313113827228,1425.7046134170942,0.0,3.865352482534945e-12,1.4210854715202004e-13,0,0,0,0.0,0,0,True,0,0,,,,0.17809400003443443,0.34895073009920446,0.49018999993677426,0.501518782492387,1.4583094865083694,-1.1908162459731102,1.5711617644878229,6.626153478167969,1138.2509136257536,0,27.634428329008074,27.734100331886076,1350.0,1246.7698499788005,0.6992246760055423,0.3610668734662835,0.0,0.0,0.0,0.0,0.0,52065.78223382311,50400.0,135.9893075098456,1633.023076334478,0.0,1.1368683772161603e-11,1.1368683772161603e-13,0,0,0,0.0,0,0,True,0,0,,,,0.17809400003443443,0.34895073009920446,0.49018999993677426,0.42054851874556054,1.383804701268673,-1.383804701268673,0.6419084405226574,8.814567875503307,1139.3331281244443,0,11.501370558170002,11.330948534852766,1246.7698499788005,1500.0,-0.49633111618459225,0.0005414154731880894,0.0,0.0,0.0,0.0,0.0,23530.035304426186,14750.0,55.55932322465648,8471.245831180328,0.0,-3.865352482534945e-12,-2.913225216616411e-13,0,0,0,0.0,0,0,True,0,0,,,,0.17288099979850813,0.36825326018515636,3.2191589998546988,,,,,,,,,,,,
1d51662afb815f886e6a892a9e4aa57a92f1f105af85fa83950794075ee6f9fd,Feb2022,550.0,False,0.0,pid_lowdrag_preview,4,96.58333333333333,0.5436972324273788,2.1935030538588762,-1.5711422357708216,2.219825988739756,6.628370300205678,1138.841113518208,0,39.13785896276137,39.184301758454296,1350.0,1500.0,0.3258080082014203,0.27945297816051107,0.0,0.0,0.0,0.0,0.0,75600.50662825668,65150.0,192.13336641977367,10108.373261836907,0.0,-3.637978807091713e-12,-2.5579538487363607e-13,0,0,0,0.0,0,0,True,0,0,,,,0.17140800014203705,0.3551858199762137,1.39491499999167,0.5462233891447671,2.1935030538588762,-1.200898059643805,1.3875673644535382,6.628370300205678,1138.841113518208,0,24.33713156787943,24.49329749031274,1179.5060818032682,1247.364794530898,0.5283906441181898,0.36049479961236974,0.0,0.0,0.0,0.0,0.0,44818.08966721429,43200.0,120.09859791668823,1430.1323565699718,0.0,-1.8189894035458565e-12,-3.694822225952521e-13,0,0,0,0.0,0,0,True,0,0,,,,0.16399250000631582,0.3459407201466999,1.39491499999167,0.537364870811521,2.1935030538588762,-1.5711422357708216,1.5698991534515443,6.628370300205678,1138.841113518208,0,27.636492445508434,27.71181275975186,1350.0,1247.364794530898,0.5283906441181898,0.3610789335353438,0.0,0.0,0.0,0.0,0.0,52070.46482069662,50400.0,135.88002430021083,1637.220001865506,0.0,-8.185452315956354e-12,-3.979039320256561e-13,0,0,0,0.0,0,0,True,0,0,,,,0.16399250000631582,0.3459407201466999,1.39491499999167,0.5647990863362731,1.6318804444745183,-1.4718767181038857,0.6499268352882117,8.81493912322912,1139.3495577474812,0,11.501366517252936,11.472488998702435,1247.364794530898,1500.0,0.3258080082014203,0.000541239117015202,0.0,0.0,0.0,0.0,0.0,23530.04180756006,14750.0,56.25334211956285,8471.153259971401,0.0,4.092726157978177e-12,1.4210854715202004e-13,0,0,0,0.0,0,0,True,0,0,,,,0.17140800014203705,0.3551858199762137,1.39491499999167,,,,,,,,,,,,
1d51662afb815f886e6a892a9e4aa57a92f1f105af85fa83950794075ee6f9fd,Feb2022,550.0,False,0.0,swmpc,0,96.58333333333333,0.5676062555700738,2.226481232792139,-2.226481232792139,2.2398838564321992,5.204178642906008,1138.8367769211334,0,39.590084049251175,39.538362637225624,1350.0,1500.0,-0.3628410007804632,0.22254910192456234,34.202885670923465,0.0,1.5512582883103013e-14,34.202885670923465,0.0,75658.57798606495,65150.0,193.8694419781737,10164.70854408677,0.0,-5.4569682106375694e-12,5.684341886080802e-14,0,0,0,0.0,0,0,True,1008,0,5.102681832592641e-11,1.0511400682462812e-13,3.703685879060469e-10,0.7447749999300868,1.3607111399142018,3.6901000000852946,0.5463615558709644,1.7142466679215431,-1.1142235798761249,1.4096467256338936,5.2055385713842774,1139.2686798824302,0,24.728639754280625,24.88304171148789,1179.5358278389126,1311.7187929478998,0.5425389017909765,0.28862461487806024,34.202885670923465,0.0,1.5512582883103013e-14,34.202885670923465,0.0,44782.429812250535,43200.0,122.00964049998082,1328.2372066415692,0.0,2.0463630789890885e-12,2.984279490192421e-13,0,0,0,0.0,0,0,True,1008,0,5.102681832592641e-11,1.0511400682462812e-13,3.703685879060469e-10,0.7799224999871512,1.3593014899288378,3.6901000000852946,0.5517098627859051,1.7142466679215431,-1.3652058467268944,1.5953829049576422,5.204178642906008,1139.2686798824302,0,28.084314068378454,28.161651176825316,1350.0,1311.7187929478998,0.5425389017909765,0.28762227253992867,34.202885670923465,0.0,1.5512582883103013e-14,34.202885670923465,0.0,52115.85662199701,50400.0,138.08572825660644,1616.0521007925095,0.0,6.821210263296962e-12,2.5579538487363607e-13,0,0,0,0.0,0,0,True,1008,0,5.102681832592641e-11,1.0511400682462812e-13,3.703685879060469e-10,0.7799224999871512,1.3593014899288378,3.6901000000852946,0.6188496914471443,2.226481232792139,-2.226481232792139,0.644500951474557,9.550133174714672,1138.8367769211334,0,11.50576998087272,11.376711460400308,1311.7187929478998,1500.0,-0.3628410007804632,0.00019738673714075894,0.0,0.0,0.0,0.0,0.0,23542.72136406793,14750.0,55.78371372156726,8548.65644329426,0.0,-2.9558577807620168e-12,-2.0605739337042905e-13,0,0,0,0.0,0,0,True,1008,0,5.102681832592641e-11,1.0511400682462812e-13,3.703685879060469e-10,0.7447749999300868,1.3607111399142018,3.6901000000852946,0.2971190000380375,0.5611516299859431,3.222645000050761,0.2971190000380375,0.5611516299859431,3.222645000050761,0.2971190000380375,0.5611516299859431,3.222645000050761,0.2971190000380375,0.5611516299859431,3.222645000050761
1d51662afb815f886e6a892a9e4aa57a92f1f105af85fa83950794075ee6f9fd,Feb2022,550.0,False,0.0,swmpc,1,96.58333333333333,0.5441256598647045,1.5970523785799742,-1.3534749010577798,2.23965658000622,5.199999999999999,1138.8517440228818,0,39.596754480494724,39.53435076057263,1350.0,1500.0,-0.4377807127311826,0.22310574924935145,34.16544262706483,0.0,1.1806741772419576e-14,34.16544262706483,0.0,75725.26857877147,65150.0,193.84977044308343,10231.418808328392,0.0,1.8189894035458565e-12,-1.7053025658242404e-13,0,0,0,0.0,0,0,True,1008,0,6.870608530229593e-11,1.278635947847362e-13,3.447674824092811e-10,0.7821210001566214,1.4169683599584473,3.0211609998787026,0.5834829555475008,1.5970523785799742,-1.3534749010577798,1.40621207112651,5.199999999999999,1138.8517440228818,0,24.7357258601582,24.822413293163045,1179.4230232880334,1309.9293538370237,0.7278129383921623,0.28940636992986424,34.16544262706483,0.0,1.1806741772419576e-14,34.16544262706483,0.0,44850.583808036856,43200.0,121.71235966069813,1398.3651178271866,0.0,1.9326762412674725e-11,-4.263256414560601e-13,0,0,0,0.0,0,0,True,1008,0,6.870608530229593e-11,1.278635947847362e-13,3.447674824092811e-10,0.8851364999600264,1.4915352300658906,3.0211609998787026,0.5564450813799086,1.5970523785799742,-1.3534749010577798,1.597257090554533,5.199999999999999,1138.8517440228818,0,28.090986966372736,28.19473424475591,1350.0,1309.9293538370237,0.7278129383921623,0.28834210965706986,34.16544262706483,0.0,1.1806741772419576e-14,34.16544262706483,0.0,52182.5116709688,50400.0,138.24794529066725,1684.3343718411177,0.0,7.73070496506989e-12,-4.547473508864641e-13,0,0,0,0.0,0,0,True,1008,0,6.870608530229593e-11,1.278635947847362e-13,3.447674824092811e-10,0.8851364999600264,1.4915352300658906,3.0211609998787026,0.4997443224957985,1.5810738960281014,-1.133635583333671,0.6423994894516871,9.552243935795909,1138.9308880016447,0,11.505767514121988,11.339616515816719,1309.9293538370237,1500.0,-0.4377807127311826,0.00019642283924958814,0.0,0.0,0.0,0.0,0.0,23542.756907802668,14750.0,55.60182515241616,8547.084436487276,0.0,2.2737367544323206e-13,2.4158453015843406e-13,0,0,0,0.0,0,0,True,1008,0,6.870608530229593e-11,1.278635947847362e-13,3.447674824092811e-10,0.7821210001566214,1.4169683599584473,3.0211609998787026,0.3182104999268631,0.5615568601342599,1.358391000167103,0.3182104999268631,0.5615568601342599,1.358391000167103,0.3182104999268631,0.5615568601342599,1.358391000167103,0.3182104999268631,0.5615568601342599,1.358391000167103
1d51662afb815f886e6a892a9e4aa57a92f1f105af85fa83950794075ee6f9fd,Feb2022,550.0,False,0.0,swmpc,2,96.58333333333333,0.4738864384221635,1.8676317688077688,-0.8977564768865705,2.238891263180172,5.2030421620569545,1138.890575778508,0,39.57845936597178,39.52084141091894,1350.0,1500.0,-0.40420709550380707,0.22262742784632972,34.18358654458215,0.0,1.3296003620382329e-14,34.18358654458215,0.0,75666.7465933586,65150.0,193.7835297111926,10172.963063647407,0.0,-7.275957614183426e-12,6.536993168992922e-13,0,0,0,0.0,0,0,True,1008,0,6.21297221970885e-11,1.3419375170421693e-13,4.0884067086120363e-10,0.7131270001536905,1.2042701999371275,2.2291550001227733,0.45155375714056056,1.1748686088249087,-0.8697062870487571,1.405835524883068,5.2030421620569545,1138.890575778508,0,24.717872414393227,24.815766510170494,1179.4346101731805,1311.1760133151329,0.3508426398038864,0.2887276771262658,34.18358654458215,0.0,1.1225758499730662e-14,34.18358654458215,0.0,44795.65551135826,43200.0,121.67976832348084,1342.234339892809,0.0,-1.5916157281026244e-11,7.105427357601002e-13,0,0,0,0.0,0,0,True,1008,0,6.21297221970885e-11,1.3419375170421693e-13,4.0884067086120363e-10,0.7368120000137424,1.217741900045439,2.2291550001227733,0.44599618421923753,1.1748686088249087,-0.8977564768865705,1.5931859028335236,5.2030421620569545,1138.890575778508,0,28.072858342601922,28.122869761240594,1350.0,1311.1760133151329,0.3508426398038864,0.287720928409785,34.18358654458215,0.0,1.3296003620382329e-14,34.18358654458215,0.0,52124.35192419665,50400.0,137.89557037203411,1625.280340509466,0.0,-1.659827830735594e-11,6.536993168992922e-13,0,0,0,0.0,0,0,True,1008,0,6.21297221970885e-11,1.3419375170421693e-13,4.0884067086120363e-10,0.7368120000137424,1.217741900045439,2.2291550001227733,0.5587779384811657,1.8676317688077688,-0.8466762211173773,0.6457053603466485,9.530753821831993,1139.0527256572116,0,11.50560102336986,11.397971649678347,1311.1760133151329,1500.0,-0.40420709550380707,0.00020624626001441992,0.0,0.0,0.0,0.0,0.0,23542.394669161968,14750.0,55.88795933915853,8547.682723137941,0.0,0.0,3.552713678800501e-14,0,0,0,0.0,0,0,True,1008,0,6.21297221970885e-11,1.3419375170421693e-13,4.0884067086120363e-10,0.7131270001536905,1.2042701999371275,2.2291550001227733,0.27384299994537287,0.5189638600859321,1.3725819999308442,0.27384299994537287,0.5189638600859321,1.3725819999308442,0.27384299994537287,0.5189638600859321,1.3725819999308442,0.27384299994537287,0.5189638600859321,1.3725819999308442
1d51662afb815f886e6a892a9e4aa57a92f1f105af85fa83950794075ee6f9fd,Feb2022,550.0,False,0.0,swmpc,3,96.58333333333333,0.49121913724709854,1.3787138676270843,-1.3787138676270843,2.239118242351048,5.200694742001632,1138.4103607564239,0,39.59585973928181,39.5248480404333,1350.0,1500.0,-0.4981665210798383,0.2224517355736464,34.167468528659654,0.0,1.2707301683077949e-14,34.167468528659654,0.0,75752.83782599666,65150.0,193.80317551785808,10259.03465047879,0.0,-7.275957614183426e-12,-1.4210854715202004e-13,0,0,0,0.0,0,0,True,1008,0,6.065929113007896e-11,1.2374874245540533e-13,3.1223961079234066e-10,0.719156000059229,2.438454539919803,7.902580000063608,0.5122109285229719,1.3021483523771167,-1.2295639989897609,1.4125162909013849,5.202895722793171,1138.4103607564239,0,24.723011507035572,24.933695191502547,1179.4421449245904,1310.926217935289,0.6737767849117517,0.2889210637393239,34.167468528659654,0.0,1.2707301683077949e-14,34.167468528659654,0.0,44845.62592573279,43200.0,122.25801097487444,1391.883841747224,0.0,6.139089236967266e-12,3.694822225952521e-13,0,0,0,0.0,0,0,True,1008,0,6.065929113007896e-11,1.2374874245540533e-13,3.1223961079234066e-10,0.751123999975789,2.9079106198605498,7.902580000063608,0.5108061888111409,1.3021483523771167,-1.2295639989897609,1.59677458571467,5.200694742001632,1138.4103607564239,0,28.090172649855056,28.186217083797814,1350.0,1310.926217935289,0.6737767849117517,0.2874944532575304,34.167468528659654,0.0,1.2707301683077949e-14,34.167468528659654,0.0,52210.36314710547,50400.0,138.20618288241312,1711.2307462877584,0.0,-8.185452315956354e-12,3.694822225952521e-13,0,0,0,0.0,0,0,True,1008,0,6.065929113007896e-11,1.2374874245540533e-13,3.1223961079234066e-10,0.751123999975789,2.9079106198605498,7.902580000063608,0.417411943546596,1.3787138676270843,-1.3787138676270843,0.642343656636378,9.535496446131464,1139.330371248657,0,11.505687089426758,11.338630956635484,1310.926217935289,1500.0,-0.4981665210798383,0.0002040765046458226,0.0,0.0,0.0,0.0,0.0,23542.474678891187,14750.0,55.596992635444956,8547.803904191034,0.0,2.7284841053187847e-12,-5.115907697472721e-13,0,0,0,0.0,0,0,True,1008,0,6.065929113007896e-11,1.2374874245540533e-13,3.1223961079234066e-10,0.719156000059229,2.438454539919803,7.902580000063608,0.2802579999752197,0.5811010900310968,7.4090140001317195,0.2802579999752197,0.5811010900310968,7.4090140001317195,0.2802579999752197,0.5811010900310968,7.4090140001317195,0.2802579999752197,0.5811010900310968,7.4090140001317195
1d51662afb815f886e6a892a9e4aa57a92f1f105af85fa83950794075ee6f9fd,Feb2022,550.0,False,0.0,swmpc,4,96.58333333333333,0.5420362782949614,1.8868871293962002,-1.6181268552318215,2.2456427688372744,5.200000000000003,1138.7381559586613,0,39.59370737492045,39.64001878623248,1350.0,1500.0,0.3248868128284812,0.22229913039012827,34.16933917756917,0.0,1.1646588963296473e-14,34.16933917756917,0.0,75717.40940884606,65150.0,194.3678951150041,10223.041513731052,0.0,0.0,6.536993168992922e-13,0,0,0,0.0,0,0,True,1008,0,8.532088964384261e-11,1.51347505800024e-13,2.7993819865019397e-10,0.7006580001416296,1.198934760013799,1.7683390001366206,0.5374376290003913,1.8868871293962002,-1.0965644167736173,1.413243047645723,5.200000000000003,1138.7381559586613,0,24.72837236548484,24.946523879750874,1179.2440907357638,1310.9645708982603,0.7002868037670851,0.2885289196675406,34.16933917756917,0.0,1.1646588963296473e-14,34.16933917756917,0.0,44830.14778873696,43200.0,122.32091420267994,1376.1063943717818,0.0,-3.865352482534945e-12,5.115907697472721e-13,0,0,0,0.0,0,0,True,1008,0,8.532088964384261e-11,1.51347505800024e-13,2.7993819865019397e-10,0.725425499922494,1.2109100998986828,1.7683390001366206,0.534309431978662,1.8868871293962002,-1.6181268552318215,1.5968682855950416,5.200000000000003,1138.7381559586613,0,28.08804764857146,28.187871071275108,1350.0,1310.9645708982603,0.7002868037670851,0.28729671108095345,34.16933917756917,0.0,1.1646588963296473e-14,34.16933917756917,0.0,52174.994674938054,50400.0,138.21429292056052,1675.8158111192263,0.0,-7.048583938740194e-12,5.400124791776761e-13,0,0,0,0.0,0,0,True,1008,0,8.532088964384261e-11,1.51347505800024e-13,2.7993819865019397e-10,0.725425499922494,1.2109100998986828,1.7683390001366206,0.5676453697512234,1.6697784196585417,-1.4791669333353639,0.6487744832422329,9.531942961833138,1139.3420343740706,0,11.505659726348988,11.452147714957373,1310.9645708982603,1500.0,0.3248868128284812,0.00020570213130832737,0.0,0.0,0.0,0.0,0.0,23542.41473390801,14750.0,56.15360219444359,8547.225702611826,0.0,4.547473508864641e-13,1.2079226507921703e-13,0,0,0,0.0,0,0,True,1008,0,8.532088964384261e-11,1.51347505800024e-13,2.7993819865019397e-10,0.7006580001416296,1.198934760013799,1.7683390001366206,0.27292199990824884,0.4867357300122418,0.6255340001644072,0.27292199990824884,0.4867357300122418,0.6255340001644072,0.27292199990824884,0.4867357300122418,0.6255340001644072,0.27292199990824884,0.4867357300122418,0.6255340001644072
1d51662afb815f886e6a892a9e4aa57a92f1f105af85fa83950794075ee6f9fd,Feb2022,550.0,False,0.0,swmpc_nosw,0,96.58333333333333,0.4708823787335044,1.7380956001579762,-1.7380956001579762,2.239820927037029,5.204178642906008,1138.8971261870995,0,39.587405333446426,39.537251809429655,1350.0,1500.0,-0.3518414180725813,0.22232500582969184,34.15255373784355,0.0,1.5999298391827548e-14,34.15255373784355,0.0,75707.67331687457,65150.0,193.86399522847137,10213.80932164611,0.0,1.0913936421275139e-11,-1.0800249583553523e-12,0,0,0,0.0,0,0,True,1008,0,6.171265450242828e-11,1.459510424537881e-13,4.0965545589933876e-10,0.7220099998903606,1.217394799864451,3.3309089999420394,0.4222867000642058,1.1772443149238825,-0.9536032173782587,1.4074914087129102,5.205735657185551,1139.3450133631143,0,24.726174016925075,24.84499612185791,1179.5449558161793,1313.768350292578,0.39033730141818523,0.2882823174145893,34.15255373784355,0.0,1.5999298391827548e-14,34.15255373784355,0.0,44831.328629208794,43200.0,121.82309060920971,1375.282144123207,0.0,2.114575181622058e-11,2.1316282072803006e-13,0,0,0,0.0,0,0,True,1008,0,6.171265450242828e-11,1.459510424537881e-13,4.0965545589933876e-10,0.7448940000358562,1.230138660157536,3.3309089999420394,0.4540682638615932,1.444294954650104,-1.444294954650104,1.5940048827382491,5.204178642906008,1139.3450133631143,0,28.08168514222227,28.137326369948976,1350.0,1313.768350292578,0.39033730141818523,0.28733189238835044,34.15255373784355,0.0,1.5999298391827548e-14,34.15255373784355,0.0,52165.040200453484,50400.0,137.96645582293084,1663.305394337989,0.0,1.318767317570746e-11,2.2737367544323206e-13,0,0,0,0.0,0,0,True,1008,0,6.171265450242828e-11,1.459510424537881e-13,4.0965545589933876e-10,0.7448940000358562,1.230138660157536,3.3309089999420394,0.5242817765926053,1.7380956001579762,-1.7380956001579762,0.6458160442987797,9.544894600717006,1138.8971261870995,0,11.505720191224157,11.399925439480679,1313.768350292578,1500.0,-0.3518414180725813,0.000199779893665597,0.0,0.0,0.0,0.0,0.0,23542.633116421082,14750.0,55.89753940554053,8550.503927308122,0.0,1.3642420526593924e-12,-1.3145040611561853e-12,0,0,0,0.0,0,0,True,1008,0,6.171265450242828e-11,1.459510424537881e-13,4.0965545589933876e-10,0.7220099998903606,1.217394799864451,3.3309089999420394,0.2766170000541024,0.5080334999229308,1.884725000081744,0.2766170000541024,0.5080334999229308,1.884725000081744,0.2766170000541024,0.5080334999229308,1.884725000081744,0.2766170000541024,0.5080334999229308,1.884725000081744
1d51662afb815f886e6a892a9e4aa57a92f1f105af85fa83950794075ee6f9fd,Feb2022,550.0,False,0.0,swmpc_nosw,1,96.58333333333333,0.4894584550714688,1.4218352548778057,-1.0709395362064242,2.2394855604166017,5.200274256826715,1138.946885764005,0,39.59523728970499,39.53133192790697,1350.0,1500.0,-0.44831464905291796,0.22243705081342746,34.144550137404224,0.0,1.84187540086215e-14,34.144550137404224,0.0,75760.84575461963,65150.0,193.83496812540426,10267.01078649422,0.0,-5.4569682106375694e-12,-5.115907697472721e-13,0,0,0,0.0,0,0,True,1008,0,5.601492712082215e-11,1.0905038076029592e-13,3.4464256181761953e-10,0.7330769999498443,1.2371873400206828,10.396854999953575,0.5186232759909,1.4218352548778057,-1.0709395362064242,1.4025891283191187,5.200274256826715,1138.9503548821733,0,24.7342886331769,24.75846121541524,1179.433070894054,1312.4245895880556,0.3925521755591035,0.2883931695974601,34.1395314810216,0.0,1.84187540086215e-14,34.1395314810216,0.0,44885.87446184683,43200.0,121.39878183907555,1431.4841613137667,0.0,1.0231815394945443e-11,-3.410605131648481e-13,0,0,0,0.0,0,0,True,1008,0,5.601492712082215e-11,1.0905038076029592e-13,3.4464256181761953e-10,0.7633220000116125,1.2887400999557017,10.396854999953575,0.49628251793685263,1.4218352548778057,-1.0709395362064242,1.5944626317726538,5.200274256826715,1138.9503548821733,0,28.089449578406157,28.145406542171937,1350.0,1312.4245895880556,0.3925521755591035,0.2874785909556109,34.144550137404224,0.0,1.84187540086215e-14,34.144550137404224,0.0,52217.977945449646,50400.0,138.00607553339484,1717.5472803281982,0.0,2.9558577807620168e-12,-3.410605131648481e-13,0,0,0,0.0,0,0,True,1008,0,5.601492712082215e-11,1.0905038076029592e-13,3.4464256181761953e-10,0.7633220000116125,1.2887400999557017,10.396854999953575,0.4653864930714502,1.159110334701836,-1.016559299081564,0.645022928643948,9.558832824895367,1138.946885764005,0,11.505787711298833,11.385925385735032,1312.4245895880556,1500.0,-0.44831464905291796,0.00019341534454297982,0.0,0.0,0.0,0.0,0.0,23542.86780916998,14750.0,55.828892592009396,8549.463506166023,0.0,-3.410605131648481e-12,-2.0605739337042905e-13,0,0,0,0.0,0,0,True,1008,0,5.601492712082215e-11,1.0905038076029592e-13,3.4464256181761953e-10,0.7330769999498443,1.2371873400206828,10.396854999953575,0.2810644999726719,0.5320073599818893,1.4209850000952429,0.2810644999726719,0.5320073599818893,1.4209850000952429,0.2810644999726719,0.5320073599818893,1.4209850000952429,0.2810644999726719,0.5320073599818893,1.4209850000952429
1d51662afb815f886e6a892a9e4aa57a92f1f105af85fa83950794075ee6f9fd,Feb2022,550.0,False,0.0,swmpc_nosw,2,96.58333333333333,0.44035194578625775,1.4756584614515305,-0.9867886491119862,2.2397491594110917,5.202661004467712,1138.9257972696093,0,39.58492185217964,39.535984969449856,1350.0,1500.0,-0.3433066988363862,0.22225185491066612,34.15434066884701,0.0,1.3296003620382329e-14,34.15434066884701,0.0,75706.43102790095,65150.0,193.85778350032706,10212.573244400624,0.0,0.0,-3.979039320256561e-13,0,0,0,0.0,0,0,True,1008,0,6.605749833699445e-11,1.6684556986882876e-13,3.643372589587243e-10,0.7308230001399352,1.2222039599919299,4.297556999972585,0.3944825980140769,1.4756584614515305,-0.8881497215479612,1.4037659192338163,5.202661004467712,1138.9257972696093,0,24.72448450750152,24.779233893337707,1179.4440141681814,1312.4825255402432,0.14768642839044333,0.2881543745953361,34.15434066884701,0.0,1.1598180202335873e-14,34.15434066884701,0.0,44835.3499817994,43200.0,121.5006370300503,1380.8108333972805,0.0,-9.094947017729282e-12,-1.4210854715202004e-14,0,0,0,0.0,0,0,True,1008,0,6.605749833699445e-11,1.6684556986882876e-13,3.643372589587243e-10,0.7608230000641925,1.2208757099688226,3.9826820000143925,0.39767531399212813,1.4756584614515305,-0.9867886491119862,1.5919178533219074,5.202661004467712,1138.9257972696093,0,28.079434033151617,28.100486189302664,1350.0,1312.4825255402432,0.14768642839044333,0.28723333407080365,34.15434066884701,0.0,1.3296003620382329e-14,34.15434066884701,0.0,52164.30180355442,50400.0,137.7858164441627,1664.0334615700115,0.0,-5.4569682106375694e-12,0.0,0,0,0,0.0,0,0,True,1008,0,6.605749833699445e-11,1.6684556986882876e-13,3.643372589587243e-10,0.7608230000641925,1.2208757099688226,3.9826820000143925,0.562240360904727,1.4379981867969036,-0.7203080710023642,0.6478313060891843,9.515035147991693,1139.100688826667,0,11.505487819028023,11.435498780147192,1312.4825255402432,1500.0,-0.3433066988363862,0.0002134447634839498,0.0,0.0,0.0,0.0,0.0,23542.12922434653,14750.0,56.071967056164354,8548.539782830612,0.0,5.229594535194337e-12,-4.121147867408581e-13,0,0,0,0.0,0,0,True,1008,0,6.605749833699445e-11,1.6684556986882876e-13,3.643372589587243e-10,0.7308230001399352,1.2222039599919299,4.297556999972585,0.2734024999426765,0.5270353200671702,2.8462860000217916,0.2734024999426765,0.5270353200671702,2.8462860000217916,0.2734024999426765,0.5270353200671702,2.8462860000217916,0.2734024999426765,0.5270353200671702,2.8462860000217916
1d51662afb815f886e6a892a9e4aa57a92f1f105af85fa83950794075ee6f9fd,Feb2022,550.0,False,0.0,swmpc_nosw,3,96.58333333333333,0.46858476347135014,1.202295453287661,-1.202295453287661,2.2392002090220164,5.200694742001632,1138.5844026741029,0,39.602303083234744,39.52629491365039,1350.0,1500.0,-0.5332177113741636,0.22199360937431012,34.14636105394418,0.0,1.2037294524767084e-14,34.14636105394418,0.0,75787.285362178,65150.0,193.81027000747463,10293.475092170529,0.0,9.094947017729282e-12,-2.842170943040401e-14,0,0,0,0.0,0,0,True,1008,0,6.026348202059508e-11,9.647027018995935e-14,2.7925415669411567e-10,0.704282999777206,1.4161639799476706,3.4435380000559235,0.4918329107118209,1.202295453287661,-1.202295453287661,1.4087931744317679,5.202465472767454,1138.5844026741029,0,24.72959279838199,24.8679748512743,1179.452170361118,1313.1040188756358,0.2642987286671996,0.28821645829508735,34.14138357997398,0.0,1.1902264460399643e-14,34.14138357997398,0.0,44879.76512915827,43200.0,121.93576278762457,1424.1775178561254,0.0,-5.6843418860808015e-12,-1.4210854715202004e-13,0,0,0,0.0,0,0,True,1008,0,6.026348202059508e-11,9.647027018995935e-14,2.7925415669411567e-10,0.7297419999758858,1.8496595701617466,3.4435380000559235,0.48866965991613437,1.202295453287661,-1.202295453287661,1.5938306121307044,5.200694742001632,1138.5844026741029,0,28.096575433746256,28.134250150412807,1350.0,1313.1040188756358,0.2642987286671996,0.2869036186489451,34.14636105394418,0.0,1.2037294524767084e-14,34.14636105394418,0.0,52244.63853925169,50400.0,137.95137211877284,1743.5831482572721,0.0,-8.86757334228605e-12,-1.4210854715202004e-13,0,0,0,0.0,0,0,True,1008,0,6.026348202059508e-11,9.647027018995935e-14,2.7925415669411567e-10,0.7297419999758858,1.8496595701617466,3.4435380000559235,0.39227056967895013,0.8869620840996504,-0.8869620840996504,0.645369596891312,9.54570806284162,1139.335029137537,0,11.505727649488488,11.392044763237582,1313.1040188756358,1500.0,-0.5332177113741636,0.00019940819182862057,0.0,0.0,0.0,0.0,0.0,23542.646822926323,14750.0,55.85889788870181,8549.891943913259,0.0,2.0463630789890885e-12,1.3500311979441904e-13,0,0,0,0.0,0,0,True,1008,0,6.026348202059508e-11,9.647027018995935e-14,2.7925415669411567e-10,0.704282999777206,1.4161639799476706,3.4435380000559235,0.26630699994711904,0.5240814499643418,2.911425000093004,0.26630699994711904,0.5240814499643418,2.911425000093004,0.26630699994711904,0.5240814499643418,2.911425000093004,0.26630699994711904,0.5240814499643418,2.911425000093004
1d51662afb815f886e6a892a9e4aa57a92f1f105af85fa83950794075ee6f9fd,Feb2022,550.0,False,0.0,swmpc_nosw,4,96.58333333333333,0.46378794751546576,1.6725166980177164,-1.5139603884890676,2.245156393519406,5.199999999999999,1138.8381545775246,0,39.594834041221404,39.63143330371258,1350.0,1500.0,0.2567537585273385,0.2219957950767535,34.14700021290908,0.0,1.199329494656018e-14,34.14700021290908,0.0,75743.44150261024,65150.0,194.32579770392672,10249.115704906293,0.0,-1.6370904631912708e-11,-5.684341886080801e-13,0,0,0,0.0,0,0,True,1008,0,8.303812167567698e-11,9.871814039385774e-14,3.764131026075293e-10,0.7074080001530092,1.1950949198717353,4.098757000065234,0.44592285153674,1.276879696175456,-1.235612171702087,1.4096909609946475,5.199999999999999,1138.8381545775246,0,24.72961019045062,24.883822552748704,1179.2528135484242,1313.1831716286497,0.3512043468654156,0.2880636403298493,34.14700021290908,0.0,1.199329494656018e-14,34.14700021290908,0.0,44856.006681240215,43200.0,122.01346921845672,1400.062853941527,0.0,-5.4569682106375694e-12,2.7000623958883807e-13,0,0,0,0.0,0,0,True,1008,0,8.303812167567698e-11,9.871814039385774e-14,3.764131026075293e-10,0.7285750000392,1.2205005598571006,4.098757000065234,0.4527178378209814,1.5139603884890676,-1.5139603884890676,1.5941150490233664,5.199999999999999,1138.8381545775246,0,28.089208126993295,28.139271021909014,1350.0,1313.1831716286497,0.3512043468654156,0.28690426025642857,34.14700021290908,0.0,1.199329494656018e-14,34.14700021290908,0.0,52201.06983342647,50400.0,137.9759910835022,1699.9106707143158,0.0,6.821210263296962e-13,3.126388037344441e-13,0,0,0,0.0,0,0,True,1008,0,8.303812167567698e-11,9.871814039385774e-14,3.764131026075293e-10,0.7285750000392,1.2205005598571006,4.098757000065234,0.4997669555642503,1.6725166980177164,-1.1036115754395723,0.6510413444960397,9.529390896560573,1139.3548655239792,0,11.505625914228109,11.49216228180357,1313.1831716286497,1500.0,0.2567537585273385,0.00020686998823693514,0.0,0.0,0.0,0.0,0.0,23542.37166918376,14750.0,56.34980662042453,8549.205034191977,0.0,-1.000444171950221e-11,-8.668621376273222e-13,0,0,0,0.0,0,0,True,1008,0,8.303812167567698e-11,9.871814039385774e-14,3.764131026075293e-10,0.7074080001530092,1.1950949198717353,4.098757000065234,0.27125949998207943,0.5031244599604178,3.636669999877995,0.27125949998207943,0.5031244599604178,3.636669999877995,0.27125949998207943,0.5031244599604178,3.636669999877995,0.27125949998207943,0.5031244599604178,3.636669999877995
1d51662afb815f886e6a892a9e4aa57a92f1f105af85fa83950794075ee6f9fd,Feb2022,550.0,False,180.0,pid_lowdrag_preview,0,97.41666666666667,0.5578177908451007,1.8097795387730002,-1.7507243417203426,2.2283920893945672,6.621142021627916,1138.9307234857906,0,39.472204162744674,39.33551031023008,1350.0,1500.0,-0.9589464347809553,0.27767903279744965,0.0,0.0,0.0,0.0,0.0,76416.57611043894,65650.0,192.87479109190878,10423.701319347027,0.0,-3.637978807091713e-12,-7.958078640513122e-13,0,0,0,0.0,0,0,True,0,0,,,,0.16401699986090534,0.43599403993539393,0.6673380000847828,0.5598199893941354,1.8097795387730002,-1.146923866122961,1.391917412471363,6.621142021627916,1139.0719203207411,0,24.378959607466516,24.570084407422243,1454.115413250617,1469.9590660057152,0.7572897560894489,0.36094036055409195,0.0,0.0,0.0,0.0,0.0,44794.87724339426,43200.0,120.47510912702298,1458.558481512128,0.0,-8.412825991399586e-12,-9.947598300641403e-14,0,0,0,0.0,0,0,True,0,0,,,,0.16489900008309633,0.42280693000066055,0.6673380000847828,0.5514637105792443,1.8097795387730002,-1.7165394704788923,1.5782279430925983,6.621142021627916,1139.0719203207411,0,27.750883185924483,27.85883230463236,1350.0,1469.9590660057152,0.7572897560894489,0.36135520646523167,0.0,0.0,0.0,0.0,0.0,52416.57611043895,50400.0,136.60090891011077,1760.0161355231166,0.0,-1.0459189070388675e-11,-1.4210854715202004e-13,0,0,0,0.0,0,0,True,0,0,,,,0.16489900008309633,0.42280693000066055,0.6673380000847828,0.5783210895000753,1.7507243417203426,-1.7507243417203426,0.650164146301969,8.016533204566889,1138.9307234857906,0,11.721320976820191,11.476678005597716,1469.9590660057152,1500.0,-0.9589464347809553,0.0011361375281899733,0.0,0.0,0.0,0.0,0.0,24000.0,15250.0,56.273882181798,8663.68518382391,0.0,-5.9117155615240335e-12,-6.394884621840902e-13,0,0,0,0.0,0,0,True,0,0,,,,0.16401699986090534,0.43599403993539393,0.6673380000847828,,,,,,,,,,,,
1d51662afb815f886e6a892a9e4aa57a92f1f105af85fa83950794075ee6f9fd,Feb2022,550.0,False,180.0,pid_lowdrag_preview,1,97.41666666666667,0.5559473369547426,1.803671765141189,-1.4054376827552915,2.2271443762738143,6.633422467294085,1138.7783465095274,0,39.47627902091349,39.31348571565403,1350.0,1500.0,-1.1420411029830575,0.27767927150678295,0.0,0.0,0.0,0.0,0.0,76421.42337263376,65650.0,192.7667973467104,10428.656575287043,0.0,-1.8189894035458565e-12,8.810729923425242e-13,0,0,0,0.0,0,0,True,0,0,,,,0.16003100017769611,0.2725755198662221,0.43242300012025225,0.6072265393168681,1.803671765141189,-1.4054376827552915,1.389412434217462,6.634302296025117,1138.7783465095274,0,24.383384431064552,24.525866606433496,1454.0323565917402,1469.87597653963,0.9508255198597908,0.36093756374820385,0.0,0.0,0.0,0.0,0.0,44800.48308590476,43200.0,120.25829487799112,1464.3811710788718,0.0,-5.002220859751105e-12,4.263256414560601e-14,0,0,0,0.0,0,0,True,0,0,,,,0.1612734999980603,0.27855283992039376,0.43242300012025225,0.5722996749831446,1.803671765141189,-1.4054376827552915,1.5800191354039799,6.633422467294085,1138.7783465095274,0,27.75491344903518,27.890450377576876,1350.0,1469.87597653963,0.9508255198597908,0.3613577715993078,0.0,0.0,0.0,0.0,0.0,52421.423372633755,50400.0,136.75594259763275,1764.7914534964837,0.0,-8.640199666842818e-12,5.684341886080802e-14,0,0,0,0.0,0,0,True,0,0,,,,0.1612734999980603,0.27855283992039376,0.43242300012025225,0.4980998231527486,1.3919142363592982,-0.9410495683550835,0.6471252408698345,8.025212670209951,1139.6810490014707,0,11.721365571878309,11.423035338077156,1469.87597653963,1500.0,-1.1420411029830575,0.0011286875944385155,0.0,0.0,0.0,0.0,0.0,24000.0,15250.0,56.01085474907766,8663.865121790559,0.0,7.048583938740194e-12,8.029132914089132e-13,0,0,0,0.0,0,0,True,0,0,,,,0.16003100017769611,0.2725755198662221,0.43242300012025225,,,,,,,,,,,,
1d51662afb815f886e6a892a9e4aa57a92f1f105af85fa83950794075ee6f9fd,Feb2022,550.0,False,180.0,pid_lowdrag_preview,2,97.41666666666667,0.47932156381763824,1.5886403797194362,-1.0688860323280096,2.236038368371679,6.624168070536401,1139.2144631945857,0,39.472621370913004,39.47048219734588,1350.0,1500.0,-0.015009133145213127,0.27768821296264046,0.0,0.0,0.0,0.0,0.0,76418.23142777354,65650.0,193.53660212030047,10424.694825653234,0.0,-7.275957614183426e-12,-2.5579538487363607e-13,0,0,0,0.0,0,0,True,0,0,,,,0.16615999993518926,0.40981560000545864,1.8728469999587105,0.4681472616773269,1.5156466262415051,-1.0688860323280096,1.3851306618180792,6.624168070536401,1139.2144631945857,0,24.379466149539873,24.45028488849284,1454.0342185356337,1470.0,0.15747274924069643,0.3609530061974119,0.0,0.0,0.0,0.0,0.0,44796.59484455841,43200.0,119.88769315086842,1460.7413699431647,0.0,-7.73070496506989e-12,-9.237055564881302e-13,0,0,0,0.0,0,0,True,0,0,,,,0.16687200002252212,0.4091119498502847,1.3186199998926895,0.45624746107034964,1.5156466262415051,-1.0688860323280096,1.5734128208427247,6.624168070536401,1139.2144631945857,0,27.751388579204423,27.773835911131115,1350.0,1470.0,0.15747274924069643,0.3613662854548255,0.0,0.0,0.0,0.0,0.0,52418.231427773535,50400.0,136.18414396894622,1762.0472838045762,0.0,-1.2505552149377763e-11,-9.094947017729282e-13,0,0,0,0.0,0,0,True,0,0,,,,0.16687200002252212,0.4091119498502847,1.3186199998926895,0.5487201484581038,1.5886403797194362,-0.7819955116137862,0.6626255475289544,8.01314970525436,1139.2946370822262,0,11.72123279170858,11.696646286214765,1470.0,1500.0,-0.015009133145213127,0.0011390422343694473,0.0,0.0,0.0,0.0,0.0,24000.0,15250.0,57.35245815135425,8662.647541848655,0.0,9.094947017729282e-12,6.679101716144942e-13,0,0,0,0.0,0,0,True,0,0,,,,0.16615999993518926,0.40981560000545864,1.8728469999587105,,,,,,,,,,,,
1d51662afb815f886e6a892a9e4aa57a92f1f105af85fa83950794075ee6f9fd,Feb2022,550.0,False,180.0,pid_lowdrag_preview,3,97.41666666666667,0.4975845068869274,1.8015572456642985,-1.2838479336351156,2.2324814257835737,6.6235004966953035,1139.2691911150348,0,39.47662846099208,39.407695153488895,1350.0,1500.0,-0.48358656000345945,0.2777017359120809,0.0,0.0,0.0,0.0,0.0,76426.30225075982,65650.0,193.2287368384808,10433.07351392133,0.0,-1.0913936421275139e-11,2.842170943040401e-14,0,0,0,0.0,0,0,True,0,0,,,,0.16139300009854196,0.4469608400631831,1.5257630000178324,0.5320617799669487,1.8015572456642985,-1.2838479336351156,1.3970392967566154,6.6235004966953035,1139.3345958436862,0,24.38392795028574,24.66049575516886,1454.0202571495854,1469.9172759246667,0.8386761220172048,0.3609663157765389,0.0,0.0,0.0,0.0,0.0,44806.33054908688,43200.0,120.91842534871365,1469.515104963074,0.0,-1.1596057447604835e-11,2.5579538487363607e-13,0,0,0,0.0,0,0,True,0,0,,,,0.16249499992682104,0.3925937499002408,1.5257630000178324,0.5263975987203567,1.8015572456642985,-1.2838479336351156,1.5791353034684423,6.6235004966953035,1139.3345958436862,0,27.755298691247365,27.874849002765828,1350.0,1469.9172759246667,0.8386761220172048,0.36138516129559284,0.0,0.0,0.0,0.0,0.0,52426.30225075982,50400.0,136.6794439864871,1769.705530848661,0.0,-6.821210263296962e-12,2.8421709430404007e-13,0,0,0,0.0,0,0,True,0,0,,,,0.16249499992682104,0.3925937499002408,1.5257630000178324,0.38740384735106087,0.9361400566995144,-0.9361400566995144,0.6533461223151313,8.018004739915597,1139.2691911150348,0,11.721329769744717,11.532846150723067,1469.9172759246667,1500.0,-0.48358656000345945,0.001134874316736978,0.0,0.0,0.0,0.0,0.0,24000.0,15250.0,56.54929285199371,8663.36798307267,0.0,-1.8189894035458565e-12,-2.7711166694643907e-13,0,0,0,0.0,0,0,True,0,0,,,,0.16139300009854196,0.4469608400631831,1.5257630000178324,,,,,,,,,,,,
1d51662afb815f886e6a892a9e4aa57a92f1f105af85fa83950794075ee6f9fd,Feb2022,550.0,False,180.0,pid_lowdrag_preview,4,97.41666666666667,0.5572848875707043,2.002102571539581,-1.6520181465893984,2.2371707715426057,6.626224483870135,1138.5520591579577,0,39.47436655555695,39.49047134414678,1350.0,1500.0,0.11297858320176601,0.2776864788183351,0.0,0.0,0.0,0.0,0.0,76420.57775649388,65650.0,193.6346154035396,10426.943141090334,0.0,-1.8189894035458565e-12,3.979039320256561e-13,0,0,0,0.0,0,0,True,0,0,,,,0.17619599998397462,0.3804311999465423,0.6169210000734893,0.544193215744397,2.002102571539581,-1.2581179151311517,1.3958617201292918,6.626224483870135,1139.4317134606324,0,24.381788927929886,24.639709207870656,1454.2792151111337,1470.0,0.7554437201470137,0.36093460124251686,0.0,0.0,0.0,0.0,0.0,44800.163470472464,43200.0,120.81650215168236,1463.6261834319266,0.0,1.1596057447604835e-11,0.0,0,0,0,0.0,0,0,True,0,0,,,,0.18048199990516878,0.3779002000055698,0.5227789999935339,0.5390426806523242,2.002102571539581,-1.349413201212883,1.5783364227811252,6.626224483870135,1139.4317134606324,0,27.753061280665214,27.86074718483974,1350.0,1470.0,0.7554437201470137,0.3613640362748699,0.0,0.0,0.0,0.0,0.0,52420.57775649389,50400.0,136.6102981901043,1763.9674583037838,0.0,-2.7284841053187847e-12,0.0,0,0,0,0.0,0,0,True,0,0,,,,0.18048199990516878,0.3779002000055698,0.5227789999935339,0.6137287162444376,1.7444998044520617,-1.6520181465893984,0.6588343487614805,8.013186970771635,1138.5520591579577,0,11.721305274891733,11.629724159307042,1470.0,1500.0,0.11297858320176601,0.0011390102406729774,0.0,0.0,0.0,0.0,0.0,24000.0,15250.0,57.024317213435296,8662.97568278655,0.0,-1.4551915228366852e-11,3.694822225952521e-13,0,0,0,0.0,0,0,True,0,0,,,,0.17619599998397462,0.3804311999465423,0.6169210000734893,,,,,,,,,,,,
1d51662afb815f886e6a892a9e4aa57a92f1f105af85fa83950794075ee6f9fd,Feb2022,550.0,False,180.0,swmpc,0,97.41666666666667,0.5453031645585599,1.7448834385722876,-1.7448834385722876,2.2478546888383844,5.199999999999999,1138.8228991504704,0,39.81560334214242,39.679063531734265,1350.0,1500.0,-0.9578654924407601,0.2238273835607123,34.284348027718934,0.0,1.609062509025095e-14,34.284348027718934,0.0,76312.47800688908,65650.0,194.55934419174162,10317.918662697337,0.0,-5.4569682106375694e-12,-3.979039320256561e-13,0,0,0,0.0,0,0,True,1008,0,6.243766657306692e-11,1.1273166128479918e-13,4.035766194542273e-10,0.7231910001337383,1.225713280018681,3.8328559999172285,0.5356031648149056,1.6852771928533912,-1.214550856500864,1.4097885638621537,5.199999999999999,1138.8228991504704,0,24.722192373205853,24.885545435637727,1499.4554357913535,1469.9221663141577,0.5874893814325333,0.2905486066611571,34.18561420655995,0.0,1.609062509025095e-14,34.18561420655995,0.0,44693.523339999156,43200.0,122.02191707319875,1401.0346924031444,0.0,-8.412825991399586e-12,-5.684341886080802e-14,0,0,0,0.0,0,0,True,1008,0,6.243766657306692e-11,1.1273166128479918e-13,4.035766194542273e-10,0.7535379999126235,1.2564767599428701,3.8328559999172285,0.535066927613744,1.6852771928533912,-1.5722132734954357,1.5964213614971365,5.199999999999999,1138.8228991504704,0,28.096237353844696,28.17998198050652,1350.0,1469.9221663141577,0.5874893814325333,0.2911078047217369,34.284348027718934,0.0,1.609062509025095e-14,34.284348027718934,0.0,52312.4780068891,50400.0,138.17561014456751,1654.3802304303613,0.0,-1.1141310096718371e-11,-2.842170943040401e-14,0,0,0,0.0,0,0,True,1008,0,6.243766657306692e-11,1.1273166128479918e-13,4.035766194542273e-10,0.7535379999126235,1.2564767599428701,3.8328559999172285,0.5778445980190625,1.7448834385722876,-1.7448834385722876,0.6514333273412478,7.62820536649387,1138.9281912488966,0,11.71936598829772,11.499081551227746,1469.9221663141577,1500.0,-0.9578654924407601,0.0014711064121462059,0.0,0.0,0.0,0.0,0.0,24000.0,15250.0,56.38373404717407,8663.538432266978,0.0,-5.229594535194337e-12,-3.979039320256561e-13,0,0,0,0.0,0,0,True,1008,0,6.243766657306692e-11,1.1273166128479918e-13,4.035766194542273e-10,0.7231910001337383,1.225713280018681,3.8328559999172285,0.27992749994609767,0.507826600005501,2.8508530001545296,0.27992749994609767,0.507826600005501,2.8508530001545296,0.27992749994609767,0.507826600005501,2.8508530001545296,0.27992749994609767,0.507826600005501,2.8508530001545296
1d51662afb815f886e6a892a9e4aa57a92f1f105af85fa83950794075ee6f9fd,Feb2022,550.0,False,180.0,swmpc,1,97.41666666666667,0.5298618665835313,1.6285519218072295,-1.2833074796944857,2.2447823647879894,5.1999999999999975,1138.813755779351,0,39.78869299237074,39.62483095976662,1350.0,1500.0,-1.1495382264256477,0.2244264535125189,34.28435373018879,0.0,1.5482693154225537e-14,34.28435373018879,0.0,76163.51405323471,65650.0,194.2934242657972,10169.220628968917,0.0,0.0,-5.684341886080801e-13,0,0,0,0.0,0,0,True,1008,0,7.723554430629477e-11,1.638283419960572e-13,3.572299611521516e-10,0.7103330001427821,1.3388365598711918,2.548296999975719,0.5648206987520958,1.6285519218072295,-1.2833074796944857,1.4045157435024815,5.1999999999999975,1138.813755779351,0,24.695471167438367,24.792469768833396,1499.6095948963869,1469.9047553462283,0.6434053182601929,0.2915125893651902,34.2307545245105,0.0,1.2516716153095638e-14,34.2307545245105,0.0,44540.58460061436,43200.0,121.5655368292642,1248.7239033352637,0.0,7.275957614183426e-12,-1.3073986337985843e-12,0,0,0,0.0,0,0,True,1008,0,7.723554430629477e-11,1.638283419960572e-13,3.572299611521516e-10,0.7295060000842568,1.7560253698547919,2.548296999975719,0.5375451170749906,1.6285519218072295,-1.2833074796944857,1.595350147217508,5.1999999999999975,1138.813755779351,0,28.069357719711423,28.16107293817893,1350.0,1469.9047553462283,0.6434053182601929,0.29188653122706665,34.28435373018879,0.0,1.5482693154225537e-14,34.28435373018879,0.0,52163.51405323471,50400.0,138.08289296459537,1505.5264049238933,0.0,1.0231815394945443e-11,-1.3358203432289883e-12,0,0,0,0.0,0,0,True,1008,0,7.723554430629477e-11,1.638283419960572e-13,3.572299611521516e-10,0.7295060000842568,1.7560253698547919,2.548296999975719,0.5036362296779144,1.4018268082290888,-0.9478198951110244,0.6494322175704814,7.622063821150828,1139.6482996048928,0,11.719335272659318,11.46375802158769,1469.9047553462283,1500.0,-1.1495382264256477,0.0014764261805055856,0.0,0.0,0.0,0.0,0.0,24000.0,15250.0,56.21053130120178,8663.694224045023,0.0,-4.092726157978177e-12,7.176481631177012e-13,0,0,0,0.0,0,0,True,1008,0,7.723554430629477e-11,1.638283419960572e-13,3.572299611521516e-10,0.7103330001427821,1.3388365598711918,2.548296999975719,0.2774439999484457,0.5647934300259274,0.8979449999060307,0.2774439999484457,0.5647934300259274,0.8979449999060307,0.2774439999484457,0.5647934300259274,0.8979449999060307,0.2774439999484457,0.5647934300259274,0.8979449999060307
1d51662afb815f886e6a892a9e4aa57a92f1f105af85fa83950794075ee6f9fd,Feb2022,550.0,False,180.0,swmpc,2,97.41666666666667,0.4730059992617477,1.5033599957823753,-1.009749104268849,2.2564811383852197,5.199999999999999,1139.258244604601,0,39.83420952883156,39.831337360342125,1350.0,1500.0,-0.020150793716311455,0.22354987658790504,34.28434932068268,0.0,1.1442590743809515e-14,34.28434932068268,0.0,76340.36231573316,65650.0,195.30599226239914,10345.056323470766,0.0,5.4569682106375694e-12,1.4779288903810084e-12,0,0,0,0.0,0,0,True,1008,0,6.620730481661569e-11,1.9889275977202552e-13,4.0912912498834005e-10,0.7122550000531191,1.2164905601184726,6.607274000089092,0.4559002101413505,1.3007697043940425,-1.009749104268849,1.4075227801779708,5.199999999999999,1139.258244604601,0,24.739949507554037,24.845549890018393,1499.6411441872763,1469.9815391249863,0.2985985279083252,0.29019513786220297,34.179265157310134,0.0,1.1030200919899103e-14,34.179265157310134,0.0,44717.557076791374,43200.0,121.82580591447449,1425.3908759391986,0.0,9.094947017729282e-12,1.3216094885137863e-12,0,0,0,0.0,0,0,True,1008,0,6.620730481661569e-11,1.9889275977202552e-13,4.0912912498834005e-10,0.7366369999317612,1.233377080109221,6.607274000089092,0.44869950995318875,1.3007697043940425,-1.009749104268849,1.5951490700969626,5.199999999999999,1139.258244604601,0,28.11495929894049,28.157523530879736,1350.0,1469.9815391249863,0.2985985279083252,0.29074384971170975,34.28434932068268,0.0,1.1442590743809515e-14,34.28434932068268,0.0,52340.36231573316,50400.0,138.06548906705092,1682.3152875411288,0.0,5.6843418860808015e-12,1.3073986337985843e-12,0,0,0,0.0,0,0,True,1008,0,6.620730481661569e-11,1.9889275977202552e-13,4.0912912498834005e-10,0.7366369999317612,1.233377080109221,6.607274000089092,0.5456887015181284,1.5033599957823753,-0.8147130953148007,0.6613320682882571,7.6187427524625395,1139.2856924050627,0,11.719250229891067,11.67381382946239,1469.9815391249863,1500.0,-0.020150793716311455,0.0014793031164460624,0.0,0.0,0.0,0.0,0.0,24000.0,15250.0,57.24050319534824,8662.741035929637,0.0,-1.3642420526593924e-12,1.7763568394002505e-13,0,0,0,0.0,0,0,True,1008,0,6.620730481661569e-11,1.9889275977202552e-13,4.0912912498834005e-10,0.7122550000531191,1.2164905601184726,6.607274000089092,0.2815499999542226,0.5259827499253332,2.5643910000781034,0.2815499999542226,0.5259827499253332,2.5643910000781034,0.2815499999542226,0.5259827499253332,2.5643910000781034,0.2815499999542226,0.5259827499253332,2.5643910000781034
1d51662afb815f886e6a892a9e4aa57a92f1f105af85fa83950794075ee6f9fd,Feb2022,550.0,False,180.0,swmpc,3,97.41666666666667,0.47881277057561034,1.3126762127503753,-1.2095998777076602,2.2514656316769304,5.204017815753163,1139.2546301044783,0,39.81314876342931,39.74280378639236,1350.0,1500.0,-0.4934892700985074,0.22390471564276548,34.2850442971923,0.0,1.5968842678200505e-14,34.2850442971923,0.0,76210.80842493587,65650.0,194.87188337591252,10215.936541559964,0.0,1.0913936421275139e-11,8.810729923425242e-13,0,0,0,0.0,0,0,True,1008,0,7.1710322561955e-11,1.26080778410706e-13,3.182111224262289e-10,0.7501730001422402,1.2505463199795481,2.034932000015033,0.5025877464420088,1.3126762127503753,-1.2095998777076602,1.4134097706710664,5.205310974439669,1139.4489562885587,0,24.714240822967163,24.94946686959262,1500.0,1469.9462703646127,0.59384511038661,0.2910821904309405,34.20906033744831,0.0,1.5968842678200505e-14,34.20906033744831,0.0,44580.53927331284,43200.0,122.33534463834508,1288.2576583098798,0.0,-1.5916157281026244e-12,2.2737367544323206e-13,0,0,0,0.0,0,0,True,1008,0,7.1710322561955e-11,1.26080778410706e-13,3.182111224262289e-10,0.7856160000301315,1.2714777299720477,2.034932000015033,0.5032047151828279,1.3126762127503753,-1.2095998777076602,1.5963361693243434,5.204017815753163,1139.4489562885587,0,28.09382772698011,28.1784781708283,1350.0,1469.9462703646127,0.59384511038661,0.29120609618928295,34.2850442971923,0.0,1.5968842678200505e-14,34.2850442971923,0.0,52210.808424935865,50400.0,138.16823647697655,1552.693918094279,0.0,2.9558577807620168e-12,2.2737367544323206e-13,0,0,0,0.0,0,0,True,1008,0,7.1710322561955e-11,1.26080778410706e-13,3.182111224262289e-10,0.7856160000301315,1.2714777299720477,2.034932000015033,0.38742473190244425,0.9462643228471279,-0.9462643228471279,0.655129462352587,7.618897057449658,1139.2546301044783,0,11.719321036449202,11.564325615564059,1469.9462703646127,1500.0,-0.4934892700985074,0.001479169443127204,0.0,0.0,0.0,0.0,0.0,24000.0,15250.0,56.70364689893597,8663.242623465685,0.0,7.73070496506989e-12,6.608047442568932e-13,0,0,0,0.0,0,0,True,1008,0,7.1710322561955e-11,1.26080778410706e-13,3.182111224262289e-10,0.7501730001422402,1.2505463199795481,2.034932000015033,0.29598649996387394,0.5553265700882545,0.9005389999856561,0.29598649996387394,0.5553265700882545,0.9005389999856561,0.29598649996387394,0.5553265700882545,0.9005389999856561,0.29598649996387394,0.5553265700882545,0.9005389999856561
1d51662afb815f886e6a892a9e4aa57a92f1f105af85fa83950794075ee6f9fd,Feb2022,550.0,False,180.0,swmpc,4,97.41666666666667,0.5489205405135527,2.026955973356962,-1.6439114781096578,2.2565145305071375,5.199999999999999,1138.5505884254637,0,39.81581547642876,39.831926797076314,1350.0,1500.0,0.11302487086504698,0.22378838274042745,34.284348743201456,0.0,1.781494756274033e-14,34.284348743201456,0.0,76292.64277285748,65650.0,195.30888246227397,10297.3338903952,0.0,-3.637978807091713e-12,9.379164112033322e-13,0,0,0,0.0,0,0,True,1008,0,6.459382716688653e-11,1.9526810724590261e-13,3.063143315794044e-10,0.6996059998982673,2.224632720162781,8.92794700007471,0.5293460148178155,2.026955973356962,-1.1321205738931894,1.4142827597828953,5.199999999999999,1139.3509305097136,0,24.721783908563935,24.964876847204888,1499.862386879266,1469.9972155149194,0.6331900656223297,0.29058855481261403,34.180806334176324,0.0,1.781494756274033e-14,34.180806334176324,0.0,44666.35072612477,43200.0,122.41090476682093,1373.804992722291,0.0,-7.048583938740194e-12,9.947598300641403e-14,0,0,0,0.0,0,0,True,1008,0,6.459382716688653e-11,1.9526810724590261e-13,3.063143315794044e-10,0.7221800000252188,2.9192667201391447,8.92794700007471,0.5269928384071246,2.026955973356962,-1.3839762387797236,1.5968048709728977,5.199999999999999,1139.3509305097136,0,28.096492665962778,28.186751678267473,1350.0,1469.9972155149194,0.6331900656223297,0.2910546003532981,34.284348743201456,0.0,1.781494756274033e-14,34.284348743201456,0.0,52292.64277285748,50400.0,138.2088041728409,1634.4367531697078,0.0,-1.000444171950221e-11,1.1368683772161603e-13,0,0,0,0.0,0,0,True,1008,0,6.459382716688653e-11,1.9526810724590261e-13,3.063143315794044e-10,0.7221800000252188,2.9192667201391447,8.92794700007471,0.6158607019105382,1.7521036928519607,-1.6439114781096578,0.6597096595342398,7.619038221212358,1138.5505884254637,0,11.719322810465982,11.64517511880884,1469.9972155149194,1500.0,0.11302487086504698,0.0014790471542842631,0.0,0.0,0.0,0.0,0.0,24000.0,15250.0,57.10007828943306,8662.897137225493,0.0,6.821210263296962e-12,8.100187187665142e-13,0,0,0,0.0,0,0,True,1008,0,6.459382716688653e-11,1.9526810724590261e-13,3.063143315794044e-10,0.6996059998982673,2.224632720162781,8.92794700007471,0.2686054999685439,0.43128929004751615,8.358197999996264,0.2686054999685439,0.43128929004751615,8.358197999996264,0.2686054999685439,0.43128929004751615,8.358197999996264,0.2686054999685439,0.43128929004751615,8.358197999996264
1d51662afb815f886e6a892a9e4aa57a92f1f105af85fa83950794075ee6f9fd,Feb2022,550.0,False,180.0,swmpc_nosw,0,97.41666666666667,0.4680637272480233,1.5972367962822318,-1.5972367962822318,2.2497788086767954,5.201565912046501,1138.9408286322243,0,39.82536870485442,39.71302803739871,1350.0,1500.0,-0.7881015259772539,0.22336497324913662,34.284348027718934,0.0,1.0412432525658489e-14,34.284348027718934,0.0,76345.9290491231,65650.0,194.7258832014777,10351.203165921608,0.0,-7.275957614183426e-12,5.684341886080801e-13,0,0,0,0.0,0,0,True,1008,0,7.32789572217941e-11,1.6507655901644096e-13,3.1206177729304506e-10,0.7328969998070534,1.2283004400433126,2.2884550000981108,0.4264817289082563,1.2114446153864264,-0.9545250535011292,1.4086487293850736,5.201565912046501,1138.9408286322243,0,24.7319291619896,24.86542511164366,1499.280155544727,1469.9211092476287,0.4946549916639924,0.28985777505309585,34.14989387612217,0.0,1.0412432525658489e-14,34.14989387612217,0.0,44726.839451129345,43200.0,121.92326058555034,1434.2752368408837,0.0,-8.640199666842818e-12,1.2931877790833823e-12,0,0,0,0.0,0,0,True,1008,0,7.32789572217941e-11,1.6507655901644096e-13,3.1206177729304506e-10,0.7708240000283695,1.2481858900082436,2.2884550000981108,0.44790385961641016,1.5972367962822318,-1.5972367962822318,1.5962262847707185,5.201565912046501,1138.9408286322243,0,28.106027154500133,28.1765384919844,1350.0,1469.9211092476287,0.4946549916639924,0.29050519867092883,34.284348027718934,0.0,1.0412432525658489e-14,34.284348027718934,0.0,52345.929049123086,50400.0,138.15872560120954,1687.849214274243,0.0,-4.774847184307873e-12,1.2221335055073723e-12,0,0,0,0.0,0,0,True,1008,0,7.32789572217941e-11,1.6507655901644096e-13,3.1206177729304506e-10,0.7708240000283695,1.2481858900082436,2.2884550000981108,0.5292556656407169,1.4006977891549468,-1.4006977891549468,0.6535525239060769,7.627137293907387,1138.9560989956508,0,11.719341550354287,11.536489545414309,1469.9211092476287,1500.0,-0.7881015259772539,0.0014720315272795936,0.0,0.0,0.0,0.0,0.0,24000.0,15250.0,56.567157600268146,8663.353951647365,0.0,3.865352482534945e-12,-6.750155989720952e-13,0,0,0,0.0,0,0,True,1008,0,7.32789572217941e-11,1.6507655901644096e-13,3.1206177729304506e-10,0.7328969998070534,1.2283004400433126,2.2884550000981108,0.285972000028778,0.5304654198562274,0.6685190001007868,0.285972000028778,0.5304654198562274,0.6685190001007868,0.285972000028778,0.5304654198562274,0.6685190001007868,0.285972000028778,0.5304654198562274,0.6685190001007868
1d51662afb815f886e6a892a9e4aa57a92f1f105af85fa83950794075ee6f9fd,Feb2022,550.0,False,180.0,swmpc_nosw,1,97.41666666666667,0.4900211704908734,1.489481513388455,-1.0699857762083411,2.2470154181797586,5.199999999999999,1138.7878479691653,0,39.808186702415725,39.66424875124659,1350.0,1500.0,-1.0097650391981006,0.22373505035531993,34.28435373018879,0.0,1.6441432631219677e-14,34.28435373018879,0.0,76255.16661431067,65650.0,194.48670250820595,10260.679911802474,0.0,9.094947017729282e-12,-2.842170943040401e-14,0,0,0,0.0,0,0,True,1008,0,7.754529159273867e-11,1.0372652027197884e-13,2.9329564701338304e-10,0.6978740000249672,1.2236359600319697,2.2636670000792947,0.5095390206921522,1.4504663068801165,-1.0699857762083411,1.4026401331998197,5.199999999999999,1138.7878479691653,0,24.714943248458656,24.75936155203913,1499.4151456599527,1469.905834657578,0.3940189415588975,0.29047192574617475,34.16941701884179,0.0,1.6441432631219677e-14,34.16941701884179,0.0,44632.12640183675,43200.0,121.40319648215258,1340.232516356978,0.0,5.002220859751105e-12,-1.2789769243681803e-13,0,0,0,0.0,0,0,True,1008,0,7.754529159273867e-11,1.0372652027197884e-13,2.9329564701338304e-10,0.7199164998610286,1.3560278100158016,2.2636670000792947,0.4865077848643622,1.4504663068801165,-1.0699857762083411,1.5944414248306644,5.199999999999999,1138.7878479691653,0,28.08886618189319,28.145032197868048,1350.0,1469.905834657578,0.3940189415588975,0.2909862094598866,34.28435373018879,0.0,1.6441432631219677e-14,34.28435373018879,0.0,52255.16661431067,50400.0,138.00424000161166,1597.2565396514822,0.0,1.3642420526593924e-12,-1.4210854715202004e-13,0,0,0,0.0,0,0,True,1008,0,7.754529159273867e-11,1.0372652027197884e-13,2.9329564701338304e-10,0.7199164998610286,1.3560278100158016,2.2636670000792947,0.5014575417177214,1.489481513388455,-0.9137284811586142,0.6525739933490942,7.623153914828226,1139.7220983201978,0,11.719320520522533,11.519216553378541,1469.905834657578,1500.0,-1.0097650391981006,0.0014754819048174994,0.0,0.0,0.0,0.0,0.0,24000.0,15250.0,56.48246250659429,8663.423372150992,0.0,7.73070496506989e-12,9.947598300641403e-14,0,0,0,0.0,0,0,True,1008,0,7.754529159273867e-11,1.0372652027197884e-13,2.9329564701338304e-10,0.6978740000249672,1.2236359600319697,2.2636670000792947,0.2662570000211417,0.488256479825395,0.735971000040081,0.2662570000211417,0.488256479825395,0.735971000040081,0.2662570000211417,0.488256479825395,0.735971000040081,0.2662570000211417,0.488256479825395,0.735971000040081
1d51662afb815f886e6a892a9e4aa57a92f1f105af85fa83950794075ee6f9fd,Feb2022,550.0,False,180.0,swmpc_nosw,2,97.41666666666667,0.4388391750247756,1.5080589558929205,-0.9369299300014973,2.257258787425541,5.199999999999999,1139.2650489474572,0,39.83333641514416,39.84506439787217,1350.0,1500.0,0.08227382600307465,0.22323792565470024,34.28434932068268,0.0,1.3319565969666662e-14,34.28434932068268,0.0,76362.43208016653,65650.0,195.37330038869504,10367.058779777813,0.0,-2.1827872842550278e-11,-7.958078640513122e-13,0,0,0,0.0,0,0,True,1008,0,5.810675551003761e-11,1.4102486324865878e-13,4.2195479482272644e-10,0.7467969999197521,1.2939350800752427,2.334214000029533,0.3924208501685277,1.5080589558929205,-0.9369299300014973,1.405462393765024,5.200017353599421,1139.2650489474572,0,24.739060718803614,24.80918001086825,1499.4632512590763,1469.9595037030317,0.16682418808341026,0.28972947253889936,34.143886243268035,0.0,1.3319565969666662e-14,34.143886243268035,0.0,44739.48509744911,43200.0,121.64747257678997,1447.3413724283596,0.0,-7.73070496506989e-12,-1.2647660696529783e-12,0,0,0,0.0,0,0,True,1008,0,5.810675551003761e-11,1.4102486324865878e-13,4.2195479482272644e-10,0.7897375000993634,1.3080667700296542,2.334214000029533,0.3944432800765551,1.5080589558929205,-0.9369299300014973,1.594035819344874,5.199999999999999,1139.2650489474572,0,28.11409228696928,28.137872462000995,1350.0,1469.9595037030317,0.16682418808341026,0.290338149164063,34.28434932068268,0.0,1.3319565969666662e-14,34.28434932068268,0.0,52362.432080166516,50400.0,137.96913348974044,1704.503442973742,0.0,-2.0463630789890885e-12,-1.2505552149377763e-12,0,0,0,0.0,0,0,True,1008,0,5.810675551003761e-11,1.4102486324865878e-13,4.2195479482272644e-10,0.7897375000993634,1.3080667700296542,2.334214000029533,0.5611087398491175,1.409352770075202,-0.5127775678411126,0.6632229680806669,7.621185558557649,1139.2775721184519,0,11.719244128174878,11.707191935871176,1469.9595037030317,1500.0,0.08227382600307465,0.001477186974577438,0.0,0.0,0.0,0.0,0.0,24000.0,15250.0,57.40416689895461,8662.555336804071,0.0,-6.821210263296962e-12,4.760636329592671e-13,0,0,0,0.0,0,0,True,1008,0,5.810675551003761e-11,1.4102486324865878e-13,4.2195479482272644e-10,0.7467969999197521,1.2939350800752427,2.334214000029533,0.2868830000579692,0.5559607998407042,1.57790200000818,0.2868830000579692,0.5559607998407042,1.57790200000818,0.2868830000579692,0.5559607998407042,1.57790200000818,0.2868830000579692,0.5559607998407042,1.57790200000818
1d51662afb815f886e6a892a9e4aa57a92f1f105af85fa83950794075ee6f9fd,Feb2022,550.0,False,180.0,swmpc_nosw,3,97.41666666666667,0.47255249110975805,1.291065352037549,-1.291065352037549,2.2534005675743587,5.204077052158727,1139.2365649892838,0,39.82460036813586,39.77695921680566,1350.0,1500.0,-0.3342153104022145,0.22330825777594432,34.2850442971923,0.0,1.125085666510483e-14,34.2850442971923,0.0,76283.32585933995,65650.0,195.03935855174294,10288.286500788217,0.0,9.094947017729282e-12,-1.1368683772161603e-13,0,0,0,0.0,0,0,True,1008,0,5.0491708802049737e-11,1.373620297393701e-13,3.31040226209626e-10,0.7140380000691948,1.2428431599255418,1.6631409998808522,0.4965945883254938,1.291065352037549,-1.291065352037549,1.4105059989144169,5.206375101811192,1139.4451479896404,0,24.725691554828128,24.898209577657337,1499.8781318068443,1469.928413517791,0.26451843697577715,0.2901850033863158,34.164177052065085,0.0,1.125085666510483e-14,34.164177052065085,0.0,44652.907563272965,43200.0,122.08401347736637,1360.7732680846682,0.0,1.5688783605583012e-11,-1.9895196601282805e-13,0,0,0,0.0,0,0,True,1008,0,5.0491708802049737e-11,1.373620297393701e-13,3.31040226209626e-10,0.7380639999610139,1.2870466800563913,1.6631409998808522,0.4938227787931559,1.291065352037549,-1.291065352037549,1.5943256979341323,5.204077052158727,1139.4451479896404,0,28.10528336486569,28.14298939016237,1350.0,1469.928413517791,0.26451843697577715,0.2904299217208117,34.2850442971923,0.0,1.125085666510483e-14,34.2850442971923,0.0,52283.32585933995,50400.0,137.99422345151766,1625.4032223706542,0.0,1.1368683772161603e-11,-1.9895196601282805e-13,0,0,0,0.0,0,0,True,1008,0,5.0491708802049737e-11,1.373620297393701e-13,3.31040226209626e-10,0.7380639999610139,1.2870466800563913,1.6631409998808522,0.39417382243561105,0.9341922188177705,-0.9341922188177705,0.6590748696402264,7.6217936509337125,1139.2365649892838,0,11.71931700327017,11.633969826643288,1469.928413517791,1500.0,-0.3342153104022145,0.0014766602138904794,0.0,0.0,0.0,0.0,0.0,24000.0,15250.0,57.04513510022528,8662.883278417561,0.0,-5.002220859751105e-12,7.815970093361102e-14,0,0,0,0.0,0,0,True,1008,0,5.0491708802049737e-11,1.373620297393701e-13,3.31040226209626e-10,0.7140380000691948,1.2428431599255418,1.6631409998808522,0.2782149999802641,0.5204945099853828,1.1586890000216954,0.2782149999802641,0.5204945099853828,1.1586890000216954,0.2782149999802641,0.5204945099853828,1.1586890000216954,0.2782149999802641,0.5204945099853828,1.1586890000216954
1d51662afb815f886e6a892a9e4aa57a92f1f105af85fa83950794075ee6f9fd,Feb2022,550.0,False,180.0,swmpc_nosw,4,97.41666666666667,0.46936911515141544,1.6677494551986456,-1.3667642995715141,2.2577470159598847,5.200000000000001,1138.7563776482175,0,39.82261141756051,39.85368259331309,1350.0,1500.0,0.2179727852344513,0.223436291827385,34.284348743201456,0.0,1.5327586248183645e-14,34.284348743201456,0.0,76330.58067141967,65650.0,195.4155582018583,10335.165113217796,0.0,-1.2732925824820995e-11,-1.4210854715202004e-13,0,0,0,0.0,0,0,True,1008,0,6.746976690878839e-11,2.3837604691973074e-13,3.441200166651436e-10,0.7830120000562601,1.2990689999969598,7.363205000046946,0.44185482781833724,1.2609482584521174,-1.2069331929087639,1.4116868478861289,5.200000000000001,1139.3783948852536,0,24.72856943898976,24.919053888280228,1499.687260832821,1469.9688311194025,0.3758025709539652,0.29006217675525836,34.14758404264603,0.0,1.1947092381526683e-14,34.14758404264603,0.0,44704.098218509906,43200.0,122.18621990675281,1411.6304283165678,0.0,-3.637978807091713e-12,-2.1316282072803006e-13,0,0,0,0.0,0,0,True,1008,0,6.746976690878839e-11,2.3837604691973074e-13,3.441200166651436e-10,0.9286219999466994,1.3815346199226037,7.363205000046946,0.4493370374278576,1.306880408897996,-1.306880408897996,1.595111662485005,5.200000000000001,1139.3783948852536,0,28.103293941851277,28.15686321283516,1350.0,1469.9688311194025,0.3758025709539652,0.2905966214752659,34.284348743201456,0.0,1.5327586248183645e-14,34.284348743201456,0.0,52330.580671419666,50400.0,138.0622513130761,1672.5495889871775,0.0,-1.000444171950221e-11,-1.7053025658242404e-13,0,0,0,0.0,0,0,True,1008,0,6.746976690878839e-11,2.3837604691973074e-13,3.441200166651436e-10,0.9286219999466994,1.3815346199226037,7.363205000046946,0.5302166847703557,1.6677494551986456,-1.3667642995715141,0.6626353534748797,7.621508429910822,1138.7563776482175,0,11.719317475709232,11.69681938047793,1469.9688311194025,1500.0,0.2179727852344513,0.0014769072861915422,0.0,0.0,0.0,0.0,0.0,24000.0,15250.0,57.353306888782186,8662.61552423062,0.0,-2.2737367544323206e-13,4.263256414560601e-14,0,0,0,0.0,0,0,True,1008,0,6.746976690878839e-11,2.3837604691973074e-13,3.441200166651436e-10,0.7830120000562601,1.2990689999969598,7.363205000046946,0.3217060000224592,0.5402994999940347,2.9751409999789757,0.3217060000224592,0.5402994999940347,2.9751409999789757,0.3217060000224592,0.5402994999940347,2.9751409999789757,0.3217060000224592,0.5402994999940347,2.9751409999789757
1d51662afb815f886e6a892a9e4aa57a92f1f105af85fa83950794075ee6f9fd,Feb2022,550.0,True,0.0,pid_lowdrag_preview,0,96.58333333333333,0.5748806385824614,2.214567808434367,-2.214567808434367,2.248808040487889,6.63158139103847,1010.2116859868604,0,39.74658607643309,39.69589206645094,1350.0,1500.0,-0.35563392378389835,0.2656031984953232,0.0,0.0,0.0,0.0,0.0,77057.46657030108,66350.0,194.6418599667316,10362.824710334382,0.0,3.092281986027956e-11,7.673861546209082e-13,0,0,0,0.0,0,0,True,0,0,,,,0.1727909998407995,0.3386807600145403,1.4454019999448064,0.569207371372903,1.8504776898771524,-1.1600695345550776,1.4219014408217523,6.646086431226074,1010.2116859868604,0,24.945954174568104,25.099361576342385,1179.512882489787,1247.8610042882337,0.5074053844437003,0.339610927743618,0.0,0.0,0.0,0.0,0.0,46275.24175358079,44400.0,123.07032710131931,1683.823304681045,0.0,2.0236257114447653e-11,4.831690603168681e-13,0,0,0,0.0,0,0,True,0,0,,,,0.16740700004902465,0.33851735001462646,1.4454019999448064,0.562724631539495,1.8504776898771524,-1.300213790498674,1.6042143944778224,6.63158139103847,1010.2116859868604,0,28.24521535643556,28.31754436489072,1350.0,1247.8610042882337,0.5074053844437003,0.34317590854366176,0.0,0.0,0.0,0.0,0.0,53527.423048725475,51600.0,138.85012322297808,1890.71192121428,0.0,1.6370904631912708e-11,4.547473508864641e-13,0,0,0,0.0,0,0,True,0,0,,,,0.16740700004902465,0.33851735001462646,1.4454019999448064,0.6146054361122714,2.214567808434367,-2.214567808434367,0.6445936460100665,8.815036972791598,1138.851432134113,0,11.501370719997531,11.37834770156022,1247.8610042882337,1500.0,-0.35563392378389835,0.0005411926352375529,0.0,0.0,0.0,0.0,0.0,23530.043521575615,14750.0,55.79173674375352,8472.112789120103,0.0,7.275957614183426e-12,2.984279490192421e-13,0,0,0,0.0,0,0,True,0,0,,,,0.1727909998407995,0.3386807600145403,1.4454019999448064,,,,,,,,,,,,
1d51662afb815f886e6a892a9e4aa57a92f1f105af85fa83950794075ee6f9fd,Feb2022,550.0,True,0.0,pid_lowdrag_preview,1,96.58333333333333,0.5445560630913445,1.753421931527555,-1.457524823024869,2.24802319834876,6.624661534625228,1009.8172672413891,0,39.74313888674318,39.68203805655632,1350.0,1500.0,-0.42864113580435514,0.26558516548997524,0.0,0.0,0.0,0.0,0.0,77052.68754728037,66350.0,194.57392925366372,10358.113618026711,0.0,9.094947017729282e-12,-4.547473508864641e-13,0,0,0,0.0,0,0,True,0,0,,,,0.1731009999730304,0.3854808400319599,1.2254490000032092,0.5837614260827899,1.753421931527555,-1.457524823024869,1.416390949518242,6.624661534625228,1009.8172672413891,0,24.94212882142781,25.00209054916716,1179.5749504056932,1247.7831078657296,0.6761617129668593,0.3395844611942048,0.0,0.0,0.0,0.0,0.0,46269.66285518867,44400.0,122.59337564199623,1678.861322086641,0.0,5.6843418860808015e-12,-5.968558980384842e-13,0,0,0,0.0,0,0,True,0,0,,,,0.16557499998270941,0.39179440010002475,1.2254490000032092,0.5557003087075596,1.753421931527555,-1.457524823024869,1.6053809674282769,6.624661534625228,1009.8172672413891,0,28.241752024697963,28.338136675614564,1350.0,1247.7831078657296,0.6761617129668593,0.3431533008028138,0.0,0.0,0.0,0.0,0.0,53522.55547530553,51600.0,138.95109401495893,1885.8212734248518,0.0,7.275957614183426e-12,-5.968558980384842e-13,0,0,0,0.0,0,0,True,0,0,,,,0.16557499998270941,0.39179440010002475,1.2254490000032092,0.5046229193270577,1.6043432671576738,-1.1348993042483926,0.6426422309204831,8.8200925170236,1138.9388851564086,0,11.50138686204522,11.343901380941759,1247.7831078657296,1500.0,-0.42864113580435514,0.0005387912684789997,0.0,0.0,0.0,0.0,0.0,23530.132071974833,14750.0,55.62283523870484,8472.29234460186,0.0,1.3642420526593924e-12,1.5631940186722204e-13,0,0,0,0.0,0,0,True,0,0,,,,0.1731009999730304,0.3854808400319599,1.2254490000032092,,,,,,,,,,,,
1d51662afb815f886e6a892a9e4aa57a92f1f105af85fa83950794075ee6f9fd,Feb2022,550.0,True,0.0,pid_lowdrag_preview,2,96.58333333333333,0.4956221997197103,1.7980137905105948,-1.0037228167057037,2.2485081491792225,6.623402681160899,1009.0587571898538,0,39.74790033819132,39.69059839406726,1350.0,1500.0,-0.4019907284528017,0.26555195584582303,0.0,0.0,0.0,0.0,0.0,77055.54759525388,66350.0,194.61590337058948,10360.931691883305,0.0,1.0913936421275139e-11,1.4210854715202004e-13,0,0,0,0.0,0,0,True,0,0,,,,0.25776899997254077,0.4251389800401739,3.6565000000337022,0.4815178301657809,1.3182997545227408,-0.9985116440802813,1.4174151579839709,6.623402681160899,1009.0587571898538,0,24.947172965775632,25.020169846278215,1179.4531466964643,1247.3480114922065,0.28311375342309475,0.3395360846871385,0.0,0.0,0.0,0.0,0.0,46273.59495720435,44400.0,122.68202431150215,1683.0180680971055,0.0,3.410605131648481e-12,-4.689582056016661e-13,0,0,0,0.0,0,0,True,0,0,,,,0.269206499979191,0.3763824600559924,2.649470000051224,0.4781233074228592,1.3182997545227408,-1.0037228167057037,1.6024824262446442,6.623402681160899,1009.0587571898538,0,28.246614727244896,28.286971713597573,1350.0,1247.3480114922065,0.28311375342309475,0.3431089369971162,0.0,0.0,0.0,0.0,0.0,53525.59634200568,51600.0,138.70021557757588,1889.5481149359077,0.0,1.0459189070388675e-11,-4.263256414560601e-13,0,0,0,0.0,0,0,True,0,0,,,,0.269206499979191,0.3763824600559924,2.649470000051224,0.5512389316411823,1.7980137905105948,-0.8465747693553567,0.6460257229345783,8.809769970160165,1139.060714245189,0,11.501285610946425,11.403626680469685,1247.3480114922065,1500.0,-0.4019907284528017,0.0005436948271674291,0.0,0.0,0.0,0.0,0.0,23529.951253248204,14750.0,55.91568779301363,8471.383576947399,0.0,2.9558577807620168e-12,5.826450433232822e-13,0,0,0,0.0,0,0,True,0,0,,,,0.25776899997254077,0.4251389800401739,3.6565000000337022,,,,,,,,,,,,
1d51662afb815f886e6a892a9e4aa57a92f1f105af85fa83950794075ee6f9fd,Feb2022,550.0,True,0.0,pid_lowdrag_preview,3,96.58333333333333,0.48669454320010674,1.4533047433942556,-1.3815309070050716,2.247532281393111,6.626153478167969,1009.2580224092062,0,39.744046699138536,39.67337240518297,1350.0,1500.0,-0.49579993821680546,0.26556055056342387,0.0,0.0,0.0,0.0,0.0,77050.96883755684,66350.0,194.53143874864259,10356.437398808182,0.0,-1.0913936421275139e-11,-1.1368683772161603e-13,0,0,0,0.0,0,0,True,0,0,,,,0.16063300017776783,0.2657210599545579,1.4776200000596873,0.506025518025018,1.4533047433942556,-1.1952275717630982,1.4235630290564356,6.626153478167969,1009.2580224092062,0,24.942910910338952,25.128691882013253,1179.4938676638985,1246.7714363971468,0.6971857203170657,0.3395463550146268,0.0,0.0,0.0,0.0,0.0,46268.36540120869,44400.0,123.21414312237272,1677.8736893530786,0.0,7.73070496506989e-12,-2.7000623958883807e-13,0,0,0,0.0,0,0,True,0,0,,,,0.16171400000075664,0.2654937099600827,1.4776200000596873,0.5044974492792044,1.4533047433942556,-1.1952275717630982,1.6056030903145624,6.626153478167969,1009.2580224092062,0,28.242676237563867,28.34205758213987,1350.0,1246.7714363971468,0.6971857203170657,0.34312071113026155,0.0,0.0,0.0,0.0,0.0,53520.93390816155,51600.0,138.97031949394605,1885.1921522704624,0.0,8.185452315956354e-12,-2.8421709430404007e-13,0,0,0,0.0,0,0,True,0,0,,,,0.16171400000075664,0.2654937099600827,1.4776200000596873,0.42020918475216706,1.3815309070050716,-1.3815309070050716,0.6419291910785487,8.814546466047112,1139.3339716406545,0,11.50137046157467,11.331314823043098,1246.7714363971468,1500.0,-0.49579993821680546,0.0005414256435177789,0.0,0.0,0.0,0.0,0.0,23530.034929395282,14750.0,55.56111925469652,8471.245246537721,0.0,-1.1368683772161603e-11,1.4210854715202004e-13,0,0,0,0.0,0,0,True,0,0,,,,0.16063300017776783,0.2657210599545579,1.4776200000596873,,,,,,,,,,,,
1d51662afb815f886e6a892a9e4aa57a92f1f105af85fa83950794075ee6f9fd,Feb2022,550.0,True,0.0,pid_lowdrag_preview,4,96.58333333333333,0.5470006812357514,2.1935030538588762,-1.5711422357708216,2.254275398440495,6.628370300205678,1009.5312033061268,0,39.74603841833505,39.79240170500998,1350.0,1500.0,0.32525029219686985,0.26556710229301517,0.0,0.0,0.0,0.0,0.0,77055.5290691497,66350.0,195.11507809021722,10360.413991059497,0.0,7.275957614183426e-12,7.389644451905042e-13,0,0,0,0.0,0,0,True,0,0,,,,0.1674129998718854,0.3927307801268398,0.9605299999293493,0.5511140646296344,2.1935030538588762,-1.3068404244259,1.4220374451327256,6.628370300205678,1009.5312033061268,0,24.94531111215668,25.10176232035958,1179.5060818032682,1247.3628120318206,0.5303920721635222,0.3395534805621798,0.0,0.0,0.0,0.0,0.0,46273.112533609405,44400.0,123.08209872947722,1682.1737046513792,0.0,4.092726157978177e-12,4.121147867408581e-13,0,0,0,0.0,0,0,True,0,0,,,,0.16459350001696293,0.37227921998237423,0.8797279999726015,0.5416281485324442,2.1935030538588762,-1.5711422357708216,1.6043692341307316,6.628370300205678,1009.5312033061268,0,28.244671989785683,28.3202775897987,1350.0,1247.3628120318206,0.5303920721635222,0.343129231492324,0.0,0.0,0.0,0.0,0.0,53525.487687091736,51600.0,138.8635251129998,1889.2613499469135,0.0,-2.0463630789890885e-12,3.694822225952521e-13,0,0,0,0.0,0,0,True,0,0,,,,0.16459350001696293,0.37227921998237423,0.8797279999726015,0.5649729508958247,1.6331958305090666,-1.4738570181652904,0.6499061643097634,8.814914832248842,1139.3476422077254,0,11.501366428549364,11.47212411521128,1247.3628120318206,1500.0,0.32525029219686985,0.0005412506560550367,0.0,0.0,0.0,0.0,0.0,23530.04138205797,14750.0,56.2515529772174,8471.152641112585,0.0,1.1141310096718371e-11,3.552713678800501e-13,0,0,0,0.0,0,0,True,0,0,,,,0.1674129998718854,0.3927307801268398,0.9605299999293493,,,,,,,,,,,,
1d51662afb815f886e6a892a9e4aa57a92f1f105af85fa83950794075ee6f9fd,Feb2022,550.0,True,0.0,swmpc,0,96.58333333333333,0.5656491459346532,2.2217617398127913,-2.2217617398127913,2.2674510602829647,5.204178642906008,1032.431152333562,0,40.07644829410462,40.024978092583225,1350.0,1500.0,-0.36107873264700174,0.21306923433681035,45.50770629010244,0.0,1.127439397898012e-14,45.50770629010244,0.0,76813.36031592594,66350.0,196.25547570581438,10117.10484022012,0.0,-1.8189894035458565e-12,-5.400124791776761e-13,0,0,0,0.0,0,0,True,1008,0,5.990672525949056e-11,1.1473302471123764e-13,3.7091231857589645e-10,0.7256659998802206,1.218889720066727,3.5950269998465956,0.5438789647017038,1.717346427962184,-1.1142235798761249,1.4371359705725373,5.2055385713842774,1032.431152333562,0,25.215012012536143,25.368281038467295,1179.5358278389126,1311.7617937215873,0.5345911476761103,0.2743277991891142,45.50770629010244,0.0,1.127439397898012e-14,45.50770629010244,0.0,45937.2348031626,44400.0,124.38892662294256,1280.6199106569895,0.0,4.320099833421409e-12,-1.5631940186722204e-13,0,0,0,0.0,0,0,True,1008,0,5.990672525949056e-11,1.1473302471123764e-13,3.7091231857589645e-10,0.7577439999977287,1.300089589944944,3.5950269998465956,0.5496033218778578,1.717346427962184,-1.3652058467268944,1.622872149896286,5.204178642906008,1032.431152333562,0,28.57068632663397,28.64689050380472,1350.0,1311.7617937215873,0.5345911476761103,0.2753678590922607,45.50770629010244,0.0,1.127439397898012e-14,45.50770629010244,0.0,53270.66161290908,51600.0,140.4650143795682,1568.4348048079298,0.0,1.8189894035458565e-12,-1.7053025658242404e-13,0,0,0,0.0,0,0,True,1008,0,5.990672525949056e-11,1.1473302471123764e-13,3.7091231857589645e-10,0.7577439999977287,1.300089589944944,3.5950269998465956,0.6173376356744728,2.2217617398127913,-2.2217617398127913,0.6445789103866788,9.548787693385957,1138.8413374093227,0,11.50576196747065,11.378087588778506,1311.7617937215873,1500.0,-0.36107873264700174,0.00019800127411939705,0.0,0.0,0.0,0.0,0.0,23542.698703016846,14750.0,55.790461326246174,8548.670035412188,0.0,0.0,-3.836930773104541e-13,0,0,0,0.0,0,0,True,1008,0,5.990672525949056e-11,1.1473302471123764e-13,3.7091231857589645e-10,0.7256659998802206,1.218889720066727,3.5950269998465956,0.28379299988046114,0.5388763499922786,3.06506700007958,0.28379299988046114,0.5388763499922786,3.06506700007958,0.28379299988046114,0.5388763499922786,3.06506700007958,0.28379299988046114,0.5388763499922786,3.06506700007958
1d51662afb815f886e6a892a9e4aa57a92f1f105af85fa83950794075ee6f9fd,Feb2022,550.0,True,0.0,swmpc,1,96.58333333333333,0.5462327107178684,1.596933951601386,-1.3534749010577798,2.267062763827532,5.201220118692971,1032.6522581018241,0,40.08049621968172,40.01812389520054,1350.0,1500.0,-0.4375605061650276,0.213665363458176,45.50087396531722,0.0,1.1745787882937499e-14,45.50087396531722,0.0,76872.8318961164,66350.0,196.22186734843407,10176.610028767958,0.0,-1.0913936421275139e-11,-7.958078640513122e-13,0,0,0,0.0,0,0,True,1008,0,7.582929706430618e-11,1.0707745408137946e-13,3.31737558427226e-10,0.7202780000170605,1.2659300000314033,2.6285880001069017,0.5864203240948129,1.596933951601386,-1.3534749010577798,1.433597410390041,5.201220118692971,1032.6522581018241,0,25.219466632103625,25.305818480282436,1179.4230232880334,1309.9877851255858,0.7254587979987264,0.27516933020449197,45.50087396531722,0.0,1.1745787882937499e-14,45.50087396531722,0.0,45998.14457998429,44400.0,124.082652399831,1343.4971657469039,0.0,-4.092726157978177e-12,-1.1226575225009583e-12,0,0,0,0.0,0,0,True,1008,0,7.582929706430618e-11,1.0707745408137946e-13,3.31737558427226e-10,0.7478039998431996,1.2960876899092,2.6285880001069017,0.5590855445310882,1.596933951601386,-1.3534749010577798,1.624642429818064,5.201220118692971,1032.6522581018241,0,28.57472773831816,28.6781394318753,1350.0,1309.9877851255858,0.7254587979987264,0.2761389327496079,45.50087396531722,0.0,1.1745787882937499e-14,45.50087396531722,0.0,53330.07244291624,51600.0,140.61823802980015,1629.466419760835,0.0,-1.5688783605583012e-11,-1.1084466677857563e-12,0,0,0,0.0,0,0,True,1008,0,7.582929706430618e-11,1.0707745408137946e-13,3.31737558427226e-10,0.7478039998431996,1.2960876899092,2.6285880001069017,0.49982735251816873,1.5841915076598525,-1.1346375914290547,0.6424203340094681,9.552395111889428,1138.9310989170315,0,11.50576848136356,11.339984463325237,1309.9877851255858,1500.0,-0.4375605061650276,0.000196353811520944,0.0,0.0,0.0,0.0,0.0,23542.759453200164,14750.0,55.60362931863395,8547.143609007122,0.0,5.6843418860808015e-12,3.552713678800501e-13,0,0,0,0.0,0,0,True,1008,0,7.582929706430618e-11,1.0707745408137946e-13,3.31737558427226e-10,0.7202780000170605,1.2659300000314033,2.6285880001069017,0.282265999885567,0.5330262898451109,0.8895529999790597,0.282265999885567,0.5330262898451109,0.8895529999790597,0.282265999885567,0.5330262898451109,0.8895529999790597,0.282265999885567,0.5330262898451109,0.8895529999790597
1d51662afb815f886e6a892a9e4aa57a92f1f105af85fa83950794075ee6f9fd,Feb2022,550.0,True,0.0,swmpc,2,96.58333333333333,0.4755967399325493,1.8767725341022015,-0.8977564768865705,2.2663479758279887,5.2030421620569545,1032.3734192319012,0,40.06300422894268,40.005506478876455,1350.0,1500.0,-0.40336392540484667,0.213208200310937,45.50490259731473,0.0,1.7918690582717282e-14,45.50490259731473,0.0,76816.03413987707,66350.0,196.160000055536,10119.874139821528,0.0,-5.4569682106375694e-12,-5.400124791776761e-13,0,0,0,0.0,0,0,True,1008,0,6.882197140967987e-11,1.8258252159026893e-13,5.0202833185318e-10,0.7133760000215261,1.2985997798932676,3.142308999940724,0.454039408623335,1.1977887526154518,-0.8742954051122069,1.4332708704317834,5.2030421620569545,1032.3734192319012,0,25.20241891967013,25.30005440673579,1179.4346101731805,1311.1927509510438,0.34902840480208397,0.27452247783216976,45.50490259731473,0.0,1.7918690582717282e-14,45.50490259731473,0.0,45944.94789681201,44400.0,124.05438927390745,1289.1353667602368,0.0,-1.8189894035458565e-12,0.0,0,0,0,0.0,0,0,True,1008,0,6.882197140967987e-11,1.8258252159026893e-13,5.0202833185318e-10,0.7340430000795095,1.1980562600297144,3.142308999940724,0.4481540086587692,1.1977887526154518,-0.8977564768865705,1.6206212483822389,5.2030421620569545,1032.3734192319012,0,28.557404847878825,28.60715765780589,1350.0,1311.1927509510438,0.34902840480208397,0.27554504330055996,45.50490259731473,0.0,1.7918690582717282e-14,45.50490259731473,0.0,53273.64430965039,51600.0,140.27019132246073,1572.1813673768938,0.0,4.774847184307873e-12,-2.842170943040401e-14,0,0,0,0.0,0,0,True,1008,0,6.882197140967987e-11,1.8258252159026893e-13,5.0202833185318e-10,0.7340430000795095,1.1980562600297144,3.142308999940724,0.559296658558912,1.8767725341022015,-0.8476099418476224,0.6457267274457499,9.53046706255916,1139.0527581485615,0,11.505599381063856,11.398348821070567,1311.1927509510438,1500.0,-0.40336392540484667,0.00020637748537866152,0.0,0.0,0.0,0.0,0.0,23542.389830226668,14750.0,55.88980873307527,8547.692772444632,0.0,-5.002220859751105e-12,-4.973799150320701e-13,0,0,0,0.0,0,0,True,1008,0,6.882197140967987e-11,1.8258252159026893e-13,5.0202833185318e-10,0.7133760000215261,1.2985997798932676,3.142308999940724,0.27061800017236237,0.5145055101115756,2.4936890001754364,0.27061800017236237,0.5145055101115756,2.4936890001754364,0.27061800017236237,0.5145055101115756,2.4936890001754364,0.27061800017236237,0.5145055101115756,2.4936890001754364
1d51662afb815f886e6a892a9e4aa57a92f1f105af85fa83950794075ee6f9fd,Feb2022,550.0,True,0.0,swmpc,3,96.58333333333333,0.4928907354515435,1.3779492303729057,-1.3779492303729057,2.2665930058545602,5.200694742001632,1032.2479864617947,0,40.08083835135803,40.00983174155489,1350.0,1500.0,-0.4981309147551656,0.2130134341171439,45.507445166041734,0.0,1.2714651978617004e-14,45.507445166041734,0.0,76904.47897040681,66350.0,196.18120822416068,10208.297762182629,0.0,-2.000888343900442e-11,2.8990143619012088e-12,0,0,0,0.0,0,0,True,1008,0,6.905283230225294e-11,1.2751134362280154e-13,3.3473919083183214e-10,0.6999870001891395,0.9729716001584165,2.2666120000849332,0.5146567408078299,1.3021483523771167,-1.2295639989897609,1.4399895030070555,5.202895722793171,1032.2479864617947,0,25.207989576450714,25.41865150739559,1179.4421449245904,1310.9454326853815,0.6736242137849331,0.2746871584575006,45.507445166041734,0.0,1.2714651978617004e-14,45.507445166041734,0.0,45997.26549085201,44400.0,124.63590940250108,1341.1262936887133,0.0,-7.048583938740194e-12,1.2931877790833823e-12,0,0,0,0.0,0,0,True,1008,0,6.905283230225294e-11,1.2751134362280154e-13,3.3473919083183214e-10,0.7255049999912444,1.0381800900154285,2.2666120000849332,0.5129090550210043,1.3021483523771167,-1.2295639989897609,1.6242477978203407,5.200694742001632,1032.2479864617947,0,28.575150719270198,28.671173399690858,1350.0,1310.9454326853815,0.6736242137849331,0.2752939630159674,45.507445166041734,0.0,1.2714651978617004e-14,45.507445166041734,0.0,53362.00271222468,51600.0,140.58408131003978,1660.4731982292476,0.0,-1.3869794202037156e-11,1.3073986337985843e-12,0,0,0,0.0,0,0,True,1008,0,6.905283230225294e-11,1.2751134362280154e-13,3.3473919083183214e-10,0.7255049999912444,1.0381800900154285,2.2666120000849332,0.41730442386017097,1.3779492303729057,-1.3779492303729057,0.6423452080342196,9.535590082095348,1139.3304626245756,0,11.505687632087835,11.338658341864033,1310.9454326853815,1500.0,-0.4981309147551656,0.00020403367641697034,0.0,0.0,0.0,0.0,0.0,23542.476258182127,14750.0,55.5971269141209,8547.824563953382,0.0,-5.9117155615240335e-12,1.5774048733874224e-12,0,0,0,0.0,0,0,True,1008,0,6.905283230225294e-11,1.2751134362280154e-13,3.3473919083183214e-10,0.6999870001891395,0.9729716001584165,2.2666120000849332,0.2673040000900073,0.4352407199121443,1.4858530000765313,0.2673040000900073,0.4352407199121443,1.4858530000765313,0.2673040000900073,0.4352407199121443,1.4858530000765313,0.2673040000900073,0.4352407199121443,1.4858530000765313
1d51662afb815f886e6a892a9e4aa57a92f1f105af85fa83950794075ee6f9fd,Feb2022,550.0,True,0.0,swmpc,4,96.58333333333333,0.5456952319957181,1.8868871293962002,-1.6181268552318215,2.273124708169641,5.199999999999999,1032.1531345261553,0,40.07887604783878,40.12512915486898,1350.0,1500.0,0.32447779458016157,0.21285490673714147,45.49823636234063,0.0,1.262712401886655e-14,45.49823636234063,0.0,76870.39346422306,66350.0,196.74654891329885,10173.646915309755,0.0,-5.4569682106375694e-12,-4.263256414560601e-13,0,0,0,0.0,0,0,True,1008,0,8.532088964384261e-11,1.6513332721236361e-13,4.1572506071609976e-10,0.7081890000790736,1.2608632000547004,4.424097999844889,0.5429115758624691,1.8868871293962002,-1.1572544313967228,1.4407406564671292,5.199999999999999,1032.1531345261553,0,25.213544709170733,25.431910845738123,1179.2440907357638,1311.0119616643744,0.701792499050498,0.27428596771717306,45.49823636234063,0.0,1.262712401886655e-14,45.49823636234063,0.0,45983.14272727342,44400.0,124.70092424767878,1326.673932097123,0.0,-9.322320693172514e-12,1.7053025658242404e-13,0,0,0,0.0,0,0,True,1008,0,8.532088964384261e-11,1.6513332721236361e-13,4.1572506071609976e-10,0.7311084998491424,1.4276455301683122,4.424097999844889,0.5390320197948709,1.8868871293962002,-1.6181268552318215,1.6243658944164479,5.199999999999999,1032.1531345261553,0,28.573219992257354,28.673258037262357,1350.0,1311.0119616643744,0.701792499050498,0.2750884665520673,45.49823636234063,0.0,1.262712401886655e-14,45.49823636234063,0.0,53327.989613474514,51600.0,140.59430296555936,1626.3833488445675,0.0,-1.2732925824820995e-11,1.7053025658242404e-13,0,0,0,0.0,0,0,True,1008,0,8.532088964384261e-11,1.6513332721236361e-13,4.1572506071609976e-10,0.7311084998491424,1.4276455301683122,4.424097999844889,0.5678734026898031,1.6716627851128578,-1.4808701649308205,0.648758813753193,9.5312979525015,1139.3402155160368,0,11.50565605558143,11.451871117606622,1311.0119616643744,1500.0,0.32447779458016157,0.00020599726783609995,0.0,0.0,0.0,0.0,0.0,23542.403850748546,14750.0,56.15224594773949,8547.26356646519,0.0,9.777068044058979e-12,-6.039613253960852e-13,0,0,0,0.0,0,0,True,1008,0,8.532088964384261e-11,1.6513332721236361e-13,4.1572506071609976e-10,0.7081890000790736,1.2608632000547004,4.424097999844889,0.2717899998287976,0.5461620898631732,1.8560119999619928,0.2717899998287976,0.5461620898631732,1.8560119999619928,0.2717899998287976,0.5461620898631732,1.8560119999619928,0.2717899998287976,0.5461620898631732,1.8560119999619928
1d51662afb815f886e6a892a9e4aa57a92f1f105af85fa83950794075ee6f9fd,Feb2022,550.0,True,0.0,swmpc_nosw,0,96.58333333333333,0.47003036275885035,1.726140488870442,-1.726140488870442,2.267320970205027,5.204178642906008,1032.442221382872,0,40.07200731864313,40.02268174643007,1350.0,1500.0,-0.34603309631347656,0.21297418791764233,45.47665614287627,0.0,1.23337670809458e-14,45.47665614287627,0.0,76847.17147815485,66350.0,196.24421597431478,10150.927262180572,0.0,3.637978807091713e-11,7.673861546209082e-13,0,0,0,0.0,0,0,True,1008,0,5.783257893203684e-11,1.459510424537881e-13,4.0965545589933876e-10,0.7174229999691306,1.3563820199533438,3.1515579998995236,0.4216668146205428,1.1772443149238825,-1.0328998565673828,1.4348407253573512,5.205735657185551,1032.442221382872,0,25.210787849564976,25.327765438786237,1179.5449558161793,1313.758224899163,0.3773976117372513,0.27418001750664944,45.47665614287627,0.0,1.23337670809458e-14,45.47665614287627,0.0,45970.860713121525,44400.0,124.19026547013718,1312.4571785684288,0.0,2.4783730623312294e-11,8.384404281969182e-13,0,0,0,0.0,0,0,True,1008,0,5.783257893203684e-11,1.459510424537881e-13,4.0965545589933876e-10,0.745404999861421,1.356092069961505,3.1515579998995236,0.45357421675441734,1.444294954650104,-1.444294954650104,1.62135419938269,5.204178642906008,1032.442221382872,0,28.56629897486217,28.620095686877303,1350.0,1313.758224899163,0.3773976117372513,0.27524420675297345,45.47665614287627,0.0,1.23337670809458e-14,45.47665614287627,0.0,53304.57228436621,51600.0,140.3336306838583,1600.4804287832108,0.0,2.4101609596982598e-11,8.526512829121202e-13,0,0,0,0.0,0,0,True,1008,0,5.783257893203684e-11,1.459510424537881e-13,4.0965545589933876e-10,0.745404999861421,1.356092069961505,3.1515579998995236,0.522362571174236,1.726140488870442,-1.726140488870442,0.6459667708223371,9.542881631512763,1138.909881722517,0,11.50570834378096,11.402586059552764,1313.758224899163,1500.0,-0.34603309631347656,0.00020069982946036014,0.0,0.0,0.0,0.0,0.0,23542.59919378865,14750.0,55.91058529045648,8550.44683339736,0.0,2.7284841053187847e-12,-9.947598300641403e-14,0,0,0,0.0,0,0,True,1008,0,5.783257893203684e-11,1.459510424537881e-13,4.0965545589933876e-10,0.7174229999691306,1.3563820199533438,3.1515579998995236,0.2712350000138031,0.5289907299788865,2.462487999991936,0.2712350000138031,0.5289907299788865,2.462487999991936,0.2712350000138031,0.5289907299788865,2.462487999991936,0.2712350000138031,0.5289907299788865,2.462487999991936
1d51662afb815f886e6a892a9e4aa57a92f1f105af85fa83950794075ee6f9fd,Feb2022,550.0,True,0.0,swmpc_nosw,1,96.58333333333333,0.4929020314026316,1.4193253749981523,-1.1586820827797055,2.266877288597343,5.201747959755361,1032.748375434735,0,40.07849615397649,40.01484989200183,1350.0,1500.0,-0.4464970091357827,0.21312435800108165,45.47426609407062,0.0,1.2725470506096867e-14,45.47426609407062,0.0,76898.8982235869,66350.0,196.2058138466983,10202.692409740212,0.0,5.4569682106375694e-12,-6.252776074688882e-13,0,0,0,0.0,0,0,True,1008,0,6.914482083499643e-11,1.4458783512244854e-13,4.5583344554515965e-10,0.7052640000893007,0.9397812999077361,4.143283999837877,0.5236452547977418,1.4193253749981523,-1.1586820827797055,1.4299225218222833,5.201747959755361,1032.748375434735,0,25.217551483769146,25.24094945753131,1179.433070894054,1312.485815520092,0.3871181569993496,0.2743485722917922,45.47426609407062,0.0,1.2725470506096867e-14,45.47426609407062,0.0,46023.93859801542,44400.0,123.7645784988496,1367.1212748905305,0.0,-2.2737367544323206e-13,0.0,0,0,0,0.0,0,0,True,1008,0,6.914482083499643e-11,1.4458783512244854e-13,4.5583344554515965e-10,0.7256300000335614,0.9421986601819299,4.143283999837877,0.5007822261371488,1.4193253749981523,-1.1586820827797055,1.6217960252758183,5.201747959755361,1032.748375434735,0,28.572712428998404,28.627894784288006,1350.0,1312.485815520092,0.3871181569993496,0.2754403646936099,45.47426609407062,0.0,1.2725470506096867e-14,45.47426609407062,0.0,53356.04208161823,51600.0,140.37187219316888,1653.184393904962,0.0,-7.503331289626658e-12,0.0,0,0,0,0.0,0,0,True,1008,0,6.914482083499643e-11,1.4458783512244854e-13,4.5583344554515965e-10,0.7256300000335614,0.9421986601819299,4.143283999837877,0.4649690817050318,1.1668347083032131,-1.0163877103477716,0.6450812633215246,9.55813943402269,1138.95027021791,0,11.505783724978084,11.38695510771382,1312.485815520092,1500.0,-0.4464970091357827,0.00019373174322201425,0.0,0.0,0.0,0.0,0.0,23542.856141968685,14750.0,55.833941653529415,8549.508015835248,0.0,6.821210263296962e-13,-6.252776074688882e-13,0,0,0,0.0,0,0,True,1008,0,6.914482083499643e-11,1.4458783512244854e-13,4.5583344554515965e-10,0.7052640000893007,0.9397812999077361,4.143283999837877,0.2682199999526347,0.39739353000868505,3.6526440001125593,0.2682199999526347,0.39739353000868505,3.6526440001125593,0.2682199999526347,0.39739353000868505,3.6526440001125593,0.2682199999526347,0.39739353000868505,3.6526440001125593
1d51662afb815f886e6a892a9e4aa57a92f1f105af85fa83950794075ee6f9fd,Feb2022,550.0,True,0.0,swmpc_nosw,2,96.58333333333333,0.44175257487556197,1.4756584614515305,-0.9867886491119862,2.267159317778887,5.202661004467712,1032.5208507217917,0,40.06822023278891,40.01982826265341,1350.0,1500.0,-0.339484004303813,0.2129411851508699,45.475690873441714,0.0,1.3296003620382329e-14,45.475690873441714,0.0,76844.1401256616,66350.0,196.2302244159746,10147.909901245639,0.0,2.000888343900442e-11,-2.8421709430404007e-13,0,0,0,0.0,0,0,True,1008,0,5.497288075543896e-11,1.6684556986882876e-13,4.25493880906772e-10,0.7066170001053251,0.9843450199741711,1.9805699998869386,0.39647309815101617,1.4756584614515305,-0.8881497215479612,1.4310905830106178,5.202661004467712,1032.5208507217917,0,25.207780828781512,25.261568038585864,1179.4440141681814,1312.4570486095135,0.14093653578311205,0.27411298455912614,45.475690873441714,0.0,1.1598180202335873e-14,45.475690873441714,0.0,45973.05386634394,44400.0,123.86567810279968,1316.1751537998061,0.0,1.3642420526593924e-12,3.268496584496461e-13,0,0,0,0.0,0,0,True,1008,0,5.497288075543896e-11,1.6684556986882876e-13,4.25493880906772e-10,0.7287599999017402,1.008613570052148,1.9805699998869386,0.39936842496985897,1.4756584614515305,-0.9867886491119862,1.6192425170987088,5.202661004467712,1032.5208507217917,0,28.56273035443161,28.58282033455082,1350.0,1312.4570486095135,0.14093653578311205,0.27519785689690945,45.475690873441714,0.0,1.3296003620382329e-14,45.475690873441714,0.0,53302.00568809896,51600.0,140.15085751691208,1599.3977819725371,0.0,5.002220859751105e-12,3.126388037344441e-13,0,0,0,0.0,0,0,True,1008,0,5.497288075543896e-11,1.6684556986882876e-13,4.25493880906772e-10,0.7287599999017402,1.008613570052148,1.9805699998869386,0.5629922318468333,1.4479041891172528,-0.7188783530145884,0.6479168006801783,9.515343627577614,1139.1051045139832,0,11.505489878357299,11.437007928102592,1312.4570486095135,1500.0,-0.339484004303813,0.00021330338813163596,0.0,0.0,0.0,0.0,0.0,23542.134437562647,14750.0,56.07936689906248,8548.512119273102,0.0,4.547473508864641e-12,-6.465938895416912e-13,0,0,0,0.0,0,0,True,1008,0,5.497288075543896e-11,1.6684556986882876e-13,4.25493880906772e-10,0.7066170001053251,0.9843450199741711,1.9805699998869386,0.2686005000214209,0.44007599006817977,1.2295370001993433,0.2686005000214209,0.44007599006817977,1.2295370001993433,0.2686005000214209,0.44007599006817977,1.2295370001993433,0.2686005000214209,0.44007599006817977,1.2295370001993433
1d51662afb815f886e6a892a9e4aa57a92f1f105af85fa83950794075ee6f9fd,Feb2022,550.0,True,0.0,swmpc_nosw,3,96.58333333333333,0.4687173998490397,1.2845086622983217,-1.2845086622983217,2.266655597737724,5.200694742001632,1032.3924179021844,0,40.086629937597465,40.01093661159808,1350.0,1500.0,-0.5310090063139796,0.21265961687171753,45.476600940849195,0.0,1.3175917972728834e-14,45.476600940849195,0.0,76927.72833593067,66350.0,196.18662576106436,10231.541710169588,0.0,-2.3646862246096134e-11,-1.1937117960769683e-12,0,0,0,0.0,0,0,True,1008,0,7.598858526372893e-11,1.0505437306503834e-13,5.015023209536976e-10,0.7182350000221049,1.2314053399768456,6.035330000031536,0.4923055273616475,1.2845086622983217,-1.2845086622983217,1.4361923795011986,5.202465472767454,1032.3924179021844,0,25.21392260738525,25.35162479718343,1179.452170361118,1313.112010750004,0.2595293587073684,0.27413976884139624,45.476600940849195,0.0,1.3175917972728834e-14,45.476600940849195,0.0,46020.21653504978,44400.0,124.30725565865058,1362.2494390022293,0.0,-1.5916157281026244e-11,-5.400124791776761e-13,0,0,0,0.0,0,0,True,1008,0,7.598858526372893e-11,1.0505437306503834e-13,5.015023209536976e-10,0.747949000015069,1.2516709401575092,6.035330000031536,0.4890774079730208,1.2845086622983217,-1.2845086622983217,1.6212298172001351,5.200694742001632,1032.3924179021844,0,28.580905242749516,28.617900096321936,1350.0,1313.112010750004,0.2595293587073684,0.27483788483149574,45.476600940849195,0.0,1.3175917972728834e-14,45.476600940849195,0.0,53385.08994514319,51600.0,140.3228649897988,1681.655069403376,0.0,-1.1823431123048067e-11,-5.684341886080801e-13,0,0,0,0.0,0,0,True,1008,0,7.598858526372893e-11,1.0505437306503834e-13,5.015023209536976e-10,0.747949000015069,1.2516709401575092,6.035330000031536,0.3912327519254665,0.8839392829686403,-0.8839392829686403,0.6454257805375887,9.54520761900622,1139.3391149369713,0,11.505724694847949,11.393036515276147,1313.112010750004,1500.0,-0.5310090063139796,0.0001996368600006848,0.0,0.0,0.0,0.0,0.0,23542.638390787477,14750.0,55.86376077126554,8549.886640766214,0.0,-1.1368683772161603e-12,-6.323830348264892e-13,0,0,0,0.0,0,0,True,1008,0,7.598858526372893e-11,1.0505437306503834e-13,5.015023209536976e-10,0.7182350000221049,1.2314053399768456,6.035330000031536,0.2751099999613871,0.5187710800305465,0.6610479999835661,0.2751099999613871,0.5187710800305465,0.6610479999835661,0.2751099999613871,0.5187710800305465,0.6610479999835661,0.2751099999613871,0.5187710800305465,0.6610479999835661
1d51662afb815f886e6a892a9e4aa57a92f1f105af85fa83950794075ee6f9fd,Feb2022,550.0,True,0.0,swmpc_nosw,4,96.58333333333333,0.4659856617865285,1.6760317087173462,-1.5139603884890676,2.2726098089667706,5.199999999999999,1032.1513736875818,0,40.07920588392966,40.11604016958718,1350.0,1500.0,0.25840260088443756,0.21265414316440823,45.47249703237433,0.0,1.1923329286924608e-14,45.47249703237433,0.0,76884.43088142862,66350.0,196.70198266454045,10187.728898764082,0.0,3.637978807091713e-12,-5.115907697472721e-13,0,0,0,0.0,0,0,True,1008,0,8.303812167567698e-11,1.0591628663935975e-13,3.764131026075293e-10,0.7193459998688922,1.4609410000366554,22.97109599999203,0.4493179496456889,1.3433730388060212,-1.3433730388060212,1.4371024493172775,5.199999999999999,1032.1513736875818,0,25.213983718069624,25.367689322275055,1179.2528135484242,1313.182606105653,0.34764942713081837,0.2739754301855881,45.47249703237433,0.0,1.1923329286924608e-14,45.47249703237433,0.0,45997.00120041557,44400.0,124.38602524614367,1338.6853826121908,0.0,-9.322320693172514e-12,-8.810729923425242e-13,0,0,0,0.0,0,0,True,1008,0,8.303812167567698e-11,1.0591628663935975e-13,3.764131026075293e-10,0.7458509999196394,1.9243431899280812,22.97109599999203,0.4555860694715922,1.5139603884890676,-1.5139603884890676,1.6215265373459964,5.199999999999999,1032.1513736875818,0,28.573581654612298,28.623137791435365,1350.0,1313.182606105653,0.34764942713081837,0.2748286515613476,45.47249703237433,0.0,1.1923329286924608e-14,45.47249703237433,0.0,53342.06435260183,51600.0,140.34854711118913,1638.5331993849795,0.0,-1.0459189070388675e-11,-8.810729923425242e-13,0,0,0,0.0,0,0,True,1008,0,8.303812167567698e-11,1.0591628663935975e-13,3.764131026075293e-10,0.7458509999196394,1.9243431899280812,22.97109599999203,0.499890564188693,1.6760317087173462,-1.1018117470666766,0.6510832716207742,9.529086315949824,1139.3569588611228,0,11.505624229317363,11.492902378151815,1313.182606105653,1500.0,0.25840260088443756,0.0002070093877479806,0.0,0.0,0.0,0.0,0.0,23542.366528826795,14750.0,56.353435553351304,8549.195699379101,0.0,5.229594535194337e-12,3.410605131648481e-13,0,0,0,0.0,0,0,True,1008,0,8.303812167567698e-11,1.0591628663935975e-13,3.764131026075293e-10,0.7193459998688922,1.4609410000366554,22.97109599999203,0.28183550011817715,0.5660483298765936,22.42137600001115,0.28183550011817715,0.5660483298765936,22.42137600001115,0.28183550011817715,0.5660483298765936,22.42137600001115,0.28183550011817715,0.5660483298765936,22.42137600001115
1d51662afb815f886e6a892a9e4aa57a92f1f105af85fa83950794075ee6f9fd,Feb2022,550.0,True,180.0,pid_lowdrag_preview,0,97.41666666666667,0.5582623842371733,1.8138939253985882,-1.7446419931948185,2.2622744176969496,6.621142021627916,953.5230714302457,0,40.07059089403784,39.933600152953815,1350.0,1500.0,-0.9610293675214052,0.2641249838555164,0.0,0.0,0.0,0.0,0.0,77853.70673190232,66850.0,195.80741996998285,10657.899311932335,0.0,-1.8189894035458565e-12,-4.263256414560601e-13,0,0,0,0.0,0,0,True,0,0,,,,0.16711200009922322,0.4435293999631536,0.9803790001114976,0.5608769557291626,1.8138939253985882,-1.146923866122961,1.4257675293449819,6.621142021627916,953.5230714302457,0,24.977345727183856,25.167605654971606,1454.115413250617,1469.9578770281316,0.7512224828824401,0.34034263493469297,0.0,0.0,0.0,0.0,0.0,46232.00786485763,44400.0,123.40494999816384,1692.7604510819488,0.0,-3.637978807091713e-12,-4.547473508864641e-13,0,0,0,0.0,0,0,True,0,0,,,,0.16852450005444553,0.4391216400972551,0.7919549998405273,0.5523835109592118,1.8138939253985882,-1.7165394704788923,1.6120780599662172,6.621142021627916,953.5230714302457,0,28.349269305641823,28.456353552181724,1350.0,1469.9578770281316,0.7512224828824401,0.34370001307717535,0.0,0.0,0.0,0.0,0.0,53853.706731902326,51600.0,139.53074978125164,1994.2181050929373,0.0,-5.4569682106375694e-12,-5.115907697472721e-13,0,0,0,0.0,0,0,True,0,0,,,,0.16852450005444553,0.4391216400972551,0.7919549998405273,0.5772658352615538,1.7446419931948185,-1.7446419931948185,0.6501963577307324,8.016652847097982,1138.9262187450493,0,11.72132158839602,11.47724660077209,1469.9578770281316,1500.0,-0.9610293675214052,0.0011360348213119709,0.0,0.0,0.0,0.0,0.0,24000.0,15250.0,56.27667018873121,8663.681206839397,0.0,-3.865352482534945e-12,9.237055564881302e-14,0,0,0,0.0,0,0,True,0,0,,,,0.16711200009922322,0.4435293999631536,0.9803790001114976,,,,,,,,,,,,
1d51662afb815f886e6a892a9e4aa57a92f1f105af85fa83950794075ee6f9fd,Feb2022,550.0,True,180.0,pid_lowdrag_preview,1,97.41666666666667,0.5592064621012608,1.815258233807981,-1.405735658481717,2.2610459589283822,6.633422467294085,954.076881226319,0,40.07463937819495,39.91191543562479,1350.0,1500.0,-1.1415546853095293,0.26413586021343394,0.0,0.0,0.0,0.0,0.0,77858.39756332358,66850.0,195.7010927533853,10662.696470570214,0.0,1.6370904631912708e-11,-7.958078640513122e-13,0,0,0,0.0,0,0,True,0,0,,,,0.16014199991332134,0.30923027998142005,0.5069149999599176,0.6117508923360351,1.815258233807981,-1.405735658481717,1.4233053458438563,6.634302296025117,954.076881226319,0,24.981744848912314,25.124143265675198,1454.0323565917402,1469.8760537708577,0.9502380425110459,0.34035596356716646,0.0,0.0,0.0,0.0,0.0,46237.45727659461,44400.0,123.19183977816684,1698.4217396373253,0.0,2.9558577807620168e-12,-8.668621376273222e-13,0,0,0,0.0,0,0,True,0,0,,,,0.16142399999807822,0.3094580799825051,0.5069149999599176,0.5764148966103027,1.815258233807981,-1.405735658481717,1.613912047030374,6.633422467294085,954.076881226319,0,28.35327386688294,28.488727036818577,1350.0,1469.8760537708577,0.9502380425110459,0.3437164000155616,0.0,0.0,0.0,0.0,0.0,53858.3975633236,51600.0,139.68948749780844,1998.8320220549372,0.0,6.366462912410498e-12,-8.526512829121202e-13,0,0,0,0.0,0,0,True,0,0,,,,0.16142399999807822,0.3094580799825051,0.5069149999599176,0.49812275664044076,1.3918354148045182,-0.9405993903055787,0.6471339118980082,8.025199191280702,1139.6817283971552,0,11.721365511312012,11.423188398806214,1469.8760537708577,1500.0,-1.1415546853095293,0.0011286991624682718,0.0,0.0,0.0,0.0,0.0,24000.0,15250.0,56.01160525557685,8663.864448515276,0.0,-4.547473508864641e-12,4.263256414560601e-14,0,0,0,0.0,0,0,True,0,0,,,,0.16014199991332134,0.30923027998142005,0.5069149999599176,,,,,,,,,,,,
1d51662afb815f886e6a892a9e4aa57a92f1f105af85fa83950794075ee6f9fd,Feb2022,550.0,True,180.0,pid_lowdrag_preview,2,97.41666666666667,0.4823506772717546,1.5992311388254166,-1.0688860323280096,2.2699290102294567,6.624168070536401,954.6397288078962,0,40.07092021749428,40.06871879069998,1350.0,1500.0,-0.015445929951965809,0.2641438405709716,0.0,0.0,0.0,0.0,0.0,77855.17506284994,66850.0,196.4699505644093,10658.705112285528,0.0,-5.4569682106375694e-12,-8.526512829121202e-14,0,0,0,0.0,0,0,True,0,0,,,,0.16853500005709066,0.5287134798891198,3.2463810000535887,0.472807617968846,1.5992311388254166,-1.0688860323280096,1.4190192831906443,6.624168070536401,954.6397288078962,0,24.977765315699653,25.048485816302744,1454.0342185356337,1470.0,0.15678353048861027,0.3403699338715429,0.0,0.0,0.0,0.0,0.0,46233.538479634815,44400.0,122.82086671522248,1694.7518314552362,0.0,9.777068044058979e-12,-2.1316282072803006e-13,0,0,0,0.0,0,0,True,0,0,,,,0.16863500002273213,0.4800779099332418,3.2463810000535887,0.46034821138729165,1.5992311388254166,-1.0688860323280096,1.6073014422152898,6.624168070536401,954.6397288078962,0,28.349687745364204,28.372036838941018,1350.0,1470.0,0.15678353048861027,0.3437236520326521,0.0,0.0,0.0,0.0,0.0,53855.175062849936,51600.0,139.1173175333003,1996.0577453166477,0.0,1.2050804798491299e-11,-1.9895196601282805e-13,0,0,0,0.0,0,0,True,0,0,,,,0.16863500002273213,0.4800779099332418,3.2463810000535887,0.5488276548043914,1.5917210476472974,-0.7842044280841947,0.6626275680141669,8.013097999579207,1139.29450657288,0,11.72123247213008,11.696681951758965,1470.0,1500.0,-0.015445929951965809,0.0011390866254833432,0.0,0.0,0.0,0.0,0.0,24000.0,15250.0,57.35263303110899,8662.647366968882,0.0,-9.094947017729282e-12,1.2789769243681803e-13,0,0,0,0.0,0,0,True,0,0,,,,0.16853500005709066,0.5287134798891198,3.2463810000535887,,,,,,,,,,,,
1d51662afb815f886e6a892a9e4aa57a92f1f105af85fa83950794075ee6f9fd,Feb2022,550.0,True,180.0,pid_lowdrag_preview,3,97.41666666666667,0.49936789014362387,1.7904408983886242,-1.3786731204017997,2.2663351584397664,6.6235004966953035,954.9763976063292,0,40.07450342996112,40.00528022672412,1350.0,1500.0,-0.48562029004096985,0.2641639419715358,0.0,0.0,0.0,0.0,0.0,77862.24014961865,66850.0,196.158890667702,10666.081258950944,0.0,-3.637978807091713e-12,5.400124791776761e-13,0,0,0,0.0,0,0,True,0,0,,,,0.16184500009330804,0.41898152008798095,5.022330999963742,0.5347101695970721,1.7904408983886242,-1.3786731204017997,1.4308545087869444,6.6235004966953035,954.9763976063292,0,24.981802701624506,25.257400863471755,1454.0202571495854,1469.916947310869,0.8318739598616958,0.3403932736145173,0.0,0.0,0.0,0.0,0.0,46242.268447945695,44400.0,123.84524508888302,1702.5265126955323,0.0,4.320099833421409e-12,-2.2737367544323206e-13,0,0,0,0.0,0,0,True,0,0,,,,0.16284049991099891,0.4421746600132775,5.022330999963742,0.5286927801100554,1.7904408983886242,-1.3786731204017997,1.6129505154987713,6.6235004966953035,954.9763976063292,0,28.35317344258613,28.471754111068723,1350.0,1469.916947310869,0.8318739598616958,0.343751125156717,0.0,0.0,0.0,0.0,0.0,53862.24014961865,51600.0,139.60626372665644,2002.7169385811194,0.0,-5.4569682106375694e-12,-1.9895196601282805e-13,0,0,0,0.0,0,0,True,0,0,,,,0.16284049991099891,0.4421746600132775,5.022330999963742,0.3869527026555978,0.930270005017519,-0.930270005017519,0.6533846429409951,8.018062093068268,1139.2701961381147,0,11.72132998737499,11.533526115655395,1469.916947310869,1500.0,-0.48562029004096985,0.0011348250841176633,0.0,0.0,0.0,0.0,0.0,24000.0,15250.0,56.55262694104556,8663.364320369827,0.0,3.183231456205249e-12,7.389644451905042e-13,0,0,0,0.0,0,0,True,0,0,,,,0.16184500009330804,0.41898152008798095,5.022330999963742,,,,,,,,,,,,
1d51662afb815f886e6a892a9e4aa57a92f1f105af85fa83950794075ee6f9fd,Feb2022,550.0,True,180.0,pid_lowdrag_preview,4,97.41666666666667,0.5598692815726066,2.002102571539581,-1.653956345282495,2.2710380057609885,6.626224483870135,954.9481071408927,0,40.07234805281184,40.08829474655325,1350.0,1500.0,0.11186951119452715,0.2641483383059493,0.0,0.0,0.0,0.0,0.0,77856.71818939058,66850.0,196.56593783814236,10660.152251552436,0.0,-1.8189894035458565e-12,1.3926637620897964e-12,0,0,0,0.0,0,0,True,0,0,,,,0.23010800009615195,0.4573618799531685,0.9215409997977986,0.5482509518394553,2.002102571539581,-1.2581179151311517,1.4297016481907063,6.626224483870135,954.9481071408927,0,24.97977040911597,25.23705060281327,1454.2792151111337,1470.0,0.7509534424170852,0.34036101954873554,0.0,0.0,0.0,0.0,0.0,46236.30390336916,44400.0,123.74546114703897,1696.8376573332635,0.0,8.412825991399586e-12,1.4068746168049984e-12,0,0,0,0.0,0,0,True,0,0,,,,0.19255100005466375,0.48089346017604834,0.9215409997977986,0.5425556168643978,2.002102571539581,-1.349413201212883,1.6121763508425397,6.626224483870135,954.9481071408927,0,28.3510427618513,28.458088579782356,1350.0,1470.0,0.7509534424170852,0.3437295376802001,0.0,0.0,0.0,0.0,0.0,53856.71818939058,51600.0,139.5392571854609,1997.1789322051206,0.0,1.5916157281026244e-12,1.4210854715202004e-12,0,0,0,0.0,0,0,True,0,0,,,,0.19255100005466375,0.48089346017604834,0.9215409997977986,0.613624178715521,1.7435673214495182,-1.653956345282495,0.6588616549184487,8.013201900302512,1138.549338343852,0,11.72130529096054,11.630206166770897,1470.0,1500.0,0.11186951119452715,0.0011389974231795774,0.0,0.0,0.0,0.0,0.0,24000.0,15250.0,57.026680652681456,8662.973319347317,0.0,-1.8189894035458565e-12,-1.4210854715202004e-14,0,0,0,0.0,0,0,True,0,0,,,,0.23010800009615195,0.4573618799531685,0.9215409997977986,,,,,,,,,,,,
1d51662afb815f886e6a892a9e4aa57a92f1f105af85fa83950794075ee6f9fd,Feb2022,550.0,True,180.0,swmpc,0,97.41666666666667,0.5465240075284146,1.7408763682469726,-1.7408763682469726,2.2757460151792404,5.199999999999999,1044.2067737115744,0,40.30809797736351,40.17140038756345,1350.0,1500.0,-0.9589724969118834,0.2143591546675323,45.503349842980846,0.0,1.1367413429396378e-14,45.503349842980846,0.0,77478.98893521956,66850.0,196.97343180534958,10282.015503414214,0.0,1.8189894035458565e-12,-1.7053025658242404e-13,0,0,0,0.0,0,0,True,1008,0,9.884794624239109e-11,1.2351618340323245e-13,3.959584379692122e-10,0.7221400001071743,1.289600680047442,2.9566230000455107,0.537322847390258,1.6874556187540293,-1.214550856500864,1.4376517499450703,5.199999999999999,1044.2067737115744,0,25.21468654498529,25.377385560477894,1499.4554357913535,1469.9216717155173,0.5829010875895619,0.2761599747325616,45.503349842980846,0.0,1.1367413429396378e-14,45.503349842980846,0.0,45860.03426832963,44400.0,124.43356905332998,1365.134463352127,0.0,-1.2050804798491299e-11,-2.2737367544323206e-13,0,0,0,0.0,0,0,True,1008,0,9.884794624239109e-11,1.2351618340323245e-13,3.959584379692122e-10,0.7523100000526028,1.3478623000423793,2.9566230000455107,0.5365427518832387,1.6874556187540293,-1.5722132734954357,1.6242845475800531,5.199999999999999,1044.2067737115744,0,28.588731525624134,28.671822105346685,1350.0,1469.9216717155173,0.5829010875895619,0.2787746916400835,45.503349842980846,0.0,1.1367413429396378e-14,45.503349842980846,0.0,53478.988935219575,51600.0,140.58726212469875,1618.480001379344,0.0,-1.5006662579253316e-11,-1.9895196601282805e-13,0,0,0,0.0,0,0,True,1008,0,9.884794624239109e-11,1.2351618340323245e-13,3.959584379692122e-10,0.7523100000526028,1.3478623000423793,2.9566230000455107,0.5782870092106023,1.7408763682469726,-1.7408763682469726,0.6514614675991872,7.628230162393619,1138.9255721539712,0,11.719366451739376,11.499578282216767,1469.9216717155173,1500.0,-0.9589724969118834,0.001471084935297351,0.0,0.0,0.0,0.0,0.0,24000.0,15250.0,56.38616968065082,8663.535502034869,0.0,2.2737367544323206e-12,2.1316282072803006e-14,0,0,0,0.0,0,0,True,1008,0,9.884794624239109e-11,1.2351618340323245e-13,3.959584379692122e-10,0.7221400001071743,1.289600680047442,2.9566230000455107,0.28145500004939095,0.5543144199486959,1.8478389999927458,0.28145500004939095,0.5543144199486959,1.8478389999927458,0.28145500004939095,0.5543144199486959,1.8478389999927458,0.28145500004939095,0.5543144199486959,1.8478389999927458
1d51662afb815f886e6a892a9e4aa57a92f1f105af85fa83950794075ee6f9fd,Feb2022,550.0,True,180.0,swmpc,1,97.41666666666667,0.5301330974322425,1.5409275041893125,-1.2853634282946587,2.2727052008401945,5.199999999999999,1044.6849019327606,0,40.2815978149222,40.11772402407505,1350.0,1500.0,-1.1496208477765322,0.21483585060970112,45.5425736839061,0.0,1.5482693154225537e-14,45.5425736839061,0.0,77346.349373515,66850.0,196.71023915034857,10149.639134364665,0.0,1.6370904631912708e-11,6.252776074688882e-13,0,0,0,0.0,0,0,True,1008,0,6.458940757164045e-11,1.8552239134591688e-13,3.250500726257564e-10,0.7450440000411618,1.2035568800001764,2.0071599999482714,0.565269357801928,1.5409275041893125,-1.2853634282946587,1.4324256008041858,5.199999999999999,1044.6849019327606,0,25.188376006917892,25.28513373262731,1499.6095948963869,1469.9047396340152,0.6417155638337135,0.2769379799836045,45.5425736839061,0.0,1.1232732767054518e-14,45.5425736839061,0.0,45723.41992089465,44400.0,123.981228359536,1229.1435477975003,0.0,1.2732925824820995e-11,4.547473508864641e-13,0,0,0,0.0,0,0,True,1008,0,6.458940757164045e-11,1.8552239134591688e-13,3.250500726257564e-10,0.779111000042576,1.2286636798603463,2.0071599999482714,0.5379492037921354,1.5409275041893125,-1.2853634282946587,1.6232600045192123,5.199999999999999,1044.6849019327606,0,28.56226255919095,28.65373690197284,1350.0,1469.9047396340152,0.6417155638337135,0.2793940088999932,45.5425736839061,0.0,1.5482693154225537e-14,45.5425736839061,0.0,53346.349373515004,51600.0,140.4985844948672,1485.94604938613,0.0,8.185452315956354e-12,4.547473508864641e-13,0,0,0,0.0,0,0,True,1008,0,6.458940757164045e-11,1.8552239134591688e-13,3.250500726257564e-10,0.779111000042576,1.2286636798603463,2.0071599999482714,0.5034390092041127,1.3999666711315513,-0.9480446260422468,0.6494451963209822,7.622060436302044,1139.6473507623937,0,11.719335255731252,11.46398712210221,1469.9047396340152,1500.0,-1.1496208477765322,0.0014764291126040385,0.0,0.0,0.0,0.0,0.0,24000.0,15250.0,56.21165465548136,8663.693084978535,0.0,4.547473508864641e-13,1.4921397450962104e-13,0,0,0,0.0,0,0,True,1008,0,6.458940757164045e-11,1.8552239134591688e-13,3.250500726257564e-10,0.7450440000411618,1.2035568800001764,2.0071599999482714,0.2894419999392994,0.5553852700586497,0.88392899988321,0.2894419999392994,0.5553852700586497,0.88392899988321,0.2894419999392994,0.5553852700586497,0.88392899988321,0.2894419999392994,0.5553852700586497,0.88392899988321
1d51662afb815f886e6a892a9e4aa57a92f1f105af85fa83950794075ee6f9fd,Feb2022,550.0,True,180.0,swmpc,2,97.41666666666667,0.4761701624327894,1.511236839927733,-1.0099815279245377,2.284330222875981,5.199999999999999,1044.9620697718524,0,40.32598891950922,40.322928564300234,1350.0,1500.0,-0.021471007727086544,0.21409649445365952,45.514132096040804,0.0,1.158887502034895e-14,45.514132096040804,0.0,77509.60685415601,66850.0,197.71642370254784,10311.890430453466,0.0,5.4569682106375694e-12,9.094947017729282e-13,0,0,0,0.0,0,0,True,1008,0,6.620730481661569e-11,1.9889275977202552e-13,4.5256773026174046e-10,0.7101720000264322,1.194581799982188,2.6725839998107404,0.4606591923002111,1.413903085514903,-1.0099815279245377,1.4353445051852982,5.199999999999999,1044.9620697718524,0,25.231729329233797,25.33665814519557,1499.6411441872763,1469.9819582098974,0.2938873004168272,0.27582904369629324,45.514132096040804,0.0,1.158887502034895e-14,45.514132096040804,0.0,45886.80161521422,44400.0,124.23386929979178,1392.226931891816,0.0,6.366462912410498e-12,-5.684341886080802e-14,0,0,0,0.0,0,0,True,1008,0,6.620730481661569e-11,1.9889275977202552e-13,4.5256773026174046e-10,0.7376030000614264,1.213663449893829,1.3027269999383861,0.45284656668175216,1.413903085514903,-1.0099815279245377,1.6229707951042902,5.199999999999999,1044.9620697718524,0,28.60673912062025,28.648631786056914,1350.0,1469.9819582098974,0.2938873004168272,0.2784300547123587,45.514132096040804,0.0,1.158887502034895e-14,45.514132096040804,0.0,53509.60685415601,51600.0,140.4735524523682,1649.1513434937463,0.0,2.9558577807620168e-12,-8.526512829121202e-14,0,0,0,0.0,0,0,True,1008,0,6.620730481661569e-11,1.9889275977202552e-13,4.5256773026174046e-10,0.7376030000614264,1.213663449893829,1.3027269999383861,0.546213349046143,1.511236839927733,-0.8220397727563977,0.6613594277716908,7.6186874307992465,1139.2845942380038,0,11.71924979888897,11.67429677824332,1469.9819582098974,1500.0,-0.021471007727086544,0.001479351041302257,0.0,0.0,0.0,0.0,0.0,24000.0,15250.0,57.24287125017962,8662.73908695972,0.0,1.5916157281026244e-12,1.0089706847793423e-12,0,0,0,0.0,0,0,True,1008,0,6.620730481661569e-11,1.9889275977202552e-13,4.5256773026174046e-10,0.7101720000264322,1.194581799982188,2.6725839998107404,0.27475499996398867,0.4949457299971982,0.8023709999633866,0.27475499996398867,0.4949457299971982,0.8023709999633866,0.27475499996398867,0.4949457299971982,0.8023709999633866,0.27475499996398867,0.4949457299971982,0.8023709999633866
1d51662afb815f886e6a892a9e4aa57a92f1f105af85fa83950794075ee6f9fd,Feb2022,550.0,True,180.0,swmpc,3,97.41666666666667,0.4803071558531418,1.300475550815463,-1.2152651147916913,2.279545277717383,5.204017815753163,1044.6864608504502,0,40.30904652985778,40.23846485590901,1350.0,1500.0,-0.4951498480513692,0.21431945299561672,45.521772033222234,0.0,1.2536455687159422e-14,45.521772033222234,0.0,77395.42745431421,66850.0,197.30227068959937,10198.12518362463,0.0,2.000888343900442e-11,-1.7053025658242404e-13,0,0,0,0.0,0,0,True,1008,0,7.1710322561955e-11,1.0636575125888896e-13,4.0422358145310146e-10,0.7064259998514899,1.236751560163611,2.013532999853851,0.504736300420976,1.300475550815463,-1.2152651147916913,1.4414535759773015,5.205277212764516,1044.6864608504502,0,25.210138752971858,25.444495279544217,1500.0,1469.9464602930482,0.5877452464774251,0.2765156854856642,45.521772033222234,0.0,1.2536455687159422e-14,45.521772033222234,0.0,45765.15830269118,44400.0,124.76262981657065,1270.449212581585,0.0,2.0691004465334117e-11,3.552713678800501e-13,0,0,0,0.0,0,0,True,1008,0,7.1710322561955e-11,1.0636575125888896e-13,4.0422358145310146e-10,0.7313090000025113,1.249487550096546,2.013532999853851,0.5050446427523013,1.300475550815463,-1.2152651147916913,1.6243799746305785,5.204017815753163,1044.6864608504502,0,28.589725656984804,28.673506580779897,1350.0,1469.9464602930482,0.5877452464774251,0.2787205205219032,45.521772033222234,0.0,1.2536455687159422e-14,45.521772033222234,0.0,53395.42745431422,51600.0,140.5955216552021,1534.8854723659842,0.0,1.7962520360015333e-11,3.410605131648481e-13,0,0,0,0.0,0,0,True,1008,0,7.1710322561955e-11,1.0636575125888896e-13,4.0422358145310146e-10,0.7313090000025113,1.249487550096546,2.013532999853851,0.3874753753453501,0.9428811995312572,-0.9428811995312572,0.6551653030868045,7.618857631784813,1139.2525996528593,0,11.719320872872977,11.564958275129111,1469.9464602930482,1500.0,-0.4951498480513692,0.0014792035972661655,0.0,0.0,0.0,0.0,0.0,24000.0,15250.0,56.70674903439725,8663.239711258646,0.0,-4.320099833421409e-12,-5.329070518200751e-13,0,0,0,0.0,0,0,True,1008,0,7.1710322561955e-11,1.0636575125888896e-13,4.0422358145310146e-10,0.7064259998514899,1.236751560163611,2.013532999853851,0.27604199999586854,0.542069830055425,1.2746239999614772,0.27604199999586854,0.542069830055425,1.2746239999614772,0.27604199999586854,0.542069830055425,1.2746239999614772,0.27604199999586854,0.542069830055425,1.2746239999614772
1d51662afb815f886e6a892a9e4aa57a92f1f105af85fa83950794075ee6f9fd,Feb2022,550.0,True,180.0,swmpc,4,97.41666666666667,0.5512480705980902,2.026955973356962,-1.6469343695789576,2.2844379895701477,5.199999999999999,1044.5479402403435,0,40.30888656954887,40.32483085875256,1350.0,1500.0,0.11185309942811728,0.21428516622161276,45.524682335884215,0.0,1.781494756274033e-14,45.524682335884215,0.0,77467.69899584909,66850.0,197.72575127049262,10269.973244578601,0.0,5.4569682106375694e-12,-2.5579538487363607e-13,0,0,0,0.0,0,0,True,1008,0,5.7229309804623695e-11,1.313054807763385e-13,5.472789537113054e-10,0.7279889998699218,1.2263681601143614,3.517238999847905,0.533140757628411,2.026955973356962,-1.1321205738931894,1.4421812921640647,5.199999999999999,1044.5479402403435,0,25.214855304259107,25.457340903841366,1499.862386879266,1469.9974346423933,0.6289294641464949,0.2761467342987436,45.524682335884215,0.0,1.781494756274033e-14,45.524682335884215,0.0,45841.40694911639,44400.0,124.82561608732765,1346.4462852659315,0.0,-3.637978807091713e-12,0.0,0,0,0,0.0,0,0,True,1008,0,5.7229309804623695e-11,1.313054807763385e-13,5.472789537113054e-10,0.76298199996927,1.2615797098828805,3.517238999847905,0.5302615724302412,2.026955973356962,-1.3839762387797236,1.624703403354067,5.199999999999999,1044.5479402403435,0,28.58956406165795,28.679215734903952,1350.0,1469.9974346423933,0.6289294641464949,0.27867589705569484,45.524682335884215,0.0,1.781494756274033e-14,45.524682335884215,0.0,53467.698995849096,51600.0,140.6235154933476,1607.0780457133483,0.0,-6.59383658785373e-12,0.0,0,0,0,0.0,0,0,True,1008,0,5.7229309804623695e-11,1.313054807763385e-13,5.472789537113054e-10,0.76298199996927,1.2615797098828805,3.517238999847905,0.6155375625330557,1.7495781434699893,-1.6469343695789576,0.6597345862160806,7.619001755997336,1138.5487320089208,0,11.719322507890919,11.64561512384861,1469.9974346423933,1500.0,0.11185309942811728,0.0014790787437279906,0.0,0.0,0.0,0.0,0.0,24000.0,15250.0,57.10223577714502,8662.895198865255,0.0,7.275957614183426e-12,-2.4868995751603507e-13,0,0,0,0.0,0,0,True,1008,0,5.7229309804623695e-11,1.313054807763385e-13,5.472789537113054e-10,0.7279889998699218,1.2263681601143614,3.517238999847905,0.2802630001497164,0.5484543400802975,0.7822410000244417,0.2802630001497164,0.5484543400802975,0.7822410000244417,0.2802630001497164,0.5484543400802975,0.7822410000244417,0.2802630001497164,0.5484543400802975,0.7822410000244417
1d51662afb815f886e6a892a9e4aa57a92f1f105af85fa83950794075ee6f9fd,Feb2022,550.0,True,180.0,swmpc_nosw,0,97.41666666666667,0.470749687571518,1.5972367962822318,-1.5972367962822318,2.277650365238065,5.201565912046501,1044.2210696865225,0,40.31727100869742,40.205015917671105,1350.0,1500.0,-0.7875011879950762,0.21395294031299728,45.47744761820811,0.0,1.4042373450990432e-14,45.47744761820811,0.0,77504.527377602,66850.0,197.13825967451518,10307.389117927496,0.0,7.275957614183426e-12,-7.389644451905042e-13,0,0,0,0.0,0,0,True,1008,0,7.32789572217941e-11,1.233206286773278e-13,3.1206177729304506e-10,0.7099719998677756,1.1179347999859586,5.826735000027838,0.4309498490175746,1.2114446153864264,-1.027126032859087,1.436518184206871,5.201565912046501,1044.2210696865225,0,25.223831329638184,25.357375892073968,1499.280155544727,1469.9210007267286,0.49499614629894495,0.27555453817278264,45.47744761820811,0.0,1.4042373450990432e-14,45.47744761820811,0.0,45885.43777960827,44400.0,124.33545514600425,1390.4614792802586,0.0,-5.4569682106375694e-12,-2.7000623958883807e-13,0,0,0,0.0,0,0,True,1008,0,7.32789572217941e-11,1.233206286773278e-13,3.1206177729304506e-10,0.7334975000503619,1.1449471301057195,5.826735000027838,0.451554729457667,1.5972367962822318,-1.5972367962822318,1.624095739592516,5.201565912046501,1044.2210696865225,0,28.597929322148715,28.668489272414707,1350.0,1469.9210007267286,0.49499614629894495,0.27824528134494597,45.47744761820811,0.0,1.4042373450990432e-14,45.47744761820811,0.0,53504.527377602004,51600.0,140.57092016166348,1644.0354567136178,0.0,5.9117155615240335e-12,-3.126388037344441e-13,0,0,0,0.0,0,0,True,1008,0,7.32789572217941e-11,1.233206286773278e-13,3.1206177729304506e-10,0.7334975000503619,1.1449471301057195,5.826735000027838,0.5292581577669304,1.399735969491303,-1.399735969491303,0.6535546256455491,7.627147062117279,1138.9560519801043,0,11.719341686548702,11.536526645256398,1469.9210007267286,1500.0,-0.7875011879950762,0.0014720230664259093,0.0,0.0,0.0,0.0,0.0,24000.0,15250.0,56.56733951285172,8663.353661213878,0.0,1.5916157281026244e-12,-4.263256414560601e-13,0,0,0,0.0,0,0,True,1008,0,7.32789572217941e-11,1.233206286773278e-13,3.1206177729304506e-10,0.7099719998677756,1.1179347999859586,5.826735000027838,0.26961200001096586,0.474091599985513,0.9504950000973622,0.26961200001096586,0.474091599985513,0.9504950000973622,0.26961200001096586,0.474091599985513,0.9504950000973622,0.26961200001096586,0.474091599985513,0.9504950000973622
1d51662afb815f886e6a892a9e4aa57a92f1f105af85fa83950794075ee6f9fd,Feb2022,550.0,True,180.0,swmpc_nosw,1,97.41666666666667,0.4899530680815533,1.4955918723717332,-1.0659640710800886,2.27492757262356,5.20009452120833,1044.4923845311353,0,40.30045455057265,40.15695326412399,1350.0,1500.0,-1.0067017693072557,0.21427141558270313,45.49947337195131,0.0,1.5482693154225537e-14,45.49947337195131,0.0,77422.56484475153,66850.0,196.9025928638107,10225.662251887727,0.0,1.0913936421275139e-11,3.694822225952521e-13,0,0,0,0.0,0,0,True,1008,0,7.754529159273867e-11,1.1147813213382021e-13,4.480455176324811e-10,0.7272180000654771,1.2366328001735358,2.8437729999950534,0.5090634490275985,1.440461820922792,-1.0659640710800886,1.4305556637274088,5.20009452120833,1044.4923845311353,0,25.20721108487257,25.252125659446126,1499.4151456599527,1469.906034776276,0.3975005066022277,0.2760902669206625,45.49947337195131,0.0,1.5208598043709273e-14,45.49947337195131,0.0,45799.52463227762,44400.0,123.819379049104,1305.2143641121959,0.0,1.3642420526593924e-12,-5.542233338928781e-13,0,0,0,0.0,0,0,True,1008,0,7.754529159273867e-11,1.1147813213382021e-13,4.480455176324811e-10,0.7533020000209945,1.2461533499936193,2.8437729999950534,0.4860808666265817,1.440461820922792,-1.0659640710800886,1.6223569553582535,5.20009452120833,1044.4923845311353,0,28.581134018307104,28.637796305275042,1350.0,1469.906034776276,0.3975005066022277,0.2786590733237334,45.49947337195131,0.0,1.5482693154225537e-14,45.49947337195131,0.0,53422.564844751534,51600.0,140.42042256856308,1562.2383874067,0.0,5.002220859751105e-12,-5.684341886080801e-13,0,0,0,0.0,0,0,True,1008,0,7.754529159273867e-11,1.1147813213382021e-13,4.480455176324811e-10,0.7533020000209945,1.2461533499936193,2.8437729999950534,0.5025381738819545,1.4955918723717332,-0.915481704287231,0.6525706172653065,7.6231510049099205,1139.7279392669705,0,11.719320532265549,11.51915695884895,1469.906034776276,1500.0,-1.0067017693072557,0.0014754844254613042,0.0,0.0,0.0,0.0,0.0,24000.0,15250.0,56.48217029524762,8663.423864481028,0.0,-9.094947017729282e-13,9.521272659185342e-13,0,0,0,0.0,0,0,True,1008,0,7.754529159273867e-11,1.1147813213382021e-13,4.480455176324811e-10,0.7272180000654771,1.2366328001735358,2.8437729999950534,0.27513549991908803,0.5365478300473114,2.3607140001331572,0.27513549991908803,0.5365478300473114,2.3607140001331572,0.27513549991908803,0.5365478300473114,2.3607140001331572,0.27513549991908803,0.5365478300473114,2.3607140001331572
1d51662afb815f886e6a892a9e4aa57a92f1f105af85fa83950794075ee6f9fd,Feb2022,550.0,True,180.0,swmpc_nosw,2,97.41666666666667,0.4397544512534617,1.5080589558929205,-0.9369299300014973,2.2850981688711616,5.199999999999999,1044.7443277661491,0,40.32479812508748,40.33648432396863,1350.0,1500.0,0.08198067918419838,0.21382497644754317,45.483482610465686,0.0,1.3319565969666662e-14,45.483482610465686,0.0,77521.44646356469,66850.0,197.78289199782301,10323.663571566878,0.0,1.4551915228366852e-11,-6.536993168992922e-13,0,0,0,0.0,0,0,True,1008,0,5.774333192767322e-11,1.689891042060116e-13,5.462447833534187e-10,0.7025810000413912,1.2745499200263912,3.573855000013282,0.3939076108372105,1.5080589558929205,-0.9369299300014973,1.433301383762112,5.200021983878598,1044.7443277661491,0,25.230522938471594,25.300593027127206,1499.4632512590763,1469.9601863314667,0.166479024104774,0.27542482169908566,45.483482610465686,0.0,1.3319565969666662e-14,45.483482610465686,0.0,45898.499480847284,44400.0,124.05703030473863,1403.9455154701552,0.0,4.547473508864641e-13,-2.7000623958883807e-13,0,0,0,0.0,0,0,True,1008,0,5.774333192767322e-11,1.689891042060116e-13,5.462447833534187e-10,0.730322499975955,1.4104418400142968,3.573855000013282,0.39571147529369655,1.5080589558929205,-0.9369299300014973,1.6218748093419622,5.199999999999999,1044.7443277661491,0,28.60555450663726,28.629285478259952,1350.0,1469.9601863314667,0.166479024104774,0.278077019872794,45.483482610465686,0.0,1.3319565969666662e-14,45.483482610465686,0.0,53521.44646356469,51600.0,140.3786912176891,1661.1075860155377,0.0,6.139089236967266e-12,-2.8421709430404007e-13,0,0,0,0.0,0,0,True,1008,0,5.774333192767322e-11,1.689891042060116e-13,5.462447833534187e-10,0.730322499975955,1.4104418400142968,3.573855000013282,0.5612424451133294,1.4145298330113292,-0.5158582655712962,0.6632233595291994,7.6211249374161785,1139.2796359634065,0,11.719243618450221,11.707198845708675,1469.9601863314667,1500.0,0.08198067918419838,0.0014772394880256945,0.0,0.0,0.0,0.0,0.0,24000.0,15250.0,57.40420078013392,8662.555985551342,0.0,9.777068044058979e-12,-4.050093593832571e-13,0,0,0,0.0,0,0,True,1008,0,5.774333192767322e-11,1.689891042060116e-13,5.462447833534187e-10,0.7025810000413912,1.2745499200263912,3.573855000013282,0.2656555000157823,0.49838373010743386,1.9140389999847685,0.2656555000157823,0.49838373010743386,1.9140389999847685,0.2656555000157823,0.49838373010743386,1.9140389999847685,0.2656555000157823,0.49838373010743386,1.9140389999847685
1d51662afb815f886e6a892a9e4aa57a92f1f105af85fa83950794075ee6f9fd,Feb2022,550.0,True,180.0,swmpc_nosw,3,97.41666666666667,0.4727053866584695,1.291065352037549,-1.291065352037549,2.281319042052456,5.204077052158727,1044.4144739644598,0,40.317369236653256,40.26977529073894,1350.0,1500.0,-0.3338841497898102,0.21385477593812763,45.4896365481338,0.0,1.2216267083496926e-14,45.4896365481338,0.0,77448.29030085682,66850.0,197.45579592746185,10250.834504929346,0.0,-1.6370904631912708e-11,5.684341886080801e-13,0,0,0,0.0,0,0,True,1008,0,6.296234398129197e-11,1.373620297393701e-13,4.5523848369300955e-10,0.7433920000039507,1.2269351999657374,4.044584999974177,0.4970481259353521,1.291065352037549,-1.291065352037549,1.4384234928997186,5.206322328300686,1044.4144739644598,0,25.21846119034717,25.391008343961225,1499.8781318068443,1469.928942410495,0.26472286880016327,0.27581876100554004,45.4896365481338,0.0,1.2216267083496926e-14,45.4896365481338,0.0,45817.87200478984,44400.0,124.5003659881533,1323.3208281980203,0.0,-1.432454155292362e-11,5.115907697472721e-13,0,0,0,0.0,0,0,True,1008,0,6.296234398129197e-11,1.373620297393701e-13,4.5523848369300955e-10,0.7778839999446063,1.2362461900761443,4.044584999974177,0.494213731097189,1.291065352037549,-1.291065352037549,1.622243191919434,5.204077052158727,1044.4144739644598,0,28.598053000384734,28.63578815646626,1350.0,1469.928942410495,0.26472286880016327,0.2781159996801469,45.4896365481338,0.0,1.2216267083496926e-14,45.4896365481338,0.0,53448.290300856825,51600.0,140.4105759623046,1587.9507824840064,0.0,-1.864464138634503e-11,5.115907697472721e-13,0,0,0,0.0,0,0,True,1008,0,6.296234398129197e-11,1.373620297393701e-13,4.5523848369300955e-10,0.7778839999446063,1.2362461900761443,4.044584999974177,0.39334280973598795,0.92006850335747,-0.9189797202125192,0.6590758501330221,7.621749125180177,1139.2392364507737,0,11.719316236268522,11.633987134272683,1469.928942410495,1500.0,-0.3338841497898102,0.0014766987841763335,0.0,0.0,0.0,0.0,0.0,24000.0,15250.0,57.045219965157244,8662.883722445338,0.0,4.547473508864641e-13,4.973799150320701e-14,0,0,0,0.0,0,0,True,1008,0,6.296234398129197e-11,1.373620297393701e-13,4.5523848369300955e-10,0.7433920000039507,1.2269351999657374,4.044584999974177,0.2853409999943324,0.5602884299082689,3.5221160001128737,0.2853409999943324,0.5602884299082689,3.5221160001128737,0.2853409999943324,0.5602884299082689,3.5221160001128737,0.2853409999943324,0.5602884299082689,3.5221160001128737
1d51662afb815f886e6a892a9e4aa57a92f1f105af85fa83950794075ee6f9fd,Feb2022,550.0,True,180.0,swmpc_nosw,4,97.41666666666667,0.4700790968160466,1.6649470599368215,-1.3641474284231663,2.2855986152789387,5.200000000000001,1044.3748259162455,0,40.31417514253222,40.3453181889451,1350.0,1500.0,0.2184770591557026,0.21401875125246173,45.48880176481157,0.0,1.5327586248183645e-14,45.48880176481157,0.0,77490.8221693566,66850.0,197.82620730881024,10292.9959620478,0.0,9.094947017729282e-12,-2.8421709430404007e-13,0,0,0,0.0,0,0,True,1008,0,6.746976690878839e-11,1.4933096914185173e-13,6.538579783608132e-10,0.7130459998734295,1.1109398800545014,2.1321179999631568,0.44314218882553813,1.2714586490765214,-1.2714586490765214,1.43954221421812,5.200000000000001,1044.3748259162455,0,25.220133478409767,25.41075597911157,1499.687260832821,1469.9692716486147,0.3767711305990815,0.27575055636805856,45.48880176481157,0.0,1.1596895314950728e-14,45.48880176481157,0.0,45864.33971644685,44400.0,124.59719506127767,1369.4605105697815,0.0,5.002220859751105e-12,-8.242295734817162e-13,0,0,0,0.0,0,0,True,1008,0,6.746976690878839e-11,1.4933096914185173e-13,6.538579783608132e-10,0.7365170000639409,1.1673591099292917,2.1321179999631568,0.45042238531268874,1.306880408897996,-1.306880408897996,1.622967028816996,5.200000000000001,1044.3748259162455,0,28.594857981271286,28.6485653036665,1350.0,1469.9692716486147,0.3767711305990815,0.27832951828623764,45.48880176481157,0.0,1.5327586248183645e-14,45.48880176481157,0.0,53490.8221693566,51600.0,140.47322646760097,1630.3796712403912,0.0,5.6843418860808015e-12,-7.673861546209082e-13,0,0,0,0.0,0,0,True,1008,0,6.746976690878839e-11,1.4933096914185173e-13,6.538579783608132e-10,0.7365170000639409,1.1673591099292917,2.1321179999631568,0.5298807886175996,1.6649470599368215,-1.3641474284231663,0.6626315864619428,7.621473458539622,1138.760700529731,0,11.719317161260935,11.696752885278599,1469.9692716486147,1500.0,0.2184770591557026,0.001476937580179416,0.0,0.0,0.0,0.0,0.0,24000.0,15250.0,57.35298084120926,8662.61629080741,0.0,4.092726157978177e-12,4.831690603168681e-13,0,0,0,0.0,0,0,True,1008,0,6.746976690878839e-11,1.4933096914185173e-13,6.538579783608132e-10,0.7130459998734295,1.1109398800545014,2.1321179999631568,0.26827049998701114,0.4872649599769829,1.0281820000273,0.26827049998701114,0.4872649599769829,1.0281820000273,0.26827049998701114,0.4872649599769829,1.0281820000273,0.26827049998701114,0.4872649599769829,1.0281820000273
1d51662afb815f886e6a892a9e4aa57a92f1f105af85fa83950794075ee6f9fd,Mar2015,400.0,False,0.0,pid_lowdrag_preview,0,96.33333333333333,1.541308945745775,6.26647774130106,-5.308039559982717,40.70725691801898,6.972012574920267,1117.5857176624536,0,718.809175125752,718.5632778991688,1350.0,1500.0,-1.6695956625044346,0.23203612759252945,0.0,0.0,0.0,0.0,0.0,77719.86075556197,65000.0,3523.34928460493,9046.511470957017,0.0,-2.000888343900442e-11,1.5006662579253316e-11,0,0,0,0.0,0,0,True,0,0,,,,0.15939100001105544,0.2860617698456734,0.6064249998871674,1.5330331674251594,6.26647774130106,-4.567946584895253,26.291822969535634,6.978888557431247,1117.5857176624536,0,464.06114763794426,464.1024703035506,1203.6225843540778,1301.1745792910856,0.27729934733361006,0.2982230350967876,0.0,0.0,0.0,0.0,0.0,47425.59986023411,43200.0,2275.6452452011617,1852.4026200959179,0.0,-2.5920599000528455e-11,-1.1823431123048067e-11,0,0,0,0.0,0,0,True,0,0,,,,0.16020649991332903,0.3075928498856217,0.6064249998871674,1.510658730348041,6.26647774130106,-4.567946584895253,29.64551971951359,6.972012574920267,1117.5857176624536,0,523.2609702813153,523.301824723259,1350.0,1301.1745792910856,0.27729934733361006,0.2990241794820975,0.0,0.0,0.0,0.0,0.0,55069.86075556196,50400.0,2565.9189197111787,2152.767256559674,0.0,-2.1827872842550278e-11,-1.0913936421275139e-11,0,0,0,0.0,0,0,True,0,0,,,,0.16020649991332903,0.3075928498856217,0.6064249998871674,1.642726525874867,5.308039559982717,-5.308039559982717,11.061737198505387,8.463002937299423,1119.4763460275483,0,195.54820484443667,195.26145317590988,1301.1745792910856,1500.0,-1.6695956625044346,0.000789701891555028,0.0,0.0,0.0,0.0,0.0,22650.0,14600.0,957.430364893751,6893.744214397341,0.0,6.821210263296962e-12,2.5579538487363607e-11,0,0,0,0.0,0,0,True,0,0,,,,0.15939100001105544,0.2860617698456734,0.6064249998871674,,,,,,,,,,,,
1d51662afb815f886e6a892a9e4aa57a92f1f105af85fa83950794075ee6f9fd,Mar2015,400.0,False,0.0,pid_lowdrag_preview,1,96.33333333333333,1.5855172798785684,6.8905286164954305,-4.968410225585103,40.71799721761308,6.958421568028311,1119.257698816919,0,719.0782351967212,718.7528653453886,1350.0,1500.0,-2.2091830046847463,0.23182779929956132,0.0,0.0,0.0,0.0,0.0,77756.16544682224,65000.0,3524.278893469662,9081.8865533526,0.0,2.1827872842550278e-11,-2.0463630789890885e-11,0,0,0,0.0,0,0,True,0,0,,,,0.1775329999418318,0.41796591003958383,1.251048000085575,1.5936763948714603,6.8905286164954305,-4.968410225585103,26.318485530553822,6.958421568028311,1119.257698816919,0,464.28599948511936,464.5731170307703,1204.112773847834,1299.1800459199806,2.4449614342302084,0.2979364039022182,0.0,0.0,0.0,0.0,0.0,47455.406051693084,43200.0,2277.9529790648976,1882.3858005560458,0.0,5.9117155615240335e-12,-3.183231456205249e-12,0,0,0,0.0,0,0,True,0,0,,,,0.19231999999647087,0.42552093017547993,0.9805600000163395,1.538913189859048,6.8905286164954305,-4.968410225585103,29.67765415461112,6.958421568028311,1119.257698816919,0,523.5089227586456,523.869060807571,1350.0,1299.1800459199806,2.4449614342302084,0.2988012129060552,0.0,0.0,0.0,0.0,0.0,55106.165446822255,50400.0,2568.700262584278,2188.285138317996,0.0,-6.821210263296962e-13,-4.092726157978177e-12,0,0,0,0.0,0,0,True,0,0,,,,0.19231999999647087,0.42552093017547993,0.9805600000163395,1.7368140430326935,5.482800372876227,-4.473240097053349,11.040343063001963,8.642746974934314,1119.7707729285423,0,195.5693124380756,194.88380453781758,1299.1800459199806,1500.0,-2.2091830046847463,0.0006319057538562989,0.0,0.0,0.0,0.0,0.0,22650.0,14600.0,955.5786308853833,6893.6014150346045,0.0,7.048583938740194e-12,-1.6825651982799172e-11,0,0,0,0.0,0,0,True,0,0,,,,0.1775329999418318,0.41796591003958383,1.251048000085575,,,,,,,,,,,,
1d51662afb815f886e6a892a9e4aa57a92f1f105af85fa83950794075ee6f9fd,Mar2015,400.0,False,0.0,pid_lowdrag_preview,2,96.33333333333333,1.6110307997392384,5.5302272429689765,-5.5302272429689765,40.737902833977664,6.954998419568011,1116.734277768488,0,719.0395672247317,719.1042386882879,1350.0,1500.0,0.43898423574864864,0.23186574377241886,0.0,0.0,0.0,0.0,0.0,77743.73430730129,65000.0,3526.0017911662435,9067.732516135044,0.0,-1.8189894035458565e-12,-9.094947017729282e-12,0,0,0,0.0,0,0,True,0,0,,,,0.16231000006428076,0.2666119200102912,0.491922000037448,1.6245142839105626,5.5302272429689765,-5.5302272429689765,26.284031870534342,6.967852505892134,1116.9839076122962,0,464.24798197990805,463.96494205771245,1203.751360393896,1301.679950211266,-1.4641929483041167,0.29799325848423097,0.0,0.0,0.0,0.0,0.0,47444.15453097408,43200.0,2274.9708995151423,1871.2550416415663,0.0,-4.547473508864641e-12,-8.185452315956354e-12,0,0,0,0.0,0,0,True,0,0,,,,0.16486900005929783,0.2674285899774985,0.40747500020188454,1.5884225210980412,5.5302272429689765,-5.5302272429689765,29.644209737110906,6.954998419568011,1116.9839076122962,0,523.4943569686282,523.2787009531859,1350.0,1301.679950211266,-1.4641929483041167,0.29880045529609534,0.0,0.0,0.0,0.0,0.0,55093.734307301296,50400.0,2565.8055363512894,2176.248820738734,0.0,-6.59383658785373e-12,-8.640199666842818e-12,0,0,0,0.0,0,0,True,0,0,,,,0.16486900005929783,0.2674285899774985,0.40747500020188454,1.6867488329616596,4.365545550361276,-4.140179845504463,11.093693096866758,8.447377667365487,1116.734277768488,0,195.5452102561036,195.825537735102,1301.679950211266,1500.0,0.43898423574864864,0.0008034519372617233,0.0,0.0,0.0,0.0,0.0,22650.0,14600.0,960.1962548149546,6891.48369539631,0.0,-6.821210263296962e-13,-1.1368683772161603e-13,0,0,0,0.0,0,0,True,0,0,,,,0.16231000006428076,0.2666119200102912,0.491922000037448,,,,,,,,,,,,
1d51662afb815f886e6a892a9e4aa57a92f1f105af85fa83950794075ee6f9fd,Mar2015,400.0,False,0.0,pid_lowdrag_preview,3,96.33333333333333,1.5922098015614792,7.713189531117678,-5.301102936267853,40.75861150581249,6.971265173545078,1118.820411008534,0,719.1061586641987,719.4697875422546,1350.0,1500.0,2.4687663493677974,0.23177912786187627,0.0,0.0,0.0,0.0,0.0,77765.40765353438,65000.0,3527.79419600063,9087.613457533738,0.0,-9.094947017729282e-12,-6.366462912410498e-12,0,0,0,0.0,0,0,True,0,0,,,,0.17129349987499154,0.3527684201480952,1.341285000080461,1.5901894378783221,6.908886673860252,-5.301102936267853,26.312092109028097,6.975498901545332,1118.820411008534,0,464.23856552063285,464.460260545798,1204.9747166044617,1302.3733984435146,0.6737735001370311,0.2979956041679541,0.0,0.0,0.0,0.0,0.0,47448.64325016,43200.0,2277.39960704073,1873.8449612802137,0.0,-2.5011104298755527e-12,-7.73070496506989e-12,0,0,0,0.0,0,0,True,0,0,,,,0.16895500004920905,0.35505352002019197,1.341285000080461,1.5863959471233842,7.713189531117678,-5.301102936267853,29.66551686592639,6.971265173545078,1118.820411008534,0,523.555562099945,523.6548137518239,1350.0,1302.3733984435146,0.6737735001370311,0.2986972743232791,0.0,0.0,0.0,0.0,0.0,55115.40765353438,50400.0,2567.649739639667,2195.3845154511946,0.0,-1.1368683772161603e-12,-7.73070496506989e-12,0,0,0,0.0,0,0,True,0,0,,,,0.16895500004920905,0.35505352002019197,1.341285000080461,1.6121184373736772,4.381676694378257,-4.381676694378257,11.0930946398861,8.4808397497717,1118.9327444792573,0,195.55059656425374,195.8149737904307,1302.3733984435146,1500.0,2.4687663493677974,0.000774019529362846,0.0,0.0,0.0,0.0,0.0,22650.0,14600.0,960.1444563609637,6892.228942082543,0.0,-7.958078640513122e-12,2.2737367544323206e-12,0,0,0,0.0,0,0,True,0,0,,,,0.17129349987499154,0.3527684201480952,1.341285000080461,,,,,,,,,,,,
1d51662afb815f886e6a892a9e4aa57a92f1f105af85fa83950794075ee6f9fd,Mar2015,400.0,False,0.0,pid_lowdrag_preview,4,96.33333333333333,1.6524406876806847,5.916626940481365,-5.182946554385126,40.745323852561654,6.948175113090024,1118.719602989185,0,718.9910420452843,719.2352342857116,1350.0,1500.0,1.657841413281858,0.2319353572414321,0.0,0.0,0.0,0.0,0.0,77740.0193183813,65000.0,3526.6441051539487,9063.37521322735,0.0,1.8189894035458565e-12,5.4569682106375694e-12,0,0,0,0.0,0,0,True,0,0,,,,0.16036700003496662,0.2569776200289198,0.4806549998193077,1.585142461568038,5.916626940481365,-4.433520125225186,26.292730484193207,6.948175113090024,1118.719602989185,0,464.23243696556614,464.11848972506675,1203.947776775087,1304.1402822695254,-1.660872950218618,0.2980702302800011,0.0,0.0,0.0,0.0,0.0,47442.05119807602,43200.0,2275.723793631156,1866.1348989504288,0.0,2.7284841053187847e-12,6.821210263296962e-12,0,0,0,0.0,0,0,True,0,0,,,,0.16166900013558916,0.2578626598733535,0.3215260001070419,1.5613754372608895,5.916626940481365,-4.433520125225186,29.63976539631005,6.948175113090024,1118.719602989185,0,523.4448754303037,523.200249582706,1350.0,1304.1402822695254,-1.660872950218618,0.2988898561389435,0.0,0.0,0.0,0.0,0.0,55090.019318381295,50400.0,2565.4208637851148,2170.4581723266624,0.0,7.275957614183426e-12,7.275957614183426e-12,0,0,0,0.0,0,0,True,0,0,,,,0.16166900013558916,0.2578626598733535,0.3215260001070419,1.934130979032122,5.7174327448010445,-5.182946554385126,11.105558456251604,8.445893922186986,1119.0967994911355,0,195.54616661498062,196.03498470300565,1304.1402822695254,1500.0,1.657841413281858,0.0008047583075572184,0.0,0.0,0.0,0.0,0.0,22650.0,14600.0,961.2232413688341,6892.917040900687,0.0,-3.637978807091713e-12,-1.3642420526593924e-12,0,0,0,0.0,0,0,True,0,0,,,,0.16036700003496662,0.2569776200289198,0.4806549998193077,,,,,,,,,,,,
1d51662afb815f886e6a892a9e4aa57a92f1f105af85fa83950794075ee6f9fd,Mar2015,400.0,False,0.0,swmpc,0,96.33333333333333,1.3954869922687971,5.496765381656587,-5.307989650405943,40.47290426450576,5.108842503760288,1117.5971698908495,0,714.6723943874448,714.4264918899325,1350.0,1500.0,-1.6695974608883262,0.2178390607249996,34.62165381976174,0.0,1.1736997568507456e-14,34.62165381976174,0.0,76040.46329237905,65000.0,3503.0652783461906,7387.398014032842,0.0,-1.6370904631912708e-11,1.1368683772161603e-11,0,0,0,0.0,0,0,True,1008,0,1.7164578146549465e-11,2.508919980109106e-13,2.584695340542878e-10,0.7215345000304296,1.2769727999193492,2.199711000002935,1.3340838902397105,5.496765381656587,-3.7202554792165756,26.05356147435958,5.586401236455162,1117.5971698908495,0,459.98236930237033,459.8966855385515,1233.4325167466711,1300.7318006368696,0.4129279786720872,0.281647128920003,34.62165381976174,0.0,1.1736997568507456e-14,34.62165381976174,0.0,45963.1454992941,43200.0,2255.0229156183204,440.82329978558596,0.0,5.002220859751105e-12,5.002220859751105e-12,0,0,0,0.0,0,0,True,1008,0,1.7164578146549465e-11,2.508919980109106e-13,2.584695340542878e-10,0.7585899999185131,1.2995267098722243,1.94626799998332,1.3151753673271946,5.496765381656587,-3.7202554792165756,29.409838629466233,5.108842503760288,1117.5971698908495,0,519.0807622684398,519.1415891921794,1350.0,1300.7318006368696,0.4129279786720872,0.28080498884075844,34.62165381976174,0.0,1.1736997568507456e-14,34.62165381976174,0.0,53390.46329237904,50400.0,2545.519932825745,494.2115589164232,0.0,-3.637978807091713e-12,3.637978807091713e-12,0,0,0,0.0,0,0,True,1008,0,1.7164578146549465e-11,2.508919980109106e-13,2.584695340542878e-10,0.7585899999185131,1.2995267098722243,1.94626799998332,1.6428293673954053,5.307989650405943,-5.307989650405943,11.063065635039525,8.960239186100724,1119.476348362819,0,195.591632119005,195.28490269775318,1300.7318006368696,1500.0,-1.6695974608883262,0.00047722668155825154,0.0,0.0,0.0,0.0,0.0,22650.0,14600.0,957.5453455204447,6893.18645511642,0.0,-5.4569682106375694e-12,6.480149750132114e-12,0,0,0,0.0,0,0,True,1008,0,1.7164578146549465e-11,2.508919980109106e-13,2.584695340542878e-10,0.7215345000304296,1.2769727999193492,2.199711000002935,0.29000300003190205,0.5495138800051789,1.4285770000697084,0.29000300003190205,0.5495138800051789,1.4285770000697084,0.29000300003190205,0.5495138800051789,1.4285770000697084,0.29000300003190205,0.5495138800051789,1.4285770000697084
1d51662afb815f886e6a892a9e4aa57a92f1f105af85fa83950794075ee6f9fd,Mar2015,400.0,False,0.0,swmpc,1,96.33333333333333,1.3669479054127875,5.482795438729227,-4.473237914964557,40.472645835563114,4.956276942593465,1118.370682681025,0,714.747305943721,714.4219301099831,1350.0,1500.0,-2.2091837087646127,0.2175462270721289,34.6504994255121,0.0,1.2193138319140785e-14,34.6504994255121,0.0,76038.75936760132,65000.0,3503.0429104565537,7385.716457144779,0.0,1.2732925824820995e-11,1.1823431123048067e-11,0,0,0,0.0,0,0,True,1008,0,1.666625276704912e-11,2.17398663418151e-13,1.922267713983975e-10,0.7566819999738073,1.3087273097880823,3.19203899994136,1.2982866745013044,4.731371201574802,-3.750710300169885,26.056001756824077,5.61536203509872,1118.370682681025,0,459.96083103409364,459.9397613314027,1234.3592804515329,1300.21201438205,0.8015409363433719,0.28139361549515884,34.59612662029449,0.0,1.2193138319140785e-14,34.59612662029449,0.0,45959.930914645505,43200.0,2255.234130230302,438.84405048470717,0.0,2.114575181622058e-11,-1.3642420526593924e-11,0,0,0,0.0,0,0,True,1008,0,1.666625276704912e-11,2.17398663418151e-13,1.922267713983975e-10,0.799316499978886,1.3403527098807893,3.19203899994136,1.241737414986153,4.731371201574802,-3.750710300169885,29.417301694132814,4.956276942593465,1118.370682681025,0,519.1552593896095,519.2733269857785,1350.0,1300.21201438205,0.8015409363433719,0.280428406813249,34.6504994255121,0.0,1.2193138319140785e-14,34.6504994255121,0.0,53388.75936760132,50400.0,2546.165886042544,492.3814671767436,0.0,1.750777300912887e-11,-1.318767317570746e-11,0,0,0,0.0,0,0,True,1008,0,1.666625276704912e-11,2.17398663418151e-13,1.922267713983975e-10,0.799316499978886,1.3403527098807893,3.19203899994136,1.7309268309791452,5.482795438729227,-4.473237914964557,11.0553441414303,8.968048272697981,1119.7707744616148,0,195.59204655411156,195.14860312420467,1300.21201438205,1500.0,-2.2091837087646127,0.000473497006892476,0.0,0.0,0.0,0.0,0.0,22650.0,14600.0,956.8770244140098,6893.334989968037,0.0,-3.410605131648481e-12,2.523847797419876e-11,0,0,0,0.0,0,0,True,1008,0,1.666625276704912e-11,2.17398663418151e-13,1.922267713983975e-10,0.7566819999738073,1.3087273097880823,3.19203899994136,0.3040840000494427,0.6038054000146076,2.6371910000762,0.3040840000494427,0.6038054000146076,2.6371910000762,0.3040840000494427,0.6038054000146076,2.6371910000762,0.3040840000494427,0.6038054000146076,2.6371910000762
1d51662afb815f886e6a892a9e4aa57a92f1f105af85fa83950794075ee6f9fd,Mar2015,400.0,False,0.0,swmpc,2,96.33333333333333,1.433316995124693,4.7338547660037875,-4.141074018552899,40.49753898827131,5.135837707260327,1116.7416814081382,0,714.7966778372721,714.861343294785,1350.0,1500.0,0.4389814957976341,0.21747895482548985,34.61038640085189,0.0,1.4128740909413275e-14,34.61038640085189,0.0,76050.4478022442,65000.0,3505.1974961109363,7395.250306133267,0.0,-1.8189894035458565e-12,-1.6370904631912708e-11,0,0,0,0.0,0,0,True,1008,0,1.7273169163134208e-11,2.241140791838984e-13,2.427664321023315e-10,0.7087750001346649,1.538928190093429,2.1872219999750087,1.3933953304730082,4.7338547660037875,-3.8000976722687483,26.035676139594628,5.135837707260327,1117.7092951472314,0,459.97509280969246,459.58097414583455,1233.4992513839068,1302.402431592868,-1.2997373091056943,0.2813818599347486,34.61038640085189,0.0,1.4128740909413275e-14,34.61038640085189,0.0,45970.12940482091,43200.0,2253.474880053641,447.7513445583161,0.0,8.86757334228605e-12,-1.0913936421275139e-11,0,0,0,0.0,0,0,True,1008,0,1.7273169163134208e-11,2.241140791838984e-13,2.427664321023315e-10,0.738790000013978,1.5715179498397445,2.1872219999750087,1.3505952045828282,4.7338547660037875,-3.8000976722687483,29.400933210874122,5.135837707260327,1117.7092951472314,0,519.1758296201892,518.9843910103481,1350.0,1302.402431592868,-1.2997373091056943,0.2804016638410004,34.61038640085189,0.0,1.4128740909413275e-14,34.61038640085189,0.0,53400.447802244205,50400.0,2544.749139050831,503.2962316005039,0.0,-2.2737367544323206e-12,-1.1368683772161603e-11,0,0,0,0.0,0,0,True,1008,0,1.7273169163134208e-11,2.241140791838984e-13,2.427664321023315e-10,0.738790000013978,1.5715179498397445,2.1872219999750087,1.6880082950073667,4.366247129626572,-4.141074018552899,11.096605777397187,9.406096342546236,1116.7416814081382,0,195.62084821708288,195.87695228443692,1302.402431592868,1500.0,0.4389814957976341,0.00026631548427513696,0.0,0.0,0.0,0.0,0.0,22650.0,14600.0,960.4483570601051,6891.954074532763,0.0,2.2737367544323206e-13,-5.4569682106375694e-12,0,0,0,0.0,0,0,True,1008,0,1.7273169163134208e-11,2.241140791838984e-13,2.427664321023315e-10,0.7087750001346649,1.538928190093429,2.1872219999750087,0.2714500000138287,0.6024888400065704,1.2610740000127407,0.2714500000138287,0.6024888400065704,1.2610740000127407,0.2714500000138287,0.6024888400065704,1.2610740000127407,0.2714500000138287,0.6024888400065704,1.2610740000127407
1d51662afb815f886e6a892a9e4aa57a92f1f105af85fa83950794075ee6f9fd,Mar2015,400.0,False,0.0,swmpc,3,96.33333333333333,1.418893353786872,4.737562700174749,-4.381995955482125,40.49945434685324,4.706779644400891,1118.9515700541929,0,714.5315304016095,714.895153147019,1350.0,1500.0,2.468763517215848,0.21812927395573856,34.7197187384593,0.0,1.227669252238176e-14,34.7197187384593,0.0,76039.00793756726,65000.0,3505.3632768046173,7383.644660762652,0.0,4.547473508864641e-12,-9.094947017729282e-12,0,0,0,0.0,0,0,True,1008,0,1.6681354597324194e-11,2.528382212531917e-13,2.6904175547446247e-10,0.7021449999911056,1.1144224800727898,2.3037579999254376,1.3626158282791596,4.586130264215171,-3.6329465340822935,26.058918669204132,5.150719739411752,1119.6453215720676,0,459.85100254294207,459.99125058123036,1235.356187680834,1302.006919590087,0.1504697659984231,0.2817909792158204,34.59749506705661,0.0,1.2011253940269953e-14,34.59749506705661,0.0,45964.196359391644,43200.0,2255.4865987562102,442.05902872617844,0.0,-2.7284841053187847e-12,-5.4569682106375694e-12,0,0,0,0.0,0,0,True,1008,0,1.6681354597324194e-11,2.528382212531917e-13,2.6904175547446247e-10,0.7273480000549171,1.1245935599481527,2.3037579999254376,1.3580114526751843,4.737562700174749,-3.6329465340822935,29.398104405343002,4.706779644400891,1119.6453215720676,0,518.9122906363428,518.9344570199817,1350.0,1302.006919590087,0.1504697659984231,0.28123426765326565,34.7197187384593,0.0,1.227669252238176e-14,34.7197187384593,0.0,53389.00793756725,50400.0,2544.504296467501,492.49672150967604,0.0,1.3415046851150692e-11,-4.547473508864641e-12,0,0,0,0.0,0,0,True,1008,0,1.6681354597324194e-11,2.528382212531917e-13,2.6904175547446247e-10,0.7273480000549171,1.1245935599481527,2.3037579999254376,1.6114819052161238,4.381995955482125,-4.381995955482125,11.10134994151024,9.361085083459598,1118.9515700541929,0,195.61923976526668,195.9606961270373,1302.006919590087,1500.0,2.468763517215848,0.0002873779040017954,0.0,0.0,0.0,0.0,0.0,22650.0,14600.0,960.858980337116,6891.147939252976,0.0,5.4569682106375694e-12,-4.774847184307873e-12,0,0,0,0.0,0,0,True,1008,0,1.6681354597324194e-11,2.528382212531917e-13,2.6904175547446247e-10,0.7021449999911056,1.1144224800727898,2.3037579999254376,0.27014249997137085,0.45448109996868846,1.7704219999359339,0.27014249997137085,0.45448109996868846,1.7704219999359339,0.27014249997137085,0.45448109996868846,1.7704219999359339,0.27014249997137085,0.45448109996868846,1.7704219999359339
1d51662afb815f886e6a892a9e4aa57a92f1f105af85fa83950794075ee6f9fd,Mar2015,400.0,False,0.0,swmpc,4,96.33333333333333,1.4966158998780636,5.717432763427496,-5.182944750413299,40.49869485565844,4.673532190076528,1119.0968353786382,0,714.637560299177,714.8817466312378,1350.0,1500.0,1.6578395944088697,0.2178933352925848,34.68020741199091,0.0,1.1904164449904204e-14,34.68020741199091,0.0,76042.16058769889,65000.0,3505.2975403005967,7386.863047398296,0.0,1.8189894035458565e-12,-1.3642420526593924e-11,0,0,0,0.0,0,0,True,1008,0,1.7028507544215097e-11,2.225513147556556e-13,2.2495965259314464e-10,0.7691660000546108,1.62099295005646,12.668243000007351,1.3760090103235378,4.054759906604886,-3.487642769701779,26.061830893690612,5.3542316386469935,1119.2387094696733,0,459.9936741298341,460.0426570805031,1234.3213648017065,1302.181192601829,0.1978256870061159,0.28140929216182353,34.60795686739762,0.0,1.1904164449904204e-14,34.60795686739762,0.0,45970.89182521332,43200.0,2255.7386615292517,447.29333588396,0.0,1.1596057447604835e-11,1.000444171950221e-11,0,0,0,0.0,0,0,True,1008,0,1.7028507544215097e-11,2.225513147556556e-13,2.2495965259314464e-10,0.8304584999905273,1.9630420499856815,12.668243000007351,1.3429014077762713,4.054759906604886,-3.487642769701779,29.40435088303355,4.673532190076528,1119.2387094696733,0,519.015577106269,519.0447196567849,1350.0,1302.181192601829,0.1978256870061159,0.2809360830941984,34.68020741199091,0.0,1.1904164449904204e-14,34.68020741199091,0.0,53392.16058769889,50400.0,2545.044950011098,494.9344450859646,0.0,1.1368683772161603e-12,9.094947017729282e-12,0,0,0,0.0,0,0,True,1008,0,1.7028507544215097e-11,2.225513147556556e-13,2.2495965259314464e-10,0.8304584999905273,1.9630420499856815,12.668243000007351,1.9356122113555465,5.717432763427496,-5.182944750413299,11.094343972624891,9.40609634254624,1119.0968353786382,0,195.62198319290803,195.8370269744529,1302.181192601829,1500.0,1.6578395944088697,0.0002663154842749149,0.0,0.0,0.0,0.0,0.0,22650.0,14600.0,960.2525902894986,6891.928602312332,0.0,1.8189894035458565e-12,-2.2851054382044822e-11,0,0,0,0.0,0,0,True,1008,0,1.7028507544215097e-11,2.225513147556556e-13,2.2495965259314464e-10,0.7691660000546108,1.62099295005646,12.668243000007351,0.3155964999450589,0.8041927999715851,12.07887300006405,0.3155964999450589,0.8041927999715851,12.07887300006405,0.3155964999450589,0.8041927999715851,12.07887300006405,0.3155964999450589,0.8041927999715851,12.07887300006405
1d51662afb815f886e6a892a9e4aa57a92f1f105af85fa83950794075ee6f9fd,Mar2015,400.0,False,0.0,swmpc_nosw,0,96.33333333333333,1.354021110773028,5.1668602749705315,-5.1668602749705315,40.592746723088794,5.108842503760288,1117.3818059431203,0,716.7668449983533,716.5419473735581,1350.0,1500.0,-1.5269804066047072,0.21454613971719827,34.61991778785532,0.0,1.1639543283351715e-14,34.61991778785532,0.0,76051.86178214985,65000.0,3513.4380441054504,7388.423738044394,0.0,-3.637978807091713e-12,-1.8189894035458565e-11,0,0,0,0.0,0,0,True,1008,0,1.706424128033973e-11,4.035525490632828e-13,1.7191817415860013e-10,0.7561615000213351,1.3750149199995576,4.396075999920868,1.2915550066823787,4.644844712689519,-3.826888064853847,26.172438132335387,6.156315484718129,1117.3818059431203,0,462.07959863135477,461.99509273884036,1233.3572121145462,1300.6958028704291,0.38947577960789204,0.27664973147324734,34.546655115893266,0.0,1.1639543283351715e-14,34.546655115893266,0.0,45974.80278482642,43200.0,2265.312088103668,442.1521059668612,0.0,-5.229594535194337e-12,-5.9117155615240335e-12,0,0,0,0.0,0,0,True,1008,0,1.706424128033973e-11,4.035525490632828e-13,1.7191817415860013e-10,0.802882000016325,1.4163729499091438,4.396075999920868,1.2829727049327933,4.644844712689519,-3.826888064853847,29.52758794428329,5.108842503760288,1117.3818059431203,0,521.1627247209196,521.2200965648505,1350.0,1300.6958028704291,0.38947577960789204,0.2765834556450981,34.61991778785532,0.0,1.1639543283351715e-14,34.61991778785532,0.0,53401.86178214985,50400.0,2555.7115299888387,495.45444929058226,0.0,1.8189894035458565e-12,-5.4569682106375694e-12,0,0,0,0.0,0,0,True,1008,0,1.706424128033973e-11,4.035525490632828e-13,1.7191817415860013e-10,0.802882000016325,1.4163729499091438,4.396075999920868,1.574842898937341,5.1668602749705315,-5.1668602749705315,11.065158778805504,9.14363964543234,1119.56408283826,0,195.6041202774337,195.3218508087076,1300.6958028704291,1500.0,-1.5269804066047072,0.0003899258291056862,0.0,0.0,0.0,0.0,0.0,22650.0,14600.0,957.7265141166117,6892.96928875381,0.0,-7.048583938740194e-12,-1.2960299500264227e-11,0,0,0,0.0,0,0,True,1008,0,1.706424128033973e-11,4.035525490632828e-13,1.7191817415860013e-10,0.7561615000213351,1.3750149199995576,4.396075999920868,0.3047554999966451,0.5783139601180657,1.5600050001012278,0.3047554999966451,0.5783139601180657,1.5600050001012278,0.3047554999966451,0.5783139601180657,1.5600050001012278,0.3047554999966451,0.5783139601180657,1.5600050001012278
1d51662afb815f886e6a892a9e4aa57a92f1f105af85fa83950794075ee6f9fd,Mar2015,400.0,False,0.0,swmpc_nosw,1,96.33333333333333,1.326522340211335,4.9910574201494455,-4.253277228213847,40.59939986920659,4.956276942593465,1118.4578092697543,0,716.9634522596431,716.6593885092349,1350.0,1500.0,-2.0644811736419797,0.21416924842692153,34.6504994255121,0.0,1.1758061548276614e-14,34.6504994255121,0.0,76054.84503869356,65000.0,3514.0138961620687,7390.831142531516,0.0,2.637534635141492e-11,6.366462912410498e-12,0,0,0,0.0,0,0,True,1008,0,1.7006489298413274e-11,1.8811231055544178e-13,2.8402675598596426e-10,0.6996865000701291,1.0708314399289518,3.2398050000210787,1.256646519197404,4.212425666861236,-3.9298747004941106,26.18081469400488,6.1867231500419955,1118.4578092697543,0,462.16151808406914,462.14295555413065,1234.3093112408892,1300.1832102776732,0.7697396064177155,0.2762868814628674,34.5334366730235,0.0,1.1758061548276614e-14,34.5334366730235,0.0,45976.33810428867,43200.0,2266.0371075424628,444.4270977094402,0.0,1.8417267710901797e-11,-7.73070496506989e-12,0,0,0,0.0,0,0,True,1008,0,1.7006489298413274e-11,1.8811231055544178e-13,2.8402675598596426e-10,0.7250494999198054,1.092105970083139,3.2398050000210787,1.207452997118739,4.212425666861236,-3.9298747004941106,29.541108880259358,4.956276942593465,1118.4578092697543,0,521.3453850602202,521.4587677210691,1350.0,1300.1832102776732,0.7697396064177155,0.2761257658078682,34.6504994255121,0.0,1.1758061548276614e-14,34.6504994255121,0.0,53404.845038693566,50400.0,2556.881812235917,497.78001617999234,0.0,1.7053025658242404e-11,-6.821210263296962e-12,0,0,0,0.0,0,0,True,1008,0,1.7006489298413274e-11,1.8811231055544178e-13,2.8402675598596426e-10,0.7250494999198054,1.092105970083139,3.2398050000210787,1.6736819519049504,4.9910574201494455,-4.253277228213847,11.058290988947235,9.351320528155162,1119.8277975925369,0,195.61806719942285,195.2006207881658,1300.1832102776732,1500.0,-2.0644811736419797,0.00029195555022865083,0.0,0.0,0.0,0.0,0.0,22650.0,14600.0,957.1320839261518,6893.051126351524,0.0,2.0463630789890885e-12,1.3301360013429075e-11,0,0,0,0.0,0,0,True,1008,0,1.7006489298413274e-11,1.8811231055544178e-13,2.8402675598596426e-10,0.6996865000701291,1.0708314399289518,3.2398050000210787,0.2556860000595407,0.4180225999743925,0.5450029998428363,0.2556860000595407,0.4180225999743925,0.5450029998428363,0.2556860000595407,0.4180225999743925,0.5450029998428363,0.2556860000595407,0.4180225999743925,0.5450029998428363
1d51662afb815f886e6a892a9e4aa57a92f1f105af85fa83950794075ee6f9fd,Mar2015,400.0,False,0.0,swmpc_nosw,2,96.33333333333333,1.3915850860663175,4.228209085762501,-3.768918953835964,40.62755884608958,5.249347904301262,1116.86242800659,0,717.0678499145614,717.1564499244012,1350.0,1500.0,0.6014904240146279,0.21412815470731228,34.608591684878206,0.0,1.2010814434540896e-14,34.608591684878206,0.0,76069.28858926258,65000.0,3516.451149825563,7402.837439436986,0.0,-2.9103830456733704e-11,-3.410605131648481e-11,0,0,0,0.0,0,0,True,1008,0,1.9370039357689734e-11,2.723938410580871e-13,2.580680307089353e-10,0.7251744999621224,1.716314149903155,5.785382999874855,1.3518012292615094,3.8864920185878873,-3.47472173999995,26.166598517261363,6.121359663877495,1117.5967678781424,0,462.26913728200395,461.8920120287372,1233.3785967547722,1302.3880193121192,-1.1537039875984192,0.2762276438117287,34.536705234544215,0.0,1.2010814434540896e-14,34.536705234544215,0.0,45989.328514071836,43200.0,2264.806649880814,455.5124416336648,0.0,-1.0459189070388675e-11,-1.77351466845721e-11,0,0,0,0.0,0,0,True,1008,0,1.9370039357689734e-11,2.723938410580871e-13,2.580680307089353e-10,0.7604630000059842,1.8581195399315198,5.785382999874855,1.3146303175100251,3.8864920185878873,-3.47472173999995,29.530820223608778,5.249347904301262,1117.5967678781424,0,521.4470821672222,521.2771526625307,1350.0,1302.3880193121192,-1.1537039875984192,0.2760801954346207,34.608591684878206,0.0,1.2010814434540896e-14,34.608591684878206,0.0,53419.28858926256,50400.0,2555.99129457901,510.90927537142693,0.0,-7.275957614183426e-12,-1.6370904631912708e-11,0,0,0,0.0,0,0,True,1008,0,1.9370039357689734e-11,2.723938410580871e-13,2.580680307089353e-10,0.7604630000059842,1.8581195399315198,5.785382999874855,1.629546193446955,4.228209085762501,-3.768918953835964,11.0967386224808,9.406096342546236,1116.86242800659,0,195.6207677473392,195.87929726187042,1302.3880193121192,1500.0,0.6014904240146279,0.00026631548427513696,0.0,0.0,0.0,0.0,0.0,22650.0,14600.0,960.4598552465526,6891.928164065559,0.0,-7.958078640513122e-12,-1.77351466845721e-11,0,0,0,0.0,0,0,True,1008,0,1.9370039357689734e-11,2.723938410580871e-13,2.580680307089353e-10,0.7251744999621224,1.716314149903155,5.785382999874855,0.27785899987975426,0.6791308698961961,3.6627790000238747,0.27785899987975426,0.6791308698961961,3.6627790000238747,0.27785899987975426,0.6791308698961961,3.6627790000238747,0.27785899987975426,0.6791308698961961,3.6627790000238747
1d51662afb815f886e6a892a9e4aa57a92f1f105af85fa83950794075ee6f9fd,Mar2015,400.0,False,0.0,swmpc_nosw,3,96.33333333333333,1.3646922054990192,4.737562700174749,-4.077885257080197,40.626645332846564,4.706779644400891,1117.9690929984877,0,716.7508562967404,717.1403246160575,1350.0,1500.0,2.6442484771832824,0.21475711302356681,34.7197187384593,0.0,1.1449867326065083e-14,34.7197187384593,0.0,76052.92632775885,65000.0,3516.3720821980323,7386.554245560794,0.0,-2.091837814077735e-11,5.1386450650170445e-11,0,0,0,0.0,0,0,True,1008,0,1.3583881743511834e-11,2.63404581685568e-13,1.8513363294464774e-10,0.6903869999632661,1.1478511298832927,9.748055000045497,1.3102321105184143,3.8581555420532823,-3.4699690099805593,26.185604512287977,6.107049747014411,1117.9690929984877,0,462.0499074230831,462.2275052827761,1235.3402422053418,1301.8823962745755,0.36167140305042267,0.2766581546942638,34.523747932852565,0.0,1.1449867326065083e-14,34.523747932852565,0.0,45978.42361447273,43200.0,2266.4516823406675,445.429778062821,0.0,-1.0686562745831907e-11,1.9554136088117957e-11,0,0,0,0.0,0,0,True,1008,0,1.3583881743511834e-11,2.63404581685568e-13,1.8513363294464774e-10,0.7120550000081494,1.162958389902542,9.748055000045497,1.3143635496825703,4.737562700174749,-3.4699690099805593,29.525427153713686,4.706779644400891,1117.9690929984877,0,521.1286801019711,521.1819543545434,1350.0,1301.8823962745755,0.36167140305042267,0.2768913519932824,34.7197187384593,0.0,1.1449867326065083e-14,34.7197187384593,0.0,53402.92632775883,50400.0,2555.5245063354914,495.5194251487667,0.0,1.1368683772161603e-12,2.000888343900442e-11,0,0,0,0.0,0,0,True,1008,0,1.3583881743511834e-11,2.63404581685568e-13,1.8513363294464774e-10,0.7120550000081494,1.162958389902542,9.748055000045497,1.5257249651324203,4.077885257080197,-4.077885257080197,11.101218179132879,9.406096342546236,1119.0968887705742,0,195.62217619476928,195.958370261514,1301.8823962745755,1500.0,2.6442484771832824,0.00026631548427513696,0.0,0.0,0.0,0.0,0.0,22650.0,14600.0,960.8475758625402,6891.034820412027,0.0,-8.185452315956354e-12,3.069544618483633e-11,0,0,0,0.0,0,0,True,1008,0,1.3583881743511834e-11,2.63404581685568e-13,1.8513363294464774e-10,0.6903869999632661,1.1478511298832927,9.748055000045497,0.25480399995103653,0.4653297201502932,0.6491799999821524,0.25480399995103653,0.4653297201502932,0.6491799999821524,0.25480399995103653,0.4653297201502932,0.6491799999821524,0.25480399995103653,0.4653297201502932,0.6491799999821524
1d51662afb815f886e6a892a9e4aa57a92f1f105af85fa83950794075ee6f9fd,Mar2015,400.0,False,0.0,swmpc_nosw,4,96.33333333333333,1.470455830684715,5.626949239522219,-4.939326384104788,40.619140826278226,4.673532190076528,1118.7729754607021,0,716.7401748312337,717.007855291237,1350.0,1500.0,1.8173589948564768,0.2145490574529596,34.68020741199091,0.0,1.1297030662146514e-14,34.68020741199091,0.0,76055.14898066071,65000.0,3515.7225420459176,7389.426438614781,0.0,-1.4551915228366852e-11,5.9117155615240335e-12,0,0,0,0.0,0,0,True,1008,0,3.323388232853756e-11,2.1082837794540837e-13,2.1654667568516085e-10,0.7162059998790937,1.1721469399549276,2.5393739999799436,1.3644584543416445,4.075437458232045,-3.7446176931262016,26.18299638589285,5.8434030942700925,1118.7729754607021,0,462.09548472664693,462.18146671388604,1234.3335406717058,1301.9969530420815,0.36779631674289703,0.2762952793144171,34.53449093746118,0.0,1.1297030662146514e-14,34.53449093746118,0.0,45984.1831527607,43200.0,2266.225940274878,450.293800115428,0.0,-1.7280399333685637e-11,-1.3642420526593924e-12,0,0,0,0.0,0,0,True,1008,0,3.323388232853756e-11,2.1082837794540837e-13,2.1654667568516085e-10,0.7526509999706832,1.2692293099939884,2.5393739999799436,1.3359899965079507,4.075437458232045,-3.7446176931262016,29.524888477826767,4.673532190076528,1118.7729754607021,0,521.1182682432717,521.1724456639408,1350.0,1301.9969530420815,0.36779631674289703,0.27662302635658653,34.68020741199091,0.0,1.1297030662146514e-14,34.68020741199091,0.0,53405.14898066071,50400.0,2555.4778821351547,497.6741454834671,0.0,-1.000444171950221e-11,-1.8189894035458565e-12,0,0,0,0.0,0,0,True,1008,0,3.323388232853756e-11,2.1082837794540837e-13,2.1654667568516085e-10,0.7526509999706832,1.2692293099939884,2.5393739999799436,1.8614365402419644,5.626949239522219,-4.939326384104788,11.094252348451459,9.406096342546238,1119.1597491414032,0,195.62190658796203,195.83540962729614,1301.9969530420815,1500.0,1.8173589948564768,0.00026631548427513696,0.0,0.0,0.0,0.0,0.0,22650.0,14600.0,960.2446599107627,6891.752293131313,0.0,-5.6843418860808015e-12,8.071765478234738e-12,0,0,0,0.0,0,0,True,1008,0,3.323388232853756e-11,2.1082837794540837e-13,2.1654667568516085e-10,0.7162059998790937,1.1721469399549276,2.5393739999799436,0.2671280000186016,0.5711633301734761,0.7662969999273628,0.2671280000186016,0.5711633301734761,0.7662969999273628,0.2671280000186016,0.5711633301734761,0.7662969999273628,0.2671280000186016,0.5711633301734761,0.7662969999273628
1d51662afb815f886e6a892a9e4aa57a92f1f105af85fa83950794075ee6f9fd,Mar2015,400.0,False,180.0,pid_lowdrag_preview,0,97.08333333333333,1.5493243797215395,5.765242665074766,-5.765242665074766,41.02022632707396,6.963062393864538,1119.035385960124,0,724.4556844074666,724.0878045187185,1350.0,1500.0,-2.4977955278009176,0.23011232606417675,0.0,0.0,0.0,0.0,0.0,78419.94797416459,65450.0,3550.437834091753,9269.510140072829,0.0,-9.094947017729282e-12,1.3642420526593924e-12,0,0,0,0.0,0,0,True,0,0,,,,0.16621000008854026,0.39767856002072305,9.71608700001525,1.5081414217156843,5.765242665074766,-5.765242665074766,26.242408185510413,6.985528636573928,1119.035385960124,0,463.06625247071975,463.23020201838636,1500.0,1357.8759027734473,0.36675869207829237,0.29749275215849535,0.0,0.0,0.0,0.0,0.0,47129.16762832794,43200.0,2271.3682303117994,1799.923495242704,0.0,1.2960299500264227e-11,5.4569682106375694e-12,0,0,0,0.0,0,0,True,0,0,,,,0.17000600007577304,0.4058306600222746,9.71608700001525,1.513945225741878,5.765242665074766,-5.765242665074766,29.621302999325646,6.963062393864538,1119.035385960124,0,522.8203208408319,522.8743519050084,1350.0,1357.8759027734473,0.36675869207829237,0.29868581576997744,0.0,0.0,0.0,0.0,0.0,55112.66453939836,50400.0,2563.822881554621,2140.965755070301,0.0,5.4569682106375694e-12,5.9117155615240335e-12,0,0,0,0.0,0,0,True,0,0,,,,0.17000600007577304,0.4058306600222746,9.71608700001525,1.6623294609533505,4.59508840739727,-4.59508840739727,11.398923327748317,8.943164221045754,1129.50473671209,0,201.63536356663474,201.21345261371005,1357.8759027734473,1500.0,-2.4977955278009176,0.00047087216568175716,0.0,0.0,0.0,0.0,0.0,23307.283434766225,15050.0,986.6149525371319,7128.5443850025285,0.0,-1.1368683772161603e-11,-4.547473508864641e-12,0,0,0,0.0,0,0,True,0,0,,,,0.16621000008854026,0.39767856002072305,9.71608700001525,,,,,,,,,,,,
1d51662afb815f886e6a892a9e4aa57a92f1f105af85fa83950794075ee6f9fd,Mar2015,400.0,False,180.0,pid_lowdrag_preview,1,97.08333333333333,1.5624643640049507,5.798555923625827,-5.798555923625827,41.05717297319145,6.9849434658996685,1117.3143976769882,0,724.6073401798956,724.7399856075803,1350.0,1500.0,0.9004967221990228,0.22988627258892158,0.0,0.0,0.0,0.0,0.0,78419.05638018668,65450.0,3553.6356899292855,9265.420690257377,0.0,-1.8189894035458565e-11,-3.183231456205249e-11,0,0,0,0.0,0,0,True,0,0,,,,0.1647490000777907,0.6462238799758846,11.131152999951155,1.543186983669379,5.798555923625827,-5.798555923625827,26.254253357603897,6.994258305357728,1117.3143976769882,0,463.2541980065288,463.4392926408216,1500.0,1360.252759758262,0.8859385373070836,0.29717056701890343,0.0,0.0,0.0,0.0,0.0,47140.30405086812,43200.0,2272.393469588048,1807.6578215217978,0.0,-1.4551915228366852e-11,-1.6370904631912708e-11,0,0,0,0.0,0,0,True,0,0,,,,0.16609599992989388,0.5041144398660423,11.131152999951155,1.4976411368149332,5.798555923625827,-5.798555923625827,29.633189883645453,6.9849434658996685,1117.3143976769882,0,522.9536753500324,523.0841788304114,1350.0,1360.252759758262,0.8859385373070836,0.2984132981041623,0.0,0.0,0.0,0.0,0.0,55109.12217142453,50400.0,2564.8517311636188,2134.0176805026354,0.0,-1.6825651982799172e-11,-1.5916157281026244e-11,0,0,0,0.0,0,0,True,0,0,,,,0.16609599992989388,0.5041144398660423,11.131152999951155,1.7622684367024568,5.3286818554624915,-5.3286818554624915,11.423983089545995,9.095535737574313,1130.4514552744467,0,201.65366482986315,201.6558067771689,1360.252759758262,1500.0,0.9004967221990228,0.00040041970067361543,0.0,0.0,0.0,0.0,0.0,23309.934208762155,15050.0,988.7839587656667,7131.403009754742,0.0,-8.185452315956354e-12,-1.602984411874786e-11,0,0,0,0.0,0,0,True,0,0,,,,0.1647490000777907,0.6462238799758846,11.131152999951155,,,,,,,,,,,,
1d51662afb815f886e6a892a9e4aa57a92f1f105af85fa83950794075ee6f9fd,Mar2015,400.0,False,180.0,pid_lowdrag_preview,2,97.08333333333333,1.6098290331283134,5.826116352342069,-5.590782671235502,41.05843290902875,6.973152203230337,1116.6135096107905,0,724.6483537641535,724.7622259571812,1350.0,1500.0,0.7730330936610699,0.22980330433618779,0.0,0.0,0.0,0.0,0.0,78415.63566946656,65450.0,3553.7447415915317,9261.890927875042,0.0,1.4551915228366852e-11,1.8189894035458565e-12,0,0,0,0.0,0,0,True,0,0,,,,0.16588099992986827,0.5009505600082776,0.7039030001578794,1.6025273233373964,5.590782671235502,-5.590782671235502,26.230635522521673,6.977079569977082,1116.6135096107905,0,463.2652804853537,463.0223913244859,1500.0,1353.677741430337,-1.7209227057173848,0.2970663154073352,0.0,0.0,0.0,0.0,0.0,47136.08734270698,43200.0,2270.34926694114,1812.0603343355153,0.0,1.0231815394945443e-11,4.547473508864641e-13,0,0,0,0.0,0,0,True,0,0,,,,0.16788849984550325,0.532138929834218,0.7039030001578794,1.580275276421972,5.590782671235502,-5.590782671235502,29.615019107304583,6.973152203230337,1116.6135096107905,0,523.0169000922264,522.7634288315663,1350.0,1353.677741430337,-1.7209227057173848,0.298281254046307,0.0,0.0,0.0,0.0,0.0,55108.763331640585,50400.0,2563.278989675545,2141.806600534719,0.0,1.6370904631912708e-11,0.0,0,0,0,0.0,0,0,True,0,0,,,,0.16788849984550325,0.532138929834218,0.7039030001578794,1.7050737335135937,5.826116352342069,-4.503831317648292,11.44341380172417,8.919608854181178,1128.39290573958,0,201.63145367192715,201.99879712561483,1353.677741430337,1500.0,0.7730330936610699,0.0004817983302067841,0.0,0.0,0.0,0.0,0.0,23306.872337825967,15050.0,990.4657519159866,7120.084327340324,0.0,6.366462912410498e-12,1.2505552149377763e-12,0,0,0,0.0,0,0,True,0,0,,,,0.16588099992986827,0.5009505600082776,0.7039030001578794,,,,,,,,,,,,
1d51662afb815f886e6a892a9e4aa57a92f1f105af85fa83950794075ee6f9fd,Mar2015,400.0,False,180.0,pid_lowdrag_preview,3,97.08333333333333,1.5685970854395712,8.136481842026114,-4.906494724564254,41.06155451234544,6.979742889684172,1116.4772656092973,0,724.6227379698829,724.8173284052809,1350.0,1500.0,1.3210964826866984,0.22985318871951432,0.0,0.0,0.0,0.0,0.0,78413.63203697304,65450.0,3554.014926802843,9259.61711017017,0.0,-2.546585164964199e-11,-7.275957614183426e-12,0,0,0,0.0,0,0,True,0,0,,,,0.1617139998870698,0.3794896399722363,0.509578999981386,1.5411438710581429,8.136481842026114,-4.906494724564254,26.250690535928538,6.9922783163514834,1116.4772656092973,0,463.2195602092,463.37640181949166,1500.0,1358.2936467479478,0.06838357634842396,0.29722184992005307,0.0,0.0,0.0,0.0,0.0,47128.89275604846,43200.0,2272.085095451573,1798.5140138489242,0.0,-1.3869794202037156e-11,4.547473508864641e-13,0,0,0,0.0,0,0,True,0,0,,,,0.16171949994259194,0.29924356999799717,0.509578999981386,1.535518125447604,8.136481842026114,-4.906494724564254,29.6273276341606,6.979742889684172,1116.4772656092973,0,522.9706185678422,522.9806985783712,1350.0,1358.2936467479478,0.06838357634842396,0.2983681505214506,0.0,0.0,0.0,0.0,0.0,55103.97307550079,50400.0,2564.344333856806,2131.335094896022,0.0,-1.5688783605583012e-11,9.094947017729282e-13,0,0,0,0.0,0,0,True,0,0,,,,0.16171949994259194,0.29924356999799717,0.509578999981386,1.6746218811033131,4.616277912631631,-4.047536803409457,11.434226878184838,9.079671944271652,1130.7650938412303,0,201.65211940204074,201.83662982690976,1358.2936467479478,1500.0,1.3210964826866984,0.0004077352432626524,0.0,0.0,0.0,0.0,0.0,23309.65896147224,15050.0,989.6705929460368,7128.282015274147,0.0,-3.865352482534945e-12,-8.412825991399586e-12,0,0,0,0.0,0,0,True,0,0,,,,0.1617139998870698,0.3794896399722363,0.509578999981386,,,,,,,,,,,,
1d51662afb815f886e6a892a9e4aa57a92f1f105af85fa83950794075ee6f9fd,Mar2015,400.0,False,180.0,pid_lowdrag_preview,4,97.08333333333333,1.6605172404649127,6.821921610273421,-6.715786397457123,41.04199134370945,6.970200759815834,1116.7726746347844,0,724.7349761391395,724.4719999394244,1350.0,1500.0,-1.785550714470446,0.22981075637694326,0.0,0.0,0.0,0.0,0.0,78431.30587583795,65450.0,3552.3216691029793,9278.984206734978,0.0,9.094947017729282e-12,2.864908310584724e-11,0,0,0,0.0,0,0,True,0,0,,,,0.15865899990785692,0.20724520001749627,0.4255519997968804,1.5698104934767236,6.444177876226604,-5.3151441384106874,26.24001817216811,6.970200759815834,1116.7726746347844,0,463.35733357618204,463.1880135745666,1500.0,1356.9841857852668,-2.1123357620090246,0.2970921134355815,0.0,0.0,0.0,0.0,0.0,47143.66269151868,43200.0,2271.161366660515,1815.5171390729129,0.0,1.5688783605583012e-11,4.547473508864641e-12,0,0,0,0.0,0,0,True,0,0,,,,0.16001150004285591,0.20724730001575153,0.2454709999710758,1.5658572883892785,6.444177876226604,-5.3151441384106874,29.61660960477819,6.970200759815834,1116.7726746347844,0,523.1026285903516,522.7915042452566,1350.0,1356.9841857852668,-2.1123357620090246,0.29829040056778644,0.0,0.0,0.0,0.0,0.0,55124.500416474206,50400.0,2563.4166525533765,2154.099578135576,0.0,1.3415046851150692e-11,4.547473508864641e-12,0,0,0,0.0,0,0,True,0,0,,,,0.16001150004285591,0.20724730001575153,0.2454709999710758,1.9442429670704402,6.821921610273421,-6.715786397457123,11.425381738931257,8.915778562132747,1129.244014230295,0,201.63234754878783,201.6804956941678,1356.9841857852668,1500.0,-1.785550714470446,0.00048357583086378053,0.0,0.0,0.0,0.0,0.0,23306.805459363746,15050.0,988.9050165496035,7124.8846285994005,0.0,-8.86757334228605e-12,2.489741746103391e-11,0,0,0,0.0,0,0,True,0,0,,,,0.15865899990785692,0.20724520001749627,0.4255519997968804,,,,,,,,,,,,
1d51662afb815f886e6a892a9e4aa57a92f1f105af85fa83950794075ee6f9fd,Mar2015,400.0,False,180.0,swmpc,0,97.08333333333333,1.4035005077826326,4.595086122862995,-4.595086122862995,40.865310898653775,5.332352738302429,1115.9705013913253,0,721.7211265754725,721.3532420237149,1350.0,1500.0,-2.497796052135527,0.2130360651166563,34.73755767340586,0.0,1.2680759860985984e-14,34.73755767340586,0.0,76875.05408274705,65450.0,3537.029385445926,7738.024697301151,0.0,2.2737367544323206e-11,2.1373125491663814e-11,0,0,0,0.0,0,0,True,1008,0,3.3286141825860036e-11,3.2033248137198817e-13,3.179467728048416e-10,0.7129460000214749,1.1288508400957655,2.7619089999006974,1.3352827687103046,4.297698795795441,-4.297698795795441,26.102295604877312,5.332352738302429,1115.9705013913253,0,460.41892694860593,460.756938948428,1499.9999999999998,1369.1234172147774,1.5297444313764572,0.27652740692521494,34.63383367927694,0.0,1.2680759860985984e-14,34.63383367927694,0.0,45875.294824517405,43200.0,2259.2410176692933,546.930389633329,0.0,-4.774847184307873e-12,1.8189894035458565e-12,0,0,0,0.0,0,0,True,1008,0,3.3286141825860036e-11,3.2033248137198817e-13,3.179467728048416e-10,0.7442384999194473,1.137154999928498,2.7619089999006974,1.315565451368534,4.297698795795441,-4.297698795795441,29.479847073890493,5.332352738302429,1115.9705013913253,0,520.1520491170774,520.3773761529046,1350.0,1369.1234172147774,1.5297444313764572,0.2764335539709938,34.73755767340586,0.0,1.2680759860985984e-14,34.73755767340586,0.0,53577.45243711474,50400.0,2551.579397924933,606.749621975029,0.0,-2.5011104298755527e-12,9.094947017729282e-13,0,0,0,0.0,0,0,True,1008,0,3.3286141825860036e-11,3.2033248137198817e-13,3.179467728048416e-10,0.7442384999194473,1.137154999928498,2.7619089999006974,1.6644893309022217,4.595086122862995,-4.595086122862995,11.385463824763281,8.5074613117803,1129.5114438272844,0,201.5690774583951,200.97586587081025,1369.1234172147774,1500.0,-2.497796052135527,0.0007281954649214217,0.0,0.0,0.0,0.0,0.0,23297.601645632327,15050.0,985.4499875209925,7131.275075326122,0.0,9.549694368615746e-12,1.9326762412674725e-11,0,0,0,0.0,0,0,True,1008,0,3.3286141825860036e-11,3.2033248137198817e-13,3.179467728048416e-10,0.7129460000214749,1.1288508400957655,2.7619089999006974,0.2658610000025874,0.5167155898493546,2.254242999924827,0.2658610000025874,0.5167155898493546,2.254242999924827,0.2658610000025874,0.5167155898493546,2.254242999924827,0.2658610000025874,0.5167155898493546,2.254242999924827
1d51662afb815f886e6a892a9e4aa57a92f1f105af85fa83950794075ee6f9fd,Mar2015,400.0,False,180.0,swmpc,1,97.08333333333333,1.4040880067229797,5.328674812801182,-5.328674812801182,40.86806137072625,5.519814085990042,1115.985011033048,0,721.2691528797558,721.4017932742188,1350.0,1500.0,0.9004951398819685,0.21397130031446043,34.737548415089016,0.0,1.1888798498681495e-14,34.737548415089016,0.0,76868.8529085595,65450.0,3537.267448006298,7731.585460553192,0.0,-2.7284841053187847e-12,-1.000444171950221e-11,0,0,0,0.0,0,0,True,1008,0,1.869559361790039e-11,2.8752827676598315e-13,2.714972773066715e-10,0.7337279998864688,2.4027773199577496,6.256865000068501,1.3163451563054618,4.049731716513634,-3.564478131942451,26.08371391423304,5.519814085990042,1115.985011033048,0,460.0785935281491,460.4289355026262,1499.9999999999998,1367.316297606098,1.7483491525053978,0.2775916663616561,34.60817767650191,0.0,1.1888798498681495e-14,34.60817767650191,0.0,45872.06569011476,43200.0,2257.632710173403,547.1166823352537,0.0,-4.320099833421409e-12,-1.3642420526593924e-12,0,0,0,0.0,0,0,True,1008,0,1.869559361790039e-11,2.8752827676598315e-13,2.714972773066715e-10,0.768515499885325,2.5020200100743737,6.256865000068501,1.2766704396318451,4.049731716513634,-3.564478131942451,29.456486090690362,5.519814085990042,1115.985011033048,0,519.7074825814905,519.9650087782856,1350.0,1367.316297606098,1.7483491525053978,0.27763938560634516,34.737548415089016,0.0,1.1888798498681495e-14,34.737548415089016,0.0,53572.34433611356,50400.0,2549.5574266677754,605.4706118396866,0.0,2.2737367544323206e-12,-1.3642420526593924e-12,0,0,0,0.0,0,0,True,1008,0,1.869559361790039e-11,2.8752827676598315e-13,2.714972773066715e-10,0.768515499885325,2.5020200100743737,6.256865000068501,1.7650338832024854,5.328674812801182,-5.328674812801182,11.41157528003589,8.473368067737232,1130.450550435745,0,201.5616702982653,201.43678449593324,1367.316297606098,1500.0,0.9004951398819685,0.0007572472439620892,0.0,0.0,0.0,0.0,0.0,23296.50857244593,15050.0,987.7100213385224,7126.114848713505,0.0,-2.2737367544323206e-12,-8.640199666842818e-12,0,0,0,0.0,0,0,True,1008,0,1.869559361790039e-11,2.8752827676598315e-13,2.714972773066715e-10,0.7337279998864688,2.4027773199577496,6.256865000068501,0.2846845000021858,0.7225678601434993,5.171324999992066,0.2846845000021858,0.7225678601434993,5.171324999992066,0.2846845000021858,0.7225678601434993,5.171324999992066,0.2846845000021858,0.7225678601434993,5.171324999992066
1d51662afb815f886e6a892a9e4aa57a92f1f105af85fa83950794075ee6f9fd,Mar2015,400.0,False,180.0,swmpc,2,97.08333333333333,1.4669798204478992,5.833288985304534,-4.5038270046934485,40.85784778502854,5.479062084616617,1115.7725203280957,0,721.1076362856995,721.2215033658857,1350.0,1500.0,0.7730325069278479,0.21411431239009915,34.737555006790885,0.0,1.2469203345426626e-14,34.737555006790885,0.0,76853.63189113708,65450.0,3536.3834279915723,7717.248463145531,0.0,2.637534635141492e-11,1.864464138634503e-11,0,0,0,0.0,0,0,True,1008,0,1.7204912404462428e-11,2.7852056359376615e-13,3.21579757753725e-10,0.7223400000384572,1.071406159999242,1.2584599999172497,1.4285494774485767,4.61236793268472,-3.694660423323512,26.044234751192658,5.479062084616617,1115.7725203280957,0,459.83042409964276,459.73205050100717,1500.0,1361.3590808654117,-0.5962659306824207,0.2781367447620008,34.60799818487385,0.0,1.2469203345426626e-14,34.60799818487385,0.0,45852.860887141986,43200.0,2254.2156565228615,537.2861497537235,0.0,1.1141310096718371e-11,-4.092726157978177e-12,0,0,0,0.0,0,0,True,1008,0,1.7204912404462428e-11,2.7852056359376615e-13,3.21579757753725e-10,0.7549895000238394,1.0914229500485815,1.2584599999172497,1.387108597171585,4.61236793268472,-3.694660423323512,29.427386831761343,5.479062084616617,1115.7725203280957,0,519.5391713503925,519.4513495326431,1350.0,1361.3590808654117,-0.5962659306824207,0.2778343265641723,34.737555006790885,0.0,1.2469203345426626e-14,34.737555006790885,0.0,53555.96110888137,50400.0,2547.0387884471575,597.5632395688151,0.0,1.5234036254696548e-11,-5.002220859751105e-12,0,0,0,0.0,0,0,True,1008,0,1.7204912404462428e-11,2.7852056359376615e-13,3.21579757753725e-10,0.7549895000238394,1.0914229500485815,1.2584599999172497,1.7074627845952104,5.833288985304534,-4.5038270046934485,11.430460953267197,8.50961974789205,1128.4022923153225,0,201.56846493530702,201.7701538332426,1361.3590808654117,1500.0,0.7730325069278479,0.0007263579466918468,0.0,0.0,0.0,0.0,0.0,23297.670782255715,15050.0,989.3446395444148,7119.685223576717,0.0,6.366462912410498e-12,2.3987922759260982e-11,0,0,0,0.0,0,0,True,1008,0,1.7204912404462428e-11,2.7852056359376615e-13,3.21579757753725e-10,0.7223400000384572,1.071406159999242,1.2584599999172497,0.2793314999962604,0.5247646899238133,0.6234709999262122,0.2793314999962604,0.5247646899238133,0.6234709999262122,0.2793314999962604,0.5247646899238133,0.6234709999262122,0.2793314999962604,0.5247646899238133,0.6234709999262122
1d51662afb815f886e6a892a9e4aa57a92f1f105af85fa83950794075ee6f9fd,Mar2015,400.0,False,180.0,swmpc,3,97.08333333333333,1.421477470988439,5.390917770564556,-4.240459986962378,40.8507373846205,4.8752545250331805,1116.0864716358049,0,720.901405711178,721.0959907911931,1350.0,1500.0,1.3210949450731277,0.21444938316640694,34.761753389273814,0.0,1.5238810543554077e-14,34.761753389273814,0.0,76860.18643891487,65450.0,3535.7679990462348,7724.418439868639,0.0,5.4569682106375694e-12,-2.3646862246096134e-11,0,0,0,0.0,0,0,True,1008,0,1.7420021569993606e-11,1.9382303669377955e-13,3.543355074371924e-10,0.6892210001296917,0.8405054799368374,0.972508000131711,1.3517064485092458,5.390917770564556,-4.240459986962378,26.05849187087066,4.8752545250331805,1116.0864716358049,0,459.53249661020584,459.98371674985395,1499.9999999999998,1363.3119065271242,0.9599590376019478,0.27885144968234554,34.622961917769125,0.0,1.5238810543554077e-14,34.622961917769125,0.0,45860.91281630708,43200.0,2255.449657932473,542.1512518474888,0.0,8.185452315956354e-12,1.3642420526593924e-12,0,0,0,0.0,0,0,True,1008,0,1.7420021569993606e-11,1.9382303669377955e-13,3.543355074371924e-10,0.7124449999764693,0.8443870201585922,0.972508000131711,1.336148505139855,5.390917770564556,-4.240459986962378,29.428790183014627,4.8752545250331805,1116.0864716358049,0,519.334723363651,519.4761214468699,1350.0,1363.3119065271242,0.9599590376019478,0.2782656792831488,34.761753389273814,0.0,1.5238810543554077e-14,34.761753389273814,0.0,53562.99116984143,50400.0,2547.1602531934686,602.5190101208432,0.0,7.048583938740194e-12,1.3642420526593924e-12,0,0,0,0.0,0,0,True,1008,0,1.7420021569993606e-11,1.9382303669377955e-13,3.543355074371924e-10,0.7124449999764693,0.8443870201585922,0.972508000131711,1.6758871048817359,4.628992661833763,-4.047536329366267,11.421947201605875,8.494779298706538,1130.7650967198686,0,201.56668234752692,201.6198693443232,1363.3119065271242,1500.0,1.3210949450731277,0.0007389961708056392,0.0,0.0,0.0,0.0,0.0,23297.19526907344,15050.0,988.6077458527652,7121.899429747797,0.0,-2.0463630789890885e-12,-2.5693225325085223e-11,0,0,0,0.0,0,0,True,1008,0,1.7420021569993606e-11,1.9382303669377955e-13,3.543355074371924e-10,0.6892210001296917,0.8405054799368374,0.972508000131711,0.25492449992725597,0.37618643015548514,0.46749600005568936,0.25492449992725597,0.37618643015548514,0.46749600005568936,0.25492449992725597,0.37618643015548514,0.46749600005568936,0.25492449992725597,0.37618643015548514,0.46749600005568936
1d51662afb815f886e6a892a9e4aa57a92f1f105af85fa83950794075ee6f9fd,Mar2015,400.0,False,180.0,swmpc,4,97.08333333333333,1.518690233717882,6.821944288909435,-6.715781693346798,40.847298651855105,5.462583707297152,1115.978290461941,0,721.2982719125847,721.0352903835831,1350.0,1500.0,-1.785549352876842,0.21372950532810775,34.737590415771976,0.0,1.2231480175876457e-14,34.737590415771976,0.0,76861.24113461911,65450.0,3535.4703652201015,7725.770769399003,0.0,-2.7284841053187847e-12,1.3642420526593924e-12,0,0,0,0.0,0,0,True,1008,0,1.7092489305342373e-11,2.2501803075393305e-13,2.1699319885862445e-10,0.7520949998252036,1.2670226800401008,2.3492359998726897,1.3803018900659643,3.6646111151203513,-3.6155972722917795,26.079296601753363,5.462583707297152,1115.978290461941,0,460.00678120603413,460.350961235248,1499.9999999999998,1360.736057976789,0.7779425010085106,0.27757916873299904,34.60959653570437,0.0,1.2231480175876457e-14,34.60959653570437,0.0,45859.22541749403,43200.0,2257.2503769988375,541.2389825183923,0.0,-1.2732925824820995e-11,-5.9117155615240335e-12,0,0,0,0.0,0,0,True,1008,0,1.7092489305342373e-11,2.2501803075393305e-13,2.1699319885862445e-10,0.7937129998936143,1.3084814700982854,2.3492359998726897,1.3642580308801713,3.6646111151203513,-3.6155972722917795,29.448885023531012,5.462583707297152,1115.978290461941,0,519.7162453042758,519.8308349688147,1350.0,1360.736057976789,0.7779425010085106,0.2773488815553017,34.737590415771976,0.0,1.2231480175876457e-14,34.737590415771976,0.0,53561.772367962745,50400.0,2548.8995288734777,602.1367811124617,0.0,-1.6825651982799172e-11,-5.002220859751105e-12,0,0,0,0.0,0,0,True,1008,0,1.7092489305342373e-11,2.2501803075393305e-13,2.1699319885862445e-10,0.7937129998936143,1.3084814700982854,2.3492359998726897,1.9486891747203858,6.821944288909435,-6.715781693346798,11.398413628324093,8.565842852100259,1129.2443299599597,0,201.58202660830887,201.2044554147684,1360.736057976789,1500.0,-1.785549352876842,0.0006785709858773137,0.0,0.0,0.0,0.0,0.0,23299.468766656366,15050.0,986.5708363466238,7123.633988286541,0.0,1.0231815394945443e-11,6.366462912410498e-12,0,0,0,0.0,0,0,True,1008,0,1.7092489305342373e-11,2.2501803075393305e-13,2.1699319885862445e-10,0.7520949998252036,1.2670226800401008,2.3492359998726897,0.28358299994124536,0.5551842800809934,0.756442000010793,0.28358299994124536,0.5551842800809934,0.756442000010793,0.28358299994124536,0.5551842800809934,0.756442000010793,0.28358299994124536,0.5551842800809934,0.756442000010793
1d51662afb815f886e6a892a9e4aa57a92f1f105af85fa83950794075ee6f9fd,Mar2015,400.0,False,180.0,swmpc_nosw,0,97.08333333333333,1.370705923821879,4.358923161402345,-4.28271263372153,40.966642266295736,5.852208500052749,1115.9742049953772,0,723.5236328104764,723.1419402853921,1350.0,1500.0,-2.591539644636214,0.2103491452640549,34.73755767340586,0.0,1.1873254473096798e-14,34.73755767340586,0.0,76887.42480667011,65450.0,3545.799954349839,7741.624852320265,0.0,-7.275957614183426e-12,6.821210263296962e-12,0,0,0,0.0,0,0,True,1008,0,1.8654800706289303e-11,2.3832710106635647e-13,2.839431038227761e-10,0.7494819999465108,1.4583406000383579,8.337905999951545,1.2956926569077933,4.245367368683219,-4.245367368683219,26.214161911459037,5.852208500052749,1115.9742049953772,0,462.39483188524804,462.7315996362227,1499.9999999999998,1368.0500262194305,1.5006431797519326,0.27179405957680614,34.540843441318486,0.0,1.1873254473096798e-14,34.540843441318486,0.0,45889.08837838874,43200.0,2268.923420786256,552.1149313830458,0.0,-7.73070496506989e-12,-4.547473508864641e-13,0,0,0,0.0,0,0,True,1008,0,1.8654800706289303e-11,2.3832710106635647e-13,2.839431038227761e-10,0.7861819999561703,1.7591967699763638,8.337905999951545,1.2911866184449152,4.28271263372153,-4.28271263372153,29.581931929652754,5.852208500052749,1115.9742049953772,0,521.9583351415662,522.1793749642776,1350.0,1368.0500262194305,1.5006431797519326,0.27293996351874017,34.73755767340586,0.0,1.1873254473096798e-14,34.73755767340586,0.0,53590.368297139816,50400.0,2560.4151837466907,611.9030871736786,0.0,-1.5916157281026244e-11,-4.547473508864641e-13,0,0,0,0.0,0,0,True,1008,0,1.8654800706289303e-11,2.3832710106635647e-13,2.839431038227761e-10,0.7861819999561703,1.7591967699763638,8.337905999951545,1.6086296290559552,4.358923161402345,-4.248519908636808,11.384710336642982,8.49045088520291,1129.5338457607807,0,201.56529766891026,200.96256532111454,1368.0500262194305,1500.0,-2.591539644636214,0.0007426841320853361,0.0,0.0,0.0,0.0,0.0,23297.056509530288,15050.0,985.3847706031481,7129.721765146585,0.0,1.5006662579253316e-11,7.617018127348274e-12,0,0,0,0.0,0,0,True,1008,0,1.8654800706289303e-11,2.3832710106635647e-13,2.839431038227761e-10,0.7494819999465108,1.4583406000383579,8.337905999951545,0.2726264999637351,0.7311586799482936,2.803512000127739,0.2726264999637351,0.7311586799482936,2.803512000127739,0.2726264999637351,0.7311586799482936,2.803512000127739,0.2726264999637351,0.7311586799482936,2.803512000127739
1d51662afb815f886e6a892a9e4aa57a92f1f105af85fa83950794075ee6f9fd,Mar2015,400.0,False,180.0,swmpc_nosw,1,97.08333333333333,1.3624206141247268,5.091138910502195,-5.091138910502195,41.00607846892518,5.932204300084509,1115.9427140200264,0,723.7186552917459,723.8380669511206,1350.0,1500.0,0.8106859615072608,0.21022251417131044,34.737548415089016,0.0,1.226951404099303e-14,34.737548415089016,0.0,76883.7062957795,65450.0,3549.2132896330886,7734.493006146422,0.0,1.1823431123048067e-11,2.1827872842550278e-11,0,0,0,0.0,0,0,True,1008,0,1.680684913753176e-11,2.3099295825911175e-13,2.710191313085978e-10,0.7041730000310054,1.0080407199166075,1.1317190001136623,1.2733585481328624,3.7250011805444956,-3.401338854804635,26.224847231551866,5.932204300084509,1115.9427140200264,0,462.5736342603821,462.9202165859352,1500.0,1366.1351923014406,1.6915040807798505,0.27172937718495416,34.542757989163945,0.0,1.226951404099303e-14,34.542757989163945,0.0,45887.481892460724,43200.0,2269.848270991233,551.4984291680437,0.0,-6.821210263296962e-12,-4.092726157978177e-12,0,0,0,0.0,0,0,True,1008,0,1.680684913753176e-11,2.3099295825911175e-13,2.710191313085978e-10,0.734108499955255,1.0307362900516637,1.1317190001136623,1.2451008517073932,3.7250011805444956,-3.401338854804635,29.594857491298654,5.932204300084509,1115.9427140200264,0,522.1583841825664,522.4075365906775,1350.0,1366.1351923014406,1.6915040807798505,0.2727696568236747,34.737548415089016,0.0,1.226951404099303e-14,34.737548415089016,0.0,53587.38841727717,50400.0,2561.533934353487,609.7192906222463,0.0,1.5916157281026244e-12,-4.547473508864641e-12,0,0,0,0.0,0,0,True,1008,0,1.680684913753176e-11,2.3099295825911175e-13,2.710191313085978e-10,0.734108499955255,1.0307362900516637,1.1317190001136623,1.6972464294513276,5.091138910502195,-5.091138910502195,11.411220977626527,8.467426286044509,1130.4963379278377,0,201.56027110917955,201.43053036044307,1366.1351923014406,1500.0,0.8106859615072608,0.0007623155215327193,0.0,0.0,0.0,0.0,0.0,23296.317878502334,15050.0,987.6793552796019,7124.773715524176,0.0,2.9558577807620168e-12,2.6261659513693303e-11,0,0,0,0.0,0,0,True,1008,0,1.680684913753176e-11,2.3099295825911175e-13,2.710191313085978e-10,0.7041730000310054,1.0080407199166075,1.1317190001136623,0.2617855000153213,0.45977387984521534,0.5522129999917524,0.2617855000153213,0.45977387984521534,0.5522129999917524,0.2617855000153213,0.45977387984521534,0.5522129999917524,0.2617855000153213,0.45977387984521534,0.5522129999917524
1d51662afb815f886e6a892a9e4aa57a92f1f105af85fa83950794075ee6f9fd,Mar2015,400.0,False,180.0,swmpc_nosw,2,97.08333333333333,1.4225721774656328,5.495756306685507,-4.293336530216038,40.982467351432206,6.030192867515257,1115.7142783706033,0,723.3225203208877,723.4212842134548,1350.0,1500.0,0.6704967683181167,0.210707036523043,34.737555006790885,0.0,1.270917914077056e-14,34.737555006790885,0.0,76867.70856661296,65450.0,3547.1696684159647,7720.538898197008,0.0,1.6370904631912708e-11,-2.2737367544323206e-12,0,0,0,0.0,0,0,True,1008,0,1.7315929597134437e-11,2.456704573874927e-13,2.378042381879163e-10,0.6881990000238147,0.8320659201763192,1.1760360000607761,1.3822526697480295,3.9892161889001727,-3.9607134955003858,26.176031114959144,6.030192867515257,1115.7142783706033,0,462.137022032904,462.0585159603242,1500.0,1361.1132058812623,-0.42546719778329134,0.27262412579961015,34.537253423309174,0.0,1.270917914077056e-14,34.537253423309174,0.0,45867.135667354014,43200.0,2265.623072771162,540.3993887015927,0.0,2.7284841053187847e-12,-4.547473508864641e-13,0,0,0,0.0,0,0,True,1008,0,1.7315929597134437e-11,2.456704573874927e-13,2.378042381879163e-10,0.7075830000076166,0.8351830201627307,1.1760360000607761,1.3493183726896203,3.9892161889001727,-3.9607134955003858,29.554252290740326,6.030192867515257,1115.7142783706033,0,521.7534398299772,521.6907748085782,1350.0,1361.1132058812623,-0.42546719778329134,0.2734104591594644,34.737555006790885,0.0,1.270917914077056e-14,34.737555006790885,0.0,53569.92956360337,50400.0,2558.0194183882772,600.7969393338428,0.0,1.1141310096718371e-11,-4.547473508864641e-13,0,0,0,0.0,0,0,True,1008,0,1.7315929597134437e-11,2.456704573874927e-13,2.378042381879163e-10,0.7075830000076166,0.8351830201627307,1.1760360000607761,1.644292588489703,5.495756306685507,-4.293336530216038,11.42821506069188,8.512998889734286,1128.6711919530558,0,201.56908049091055,201.73050940487656,1361.1132058812623,1500.0,0.6704967683181167,0.0007234816475856221,0.0,0.0,0.0,0.0,0.0,23297.77900300959,15050.0,989.1502500276877,7119.741958863166,0.0,1.3642420526593924e-12,-1.4779288903810084e-12,0,0,0,0.0,0,0,True,1008,0,1.7315929597134437e-11,2.456704573874927e-13,2.378042381879163e-10,0.6881990000238147,0.8320659201763192,1.1760360000607761,0.24919099996623117,0.3786605601885639,0.4946970000219153,0.24919099996623117,0.3786605601885639,0.4946970000219153,0.24919099996623117,0.3786605601885639,0.4946970000219153,0.24919099996623117,0.3786605601885639,0.4946970000219153
1d51662afb815f886e6a892a9e4aa57a92f1f105af85fa83950794075ee6f9fd,Mar2015,400.0,False,180.0,swmpc_nosw,3,97.08333333333333,1.3759530834561469,4.298600083217025,-4.0151220336556435,40.993496205304155,5.873859872460232,1116.010726104701,0,723.4352243063031,723.6159652111487,1350.0,1500.0,1.2271070769056678,0.21048175477020126,34.761753389273814,0.0,1.177023473748309e-14,34.761753389273814,0.0,76878.09629399747,65450.0,3548.1242526189544,7729.97204137852,0.0,3.637978807091713e-12,2.8194335754960775e-11,0,0,0,0.0,0,0,True,1008,0,3.3665128414040826e-11,1.9353980355410228e-13,2.774927589873229e-10,0.7463169999937236,1.2164789200960515,3.672669000025053,1.3103450130539793,4.2280726712197065,-4.0151220336556435,26.20312038941997,5.975268316189339,1116.010726104701,0,462.05388679267963,462.53669502043186,1499.9999999999995,1363.789081978956,1.1492961216717958,0.27285788024067936,34.54431376360946,0.0,1.177023473748309e-14,34.54431376360946,0.0,45878.750945666834,43200.0,2267.9677401110744,546.9941235768072,0.0,3.865352482534945e-12,2.6830093702301383e-11,0,0,0,0.0,0,0,True,1008,0,3.3665128414040826e-11,1.9353980355410228e-13,2.774927589873229e-10,0.789085999940653,1.227265749953403,3.672669000025053,1.3023300117527243,4.2280726712197065,-4.0151220336556435,29.573988827638285,5.873859872460232,1116.010726104701,0,521.8698782004399,522.0391635658083,1350.0,1363.789081978956,1.1492961216717958,0.27311185386311587,34.761753389273814,0.0,1.177023473748309e-14,34.761753389273814,0.0,53581.079831519055,50400.0,2559.727681691332,607.5630678487717,0.0,4.320099833421409e-12,2.546585164964199e-11,0,0,0,0.0,0,0,True,1008,0,3.3665128414040826e-11,1.9353980355410228e-13,2.774927589873229e-10,0.789085999940653,1.227265749953403,3.672669000025053,1.5979931444860291,4.298600083217025,-3.879400764591992,11.41950737766587,8.489201852364715,1130.831371451443,0,201.56534610586323,201.57680164534042,1363.789081978956,1500.0,1.2271070769056678,0.0007437485055571402,0.0,0.0,0.0,0.0,0.0,23297.016462478416,15050.0,988.3965709276221,7122.4089735297475,0.0,-2.2737367544323206e-12,2.1600499167107046e-12,0,0,0,0.0,0,0,True,1008,0,3.3665128414040826e-11,1.9353980355410228e-13,2.774927589873229e-10,0.7463169999937236,1.2164789200960515,3.672669000025053,0.27958200007560663,0.5617551199475194,1.4443500001561915,0.27958200007560663,0.5617551199475194,1.4443500001561915,0.27958200007560663,0.5617551199475194,1.4443500001561915,0.27958200007560663,0.5617551199475194,1.4443500001561915
1d51662afb815f886e6a892a9e4aa57a92f1f105af85fa83950794075ee6f9fd,Mar2015,400.0,False,180.0,swmpc_nosw,4,97.08333333333333,1.480910964042954,6.537099224515259,-6.41996094211936,40.95732154236225,5.552894210635776,1115.9114218841848,0,723.2568413405629,722.977411146129,1350.0,1500.0,-1.8972216760739684,0.21063744490501757,34.737590415771976,0.0,1.2089244726228029e-14,34.737590415771976,0.0,76875.82396098902,65450.0,3544.9932145080847,7730.830746480915,0.0,-1.546140993013978e-11,-2.319211489520967e-11,0,0,0,0.0,0,0,True,1008,0,1.7524590095455458e-11,2.239796692630711e-13,3.352509754035328e-10,0.690201999987039,0.8453628000188473,3.327903999888804,1.3481792313231693,4.063351519405842,-4.063351519405842,26.19194707020026,6.013359044276601,1115.9114218841848,0,461.9555042114945,462.33946392476236,1499.9999999999998,1360.6677435995286,0.9944554325193167,0.2729019354586939,34.54434593782308,0.0,1.1426695901186445e-14,34.54434593782308,0.0,45873.435184959366,43200.0,2267.0006519488834,545.7667894109525,0.0,-1.1368683772161603e-12,-4.547473508864641e-12,0,0,0,0.0,0,0,True,1008,0,1.7524590095455458e-11,2.239796692630711e-13,3.352509754035328e-10,0.7080435000261787,0.8629973200072523,3.327903999888804,1.3421273559801203,4.063351519405842,-4.063351519405842,29.56160475867726,5.552894210635776,1115.9114218841848,0,521.6740804794196,521.8205603520278,1350.0,1360.6677435995286,0.9944554325193167,0.27333450342912324,34.737590415771976,0.0,1.2089244726228029e-14,34.737590415771976,0.0,53576.228451503004,50400.0,2558.6557990881042,606.9049088153611,0.0,-1.0231815394945443e-11,-4.092726157978177e-12,0,0,0,0.0,0,0,True,1008,0,1.7524590095455458e-11,2.239796692630711e-13,3.352509754035328e-10,0.7080435000261787,0.8629973200072523,3.327903999888804,1.87220272634859,6.537099224515259,-6.41996094211936,11.395716783684993,8.569812612457932,1129.3885125677957,0,201.58276086114336,201.15685079410127,1360.6677435995286,1500.0,-1.8972216760739684,0.000675202405687525,0.0,0.0,0.0,0.0,0.0,23299.595509486004,15050.0,986.3374154199807,7123.925837665555,0.0,3.865352482534945e-12,-1.8985701899509877e-11,0,0,0,0.0,0,0,True,1008,0,1.7524590095455458e-11,2.239796692630711e-13,3.352509754035328e-10,0.690201999987039,0.8453628000188473,3.327903999888804,0.24960200005352817,0.38435122996588683,0.45478700008061423,0.24960200005352817,0.38435122996588683,0.45478700008061423,0.24960200005352817,0.38435122996588683,0.45478700008061423,0.24960200005352817,0.38435122996588683,0.45478700008061423
1d51662afb815f886e6a892a9e4aa57a92f1f105af85fa83950794075ee6f9fd,Mar2015,400.0,True,0.0,pid_lowdrag_preview,0,96.33333333333333,1.549327613551045,6.266490917652845,-5.308044140227139,41.28653774021453,6.972012574920267,987.9953085557338,0,729.0346214436836,728.7887255941296,1350.0,1500.0,-1.6695912135764956,0.21733847004993734,0.0,0.0,0.0,0.0,0.0,79201.04961376826,66200.0,3573.4879779238317,9277.561635844415,0.0,-1.6370904631912708e-11,-2.8194335754960775e-11,0,0,0,0.0,0,0,True,0,0,,,,0.16230000005634793,0.42621995994750245,1.9105540000055043,1.5451463158779608,6.266490917652845,-4.555709556676447,26.871103692922073,6.978888557431247,987.9953085557338,0,474.28659395713987,474.32791625434834,1203.6225843540778,1301.174583436325,0.27729628421366215,0.2761085040683069,0.0,0.0,0.0,0.0,0.0,48906.7887184404,44400.0,2325.7839299678567,2083.452789390289,0.0,-9.549694368615746e-12,-2.2737367544323206e-12,0,0,0,0.0,0,0,True,0,0,,,,0.1647235000064029,0.448709190045519,1.9105540000055043,1.5212000557506749,6.266490917652845,-4.555709556676447,30.22480044290003,6.972012574920267,987.9953085557338,0,533.4864166005109,533.5272706740567,1350.0,1301.174583436325,0.27729628421366215,0.2800688671719712,0.0,0.0,0.0,0.0,0.0,56551.04961376826,51600.0,2616.0576044778736,2383.8174258540453,0.0,-1.2732925824820995e-11,-1.8189894035458565e-12,0,0,0,0.0,0,0,True,0,0,,,,0.1647235000064029,0.448709190045519,1.9105540000055043,1.6427287520828289,5.308044140227139,-5.308044140227139,11.061737297314497,8.463002924694504,1119.4763460432368,0,195.5482048431727,195.26145492007288,1301.174583436325,1500.0,-1.6695912135764956,0.0007897019026421592,0.0,0.0,0.0,0.0,0.0,22650.0,14600.0,957.430373445958,6893.744209990369,0.0,2.2737367544323206e-12,-2.637534635141492e-11,0,0,0,0.0,0,0,True,0,0,,,,0.16230000005634793,0.42621995994750245,1.9105540000055043,,,,,,,,,,,,
1d51662afb815f886e6a892a9e4aa57a92f1f105af85fa83950794075ee6f9fd,Mar2015,400.0,True,0.0,pid_lowdrag_preview,1,96.33333333333333,1.595407919655189,6.890559055842459,-4.96183595713228,41.29648675433631,6.958421568028311,990.6527717223727,0,729.2897140103468,728.964345292938,1350.0,1500.0,-2.2091813469305634,0.21714816611685506,0.0,0.0,0.0,0.0,0.0,79236.1671222089,66200.0,3574.3490983835263,9311.818023825374,0.0,-7.275957614183426e-12,1.2732925824820995e-11,0,0,0,0.0,0,0,True,0,0,,,,0.16610050010967825,0.40496032994269626,0.775080000039452,1.6084587495904568,6.890559055842459,-4.96183595713228,26.896974958828,6.958421568028311,990.6527717223727,0,474.49747833820135,474.78459506398053,1204.112773847834,1299.1800538883563,2.4449602039530873,0.27584899276351316,0.0,0.0,0.0,0.0,0.0,48935.40772707973,44400.0,2328.0231745921133,2112.3172724470974,0.0,5.002220859751105e-12,8.640199666842818e-12,0,0,0,0.0,0,0,True,0,0,,,,0.16767349995916447,0.4043703599450051,0.775080000039452,1.55203954417758,6.890559055842459,-4.96183595713228,30.256143582885297,6.958421568028311,990.6527717223727,0,533.7204016117275,534.0805388407813,1350.0,1299.1800538883563,2.4449602039530873,0.27986914621573655,0.0,0.0,0.0,0.0,0.0,56586.167122208906,51600.0,2618.770458111494,2418.2166102090478,0.0,-8.185452315956354e-12,8.185452315956354e-12,0,0,0,0.0,0,0,True,0,0,,,,0.16767349995916447,0.4043703599450051,0.775080000039452,1.7368162875376474,5.482812142930925,-4.473245247267187,11.04034317145101,8.642746656395419,1119.7707739487153,0,195.56931239861922,194.8838064521567,1299.1800538883563,1500.0,-2.2091813469305634,0.0006319060494831552,0.0,0.0,0.0,0.0,0.0,22650.0,14600.0,955.5786402720325,6893.601413616325,0.0,9.094947017729282e-13,4.661160346586257e-12,0,0,0,0.0,0,0,True,0,0,,,,0.16610050010967825,0.40496032994269626,0.775080000039452,,,,,,,,,,,,
1d51662afb815f886e6a892a9e4aa57a92f1f105af85fa83950794075ee6f9fd,Mar2015,400.0,True,0.0,pid_lowdrag_preview,2,96.33333333333333,1.6184347879386214,5.530228910967708,-5.530228910967708,41.31605491205021,6.954998419568011,990.9539738240285,0,729.2450893405573,729.309761825866,1350.0,1500.0,0.4389908257871866,0.217198073421901,0.0,0.0,0.0,0.0,0.0,79221.44193592829,66200.0,3576.0427879048007,9295.399148023496,0.0,5.4569682106375694e-12,1.3642420526593924e-12,0,0,0,0.0,0,0,True,0,0,,,,0.16092300006675941,0.40268885004252286,1.0559239999565762,1.635549280060002,5.530228910967708,-5.530228910967708,26.86218391978376,6.967852505892134,990.9539738240285,0,474.4535040858066,474.17046468650557,1203.751360393896,1301.6799449992518,-1.4641939513385296,0.2759238471017168,0.0,0.0,0.0,0.0,0.0,48921.86215960108,44400.0,2325.0118937589586,2098.9216812367667,0.0,3.183231456205249e-12,0.0,0,0,0,0.0,0,0,True,0,0,,,,0.16197449997434887,0.38427214990633446,0.48420100006296707,1.5980993832841495,5.530228910967708,-5.530228910967708,30.222361786360327,6.954998419568011,990.9539738240285,0,533.6998790745267,533.484223581979,1350.0,1301.6799449992518,-1.4641939513385296,0.27988381696822606,0.0,0.0,0.0,0.0,0.0,56571.44193592829,51600.0,2615.8465305951054,2403.915460333934,0.0,0.0,-1.3642420526593924e-12,0,0,0,0.0,0,0,True,0,0,,,,0.16197449997434887,0.38427214990633446,0.48420100006296707,1.6867508481077287,4.365546677261591,-4.140190429054201,11.093693125689885,8.447377749756297,1116.7342849605316,0,195.5452102660306,195.82553824388697,1301.6799449992518,1500.0,0.4389908257871866,0.0008034518647236366,0.0,0.0,0.0,0.0,0.0,22650.0,14600.0,960.1962573096945,6891.4836876895615,0.0,4.092726157978177e-12,1.7053025658242404e-12,0,0,0,0.0,0,0,True,0,0,,,,0.16092300006675941,0.40268885004252286,1.0559239999565762,,,,,,,,,,,,
1d51662afb815f886e6a892a9e4aa57a92f1f105af85fa83950794075ee6f9fd,Mar2015,400.0,True,0.0,pid_lowdrag_preview,3,96.33333333333333,1.6000440790826214,7.713189531117678,-5.301277620717883,41.33988869581286,6.971265173545078,983.9691877805544,0,729.366845972297,729.7304750618268,1350.0,1500.0,2.4687727028504014,0.21704090793132802,0.0,0.0,0.0,0.0,0.0,79249.7851244429,66200.0,3578.1056816325267,9321.679442810397,0.0,2.000888343900442e-11,-9.549694368615746e-12,0,0,0,0.0,0,0,True,0,0,,,,0.16773350000676146,0.46592734007617764,4.566594000152691,1.601976718912033,6.908894979394972,-5.301277620717883,26.89336926329091,6.975498901545332,983.9691877805544,0,474.4992528155833,474.7209474345305,1204.9747166044617,1302.3733990907272,0.673771632835269,0.2758200418058835,0.0,0.0,0.0,0.0,0.0,48933.020721068526,44400.0,2327.711089579425,2107.9109490028395,0.0,4.092726157978177e-12,-7.73070496506989e-12,0,0,0,0.0,0,0,True,0,0,,,,0.16955099999904633,0.46816662003266163,4.566594000152691,1.5965286657944937,7.713189531117678,-5.301277620717883,30.246794020189203,6.971265173545078,983.9691877805544,0,533.8162493948954,533.9155006405564,1350.0,1302.3733990907272,0.673771632835269,0.2796896494415043,0.0,0.0,0.0,0.0,0.0,56599.785124442904,51600.0,2617.961222178362,2429.450503173821,0.0,5.9117155615240335e-12,-7.73070496506989e-12,0,0,0,0.0,0,0,True,0,0,,,,0.16955099999904633,0.46816662003266163,4.566594000152691,1.6121205729241075,4.381681269034743,-4.381681269034743,11.093094675623657,8.480839862327507,1118.9327429611265,0,195.55059657740162,195.81497442127045,1302.3733990907272,1500.0,2.4687727028504014,0.0007740194304458603,0.0,0.0,0.0,0.0,0.0,22650.0,14600.0,960.1444594541647,6892.228939636575,0.0,1.2278178473934531e-11,-1.7053025658242404e-12,0,0,0,0.0,0,0,True,0,0,,,,0.16773350000676146,0.46592734007617764,4.566594000152691,,,,,,,,,,,,
1d51662afb815f886e6a892a9e4aa57a92f1f105af85fa83950794075ee6f9fd,Mar2015,400.0,True,0.0,pid_lowdrag_preview,4,96.33333333333333,1.6597540263960908,5.916626940481365,-5.1829532934352756,41.32506960031545,6.948175113090024,991.0949168030854,0,729.2246963843795,729.4688888326795,1350.0,1500.0,1.657845688983798,0.2172344943017741,0.0,0.0,0.0,0.0,0.0,79222.03554798638,66200.0,3576.82303933551,9295.212508650884,0.0,1.4551915228366852e-11,8.185452315956354e-12,0,0,0,0.0,0,0,True,0,0,,,,0.16097799993985973,0.4994686898135114,1.2517299999217357,1.59659653219932,5.916626940481365,-4.867085190489888,26.87247621114801,6.948175113090024,991.0949168030854,0,474.4660913036599,474.3521439048983,1203.947776775087,1304.140280800954,-1.6608785465359688,0.27595087632186743,0.0,0.0,0.0,0.0,0.0,48924.0674276811,44400.0,2325.9027260124753,2097.9721976427663,0.0,1.1823431123048067e-11,-1.000444171950221e-11,0,0,0,0.0,0,0,True,0,0,,,,0.16169449986591644,0.5038700900627177,1.1531909999575873,1.5713468277500462,5.916626940481365,-4.867085190489888,30.219511123264855,6.948175113090024,991.0949168030854,0,533.6785297683974,533.4339037625375,1350.0,1304.140280800954,-1.6608785465359688,0.27993040988911455,0.0,0.0,0.0,0.0,0.0,56572.03554798638,51600.0,2615.599796166434,2402.2954710189997,0.0,8.412825991399586e-12,-1.000444171950221e-11,0,0,0,0.0,0,0,True,0,0,,,,0.16169449986591644,0.5038700900627177,1.1531909999575873,1.9341333380700019,5.717435053549707,-5.1829532934352756,11.105558477050597,8.445893928907157,1119.096801596762,0,195.5461666159821,196.03498507014194,1304.140280800954,1500.0,1.657845688983798,0.0008047583016401738,0.0,0.0,0.0,0.0,0.0,22650.0,14600.0,961.2232431690763,6892.917037631884,0.0,6.59383658785373e-12,1.8417267710901797e-11,0,0,0,0.0,0,0,True,0,0,,,,0.16097799993985973,0.4994686898135114,1.2517299999217357,,,,,,,,,,,,
1d51662afb815f886e6a892a9e4aa57a92f1f105af85fa83950794075ee6f9fd,Mar2015,400.0,True,0.0,swmpc,0,96.33333333333333,1.40107578403354,5.488073886372149,-5.307992941699922,40.888965971241205,5.108842503760288,1004.0949760285721,0,722.0167022013168,721.7708006553651,1350.0,1500.0,-1.6695942655205727,0.20897374757219567,45.887584809960835,0.0,1.148379882082744e-14,45.887584809960835,0.0,77288.00414805967,66200.0,3539.0768111234675,7398.927336936186,0.0,-1.6370904631912708e-11,-2.7284841053187847e-11,0,0,0,0.0,0,0,True,1008,0,1.7164578146549465e-11,3.593969387995231e-13,3.379215730518701e-10,0.7339574999605247,1.3286763900418919,3.6310109999249107,1.342868022987117,5.488073886372149,-3.7195134069770575,26.469623132173993,5.586401635795935,1004.0949760285721,0,467.32667711704175,467.24099344043697,1233.4325167466711,1300.7318015828855,0.41292866319417953,0.2683081160721088,45.887584809960835,0.0,1.148379882082744e-14,45.887584809960835,0.0,47210.68635497472,44400.0,2291.0344441613333,452.35262597716564,0.0,-7.958078640513122e-12,-1.864464138634503e-11,0,0,0,0.0,0,0,True,1008,0,1.7164578146549465e-11,3.593969387995231e-13,3.379215730518701e-10,0.7692164998616136,1.4165201999958286,3.6310109999249107,1.3228158242149746,5.488073886372149,-3.7195134069770575,29.825900287280646,5.108842503760288,1004.0949760285721,0,526.4250700831112,526.4858970940649,1350.0,1300.7318015828855,0.41292866319417953,0.26937154925684903,45.887584809960835,0.0,1.148379882082744e-14,45.887584809960835,0.0,54638.004148059656,51600.0,2581.5314613687583,505.7408851080029,0.0,-8.86757334228605e-12,-1.9099388737231493e-11,0,0,0,0.0,0,0,True,1008,0,1.7164578146549465e-11,3.593969387995231e-13,3.379215730518701e-10,0.7692164998616136,1.4165201999958286,3.6310109999249107,1.6428309594992634,5.307992941699922,-5.307992941699922,11.06306568396056,8.960239172224059,1119.4763483716856,0,195.59163211820555,195.2849035613002,1300.7318015828855,1500.0,-1.6695942655205727,0.00047722668818694913,0.0,0.0,0.0,0.0,0.0,22650.0,14600.0,957.5453497547089,6893.186451828184,0.0,6.821210263296962e-12,-8.526512829121202e-12,0,0,0,0.0,0,0,True,1008,0,1.7164578146549465e-11,3.593969387995231e-13,3.379215730518701e-10,0.7339574999605247,1.3286763900418919,3.6310109999249107,0.2864724999653845,0.5506627999352528,1.8252449999636156,0.2864724999653845,0.5506627999352528,1.8252449999636156,0.2864724999653845,0.5506627999352528,1.8252449999636156,0.2864724999653845,0.5506627999352528,1.8252449999636156
1d51662afb815f886e6a892a9e4aa57a92f1f105af85fa83950794075ee6f9fd,Mar2015,400.0,True,0.0,swmpc,1,96.33333333333333,1.375221999109063,5.482804175466299,-4.4732417380437255,40.90205850276918,4.956276942593465,1001.7356465438452,0,722.3272846738507,722.0019096291321,1350.0,1500.0,-2.2091824784874916,0.2082866821721312,45.906724670813574,0.0,1.2193138319140785e-14,45.906724670813574,0.0,77291.64166378413,66200.0,3540.210013532249,7401.431650251864,0.0,-1.9099388737231493e-11,1.2278178473934531e-11,0,0,0,0.0,0,0,True,1008,0,1.7280399333685637e-11,2.2938919109728906e-13,2.0590071622290644e-10,0.707567999938874,0.8516137999231431,1.8091609999828506,1.311367552136286,4.731381789781153,-3.754117959178984,26.48541438745398,5.61540494016819,1001.7356465438452,0,467.5408097659432,467.51974020490763,1234.3592804515329,1300.2120154072702,0.801542759872973,0.26746142987708477,45.906724670813574,0.0,1.2193138319140785e-14,45.906724670813574,0.0,47212.81321082831,44400.0,2292.401230140223,454.5592457323405,0.0,-8.86757334228605e-12,2.7284841053187847e-12,0,0,0,0.0,0,0,True,1008,0,1.7280399333685637e-11,2.2938919109728906e-13,2.0590071622290644e-10,0.7301719999759371,0.8717503999355358,1.8091609999828506,1.2534638897348764,4.731381789781153,-3.754117959178984,29.846714324762715,4.956276942593465,1001.7356465438452,0,526.735238121459,526.8533058592834,1350.0,1300.2120154072702,0.801542759872973,0.26848653342632844,45.906724670813574,0.0,1.2193138319140785e-14,45.906724670813574,0.0,54641.641663784125,51600.0,2583.332985952465,508.096662424377,0.0,-1.2505552149377763e-11,3.183231456205249e-12,0,0,0,0.0,0,0,True,1008,0,1.7280399333685637e-11,2.2938919109728906e-13,2.0590071622290644e-10,0.7301719999759371,0.8717503999355358,1.8091609999828506,1.7309284805854532,5.482804175466299,-4.4732417380437255,11.055344178006465,8.96804824387671,1119.7707752236329,0,195.5920465523917,195.1486037698487,1300.2120154072702,1500.0,-2.2091824784874916,0.0004734970206557998,0.0,0.0,0.0,0.0,0.0,22650.0,14600.0,956.8770275797833,6893.334987827488,0.0,6.821210263296962e-13,9.208633855450898e-12,0,0,0,0.0,0,0,True,1008,0,1.7280399333685637e-11,2.2938919109728906e-13,2.0590071622290644e-10,0.707567999938874,0.8516137999231431,1.8091609999828506,0.27449449999039643,0.39187793014207273,0.4627379998964898,0.27449449999039643,0.39187793014207273,0.4627379998964898,0.27449449999039643,0.39187793014207273,0.4627379998964898,0.27449449999039643,0.39187793014207273,0.4627379998964898
1d51662afb815f886e6a892a9e4aa57a92f1f105af85fa83950794075ee6f9fd,Mar2015,400.0,True,0.0,swmpc,2,96.33333333333333,1.4373708601782187,4.7338547660037875,-4.141081812791526,40.92351634503574,5.135854910014734,1001.1909218025837,0,722.3160166962377,722.3806828170719,1350.0,1500.0,0.4389863507822156,0.20826860558858873,45.88979211244998,0.0,1.4128740909413275e-14,45.88979211244998,0.0,77301.35007979875,66200.0,3542.067261574044,7409.282818224702,0.0,-4.547473508864641e-12,-1.7280399333685637e-11,0,0,0,0.0,0,0,True,1008,0,1.7273169163134208e-11,2.1330207980981507e-13,2.427664321023315e-10,0.7176030001119216,1.125432130017998,5.785342999843124,1.399663809642754,4.7338547660037875,-3.800104273483157,26.461653462378223,5.135854910014734,1001.1909218025837,0,467.4944316685036,467.10031306828984,1233.4992513839068,1302.4024302589357,-1.299739345908165,0.26752369557367084,45.88979211244998,0.0,1.4128740909413275e-14,45.88979211244998,0.0,47221.031682375455,44400.0,2290.344642575594,461.7838609248415,0.0,1.000444171950221e-11,-1.0459189070388675e-11,0,0,0,0.0,0,0,True,1008,0,1.7273169163134208e-11,2.1330207980981507e-13,2.427664321023315e-10,0.741939500016997,1.172052319911926,5.785342999843124,1.3561395442701645,4.7338547660037875,-3.800104273483157,29.826910533657717,5.135854910014734,1001.1909218025837,0,526.6951684790004,526.5037299328034,1350.0,1302.4024302589357,-1.299739345908165,0.26852323724579075,45.88979211244998,0.0,1.4128740909413275e-14,45.88979211244998,0.0,54651.35007979874,51600.0,2581.618901572785,517.3287479670294,0.0,6.59383658785373e-12,-1.0459189070388675e-11,0,0,0,0.0,0,0,True,1008,0,1.7273169163134208e-11,2.1330207980981507e-13,2.427664321023315e-10,0.741939500016997,1.172052319911926,5.785342999843124,1.6880097985444424,4.366247951053083,-4.141081812791526,11.096605811378026,9.406096342546238,1116.7416866242568,0,195.62084821723738,195.87695288426858,1302.4024302589357,1500.0,0.4389863507822156,0.00026631548427513696,0.0,0.0,0.0,0.0,0.0,22650.0,14600.0,960.4483600012591,6891.954070257673,0.0,-3.410605131648481e-12,-6.934897101018578e-12,0,0,0,0.0,0,0,True,1008,0,1.7273169163134208e-11,2.1330207980981507e-13,2.427664321023315e-10,0.7176030001119216,1.125432130017998,5.785342999843124,0.2752455000063492,0.48587175997681686,1.291869999931805,0.2752455000063492,0.48587175997681686,1.291869999931805,0.2752455000063492,0.48587175997681686,1.291869999931805,0.2752455000063492,0.48587175997681686,1.291869999931805
1d51662afb815f886e6a892a9e4aa57a92f1f105af85fa83950794075ee6f9fd,Mar2015,400.0,True,0.0,swmpc,3,96.33333333333333,1.4295465293948701,4.737562700174749,-4.381999308243394,40.926300546949534,4.706779644400891,1001.84135663702,0,722.0662064930152,722.4298294657407,1350.0,1500.0,2.468768182210624,0.20891241481435374,45.879758268516646,0.0,1.227669252238176e-14,45.879758268516646,0.0,77291.27486942934,66200.0,3542.3082435650904,7398.966625864273,0.0,2.2737367544323206e-11,7.275957614183426e-12,0,0,0,0.0,0,0,True,1008,0,1.6973804412788257e-11,2.528382212531917e-13,2.6904175547446247e-10,0.7545139999365347,1.3077758798658576,8.004362000065157,1.3792672221620108,4.586134077049792,-3.6331002190709114,26.48576482884163,5.150724728667152,1001.84135663702,0,467.38567854650535,467.52592618577023,1235.356187680834,1302.006921102787,0.15046639367938042,0.2679230200658771,45.879758268516646,0.0,1.2011253940269953e-14,45.879758268516646,0.0,47216.463291253734,44400.0,2292.431562014839,457.3809958169436,0.0,1.1368683772161603e-12,1.0459189070388675e-11,0,0,0,0.0,0,0,True,1008,0,1.6973804412788257e-11,2.528382212531917e-13,2.6904175547446247e-10,0.7950699998673372,1.404023339862303,8.004362000065157,1.372344333462186,4.737562700174749,-3.6331002190709114,29.824950564980504,4.706779644400891,1001.84135663702,0,526.4469666399061,526.4691326245215,1350.0,1302.006921102787,0.15046639367938042,0.26934744552474277,45.879758268516646,0.0,1.227669252238176e-14,45.879758268516646,0.0,54641.27486942934,51600.0,2581.44925972613,507.8186886004412,0.0,1.77351466845721e-11,1.0913936421275139e-11,0,0,0,0.0,0,0,True,1008,0,1.6973804412788257e-11,2.528382212531917e-13,2.6904175547446247e-10,0.7950699998673372,1.404023339862303,8.004362000065157,1.6114834719568771,4.381999308243394,-4.381999308243394,11.10134998196903,9.36108638600869,1118.9515687202645,0,195.6192398531091,195.96069684121915,1302.006921102787,1500.0,2.468768182210624,0.00028737729355876596,0.0,0.0,0.0,0.0,0.0,22650.0,14600.0,960.8589838389605,6891.147937263831,0.0,5.229594535194337e-12,-3.979039320256561e-12,0,0,0,0.0,0,0,True,1008,0,1.6973804412788257e-11,2.528382212531917e-13,2.6904175547446247e-10,0.7545139999365347,1.3077758798658576,8.004362000065157,0.31519549997938157,0.5999454999664519,1.6968420000011974,0.31519549997938157,0.5999454999664519,1.6968420000011974,0.31519549997938157,0.5999454999664519,1.6968420000011974,0.31519549997938157,0.5999454999664519,1.6968420000011974
1d51662afb815f886e6a892a9e4aa57a92f1f105af85fa83950794075ee6f9fd,Mar2015,400.0,True,0.0,swmpc,4,96.33333333333333,1.5024539886604913,5.717434449121356,-5.182949679903686,40.92252823586648,4.673532190076528,1003.9656469560186,0,722.1190543192037,722.3632407436696,1350.0,1500.0,1.6578427189961076,0.20881243633349933,45.9032427712373,0.0,1.1937119485992074e-14,45.9032427712373,0.0,77292.15018362387,66200.0,3541.981737419409,7400.168446204474,0.0,8.185452315956354e-12,-3.6834535421803594e-11,0,0,0,0.0,0,0,True,1008,0,1.7028507544215097e-11,2.0792262470372642e-13,2.778319574761405e-10,0.745359500115228,1.282364240030347,2.796030999888899,1.385547849044529,4.054759906604886,-3.653208438307047,26.485664237236037,5.3542379790488805,1003.9656469560186,0,467.47516814964666,467.5241505457675,1234.3213648017065,1302.1811953581055,0.19782204739749432,0.26774590252431074,45.9032427712373,0.0,1.1937119485992074e-14,45.9032427712373,0.0,47220.881421138314,44400.0,2292.4228554748092,460.5987351071208,0.0,1.4779288903810084e-11,4.092726157978177e-12,0,0,0,0.0,0,0,True,1008,0,1.7028507544215097e-11,2.0792262470372642e-13,2.778319574761405e-10,0.7795064999527312,1.2968385900967405,2.796030999888899,1.3512820161426915,4.054759906604886,-3.653208438307047,29.828184226578976,4.673532190076528,1003.9656469560186,0,526.4970711260816,526.5262131220493,1350.0,1302.1811953581055,0.19782204739749432,0.2692246062620445,45.9032427712373,0.0,1.1937119485992074e-14,45.9032427712373,0.0,54642.150183623875,51600.0,2581.729143956656,508.2398443091254,0.0,1.2050804798491299e-11,4.092726157978177e-12,0,0,0,0.0,0,0,True,1008,0,1.7028507544215097e-11,2.0792262470372642e-13,2.778319574761405e-10,0.7795064999527312,1.2968385900967405,2.796030999888899,1.9356139451199512,5.717434449121356,-5.182949679903686,11.094344009287504,9.406096342546238,1119.096836916995,0,195.6219831931221,195.83702762162034,1302.1811953581055,1500.0,1.6578427189961076,0.00026631548427513696,0.0,0.0,0.0,0.0,0.0,22650.0,14600.0,960.252593462753,6891.928601895348,0.0,-4.547473508864641e-12,-4.013145371573046e-11,0,0,0,0.0,0,0,True,1008,0,1.7028507544215097e-11,2.0792262470372642e-13,2.778319574761405e-10,0.745359500115228,1.282364240030347,2.796030999888899,0.2941340000006676,0.5711071200335026,0.9806699999899138,0.2941340000006676,0.5711071200335026,0.9806699999899138,0.2941340000006676,0.5711071200335026,0.9806699999899138,0.2941340000006676,0.5711071200335026,0.9806699999899138
1d51662afb815f886e6a892a9e4aa57a92f1f105af85fa83950794075ee6f9fd,Mar2015,400.0,True,0.0,swmpc_nosw,0,96.33333333333333,1.3598289563323616,5.166863498277962,-5.166863498277962,41.01706969029271,5.108842503760288,1004.231524008429,0,724.2569804970256,724.032083660954,1350.0,1500.0,-1.5269771795719862,0.2053708205722522,45.86779411411911,0.0,1.2329882721362585e-14,45.86779411411911,0.0,77302.00813705585,66200.0,3550.164616616863,7401.843520438992,0.0,7.275957614183426e-12,5.4569682106375694e-12,0,0,0,0.0,0,0,True,1008,0,1.706424128033973e-11,2.72413788651321e-13,2.892290656955994e-10,0.7008029999724386,1.202640269996209,4.03386900006808,1.3007029262262864,4.644844712689519,-3.822662016376853,26.596761047906874,6.155891633400985,1004.231524008429,0,469.5697340848342,469.4852281148225,1233.3572121145462,1300.6958034567108,0.38947624433785677,0.2628442745323234,45.86779411411911,0.0,1.2329882721362585e-14,45.86779411411911,0.0,47224.9491397324,44400.0,2302.038656146102,455.5718922441538,0.0,1.8417267710901797e-11,-1.3642420526593924e-12,0,0,0,0.0,0,0,True,1008,0,1.706424128033973e-11,2.72413788651321e-13,2.892290656955994e-10,0.7268224999279482,1.2849930399556757,4.03386900006808,1.2908698802004905,4.644844712689519,-3.822662016376853,29.951910859854777,5.108842503760288,1004.231524008429,0,528.652860174399,528.7102319408326,1350.0,1300.6958034567108,0.38947624433785677,0.2647502068385921,45.86779411411911,0.0,1.2329882721362585e-14,45.86779411411911,0.0,54652.00813705584,51600.0,2592.4380980312726,508.87423556787485,0.0,1.8189894035458565e-11,-9.094947017729282e-13,0,0,0,0.0,0,0,True,1008,0,1.706424128033973e-11,2.72413788651321e-13,2.892290656955994e-10,0.7268224999279482,1.2849930399556757,4.03386900006808,1.5748444363642475,5.166863498277962,-5.166863498277962,11.06515883043793,9.143640306022824,1119.564082567443,0,195.6041203226265,195.32185172012134,1300.6958034567108,1500.0,-1.5269771795719862,0.0003899255158454906,0.0,0.0,0.0,0.0,0.0,22650.0,14600.0,957.7265185855902,6892.9692848711165,0.0,-3.865352482534945e-12,6.252776074688882e-12,0,0,0,0.0,0,0,True,1008,0,1.706424128033973e-11,2.72413788651321e-13,2.892290656955994e-10,0.7008029999724386,1.202640269996209,4.03386900006808,0.26405350001823535,0.4483988100287204,3.5401640000145562,0.26405350001823535,0.4483988100287204,3.5401640000145562,0.26405350001823535,0.4483988100287204,3.5401640000145562,0.26405350001823535,0.4483988100287204,3.5401640000145562
1d51662afb815f886e6a892a9e4aa57a92f1f105af85fa83950794075ee6f9fd,Mar2015,400.0,True,0.0,swmpc_nosw,1,96.33333333333333,1.334724646801747,4.991066564805806,-4.253281282261014,41.03926023725544,4.956276942593465,1001.97700710465,0,724.7278536957547,724.4237905302325,1350.0,1500.0,-2.064480010420084,0.20457909597250745,45.87285337890961,0.0,1.1561768207816667e-14,45.87285337890961,0.0,77307.9229770582,66200.0,3552.085282701628,7405.837694356587,0.0,1.2732925824820995e-11,8.185452315956354e-12,0,0,0,0.0,0,0,True,1008,0,1.7006489298413274e-11,2.229528899347624e-13,2.2494921819534776e-10,0.7383749999689826,1.3557355900479704,2.033618999803366,1.2696465201774865,4.212515022605658,-3.9372330540791154,26.620675026096883,6.186727230030816,1001.97700710465,0,469.9259195441632,469.90735694041524,1234.3093112408892,1300.183210974483,0.769741078838706,0.26185725387047676,45.87285337890961,0.0,1.1561768207816667e-14,45.87285337890961,0.0,47229.416042653305,44400.0,2304.108490969853,459.43365194987064,0.0,1.2050804798491299e-11,1.0459189070388675e-11,0,0,0,0.0,0,0,True,1008,0,1.7006489298413274e-11,2.229528899347624e-13,2.2494921819534776e-10,0.7737524999811285,1.3725653500728183,2.033618999803366,1.2190540860897183,4.212515022605658,-3.9372330540791154,29.980969212351365,4.956276942593465,1001.97700710465,0,529.1097865203143,529.2231691073537,1350.0,1300.183210974483,0.769741078838706,0.263757513585819,45.87285337890961,0.0,1.1561768207816667e-14,45.87285337890961,0.0,54657.9229770582,51600.0,2594.9531956633064,512.7865704204228,0.0,9.777068044058979e-12,1.000444171950221e-11,0,0,0,0.0,0,0,True,1008,0,1.7006489298413274e-11,2.229528899347624e-13,2.2494921819534776e-10,0.7737524999811285,1.3725653500728183,2.033618999803366,1.6736835348845347,4.991066564805806,-4.253281282261014,11.058291024904076,9.351320169679845,1119.8277980706248,0,195.6180671754404,195.20062142287884,1300.183210974483,1500.0,-2.064480010420084,0.0002919557183360677,0.0,0.0,0.0,0.0,0.0,22650.0,14600.0,957.1320870383208,6893.051123936165,0.0,2.5011104298755527e-12,-2.5011104298755527e-12,0,0,0,0.0,0,0,True,1008,0,1.7006489298413274e-11,2.229528899347624e-13,2.2494921819534776e-10,0.7383749999689826,1.3557355900479704,2.033618999803366,0.2941995001037867,0.5561410500513373,1.4214760001323157,0.2941995001037867,0.5561410500513373,1.4214760001323157,0.2941995001037867,0.5561410500513373,1.4214760001323157,0.2941995001037867,0.5561410500513373,1.4214760001323157
1d51662afb815f886e6a892a9e4aa57a92f1f105af85fa83950794075ee6f9fd,Mar2015,400.0,True,0.0,swmpc_nosw,2,96.33333333333333,1.3946198239110899,4.228210620582104,-3.768926238641143,41.058970223381706,5.249347904301262,1001.5064785807108,0,724.6831101671874,724.7717106140261,1350.0,1500.0,0.6014952780678868,0.20471801494345443,45.86195668268932,0.0,1.2010814434540896e-14,45.86195668268932,0.0,77320.24514581343,66200.0,3553.791247946517,7416.453897866906,0.0,-7.275957614183426e-12,-7.275957614183426e-12,0,0,0,0.0,0,0,True,1008,0,1.9370039357689734e-11,2.202858497182796e-13,2.381070513638546e-10,0.7931224999992992,1.306849060033528,2.7359999999134743,1.3564981175462638,3.8864973662421107,-3.434785139746964,26.598009857417217,6.1213595651759425,1001.5064785807108,0,469.8843975344803,469.50727206283364,1233.3785967547722,1302.3880180374938,-1.153706499375403,0.2620688687040721,45.86195668268932,0.0,1.2010814434540896e-14,45.86195668268932,0.0,47240.2850706227,44400.0,2302.1467447874893,469.12890455248953,0.0,4.092726157978177e-12,-9.094947017729282e-13,0,0,0,0.0,0,0,True,1008,0,1.9370039357689734e-11,2.202858497182796e-13,2.381070513638546e-10,0.8842345000630303,1.3163734798308722,2.7359999999134743,1.3187707251645562,3.8864973662421107,-3.434785139746964,29.962231563764632,5.249347904301262,1001.5064785807108,0,529.0623424196986,528.8924126966272,1350.0,1302.3880180374938,-1.153706499375403,0.26394410248520095,45.86195668268932,0.0,1.2010814434540896e-14,45.86195668268932,0.0,54670.24514581343,51600.0,2593.3313894856856,524.5257382902516,0.0,0.0,4.547473508864641e-13,0,0,0,0.0,0,0,True,1008,0,1.9370039357689734e-11,2.202858497182796e-13,2.381070513638546e-10,0.8842345000630303,1.3163734798308722,2.7359999999134743,1.6295477079273373,4.228210620582104,-3.768926238641143,11.096738659617074,9.406096342546236,1116.8624324925395,0,195.6207677474888,195.87929791739896,1302.3880180374938,1500.0,0.6014952780678868,0.00026631548427513696,0.0,0.0,0.0,0.0,0.0,22650.0,14600.0,960.4598584608315,6891.928159576655,0.0,-7.503331289626658e-12,-7.73070496506989e-12,0,0,0,0.0,0,0,True,1008,0,1.9370039357689734e-11,2.202858497182796e-13,2.381070513638546e-10,0.7931224999992992,1.306849060033528,2.7359999999134743,0.3251259998933165,0.5667282499166498,0.7242239998959121,0.3251259998933165,0.5667282499166498,0.7242239998959121,0.3251259998933165,0.5667282499166498,0.7242239998959121,0.3251259998933165,0.5667282499166498,0.7242239998959121
1d51662afb815f886e6a892a9e4aa57a92f1f105af85fa83950794075ee6f9fd,Mar2015,400.0,True,0.0,swmpc_nosw,3,96.33333333333333,1.3734442648137286,4.737562700174749,-4.07788894418627,41.06103964374824,4.706779644400891,1002.180906340303,0,724.4187716454796,724.808239960257,1350.0,1500.0,2.6442531188949943,0.20531630081801622,45.86891544035013,0.0,1.3444187565404083e-14,45.86891544035013,0.0,77304.22292309583,66200.0,3553.9703632031533,7400.252559892688,0.0,8.185452315956354e-12,3.8198777474462986e-11,0,0,0,0.0,0,0,True,1008,0,1.7962520360015333e-11,2.63404581685568e-13,3.175705144777859e-10,0.6996715000013864,0.9286517100304079,1.3019949999488745,1.3239199570673272,3.858159253373742,-3.470120958983898,26.619998791107918,6.1070128404813,1002.180906340303,0,469.71782277186713,469.8954200606731,1235.3402422053418,1301.8823983076309,0.3616683967411518,0.2624532289220233,45.86891544035013,0.0,1.3444187565404083e-14,45.86891544035013,0.0,47229.72020980972,44400.0,2304.049960568995,459.12809313843695,0.0,2.5011104298755527e-12,-5.002220859751105e-12,0,0,0,0.0,0,0,True,1008,0,1.7962520360015333e-11,2.63404581685568e-13,3.175705144777859e-10,0.7252400000652415,0.9666429400454033,1.3019949999488745,1.326068087072501,4.737562700174749,-3.470120958983898,29.959821432533627,4.706779644400891,1002.180906340303,0,528.7965954507551,528.8498691324404,1350.0,1301.8823983076309,0.3616683967411518,0.264715701331362,45.86891544035013,0.0,1.3444187565404083e-14,45.86891544035013,0.0,54654.22292309583,51600.0,2593.122784563819,509.2177402243826,0.0,-2.2737367544323206e-13,-4.547473508864641e-12,0,0,0,0.0,0,0,True,1008,0,1.7962520360015333e-11,2.63404581685568e-13,3.175705144777859e-10,0.7252400000652415,0.9666429400454033,1.3019949999488745,1.5257264932345778,4.07788894418627,-4.07788894418627,11.101218211214611,9.406096342546238,1119.096887147275,0,195.6221761947245,195.95837082781657,1301.8823983076309,1500.0,2.6442531188949943,0.00026631548427513696,0.0,0.0,0.0,0.0,0.0,22650.0,14600.0,960.8475786393342,6891.034819668304,0.0,7.275957614183426e-12,4.331468517193571e-11,0,0,0,0.0,0,0,True,1008,0,1.7962520360015333e-11,2.63404581685568e-13,3.175705144777859e-10,0.6996715000013864,0.9286517100304079,1.3019949999488745,0.26170549995185866,0.40893530992207106,0.8423609999681503,0.26170549995185866,0.40893530992207106,0.8423609999681503,0.26170549995185866,0.40893530992207106,0.8423609999681503,0.26170549995185866,0.40893530992207106,0.8423609999681503
1d51662afb815f886e6a892a9e4aa57a92f1f105af85fa83950794075ee6f9fd,Mar2015,400.0,True,0.0,swmpc_nosw,4,96.33333333333333,1.477372505988444,5.626951043494046,-4.939331431873143,41.046690117914856,4.673532190076528,1004.228183472359,0,724.2872622020191,724.5549425607222,1350.0,1500.0,1.8173620393499732,0.2052850890508059,45.87968848571586,0.0,1.046058359016094e-14,45.87968848571586,0.0,77306.1070573164,66200.0,3552.728363731582,7403.378693584824,0.0,1.8189894035458565e-12,-6.821210263296962e-12,0,0,0,0.0,0,0,True,1008,0,3.323388232853756e-11,3.101964915079497e-13,2.445684269311526e-10,0.7776140000714804,1.5606608899747687,6.215412000074139,1.3756536091604543,4.205809870734811,-4.205809870734811,26.61054564733528,5.84341693922274,1004.228183472359,0,469.64257209725184,469.7285534503915,1234.3335406717058,1301.9969555283105,0.36779335886240005,0.262356437968584,45.87968848571586,0.0,1.046058359016094e-14,45.87968848571586,0.0,47235.14122941638,44400.0,2303.231759347145,464.24605521263265,0.0,2.2737367544323206e-13,-2.7284841053187847e-12,0,0,0,0.0,0,0,True,1008,0,3.323388232853756e-11,3.101964915079497e-13,2.445684269311526e-10,0.839176999988922,1.6776314000253474,6.215412000074139,1.3457945485323617,4.205809870734811,-4.205809870734811,29.9524377392692,4.673532190076528,1004.228183472359,0,528.6653556138766,528.7195324004463,1350.0,1301.9969555283105,0.36779335886240005,0.2646754480601581,45.87968848571586,0.0,1.046058359016094e-14,45.87968848571586,0.0,54656.1070573164,51600.0,2592.483701207422,511.62640058067177,0.0,1.1368683772161603e-12,-3.183231456205249e-12,0,0,0,0.0,0,0,True,1008,0,3.323388232853756e-11,3.101964915079497e-13,2.445684269311526e-10,0.839176999988922,1.6776314000253474,6.215412000074139,1.8614382671018095,5.626951043494046,-4.939331431873143,11.094252378645656,9.40609634254624,1119.1597506214744,0,195.62190658814245,195.83541016027596,1301.9969555283105,1500.0,1.8173620393499732,0.0002663154842749149,0.0,0.0,0.0,0.0,0.0,22650.0,14600.0,960.2446625241603,6891.752293004152,0.0,1.8189894035458565e-12,-3.183231456205249e-12,0,0,0,0.0,0,0,True,1008,0,3.323388232853756e-11,3.101964915079497e-13,2.445684269311526e-10,0.7776140000714804,1.5606608899747687,6.215412000074139,0.3042144999199081,0.7365195700390352,2.4371790000259352,0.3042144999199081,0.7365195700390352,2.4371790000259352,0.3042144999199081,0.7365195700390352,2.4371790000259352,0.3042144999199081,0.7365195700390352,2.4371790000259352
1d51662afb815f886e6a892a9e4aa57a92f1f105af85fa83950794075ee6f9fd,Mar2015,400.0,True,180.0,pid_lowdrag_preview,0,97.08333333333333,1.5573138889560514,5.760057248175144,-5.760057248175144,41.59180894182846,6.963062393864538,933.6880616439009,0,734.545242384823,734.1773636868886,1350.0,1500.0,-2.4977936018258333,0.2157127934198224,0.0,0.0,0.0,0.0,0.0,79877.496149446,66650.0,3599.910221800008,9477.585927646,0.0,7.275957614183426e-12,-4.547473508864641e-13,0,0,0,0.0,0,0,True,0,0,,,,0.17329199999949196,0.4621696401500239,1.6749379999509983,1.5205565894743616,5.760057248175144,-5.760057248175144,26.813990696861485,6.985528636573928,933.6880616439009,0,473.1558104551784,473.3197593612762,1500.0,1357.875900493727,0.3667544573545456,0.27567679354750296,0.0,0.0,0.0,0.0,0.0,48586.71580466403,44400.0,2320.840609070143,2007.9992951001807,0.0,1.7962520360015333e-11,4.547473508864641e-12,0,0,0,0.0,0,0,True,0,0,,,,0.1724999999623833,0.40348470994785957,0.6381639998380706,1.5245524771562198,5.760057248175144,-5.760057248175144,30.192885510676717,6.963062393864538,933.6880616439009,0,532.9098788252905,532.9639092478983,1350.0,1357.875900493727,0.3667544573545456,0.279986422674841,0.0,0.0,0.0,0.0,0.0,56570.21271573445,51600.0,2613.2952603129643,2349.0415549277777,0.0,1.77351466845721e-11,5.002220859751105e-12,0,0,0,0.0,0,0,True,0,0,,,,0.1724999999623833,0.40348470994785957,0.6381639998380706,1.6623315638169314,4.595096834935248,-4.595096834935248,11.398923431151744,8.94316416058896,1129.5047340986423,0,201.6353635595325,201.2134544389903,1357.875900493727,1500.0,-2.4977936018258333,0.00047087219371344524,0.0,0.0,0.0,0.0,0.0,23307.283433711535,15050.0,986.6149614870435,7128.54437271822,0.0,2.2737367544323206e-12,-5.4569682106375694e-12,0,0,0,0.0,0,0,True,0,0,,,,0.17329199999949196,0.4621696401500239,1.6749379999509983,,,,,,,,,,,,
1d51662afb815f886e6a892a9e4aa57a92f1f105af85fa83950794075ee6f9fd,Mar2015,400.0,True,180.0,pid_lowdrag_preview,1,97.08333333333333,1.5716666837669413,5.798564098775387,-5.798564098775387,41.62537563674674,6.9849434658996685,936.3677138133232,0,734.6372359376659,734.7698819785923,1350.0,1500.0,0.9005014756694436,0.21556441058658948,0.0,0.0,0.0,0.0,0.0,79867.49088119043,66650.0,3602.8155315526524,9464.675349637788,0.0,9.094947017729282e-12,1.0913936421275139e-11,0,0,0,0.0,0,0,True,0,0,,,,0.1612040000509296,0.3605322000112227,2.2181279998676473,1.5572794529358536,5.798564098775387,-5.798564098775387,26.822455986193045,6.994627203942637,936.3677138133232,0,473.2840937250106,473.4691883946073,1500.0,1360.2527628056866,0.8859393373131752,0.27547228308842064,0.0,0.0,0.0,0.0,0.0,48588.73854623245,44400.0,2321.5733081849626,2006.9124752418086,0.0,5.002220859751105e-12,1.0459189070388675e-11,0,0,0,0.0,0,0,True,0,0,,,,0.16210000001137814,0.33825478000153403,1.2619449998965138,1.5100928160017113,5.798564098775387,-5.798564098775387,30.2013925122346,6.9849434658996685,936.3677138133232,0,532.9835710685143,533.114074584197,1350.0,1360.2527628056866,0.8859393373131752,0.2798147690208912,0.0,0.0,0.0,0.0,0.0,56557.55666678886,51600.0,2614.0315697605333,2333.2723342226464,0.0,2.9558577807620168e-12,1.0913936421275139e-11,0,0,0,0.0,0,0,True,0,0,,,,0.16210000001137814,0.33825478000153403,1.2619449998965138,1.7622705871873274,5.328688733279705,-5.328688733279705,11.423983124512137,9.09553606270808,1130.451454409,0,201.6536648691516,201.6558073943952,1360.2527628056866,1500.0,0.9005014756694436,0.0004004195507886221,0.0,0.0,0.0,0.0,0.0,23309.934214401583,15050.0,988.7839617921193,7131.403015415142,0.0,-7.958078640513122e-12,-1.1368683772161603e-13,0,0,0,0.0,0,0,True,0,0,,,,0.1612040000509296,0.3605322000112227,2.2181279998676473,,,,,,,,,,,,
1d51662afb815f886e6a892a9e4aa57a92f1f105af85fa83950794075ee6f9fd,Mar2015,400.0,True,180.0,pid_lowdrag_preview,2,97.08333333333333,1.6154992390840577,5.826120335608721,-5.590782671235502,41.6292448777817,6.973152203230337,935.5570252827777,0,734.7243092792717,734.838181705261,1350.0,1500.0,0.7730347625911236,0.2154258524187117,0.0,0.0,0.0,0.0,0.0,79870.39801776008,66650.0,3603.150427309929,9467.247590450139,0.0,-7.275957614183426e-12,3.637978807091713e-12,0,0,0,0.0,0,0,True,0,0,,,,0.21726799991483858,0.6790891998844059,4.228653000154736,1.6111483425181887,5.590782671235502,-5.590782671235502,26.801447524092758,6.977079569977082,935.5570252827777,0,473.3412359822465,473.0983476518605,1500.0,1353.6777475038223,-1.720922446809709,0.27528381015371217,0.0,0.0,0.0,0.0,0.0,48590.84968839482,44400.0,2319.7549555000533,2017.4169853909318,0.0,-1.000444171950221e-11,-9.094947017729282e-13,0,0,0,0.0,0,0,True,0,0,,,,0.21126899991941173,0.7541183298781097,4.228653000154736,1.5877711512967252,5.590782671235502,-5.590782671235502,30.185831108875668,6.973152203230337,935.5570252827777,0,533.0928555891192,532.8393851589409,1350.0,1353.6777475038223,-1.720922446809709,0.27961053525748714,0.0,0.0,0.0,0.0,0.0,56563.52567732842,51600.0,2612.6846782344587,2347.1632515901356,0.0,-3.410605131648481e-12,-9.094947017729282e-13,0,0,0,0.0,0,0,True,0,0,,,,0.21126899991941173,0.7541183298781097,4.228653000154736,1.7050757743974931,5.826120335608721,-4.503843064419925,11.443413768906034,8.919609003425201,1128.392906494372,0,201.6314536901525,201.99879654632014,1353.6777475038223,1500.0,0.7730347625911236,0.0004817982609524041,0.0,0.0,0.0,0.0,0.0,23306.872340431662,15050.0,990.4657490754704,7120.084338860002,0.0,-1.1596057447604835e-11,4.433786671143025e-12,0,0,0,0.0,0,0,True,0,0,,,,0.21726799991483858,0.6790891998844059,4.228653000154736,,,,,,,,,,,,
1d51662afb815f886e6a892a9e4aa57a92f1f105af85fa83950794075ee6f9fd,Mar2015,400.0,True,180.0,pid_lowdrag_preview,3,97.08333333333333,1.5767782646572552,8.661292064934969,-4.906430870294571,41.62759018827308,6.979742889684172,943.2418867109346,0,734.6143824159989,734.8089731756909,1350.0,1500.0,1.3211006075143814,0.21557550163375905,0.0,0.0,0.0,0.0,0.0,79859.0536801292,66650.0,3603.007208396688,9456.046471732501,0.0,-1.4551915228366852e-11,-5.9117155615240335e-12,0,0,0,0.0,0,0,True,0,0,,,,0.16241499997704523,0.34697999995842227,0.774079000166239,1.5537401538155229,8.661292064934969,-4.906430870294571,26.816726215451776,6.992278339340174,943.2418867109346,0,473.21120459083187,473.36804665336956,1500.0,1358.2936509011276,0.06838583387434483,0.2755904930677181,0.0,0.0,0.0,0.0,0.0,48574.314389850086,44400.0,2321.0773773566298,1994.9433615923185,0.0,-9.777068044058979e-12,3.183231456205249e-12,0,0,0,0.0,0,0,True,0,0,,,,0.16340650006441138,0.33205779008994785,0.4656430000977707,1.546360501339401,8.661292064934969,-4.906430870294571,30.19336331368384,6.979742889684172,943.2418867109346,0,532.962262949474,532.9723434122491,1350.0,1358.2936509011276,0.06838583387434483,0.27982698750516355,0.0,0.0,0.0,0.0,0.0,56549.39470930242,51600.0,2613.3366157618625,2327.7644426394163,0.0,-1.1596057447604835e-11,3.183231456205249e-12,0,0,0,0.0,0,0,True,0,0,,,,0.16340650006441138,0.33205779008994785,0.4656430000977707,1.674623997490018,4.616286695934832,-4.047538074664772,11.434226874589243,9.079672483241545,1130.7650892821891,0,201.65211946652482,201.8366297634418,1358.2936509011276,1500.0,1.3211006075143814,0.0004077349946369768,0.0,0.0,0.0,0.0,0.0,23309.65897082679,15050.0,989.6705926348252,7128.282029093086,0.0,-6.139089236967266e-12,-9.208633855450898e-12,0,0,0,0.0,0,0,True,0,0,,,,0.16241499997704523,0.34697999995842227,0.774079000166239,,,,,,,,,,,,
1d51662afb815f886e6a892a9e4aa57a92f1f105af85fa83950794075ee6f9fd,Mar2015,400.0,True,180.0,pid_lowdrag_preview,4,97.08333333333333,1.668768006286738,6.82193495798856,-6.715794603340328,41.60885422702338,6.970200759815834,941.9074542914689,0,734.7412225723483,734.4782465497825,1350.0,1500.0,-1.785554675385356,0.21552044448809593,0.0,0.0,0.0,0.0,0.0,79878.31757582535,66650.0,3601.3855482637346,9476.93202756164,0.0,2.3646862246096134e-11,-1.318767317570746e-11,0,0,0,0.0,0,0,True,0,0,,,,0.15992099997674813,0.24089587992421066,0.36062499998479325,1.5830095654935608,6.444187857210636,-5.315145714208484,26.80688105074534,6.970200759815834,941.9074542914689,0,473.36358000900253,473.19426010132446,1500.0,1356.9841777744912,-2.1123409597203135,0.27544162933573046,0.0,0.0,0.0,0.0,0.0,48590.67439147737,44400.0,2320.2252454113295,2013.4649682915608,0.0,1.2732925824820995e-11,-4.547473508864641e-13,0,0,0,0.0,0,0,True,0,0,,,,0.16101300002446806,0.23202316999004294,0.36062499998479325,1.5772058986565736,6.444187857210636,-5.315145714208484,30.18347248335542,6.970200759815834,941.9074542914689,0,533.1088750231721,532.7977507720145,1350.0,1356.9841777744912,-2.1123409597203135,0.279732842767914,0.0,0.0,0.0,0.0,0.0,56571.51211643288,51600.0,2612.4805313041916,2352.0474073542237,0.0,2.523847797419876e-11,-4.547473508864641e-13,0,0,0,0.0,0,0,True,0,0,,,,0.16101300002446806,0.23202316999004294,0.36062499998479325,1.9442449892507216,6.82193495798856,-6.715794603340328,11.425381743667959,8.915778563777758,1129.2440147857144,0,201.6323475491762,201.680495777768,1356.9841777744912,1500.0,-1.785554675385356,0.00048357583010028016,0.0,0.0,0.0,0.0,0.0,23306.80545939247,15050.0,988.9050169595437,7124.884620207415,0.0,-4.320099833421409e-12,-1.2391865311656147e-11,0,0,0,0.0,0,0,True,0,0,,,,0.15992099997674813,0.24089587992421066,0.36062499998479325,,,,,,,,,,,,
1d51662afb815f886e6a892a9e4aa57a92f1f105af85fa83950794075ee6f9fd,Mar2015,400.0,True,180.0,swmpc,0,97.08333333333333,1.4087284023124835,4.5950925555080175,-4.5950925555080175,41.30168985155581,5.331930152427761,1013.8798580309591,0,729.4240738627294,729.0561902089677,1350.0,1500.0,-2.4977945797145367,0.20354243953502027,45.91874408248512,0.0,1.113499554753943e-14,45.91874408248512,0.0,78126.69049690173,66650.0,3574.7994438563837,7751.891053045356,0.0,5.4569682106375694e-12,-1.8189894035458565e-12,0,0,0,0.0,0,0,True,1008,0,3.3286141825860036e-11,2.1274994775380594e-13,2.7055622604655995e-10,0.7783149999340822,1.3958260799972784,2.9157519998079806,1.343596845163636,4.298425639048219,-4.298425639048219,26.538674489603117,5.331930152427761,1013.8798580309591,0,468.12187419810203,468.45988593023515,1499.9999999999998,1369.1234094419187,1.5297447126358747,0.2621441247006985,45.91874408248512,0.0,9.268238731996023e-15,45.91874408248512,0.0,47126.93123312468,44400.0,2297.0110701788753,560.7967535038765,0.0,-5.6843418860808015e-12,-1.6370904631912708e-11,0,0,0,0.0,0,0,True,1008,0,3.3286141825860036e-11,2.1274994775380594e-13,2.7055622604655995e-10,0.8319960001017535,1.4479275201324524,2.9157519998079806,1.3228012299313674,4.298425639048219,-4.298425639048219,29.916225958616298,5.331930152427761,1013.8798580309591,0,527.8549963665735,528.0803231347118,1350.0,1369.1234094419187,1.5297447126358747,0.2641050263499798,45.91874408248512,0.0,1.113499554753943e-14,45.91874408248512,0.0,54829.088845722006,51600.0,2589.3494504345163,620.6159858455765,0.0,5.229594535194337e-12,-1.546140993013978e-11,0,0,0,0.0,0,0,True,1008,0,3.3286141825860036e-11,2.1274994775380594e-13,2.7055622604655995e-10,0.8319960001017535,1.4479275201324524,2.9157519998079806,1.6644909307972373,4.5950925555080175,-4.5950925555080175,11.385463892939509,8.507461484959267,1129.5114418428363,0,201.56907749615596,200.97586707425592,1369.1234094419187,1500.0,-2.4977945797145367,0.0007281953174822497,0.0,0.0,0.0,0.0,0.0,23297.601651179728,15050.0,985.4499934218677,7131.275067199779,0.0,0.0,1.3869794202037156e-11,0,0,0,0.0,0,0,True,1008,0,3.3286141825860036e-11,2.1274994775380594e-13,2.7055622604655995e-10,0.7783149999340822,1.3958260799972784,2.9157519998079806,0.31398400005855365,0.6310369300263119,2.4603940000815783,0.31398400005855365,0.6310369300263119,2.4603940000815783,0.31398400005855365,0.6310369300263119,2.4603940000815783,0.31398400005855365,0.6310369300263119,2.4603940000815783
1d51662afb815f886e6a892a9e4aa57a92f1f105af85fa83950794075ee6f9fd,Mar2015,400.0,True,180.0,swmpc,1,97.08333333333333,1.41218355452431,5.328680013306439,-5.328680013306439,41.298100213512015,5.520489567932096,1019.0159134363879,0,728.8601851887323,728.9928260259082,1350.0,1500.0,0.9004987375810742,0.20469860635826076,45.92746176934892,0.0,1.1888798498681495e-14,45.92746176934892,0.0,78120.48506686278,66650.0,3574.4887486734874,7745.996318189289,0.0,0.0,4.092726157978177e-12,0,0,0,0.0,0,0,True,1008,0,1.869559361790039e-11,2.52151299097183e-13,2.0437378164331735e-10,0.7663869998850714,1.324930640021194,7.936726000025374,1.329400059202105,4.049735168926418,-3.564480339176953,26.51375272590415,5.520489567932096,1019.0159134363879,0,467.66962581853045,468.01996770507634,1499.9999999999998,1367.3162926443028,1.7483505588024855,0.26354310575161244,45.92746176934892,0.0,1.1888798498681495e-14,45.92746176934892,0.0,47123.6978457196,44400.0,2294.8540081474894,561.5275449278026,0.0,-6.821210263296962e-12,-1.318767317570746e-11,0,0,0,0.0,0,0,True,1008,0,1.869559361790039e-11,2.52151299097183e-13,2.0437378164331735e-10,0.8346450000544792,1.462780419976752,7.936726000025374,1.288213134610143,4.049735168926418,-3.564480339176953,29.886524902361472,5.520489567932096,1019.0159134363879,0,527.2985148718718,527.5560409807357,1350.0,1367.3162926443028,1.7483505588024855,0.2655977622263077,45.92746176934892,0.0,1.1888798498681495e-14,45.92746176934892,0.0,54823.97649171839,51600.0,2586.778724641862,619.8814744322356,0.0,7.503331289626658e-12,-1.318767317570746e-11,0,0,0,0.0,0,0,True,1008,0,1.869559361790039e-11,2.52151299097183e-13,2.0437378164331735e-10,0.8346450000544792,1.462780419976752,7.936726000025374,1.7650355006368885,5.328680013306439,-5.328680013306439,11.411575311150543,8.473368151829785,1130.4505498534309,0,201.5616703168605,201.43678504517254,1367.3162926443028,1500.0,0.9004987375810742,0.0007572471722423479,0.0,0.0,0.0,0.0,0.0,23296.50857514438,15050.0,987.7100240316258,7126.114843757052,0.0,-5.4569682106375694e-12,1.7621459846850485e-11,0,0,0,0.0,0,0,True,1008,0,1.869559361790039e-11,2.52151299097183e-13,2.0437378164331735e-10,0.7663869998850714,1.324930640021194,7.936726000025374,0.32490099999904487,0.5875346901052579,7.43288500007111,0.32490099999904487,0.5875346901052579,7.43288500007111,0.32490099999904487,0.5875346901052579,7.43288500007111,0.32490099999904487,0.5875346901052579,7.43288500007111
1d51662afb815f886e6a892a9e4aa57a92f1f105af85fa83950794075ee6f9fd,Mar2015,400.0,True,180.0,swmpc,2,97.08333333333333,1.4755343769385834,5.833292426541448,-4.5038360906764865,41.29937965647974,5.479052879386819,1017.419771606028,0,728.9015433338656,729.0154107147897,1350.0,1500.0,0.7730337977409363,0.2045112826058132,45.946363756165184,0.0,1.1527781422261995e-14,45.946363756165184,0.0,78106.44432821238,66650.0,3574.599488743098,7731.844839469324,0.0,3.9108272176235914e-11,-2.7284841053187847e-12,0,0,0,0.0,0,0,True,1008,0,1.695338375765384e-11,2.3518687597555396e-13,3.21579757753725e-10,0.8457270000690187,1.313242039987017,3.3243230000152835,1.441835049592757,5.02521148789674,-3.694254041649401,26.485766614723797,5.479052879386819,1017.419771606028,0,467.6243311243197,467.5259577101059,1500.0,1361.3590682332645,-0.5962677765637636,0.26358771008591286,45.946363756165184,0.0,1.1032180909298535e-14,45.946363756165184,0.0,47105.67332078099,44400.0,2292.4317165889106,551.8825359588329,0.0,1.9554136088117957e-11,5.002220859751105e-12,0,0,0,0.0,0,0,True,1008,0,1.695338375765384e-11,2.3518687597555396e-13,3.21579757753725e-10,1.0390935001396429,1.3283807600464563,3.3243230000152835,1.398841358651843,5.02521148789674,-3.694254041649401,29.868918695292482,5.479052879386819,1017.419771606028,0,527.3330783750695,527.2452567417419,1350.0,1361.3590682332645,-0.5962677765637636,0.2653637254132397,45.946363756165184,0.0,1.1527781422261995e-14,45.946363756165184,0.0,54808.77354252037,51600.0,2585.254848513206,612.1596257739245,0.0,2.319211489520967e-11,4.092726157978177e-12,0,0,0,0.0,0,0,True,1008,0,1.695338375765384e-11,2.3518687597555396e-13,3.21579757753725e-10,1.0390935001396429,1.3283807600464563,3.3243230000152835,1.707464380890757,5.833292426541448,-4.5038360906764865,11.430460961187261,8.509619855179336,1128.4022930061974,0,201.56846495879608,201.77015397304785,1361.3590682332645,1500.0,0.7730337977409363,0.0007263578553616812,0.0,0.0,0.0,0.0,0.0,23297.670785692022,15050.0,989.3446402298913,7119.6852136954,0.0,5.229594535194337e-12,-7.617018127348274e-12,0,0,0,0.0,0,0,True,1008,0,1.695338375765384e-11,2.3518687597555396e-13,3.21579757753725e-10,0.8457270000690187,1.313242039987017,3.3243230000152835,0.3622570000061387,0.589511589842004,2.6995690000148898,0.3622570000061387,0.589511589842004,2.6995690000148898,0.3622570000061387,0.589511589842004,2.6995690000148898,0.3622570000061387,0.589511589842004,2.6995690000148898
1d51662afb815f886e6a892a9e4aa57a92f1f105af85fa83950794075ee6f9fd,Mar2015,400.0,True,180.0,swmpc,3,97.08333333333333,1.4292280783373914,6.120260531082749,-4.240260150283575,41.28279709932539,4.877961582831568,1017.1691844959972,0,728.5281105117286,728.722695913373,1350.0,1500.0,1.32109809294343,0.20502256903005045,45.92652535234649,0.0,1.5238810543554077e-14,45.92652535234649,0.0,78112.30046258669,66650.0,3573.164212939457,7739.136249647233,0.0,9.094947017729282e-13,-1.1368683772161603e-11,0,0,0,0.0,0,0,True,1008,0,1.9099388737231493e-11,3.050136891835803e-13,3.543355074371924e-10,0.7052650000787253,1.2834602000293671,2.0231689998126967,1.3640318624825754,6.120260531082749,-4.240260150283575,26.490551537180973,4.877961582831568,1017.1691844959972,0,467.1592013839978,467.61042101777156,1499.9999999999998,1363.3118836762928,0.9599559744819999,0.26456938987580736,45.92652535234649,0.0,1.5238810543554077e-14,45.92652535234649,0.0,47113.02683602374,44400.0,2292.845867636959,556.869084710494,0.0,7.503331289626658e-12,-9.549694368615746e-12,0,0,0,0.0,0,0,True,1008,0,1.9099388737231493e-11,3.050136891835803e-13,3.543355074371924e-10,0.735915999939607,1.2965380201035257,2.0231689998126967,1.3468420942586674,6.120260531082749,-4.240260150283575,29.86084984932494,4.877961582831568,1017.1691844959972,0,526.961428137443,527.1028257147875,1350.0,1363.3118836762928,0.9599559744819999,0.26602391373468737,45.92652535234649,0.0,1.5238810543554077e-14,45.92652535234649,0.0,54815.10518955809,51600.0,2584.5564628979546,617.2368429838484,0.0,6.366462912410498e-12,-9.549694368615746e-12,0,0,0,0.0,0,0,True,1008,0,1.9099388737231493e-11,3.050136891835803e-13,3.543355074371924e-10,0.735915999939607,1.2965380201035257,2.0231689998126967,1.6758887264910844,4.6289995312690735,-4.0475372998043895,11.421947250000454,8.494779422096105,1130.7650932420745,0,201.56668237428562,201.61987019858543,1363.3118836762928,1500.0,1.32109809294343,0.0007389960656851713,0.0,0.0,0.0,0.0,0.0,23297.1952730286,15050.0,988.607750041502,7121.899406663385,0.0,-5.002220859751105e-12,-1.7053025658242404e-12,0,0,0,0.0,0,0,True,1008,0,1.9099388737231493e-11,3.050136891835803e-13,3.543355074371924e-10,0.7052650000787253,1.2834602000293671,2.0231689998126967,0.2790460000596795,0.5336514599866853,1.1840419999771257,0.2790460000596795,0.5336514599866853,1.1840419999771257,0.2790460000596795,0.5336514599866853,1.1840419999771257,0.2790460000596795,0.5336514599866853,1.1840419999771257
1d51662afb815f886e6a892a9e4aa57a92f1f105af85fa83950794075ee6f9fd,Mar2015,400.0,True,180.0,swmpc,4,97.08333333333333,1.5264507497222966,6.821954535320401,-6.715787990018725,41.28239273354872,5.463291680454505,1015.6514743281822,0,728.9785394232763,728.7155580608256,1350.0,1500.0,-1.7855523936450481,0.2043392979116463,45.93169878725768,0.0,1.2231480175876457e-14,45.93169878725768,0.0,78113.72168299224,66650.0,3573.1292137285814,7740.592469263647,0.0,-1.0913936421275139e-11,1.1368683772161603e-11,0,0,0,0.0,0,0,True,1008,0,1.733225513124772e-11,2.1677862530623608e-13,3.5173524384488744e-10,0.9502749999228399,1.434259040015606,7.544298000084382,1.3932101854204546,4.113120200112462,-3.6143030803650618,26.51439063979708,5.463291680454505,1015.6514743281822,0,467.6870487167304,468.0312281419786,1499.9999999999998,1360.7360439213753,0.7779385121539235,0.26335256976492327,45.93169878725768,0.0,1.2231480175876457e-14,45.93169878725768,0.0,47111.705965900874,44400.0,2294.909221729261,556.0607002502288,0.0,-8.412825991399586e-12,-7.73070496506989e-12,0,0,0,0.0,0,0,True,1008,0,1.733225513124772e-11,2.1677862530623608e-13,3.5173524384488744e-10,1.0717330000034053,1.6242970800794807,7.544298000084382,1.3754587651286723,4.113120200112462,-3.6143030803650618,29.88397906157473,5.463291680454505,1015.6514743281822,0,527.3965128149721,527.5111018755453,1350.0,1360.7360439213753,0.7779385121539235,0.26515465386837933,45.93169878725768,0.0,1.2231480175876457e-14,45.93169878725768,0.0,54814.25291636959,51600.0,2586.558373603901,616.9584988442982,0.0,-1.2505552149377763e-11,-6.366462912410498e-12,0,0,0,0.0,0,0,True,1008,0,1.733225513124772e-11,2.1677862530623608e-13,3.5173524384488744e-10,1.0717330000034053,1.6242970800794807,7.544298000084382,1.9486906897179281,6.821954535320401,-6.715787990018725,11.398413671973987,8.565842851044316,1129.244330386532,0,201.5820266083042,201.20445618528038,1360.7360439213753,1500.0,-1.7855523936450481,0.0006785709867733747,0.0,0.0,0.0,0.0,0.0,23299.46876662265,15050.0,986.5708401246798,7123.633970419349,0.0,3.637978807091713e-12,1.7962520360015333e-11,0,0,0,0.0,0,0,True,1008,0,1.733225513124772e-11,2.1677862530623608e-13,3.5173524384488744e-10,0.9502749999228399,1.434259040015606,7.544298000084382,0.366122500054189,0.6047686600254565,6.926034999878539,0.366122500054189,0.6047686600254565,6.926034999878539,0.366122500054189,0.6047686600254565,6.926034999878539,0.366122500054189,0.6047686600254565,6.926034999878539
1d51662afb815f886e6a892a9e4aa57a92f1f105af85fa83950794075ee6f9fd,Mar2015,400.0,True,180.0,swmpc_nosw,0,97.08333333333333,1.37578400521746,4.358929553069174,-4.28271263372153,41.403864301341166,5.852555529658648,1013.2869102015211,0,731.2414623273551,730.8597705313464,1350.0,1500.0,-2.591538392007351,0.2007991100176616,45.88151086284404,0.0,1.1873254473096798e-14,45.88151086284404,0.0,78137.6976570854,66650.0,3583.642984340614,7754.054672744778,0.0,-1.000444171950221e-11,6.366462912410498e-12,0,0,0,0.0,0,0,True,1008,0,3.728928277269006e-11,2.402714680946756e-13,2.839431038227761e-10,0.7519850000790029,1.2977662001958379,2.1049879999281984,1.3038205120729207,4.241716934368014,-4.241716934368014,26.651383879611828,5.852555529658648,1013.2869102015211,0,470.1126613726786,470.4494287013874,1499.9999999999998,1368.0500204047128,1.5006435066461563,0.2573253140873085,45.88151086284404,0.0,1.1873254473096798e-14,45.88151086284404,0.0,47139.36122447867,44400.0,2306.766444987239,564.5447590867132,0.0,-5.6843418860808015e-12,-1.1823431123048067e-11,0,0,0,0.0,0,0,True,1008,0,3.728928277269006e-11,2.402714680946756e-13,2.839431038227761e-10,0.8004485000583372,1.3039433899166395,2.1049879999281984,1.298180649149439,4.28271263372153,-4.28271263372153,30.019153897805545,5.852555529658648,1013.2869102015211,0,529.6761646289967,529.8972040294423,1350.0,1368.0500204047128,1.5006435066461563,0.2605381816705994,45.88151086284404,0.0,1.1873254473096798e-14,45.88151086284404,0.0,54840.64114322975,51600.0,2598.258207947674,624.332914877346,0.0,-1.3869794202037156e-11,-1.1823431123048067e-11,0,0,0,0.0,0,0,True,1008,0,3.728928277269006e-11,2.402714680946756e-13,2.839431038227761e-10,0.8004485000583372,1.3039433899166395,2.1049879999281984,1.6086311741290253,4.358929553069174,-4.248526034876704,11.384710403535621,8.490451020111864,1129.5338443564617,0,201.56529769835834,200.96256650190412,1368.0500204047128,1500.0,-2.591538392007351,0.0007426840171252946,0.0,0.0,0.0,0.0,0.0,23297.056513855663,15050.0,985.3847763929405,7129.721757867432,0.0,-3.410605131648481e-12,1.8189894035458565e-11,0,0,0,0.0,0,0,True,1008,0,3.728928277269006e-11,2.402714680946756e-13,2.839431038227761e-10,0.7519850000790029,1.2977662001958379,2.1049879999281984,0.31090400000266527,0.582646509888036,1.5681370000493189,0.31090400000266527,0.582646509888036,1.5681370000493189,0.31090400000266527,0.582646509888036,1.5681370000493189,0.31090400000266527,0.582646509888036,1.5681370000493189
1d51662afb815f886e6a892a9e4aa57a92f1f105af85fa83950794075ee6f9fd,Mar2015,400.0,True,180.0,swmpc_nosw,1,97.08333333333333,1.3685915570375022,5.0911439917981625,-5.0911439917981625,41.43179114757987,5.932204697570658,1018.1976688936145,0,731.2333224402985,731.3527343833481,1350.0,1500.0,0.8106892397627234,0.20101582449149047,45.87982015785356,0.0,1.226951404099303e-14,45.87982015785356,0.0,78134.51903756653,66650.0,3586.0601463202233,7748.45889124632,0.0,1.7280399333685637e-11,6.366462912410498e-12,0,0,0,0.0,0,0,True,1008,0,1.6645030076293688e-11,2.779529242331412e-13,2.5633375139716543e-10,0.7758310000554047,1.2862889999632898,2.9843050001545635,1.2833445008357756,3.7250820118933916,-3.401338854804635,26.650559879383923,5.932204697570658,1018.1976688936145,0,470.08830138907916,470.4348834740944,1500.0,1366.1351874499192,1.691505242139101,0.2577808161111873,45.87982015785356,0.0,1.226951404099303e-14,45.87982015785356,0.0,47138.29463135403,44400.0,2306.6951250105885,565.4643188935245,0.0,1.5916157281026244e-12,3.183231456205249e-12,0,0,0,0.0,0,0,True,1008,0,1.6645030076293688e-11,2.779529242331412e-13,2.5633375139716543e-10,0.8664585001270098,1.2962445899916015,2.9843050001545635,1.2538580240197907,3.7250820118933916,-3.401338854804635,30.02057013913071,5.932204697570658,1018.1976688936145,0,529.6730513112634,529.9222034788368,1350.0,1366.1351874499192,1.691505242139101,0.26081374733187446,45.87982015785356,0.0,1.226951404099303e-14,45.87982015785356,0.0,54838.201156170486,51600.0,2598.3807883728423,623.685180347727,0.0,2.7284841053187847e-12,3.183231456205249e-12,0,0,0,0.0,0,0,True,1008,0,1.6645030076293688e-11,2.779529242331412e-13,2.5633375139716543e-10,0.8664585001270098,1.2962445899916015,2.9843050001545635,1.6972479842072619,5.0911439917981625,-5.0911439917981625,11.41122100844916,8.467426376196093,1130.4963372158704,0,201.56027112903507,201.43053090451133,1366.1351874499192,1500.0,0.8106892397627234,0.0007623154446231295,0.0,0.0,0.0,0.0,0.0,23296.317881396055,15050.0,987.6793579473812,7124.773710898591,0.0,-1.3642420526593924e-12,3.524291969370097e-12,0,0,0,0.0,0,0,True,1008,0,1.6645030076293688e-11,2.779529242331412e-13,2.5633375139716543e-10,0.7758310000554047,1.2862889999632898,2.9843050001545635,0.32583699999122473,0.5775262299857786,2.108433000103105,0.32583699999122473,0.5775262299857786,2.108433000103105,0.32583699999122473,0.5775262299857786,2.108433000103105,0.32583699999122473,0.5775262299857786,2.108433000103105
1d51662afb815f886e6a892a9e4aa57a92f1f105af85fa83950794075ee6f9fd,Mar2015,400.0,True,180.0,swmpc_nosw,2,97.08333333333333,1.429864558374969,5.495760514400899,-4.293342046439648,41.41614963507559,6.030193523431163,1016.7743020833458,0,730.9778668228846,731.0766308738688,1350.0,1500.0,0.6704977918416262,0.20125754038858312,45.882642633844455,0.0,1.205676776085092e-14,45.882642633844455,0.0,78119.62216753038,66650.0,3584.7063210796114,7734.915846450798,0.0,2.7284841053187847e-11,1.5916157281026244e-11,0,0,0,0.0,0,0,True,1008,0,1.713314373570699e-11,2.456704573874927e-13,4.1376972791238354e-10,0.7928970001103153,1.406906239953969,2.4943650000750495,1.393605139431396,4.327707313932478,-3.9607134955003858,26.60971338461809,6.030193523431163,1016.7743020833458,0,469.79236851862066,469.7138623738752,1500.0,1361.1131952153162,-0.42546955589205027,0.2583077017012172,45.882642633844455,0.0,1.205676776085092e-14,45.882642633844455,0.0,47119.049265896865,44400.0,2303.159724224389,554.7763464571681,0.0,7.958078640513122e-12,-1.3642420526593924e-12,0,0,0,0.0,0,0,True,1008,0,1.713314373570699e-11,2.456704573874927e-13,4.1376972791238354e-10,0.9026225000070554,1.5220696899791581,2.4943650000750495,1.359290652503757,4.327707313932478,-3.9607134955003858,29.98793456039927,6.030193523431163,1016.7743020833458,0,529.4087863156939,529.3461212221292,1350.0,1361.1131952153162,-0.42546955589205027,0.261139238503699,45.882642633844455,0.0,1.205676776085092e-14,45.882642633844455,0.0,54821.84316214622,51600.0,2595.556069841504,615.1738970894182,0.0,1.5916157281026244e-11,-1.8189894035458565e-12,0,0,0,0.0,0,0,True,1008,0,1.713314373570699e-11,2.456704573874927e-13,4.1376972791238354e-10,0.9026225000070554,1.5220696899791581,2.4943650000750495,1.6442940897964577,5.495760514400899,-4.293342046439648,11.42821507467632,8.512998963886162,1128.6711914133411,0,201.56908050719073,201.73050965173957,1361.1131952153162,1500.0,0.6704977918416262,0.000723481584473884,0.0,0.0,0.0,0.0,0.0,23297.779005384167,15050.0,989.1502512381074,7119.74194936138,0.0,3.865352482534945e-12,1.8189894035458565e-11,0,0,0,0.0,0,0,True,1008,0,1.713314373570699e-11,2.456704573874927e-13,4.1376972791238354e-10,0.7928970001103153,1.406906239953969,2.4943650000750495,0.3239490000623846,0.5907469101339297,1.5252830000918038,0.3239490000623846,0.5907469101339297,1.5252830000918038,0.3239490000623846,0.5907469101339297,1.5252830000918038,0.3239490000623846,0.5907469101339297,1.5252830000918038
1d51662afb815f886e6a892a9e4aa57a92f1f105af85fa83950794075ee6f9fd,Mar2015,400.0,True,180.0,swmpc_nosw,3,97.08333333333333,1.384288345642912,5.090732390992343,-4.014770829118788,41.42661721597048,5.873859872460232,1016.4024058137098,0,731.0806632186234,731.2614042977905,1350.0,1500.0,1.2271098978817463,0.20101535776518886,45.8842532068411,0.0,1.177023473748309e-14,45.8842532068411,0.0,78130.46480297731,66650.0,3585.612325228467,7744.852477748843,0.0,9.094947017729282e-13,-1.546140993013978e-11,0,0,0,0.0,0,0,True,1008,0,1.7087723916214682e-11,2.0141824830750788e-13,3.029346270786383e-10,0.7071570000789507,1.0951159200340046,3.7082070000451495,1.323578283530726,5.090732390992343,-4.014770829118788,26.636241354737844,5.97526943133974,1016.4024058137098,0,469.69932568961207,470.18213330659506,1499.9999999999995,1363.7890640907447,1.149293496273458,0.2585158505399916,45.8842532068411,0.0,1.177023473748309e-14,45.8842532068411,0.0,47131.11945237578,44400.0,2305.455808795557,561.8745794894683,0.0,-1.000444171950221e-11,1.318767317570746e-11,0,0,0,0.0,0,0,True,1008,0,1.7087723916214682e-11,2.0141824830750788e-13,3.029346270786383e-10,0.739611499966486,1.1076233400399358,3.7082070000451495,1.3137501791749349,5.090732390992343,-4.014770829118788,30.00710979295616,5.873859872460232,1016.4024058137098,0,529.5153170973723,529.6846018519715,1350.0,1363.7890640907447,1.149293496273458,0.2608186855482407,45.8842532068411,0.0,1.177023473748309e-14,45.8842532068411,0.0,54833.448338227994,51600.0,2597.2157503758144,622.4435237614327,0.0,-2.2737367544323206e-12,1.2278178473934531e-11,0,0,0,0.0,0,0,True,1008,0,1.7087723916214682e-11,2.0141824830750788e-13,3.029346270786383e-10,0.739611499966486,1.1076233400399358,3.7082070000451495,1.5979947250360356,4.298607133328915,-3.8794018905609846,11.41950742301432,8.489201923189832,1130.8313683627784,0,201.56534612125108,201.576802445819,1363.7890640907447,1500.0,1.2271098978817463,0.0007437484452008647,0.0,0.0,0.0,0.0,0.0,23297.016464749315,15050.0,988.3965748526521,7122.408953987409,0.0,1.5916157281026244e-12,-2.808064891723916e-11,0,0,0,0.0,0,0,True,1008,0,1.7087723916214682e-11,2.0141824830750788e-13,3.029346270786383e-10,0.7071570000789507,1.0951159200340046,3.7082070000451495,0.26272599995991186,0.4746161401635615,1.5127530000427214,0.26272599995991186,0.4746161401635615,1.5127530000427214,0.26272599995991186,0.4746161401635615,1.5127530000427214,0.26272599995991186,0.4746161401635615,1.5127530000427214
1d51662afb815f886e6a892a9e4aa57a92f1f105af85fa83950794075ee6f9fd,Mar2015,400.0,True,180.0,swmpc_nosw,4,97.08333333333333,1.4876828119847714,6.537108997814357,-6.419967556372285,41.39467457243523,5.552894210635776,1015.0682989149365,0,730.9769839093535,730.6975537123903,1350.0,1500.0,-1.8972250800579786,0.20111122266603199,45.87263675024361,0.0,1.2089244726228029e-14,45.87263675024361,0.0,78127.55982289207,66650.0,3582.847582556813,7744.712240335256,0.0,-2.7284841053187847e-12,1.0913936421275139e-11,0,0,0,0.0,0,0,True,1008,0,1.7524590095455458e-11,2.504751049814085e-13,4.1611062503502853e-10,0.7175729999744362,1.5515431600033576,4.859435000071244,1.359427102963761,4.228906976059079,-4.228906976059079,26.629300062153806,6.014488353011949,1015.0682989149365,0,469.6756467641268,470.05960581813287,1499.9999999999998,1360.6677315619168,0.9944524364545941,0.2584692677595707,45.87263675024361,0.0,1.1109736980835657e-14,45.87263675024361,0.0,47125.17104451368,44400.0,2304.855016698217,559.6482962535522,0.0,8.185452315956354e-12,0.0,0,0,0,0.0,0,0,True,1008,0,1.7524590095455458e-11,2.504751049814085e-13,4.1611062503502853e-10,0.75082300008944,3.161226620195518,4.859435000071244,1.3518172810120241,4.228906976059079,-4.228906976059079,29.998957750630804,5.552894210635776,1015.0682989149365,0,529.3942230320519,529.5407022453983,1350.0,1360.6677315619168,0.9944524364545941,0.26096364540130346,45.87263675024361,0.0,1.2089244726228029e-14,45.87263675024361,0.0,54827.964311057316,51600.0,2596.510163837437,620.7864156579608,0.0,-1.3642420526593924e-12,-4.547473508864641e-13,0,0,0,0.0,0,0,True,1008,0,1.7524590095455458e-11,2.504751049814085e-13,4.1611062503502853e-10,0.75082300008944,3.161226620195518,4.859435000071244,1.8722042316667906,6.537108997814357,-6.419967556372285,11.395716821804424,8.569812686031185,1129.3885126495366,0,201.58276087730167,201.15685146699207,1360.6677315619168,1500.0,-1.8972250800579786,0.0006752023432624599,0.0,0.0,0.0,0.0,0.0,23299.59551183475,15050.0,986.3374187193762,7123.925824677294,0.0,5.002220859751105e-12,1.2050804798491299e-11,0,0,0,0.0,0,0,True,1008,0,1.7524590095455458e-11,2.504751049814085e-13,4.1611062503502853e-10,0.7175729999744362,1.5515431600033576,4.859435000071244,0.27202550006677484,0.5169900599298661,3.8212679999105603,0.27202550006677484,0.5169900599298661,3.8212679999105603,0.27202550006677484,0.5169900599298661,3.8212679999105603,0.27202550006677484,0.5169900599298661,3.8212679999105603
1d51662afb815f886e6a892a9e4aa57a92f1f105af85fa83950794075ee6f9fd,Mar2015,550.0,False,0.0,pid_lowdrag_preview,0,96.75,0.6471820175544228,2.7393070328980684,-2.7393070328980684,3.331495940056293,6.701492714790956,1137.8562178381533,0,58.85107901284093,58.8074663889952,1350.0,1500.0,-0.30595883168280125,0.27403798340874697,0.0,0.0,0.0,0.0,0.0,76048.07165753885,65250.0,288.35212013181894,10359.71953740705,0.0,1.8189894035458565e-11,-2.3305801732931286e-12,0,0,0,0.0,0,0,True,0,0,,,,0.1614840000456752,0.31384388011247216,0.49422600000070815,0.6039430380466259,2.208284303545952,-1.690995546989143,2.144092109542965,6.703402355901005,1138.3914523272988,0,37.73464489970982,37.8474495948892,1279.7083627065124,1188.8903392596349,0.47641474660485983,0.3546259554295721,0.0,0.0,0.0,0.0,0.0,44792.11086641975,43200.0,185.57834578485895,1497.3505440817853,0.0,1.4097167877480388e-11,-7.673861546209082e-13,0,0,0,0.0,0,0,True,0,0,,,,0.1623499998686384,0.3175558800876386,0.49422600000070815,0.5955207602981094,2.208284303545952,-1.690995546989143,2.3942217747676158,6.701492714790956,1138.3914523272988,0,42.19481955362654,42.26273094154478,1350.0,1188.8903392596349,0.47641474660485983,0.3545708289831334,0.0,0.0,0.0,0.0,0.0,52224.59324921589,50400.0,207.2279051939489,1778.4750047623147,0.0,8.640199666842818e-12,-7.958078640513122e-13,0,0,0,0.0,0,0,True,0,0,,,,0.1623499998686384,0.3175558800876386,0.49422600000070815,0.7979561856978955,2.7393070328980684,-2.7393070328980684,0.9372741652886774,8.5348525961077,1137.8562178381533,0,16.65625945921439,16.54473544745042,1188.8903392596349,1500.0,-0.30595883168280125,0.0007143863077988533,0.0,0.0,0.0,0.0,0.0,23823.478408322968,14850.0,81.12421493787002,8581.244532644734,0.0,1.8189894035458565e-12,-1.5347723092418164e-12,0,0,0,0.0,0,0,True,0,0,,,,0.1614840000456752,0.31384388011247216,0.49422600000070815,,,,,,,,,,,,
1d51662afb815f886e6a892a9e4aa57a92f1f105af85fa83950794075ee6f9fd,Mar2015,550.0,False,0.0,pid_lowdrag_preview,1,96.75,0.6351407301807498,2.051138929091394,-1.8882421609014273,3.328536488409586,6.698983399225674,1137.9326962208365,0,58.84863657821705,58.755226237311014,1350.0,1500.0,-0.6553059043362737,0.27400451615244836,0.0,0.0,0.0,0.0,0.0,76040.35542561855,65250.0,288.0959696900634,10352.259455928499,0.0,1.6370904631912708e-11,-1.3073986337985843e-12,0,0,0,0.0,0,0,True,0,0,,,,0.17357199999423756,0.4693444000895398,4.235703999938778,0.6642387473224728,2.051138929091394,-1.8882421609014273,2.1380646326854613,6.698983399225674,1137.9326962208365,0,37.73180817733749,37.74105275422448,1279.7074496035523,1189.045679266678,0.739377367310226,0.35456095012839717,0.0,0.0,0.0,0.0,0.0,44782.99849405636,43200.0,185.05664749610762,1488.603616897139,0.0,1.3415046851150692e-11,-1.5916157281026244e-12,0,0,0,0.0,0,0,True,0,0,,,,0.17824899998686305,0.4547812800524296,1.1464910000995587,0.6377511343966021,2.051138929091394,-1.8882421609014273,2.3962025395798747,6.698983399225674,1137.9326962208365,0,42.192299624084704,42.297695342587474,1350.0,1189.045679266678,0.739377367310226,0.3545299690800544,0.0,0.0,0.0,0.0,0.0,52216.56601889984,50400.0,207.39934701569263,1770.120992617484,0.0,1.750777300912887e-11,-1.4779288903810084e-12,0,0,0,0.0,0,0,True,0,0,,,,0.17824899998686305,0.4547812800524296,1.1464910000995587,0.6262000425607689,1.791348408907652,-1.5412614569067955,0.9323339488297111,8.544578628325295,1138.7979821321608,0,16.656336954132342,16.45753089472354,1189.045679266678,1500.0,-0.6553059043362737,0.0007060092466341095,0.0,0.0,0.0,0.0,0.0,23823.789406718704,14850.0,80.69662267437079,8582.138463311014,0.0,2.9558577807620168e-12,2.2737367544323206e-13,0,0,0,0.0,0,0,True,0,0,,,,0.17357199999423756,0.4693444000895398,4.235703999938778,,,,,,,,,,,,
1d51662afb815f886e6a892a9e4aa57a92f1f105af85fa83950794075ee6f9fd,Mar2015,550.0,False,0.0,pid_lowdrag_preview,2,96.75,0.6109415785455306,1.9642708227038383,-1.465547169558704,3.3329863367435486,6.700858864823994,1138.45684885204,0,58.85623365193448,58.833774826607744,1350.0,1500.0,-0.15755896177142859,0.27400568042844975,0.0,0.0,0.0,0.0,0.0,76050.56379077432,65250.0,288.48111895167534,10362.082671822636,0.0,-1.0913936421275139e-11,2.5011104298755527e-12,0,0,0,0.0,0,0,True,0,0,,,,0.17076800008908322,0.44092831989473846,2.584920999879614,0.5990366885157367,1.7466735020279884,-1.465547169558704,2.1406243930392916,6.7047601946212065,1138.45684885204,0,37.739963478567866,37.786237567198114,1279.3819903997066,1189.2176092110203,0.406524526886642,0.3545559479682028,0.0,0.0,0.0,0.0,0.0,44794.61600366399,43200.0,185.2782033191811,1499.5021815334937,0.0,-3.637978807091713e-12,1.0516032489249483e-12,0,0,0,0.0,0,0,True,0,0,,,,0.17245499986984214,0.42365753003878126,2.584920999879614,0.5797140955039676,1.7466735020279884,-1.465547169558704,2.3939575480569553,6.700858864823994,1138.45684885204,0,42.20011809383333,42.25806681957527,1350.0,1189.2176092110203,0.406524526886642,0.35452758696674125,0.0,0.0,0.0,0.0,0.0,52227.26445285577,50400.0,207.20503548809324,1780.8418081566494,0.0,-9.094947017729282e-12,9.947598300641403e-13,0,0,0,0.0,0,0,True,0,0,,,,0.17245499986984214,0.42365753003878126,2.584920999879614,0.7067108910075596,1.9642708227038383,-1.1458691479638219,0.9390287886865933,8.529254821119881,1138.966764233597,0,16.65611555810115,16.575708007032475,1189.2176092110203,1500.0,-0.15755896177142859,0.0007192097530357433,0.0,0.0,0.0,0.0,0.0,23823.299337918543,14850.0,81.27608346358208,8581.240863665986,0.0,5.4569682106375694e-12,1.4921397450962104e-12,0,0,0,0.0,0,0,True,0,0,,,,0.17076800008908322,0.44092831989473846,2.584920999879614,,,,,,,,,,,,
1d51662afb815f886e6a892a9e4aa57a92f1f105af85fa83950794075ee6f9fd,Mar2015,550.0,False,0.0,pid_lowdrag_preview,3,96.75,0.6194958663638934,1.923532490618527,-1.923532490618527,3.3237464353806927,6.700195314038168,1138.1955367652126,0,58.8511465256085,58.670672364946775,1350.0,1500.0,-1.2660824935883284,0.27399032328092787,0.0,0.0,0.0,0.0,0.0,76037.9032460259,65250.0,287.6813745738523,10350.221871452053,0.0,1.8189894035458565e-12,-1.0800249583553523e-12,0,0,0,0.0,0,0,True,0,0,,,,0.1715490000151476,0.43523584012291416,0.8976450001227931,0.660170252145314,1.923532490618527,-1.923532490618527,2.1468239251526366,6.700195314038168,1138.663121676434,0,37.73494995418226,37.895671522076356,1279.56613386942,1188.5433392183195,0.803900252096355,0.3545251526145379,0.0,0.0,0.0,0.0,0.0,44782.08675703798,43200.0,185.8147935659851,1487.2947581230942,0.0,1.1368683772161603e-12,-1.0516032489249483e-12,0,0,0,0.0,0,0,True,0,0,,,,0.165800500099067,0.42278442999076976,0.5163389998870116,0.6403351557485881,1.923532490618527,-1.923532490618527,2.396871649118258,6.700195314038168,1138.663121676434,0,42.194913562598856,42.30950644408577,1350.0,1188.5433392183195,0.803900252096355,0.35450854317000713,0.0,0.0,0.0,0.0,0.0,52214.49829180635,50400.0,207.45726068494696,1768.4976919030842,0.0,3.637978807091713e-12,-1.0800249583553523e-12,0,0,0,0.0,0,0,True,0,0,,,,0.165800500099067,0.42278442999076976,0.5163389998870116,0.5428357951137934,1.5296298367902637,-1.5296298367902637,0.9268747862624349,8.532556195393601,1138.1955367652126,0,16.656232963009643,16.361165920861005,1188.5433392183195,1500.0,-1.2660824935883284,0.0007163648695067693,0.0,0.0,0.0,0.0,0.0,23823.40495421956,14850.0,80.22411388890534,8581.724179548968,0.0,-6.366462912410498e-12,0.0,0,0,0,0.0,0,0,True,0,0,,,,0.1715490000151476,0.43523584012291416,0.8976450001227931,,,,,,,,,,,,
1d51662afb815f886e6a892a9e4aa57a92f1f105af85fa83950794075ee6f9fd,Mar2015,550.0,False,0.0,pid_lowdrag_preview,4,96.75,0.6387799270935489,2.412241836078465,-1.6492344150319695,3.3360074508210715,6.7048514322767,1137.836427922949,0,58.8531341709157,58.88710344167039,1350.0,1500.0,0.23830222431570292,0.2740232635702693,0.0,0.0,0.0,0.0,0.0,76048.3625307667,65250.0,288.74260648312656,10359.619924283563,0.0,-5.4569682106375694e-12,-1.1368683772161603e-13,0,0,0,0.0,0,0,True,0,0,,,,0.1808530000744213,0.4607319200567875,1.1629460000222025,0.6314182104994793,2.412241836078465,-1.4961228976026177,2.1437423336874226,6.7048514322767,1138.3461713188783,0,37.73671870463494,37.84127536198063,1279.8419637840493,1188.9518044172917,0.6463097436353564,0.3545795032148946,0.0,0.0,0.0,0.0,0.0,44791.92329324091,43200.0,185.54807151428224,1497.2653810933778,0.0,-4.547473508864641e-12,-1.4210854715202004e-13,0,0,0,0.0,0,0,True,0,0,,,,0.17256000000998029,0.4789749300607578,1.1629460000222025,0.6154063826955694,2.412241836078465,-1.4961228976026177,2.395712028633753,6.7048514322767,1138.3461713188783,0,42.19690772114639,42.28903685808239,1350.0,1188.9518044172917,0.6463097436353564,0.35455142379080784,0.0,0.0,0.0,0.0,0.0,52224.92800302509,50400.0,207.3568916521554,1778.619306955643,0.0,1.5916157281026244e-12,-2.2737367544323206e-13,0,0,0,0.0,0,0,True,0,0,,,,0.17256000000998029,0.4789749300607578,1.1629460000222025,0.7124130682908839,2.111097764223814,-1.6492344150319695,0.9402954221873183,8.533480719047747,1137.836427922949,0,16.656226449769314,16.598066583588,1188.9518044172917,1500.0,0.23830222431570292,0.0007155682763204663,0.0,0.0,0.0,0.0,0.0,23823.4345277416,14850.0,81.38571483097115,8581.000617327922,0.0,1.1368683772161603e-12,1.4210854715202004e-13,0,0,0,0.0,0,0,True,0,0,,,,0.1808530000744213,0.4607319200567875,1.1629460000222025,,,,,,,,,,,,
1d51662afb815f886e6a892a9e4aa57a92f1f105af85fa83950794075ee6f9fd,Mar2015,550.0,False,0.0,swmpc,0,96.75,0.6225002730003519,2.7497812947258353,-2.7497812947258353,3.381231034989051,5.199999999999999,1137.8413957669807,0,59.72922853047561,59.68538879269567,1350.0,1500.0,-0.30755119025707245,0.22297054544294126,34.23864898148023,0.0,1.1130946911121243e-14,34.23864898148023,0.0,75622.88066475293,65250.0,292.6568590019434,9930.223805750984,0.0,0.0,-1.0800249583553523e-12,0,0,0,0.0,0,0,True,1008,0,1.0425851001842046e-10,1.4726256780835326e-13,2.799323672887417e-10,0.7064559999889752,1.0562574000687168,3.3972589999393676,0.558965900977334,2.079281585291028,-1.4640881288796663,2.1880978824987856,5.2048638880453275,1137.8413957669807,0,38.546971891964866,38.624238178931826,1279.5447451385628,1221.3345457762273,0.3265220392495394,0.2888434714343675,34.23864898148023,0.0,1.1130946911121243e-14,34.23864898148023,0.0,44403.274539032915,43200.0,189.38719266871027,1072.097545726535,0.0,-5.002220859751105e-12,-1.9042545318370685e-12,0,0,0,0.0,0,0,True,1008,0,1.0425851001842046e-10,1.4726256780835326e-13,2.799323672887417e-10,0.7307779999337072,1.0690161300703944,3.3972589999393676,0.559823378647567,2.079281585291028,-1.4640881288796663,2.442315888375887,5.199999999999999,1137.8413957669807,0,43.06514215278239,43.11168679213424,1350.0,1221.3345457762273,0.3265220392495394,0.28865781293330073,34.23864898148023,0.0,1.1130946911121243e-14,34.23864898148023,0.0,51774.06646053683,50400.0,211.39061164004102,1291.34130312055,0.0,-1.0913936421275139e-11,-1.8758328224066645e-12,0,0,0,0.0,0,0,True,1008,0,1.0425851001842046e-10,1.4726256780835326e-13,2.799323672887417e-10,0.7307779999337072,1.0690161300703944,3.3972589999393676,0.7993824779923085,2.7497812947258353,-2.7497812947258353,0.938915146613164,9.924109069830642,1137.8507698782416,0,16.664086377693216,16.573702000561426,1221.3345457762273,1500.0,-0.30755119025707245,3.1940627175708336e-05,0.0,0.0,0.0,0.0,0.0,23848.814204216105,14850.0,81.26624736190243,8638.882502630433,0.0,2.5011104298755527e-12,8.242295734817162e-13,0,0,0,0.0,0,0,True,1008,0,1.0425851001842046e-10,1.4726256780835326e-13,2.799323672887417e-10,0.7064559999889752,1.0562574000687168,3.3972589999393676,0.2720510000244758,0.4622440700654803,2.8601070000604523,0.2720510000244758,0.4622440700654803,2.8601070000604523,0.2720510000244758,0.4622440700654803,2.8601070000604523,0.2720510000244758,0.4622440700654803,2.8601070000604523
1d51662afb815f886e6a892a9e4aa57a92f1f105af85fa83950794075ee6f9fd,Mar2015,550.0,False,0.0,swmpc,1,96.75,0.6191001210744584,2.2118180133402348,-1.7734589874744415,3.3770933761994155,5.199999999999999,1138.0479742194668,0,59.70624107300972,59.61235096387053,1350.0,1500.0,-0.6586706275120378,0.22370630824743853,34.24432383110536,0.0,1.1408964758737681e-14,34.24432383110536,0.0,75651.50754910709,65250.0,292.2987307899217,9959.208818317162,0.0,-5.4569682106375694e-12,-5.684341886080802e-14,0,0,0,0.0,0,0,True,1008,0,6.374040058060492e-11,1.1966930041560606e-13,4.4197857242791473e-10,0.7618499998898187,1.3403565200587766,3.443647000040073,0.6531434914263401,2.2118180133402348,-1.7734589874744415,2.1829897278886854,5.199999999999999,1138.0479742194668,0,38.52499388100496,38.534069186998806,1279.6562330723298,1221.949887887449,0.5425111735239625,0.28985308398656484,34.24432383110536,0.0,1.0900706196126304e-14,34.24432383110536,0.0,44442.150270599115,43200.0,188.94506479634163,1110.9115509876533,0.0,-9.094947017729282e-13,-1.3926637620897964e-12,0,0,0,0.0,0,0,True,1008,0,6.374040058060492e-11,1.1966930041560606e-13,4.4197857242791473e-10,0.8027865000030943,1.4513080800088518,3.443647000040073,0.617330701989268,2.2118180133402348,-1.7734589874744415,2.442758116154266,5.199999999999999,1138.0479742194668,0,43.04215992127131,43.11949298361121,1350.0,1221.949887887449,0.5425111735239625,0.2896110228988724,34.24432383110536,0.0,1.1408964758737681e-14,34.24432383110536,0.0,51802.610196712594,50400.0,211.42888793386606,1319.2314208912874,0.0,8.185452315956354e-12,-1.3642420526593924e-12,0,0,0,0.0,0,0,True,1008,0,6.374040058060492e-11,1.1966930041560606e-13,4.4197857242791473e-10,0.8027865000030943,1.4513080800088518,3.443647000040073,0.6250680757667417,1.7952524470165372,-1.5984266744926572,0.9343352600451493,9.929430553247558,1138.8211956391738,0,16.664081151738408,16.492857980259323,1221.949887887449,1500.0,-0.6586706275120378,2.9700945602839646e-05,0.0,0.0,0.0,0.0,0.0,23848.897352394495,14850.0,80.86984285605566,8639.977397425873,0.0,-1.432454155292362e-11,1.3500311979441904e-12,0,0,0,0.0,0,0,True,1008,0,6.374040058060492e-11,1.1966930041560606e-13,4.4197857242791473e-10,0.7618499998898187,1.3403565200587766,3.443647000040073,0.30267199997524585,0.6111487699922687,1.4383909999651223,0.30267199997524585,0.6111487699922687,1.4383909999651223,0.30267199997524585,0.6111487699922687,1.4383909999651223,0.30267199997524585,0.6111487699922687,1.4383909999651223
1d51662afb815f886e6a892a9e4aa57a92f1f105af85fa83950794075ee6f9fd,Mar2015,550.0,False,0.0,swmpc,2,96.75,0.5770632967764961,2.0139801865443587,-1.3078949395567179,3.3824655456084445,5.2023007046775795,1138.48099373626,0,59.730033856676464,59.70718033711333,1350.0,1500.0,-0.16032672859728336,0.22274775974850647,34.269521045718854,0.0,1.3514247497007142e-14,34.269521045718854,0.0,75613.44686967085,65250.0,292.7637100264781,9920.683159644379,0.0,7.275957614183426e-12,-8.526512829121202e-13,0,0,0,0.0,0,0,True,1008,0,7.045722966346868e-11,1.4618870684669057e-13,2.993891441863654e-10,0.7404580001093564,1.2425549598629007,3.638211999941632,0.5616281171251537,1.956605770625174,-1.3078949395567179,2.1865717945377985,5.2023007046775795,1138.48099373626,0,38.54740167076004,38.597299720027294,1279.3909643020781,1223.2306229553699,0.33352346904575825,0.2885862846944206,34.269521045718854,0.0,1.2245645167706377e-14,34.269521045718854,0.0,44401.20136244141,43200.0,189.25510464970338,1068.106599138426,0.0,1.0800249583553523e-11,1.4210854715202004e-13,0,0,0,0.0,0,0,True,1008,0,7.045722966346868e-11,1.4618870684669057e-13,2.993891441863654e-10,0.7715895001183526,1.2611258300216828,3.638211999941632,0.5312468999047898,1.956605770625174,-1.3078949395567179,2.4424199227289938,5.2023007046775795,1138.48099373626,0,43.065980664406005,43.113523203414424,1350.0,1223.2306229553699,0.33352346904575825,0.2883708734565348,34.269521045718854,0.0,1.3514247497007142e-14,34.269521045718854,0.0,51764.44512312258,50400.0,211.3996161613826,1279.8148840058454,0.0,1.5006662579253316e-11,1.4210854715202004e-13,0,0,0,0.0,0,0,True,1008,0,7.045722966346868e-11,1.4618870684669057e-13,2.993891441863654e-10,0.7715895001183526,1.2611258300216828,3.638211999941632,0.710874215119209,2.0139801865443587,-1.1456535533070564,0.9400456228794507,9.936111779088868,1138.9564944643864,0,16.66405319227046,16.593657133698905,1223.2306229553699,1500.0,-0.16032672859728336,2.688898186509192e-05,0.0,0.0,0.0,0.0,0.0,23849.001746548263,14850.0,81.36409386509554,8640.868275638531,0.0,-6.59383658785373e-12,-9.521272659185342e-13,0,0,0,0.0,0,0,True,1008,0,7.045722966346868e-11,1.4618870684669057e-13,2.993891441863654e-10,0.7404580001093564,1.2425549598629007,3.638211999941632,0.2902479999420393,0.5506024899113977,0.8778050000728399,0.2902479999420393,0.5506024899113977,0.8778050000728399,0.2902479999420393,0.5506024899113977,0.8778050000728399,0.2902479999420393,0.5506024899113977,0.8778050000728399
1d51662afb815f886e6a892a9e4aa57a92f1f105af85fa83950794075ee6f9fd,Mar2015,550.0,False,0.0,swmpc,3,96.75,0.6073658241214449,1.6295056203380227,-1.6295056203380227,3.3729487426367215,5.199999999999999,1138.1921315554875,0,59.7199882495643,59.53919001656153,1350.0,1500.0,-1.268355100415647,0.22323302934313916,34.26560532759607,0.0,1.1987279812233625e-14,34.26560532759607,0.0,75674.17038733688,65250.0,291.93999888795537,9982.230388448936,0.0,9.094947017729282e-12,7.958078640513122e-13,0,0,0,0.0,0,0,True,1008,0,8.641206327092738e-11,1.322469276520715e-13,2.73965520316337e-10,0.7365510000454378,1.2696348798817787,2.482987999883335,0.651720342011692,1.6295056203380227,-1.6295056203380227,2.1913892096246603,5.199999999999999,1138.6519420214374,0,38.51710528455908,38.68233658661894,1279.5562229632005,1221.707164172115,0.5766676096245646,0.2897089520972881,34.26560532759607,0.0,1.1987279812233625e-14,34.26560532759607,0.0,44421.41464758468,43200.0,189.67206804358142,1089.5916383321726,0.0,-1.0686562745831907e-11,1.7053025658242404e-12,0,0,0,0.0,0,0,True,1008,0,8.641206327092738e-11,1.322469276520715e-13,2.73965520316337e-10,0.7694820000097025,1.282578969969563,2.482987999883335,0.6255948848080708,1.6295056203380227,-1.6295056203380227,2.4438112928156857,5.199999999999999,1138.6519420214374,0,43.055882010550775,43.138083626444434,1350.0,1221.707164172115,0.5766676096245646,0.2889982872525021,34.26560532759607,0.0,1.1987279812233625e-14,34.26560532759607,0.0,51825.274105121185,50400.0,211.5200438976337,1342.0468970514323,0.0,-4.092726157978177e-12,1.6768808563938364e-12,0,0,0,0.0,0,0,True,1008,0,8.641206327092738e-11,1.322469276520715e-13,2.73965520316337e-10,0.7694820000097025,1.282578969969563,2.482987999883335,0.540936251116527,1.531947891227901,-1.531947891227901,0.9291374498210359,9.929362061805035,1138.1921315554875,0,16.664106239013527,16.401106390117093,1221.707164172115,1500.0,-1.268355100415647,2.972977196757931e-05,0.0,0.0,0.0,0.0,0.0,23848.896282215705,14850.0,80.41995499032168,8640.183491397505,0.0,8.185452315956354e-12,-8.526512829121202e-13,0,0,0,0.0,0,0,True,1008,0,8.641206327092738e-11,1.322469276520715e-13,2.73965520316337e-10,0.7365510000454378,1.2696348798817787,2.482987999883335,0.30045350001728366,0.5479128500110162,2.012127999933,0.30045350001728366,0.5479128500110162,2.012127999933,0.30045350001728366,0.5479128500110162,2.012127999933,0.30045350001728366,0.5479128500110162,2.012127999933
1d51662afb815f886e6a892a9e4aa57a92f1f105af85fa83950794075ee6f9fd,Mar2015,550.0,False,0.0,swmpc,4,96.75,0.6230181430681696,2.1433674162253737,-1.6478902576491237,3.3861875816034765,5.199999999999999,1137.8669776813815,0,59.738766245068746,59.77288160483736,1350.0,1500.0,0.2393282875418663,0.22267328871247583,34.252316587985504,0.0,1.2050409027758103e-14,34.252316587985504,0.0,75650.94532941519,65250.0,293.085864695037,9957.859464720146,0.0,-7.275957614183426e-12,-9.094947017729282e-13,0,0,0,0.0,0,0,True,1008,0,1.1618592061560488e-10,1.54381163971547e-13,4.1015738276161917e-10,0.7010189999618888,0.9837029200025428,1.2072619999798917,0.6120942845301558,1.8828317802399397,-1.3346495237201452,2.1933726663267756,5.199999999999999,1137.940914500633,0,38.5568322966531,38.71734850482051,1279.5533274513277,1222.8200994631359,0.6718018306419253,0.2884282113817359,34.252316587985504,0.0,1.2050409027758103e-14,34.252316587985504,0.0,44435.48618698864,43200.0,189.84374285739756,1102.3756721194288,0.0,-2.7284841053187847e-12,-1.9895196601282805e-13,0,0,0,0.0,0,0,True,1008,0,1.1618592061560488e-10,1.54381163971547e-13,4.1015738276161917e-10,0.7221350000463644,1.0039072199788277,1.2072619999798917,0.5939057108439497,1.8828317802399397,-1.3346495237201452,2.4456425974991087,5.199999999999999,1137.940914500633,0,43.07464701985141,43.1704097617766,1350.0,1222.8200994631359,0.6718018306419253,0.28827444566743343,34.252316587985504,0.0,1.2050409027758103e-14,34.252316587985504,0.0,51801.945396541196,50400.0,211.67854944516182,1317.4467476328884,0.0,-9.549694368615746e-12,-1.4210854715202004e-13,0,0,0,0.0,0,0,True,1008,0,1.1618592061560488e-10,1.54381163971547e-13,4.1015738276161917e-10,0.7221350000463644,1.0039072199788277,1.2072619999798917,0.7130152724377664,2.1433674162253737,-1.6478902576491237,0.9405449841043678,9.935995703935863,1137.8669776813815,0,16.664119225217334,16.602471843060762,1222.8200994631359,1500.0,0.2393282875418663,2.6937835043816527e-05,0.0,0.0,0.0,0.0,0.0,23848.999932873998,14850.0,81.40731524987524,8640.412717087258,0.0,-6.821210263296962e-13,-7.389644451905042e-13,0,0,0,0.0,0,0,True,1008,0,1.1618592061560488e-10,1.54381163971547e-13,4.1015738276161917e-10,0.7010189999618888,0.9837029200025428,1.2072619999798917,0.2680944999156054,0.4269862200158058,0.5936160000601376,0.2680944999156054,0.4269862200158058,0.5936160000601376,0.2680944999156054,0.4269862200158058,0.5936160000601376,0.2680944999156054,0.4269862200158058,0.5936160000601376
1d51662afb815f886e6a892a9e4aa57a92f1f105af85fa83950794075ee6f9fd,Mar2015,550.0,False,0.0,swmpc_nosw,0,96.75,0.6212142271467168,2.5965516390278935,-2.5965516390278935,3.384009990476438,5.200000000000003,1137.9217444174787,0,59.74550673020512,59.73444283159017,1350.0,1500.0,-0.07761821430176497,0.2227747248063634,34.21166298895837,0.0,1.610150418591683e-14,34.21166298895837,0.0,75636.41309503761,65250.0,292.8973868972079,9943.515708140401,0.0,-3.637978807091713e-12,1.1368683772161603e-13,0,0,0,0.0,0,0,True,1008,0,7.834315105434488e-11,1.258299710562958e-13,4.1063442963031173e-10,0.7028509999145172,0.8791436801129751,0.9804999999687425,0.5729757275588396,2.0379867777228355,-1.4372719246894121,2.19068407834449,5.20549625553644,1138.0711121199954,0,38.562815594677126,38.66988963041455,1279.5149640903364,1222.188193779861,0.46757873240858316,0.28850920669581315,34.21166298895837,0.0,1.1254608388239948e-14,34.21166298895837,0.0,44418.13525650991,43200.0,189.61103657205308,1085.8509902483215,0.0,-8.640199666842818e-12,4.831690603168681e-13,0,0,0,0.0,0,0,True,1008,0,7.834315105434488e-11,1.258299710562958e-13,4.1063442963031173e-10,0.7250290000229143,0.9108534199503985,0.9804999999687425,0.5732487753864866,2.0379867777228355,-1.4372719246894121,2.444376561841804,5.200000000000003,1138.0711121199954,0,43.08141012124794,43.148061738334626,1350.0,1222.188193779861,0.46757873240858316,0.2884050183064252,34.21166298895837,0.0,1.610150418591683e-14,34.21166298895837,0.0,51787.50777246607,50400.0,211.5689698231203,1303.750608863085,0.0,-6.821210263296962e-12,5.115907697472721e-13,0,0,0,0.0,0,0,True,1008,0,7.834315105434488e-11,1.258299710562958e-13,4.1063442963031173e-10,0.7250290000229143,0.9108534199503985,0.9804999999687425,0.7618109618251664,2.5965516390278935,-2.5965516390278935,0.9396334286346342,9.929940644578252,1137.9217444174787,0,16.66409660895718,16.586381093255547,1222.188193779861,1500.0,-0.07761821430176497,2.9486260699540523e-05,0.0,0.0,0.0,0.0,0.0,23848.905322571536,14850.0,81.32841707408764,8639.765099277316,0.0,7.048583938740194e-12,-3.694822225952521e-13,0,0,0,0.0,0,0,True,1008,0,7.834315105434488e-11,1.258299710562958e-13,4.1063442963031173e-10,0.7028509999145172,0.8791436801129751,0.9804999999687425,0.2669329999207548,0.3728874000717042,0.4279260001567309,0.2669329999207548,0.3728874000717042,0.4279260001567309,0.2669329999207548,0.3728874000717042,0.4279260001567309,0.2669329999207548,0.3728874000717042,0.4279260001567309
1d51662afb815f886e6a892a9e4aa57a92f1f105af85fa83950794075ee6f9fd,Mar2015,550.0,False,0.0,swmpc_nosw,1,96.75,0.6003571951501516,2.1593530075624585,-1.7399497544392943,3.380424896106313,5.2034901490350265,1138.0775915427425,0,59.735201182746394,59.67115885332153,1350.0,1500.0,-0.4492788827046752,0.22336151327992604,34.20660527091374,0.0,1.1951346853968563e-14,34.20660527091374,0.0,75664.90519374711,65250.0,292.58708498446407,9972.318108762656,0.0,1.0913936421275139e-11,2.2737367544323206e-13,0,0,0,0.0,0,0,True,1008,0,8.048181245846704e-11,1.0805333444102951e-13,3.060465137828139e-10,0.7411990000036894,1.2916926799152868,3.588756999988618,0.6316087157864736,2.1593530075624585,-1.7399497544392943,2.1860705562215768,5.2034901490350265,1138.0775915427425,0,38.55357897604635,38.58845187630599,1279.6659357306078,1221.8350206032105,0.657501277513802,0.28930295509516035,34.20660527091374,0.0,1.1951346853968563e-14,34.20660527091374,0.0,44458.501607748534,43200.0,189.2117207963895,1127.120802079546,0.0,3.865352482534945e-12,-1.4779288903810084e-12,0,0,0,0.0,0,0,True,1008,0,8.048181245846704e-11,1.0805333444102951e-13,3.060465137828139e-10,0.7765325000264056,1.4316661600150824,3.588756999988618,0.6021750926688596,2.1593530075624585,-1.7399497544392943,2.445328236342492,5.2034901490350265,1138.0775915427425,0,43.07113631132797,43.16486066806999,1350.0,1221.8350206032105,0.657501277513802,0.28916457061870937,34.20660527091374,0.0,1.1951346853968563e-14,34.20660527091374,0.0,51816.016149577656,50400.0,211.6513404352657,1332.5297885391858,0.0,6.366462912410498e-12,-1.4495071809506044e-12,0,0,0,0.0,0,0,True,1008,0,8.048181245846704e-11,1.0805333444102951e-13,3.060465137828139e-10,0.7765325000264056,1.4316661600150824,3.588756999988618,0.5941458887929809,1.5909260706976056,-1.4479276230558753,0.9350966597638206,9.9288988268449,1138.693029179738,0,16.664064871418425,16.506298185251538,1221.8350206032105,1500.0,-0.4492788827046752,2.9924736176356603e-05,0.0,0.0,0.0,0.0,0.0,23848.889044169453,14850.0,80.93574454919838,8639.788320223472,0.0,6.821210263296962e-12,1.7053025658242404e-12,0,0,0,0.0,0,0,True,1008,0,8.048181245846704e-11,1.0805333444102951e-13,3.060465137828139e-10,0.7411990000036894,1.2916926799152868,3.588756999988618,0.2888309999207195,0.5622948598170295,2.320923000070252,0.2888309999207195,0.5622948598170295,2.320923000070252,0.2888309999207195,0.5622948598170295,2.320923000070252,0.2888309999207195,0.5622948598170295,2.320923000070252
1d51662afb815f886e6a892a9e4aa57a92f1f105af85fa83950794075ee6f9fd,Mar2015,550.0,False,0.0,swmpc_nosw,2,96.75,0.5707844621538843,1.9494535950943828,-1.4977740310132504,3.3854554801517738,5.201579852216955,1138.6088429371646,0,59.747477061823425,59.759958571974124,1350.0,1500.0,0.08755976054817438,0.22248809804479075,34.224243242003205,0.0,1.189403674815106e-14,34.224243242003205,0.0,75635.44646421753,65250.0,293.02249886492496,9942.423965352611,0.0,5.4569682106375694e-12,-2.8990143619012088e-12,0,0,0,0.0,0,0,True,1008,0,6.236430083095378e-11,9.678566458967602e-14,3.513201876159077e-10,0.7046139999147272,0.9649833198818669,3.612102000033701,0.5631151059430238,1.8194819251075387,-1.4977740310132504,2.1887025454362994,5.201579852216955,1138.6088429371646,0,38.56450703189734,38.63491167096504,1279.3697608800296,1223.5622505428923,0.41660633496940136,0.28817172437773375,34.224243242003205,0.0,1.189403674815106e-14,34.224243242003205,0.0,44427.71221607944,43200.0,189.43952826903333,1094.080198147531,0.0,-1.1596057447604835e-11,-2.0463630789890885e-12,0,0,0,0.0,0,0,True,1008,0,6.236430083095378e-11,9.678566458967602e-14,3.513201876159077e-10,0.7299069999362473,1.0044898600290242,3.612102000033701,0.532717877195759,1.8194819251075387,-1.4977740310132504,2.444079379248481,5.201579852216955,1138.6088429371646,0,43.08343029583225,43.142815880112664,1350.0,1223.5622505428923,0.41660633496940136,0.28803498873133626,34.224243242003205,0.0,1.189403674815106e-14,34.224243242003205,0.0,51786.408877625654,50400.0,211.54324767535212,1301.3033794074095,0.0,0.0,-1.9895196601282805e-12,0,0,0,0.0,0,0,True,1008,0,6.236430083095378e-11,9.678566458967602e-14,3.513201876159077e-10,0.7299069999362473,1.0044898600290242,3.612102000033701,0.684370250572374,1.9494535950943828,-0.9922910705208778,0.9413761009032928,9.938405541880357,1138.862041490868,0,16.664046765991174,16.61714269186146,1223.5622505428923,1500.0,0.08755976054817438,2.5923593484633578e-05,0.0,0.0,0.0,0.0,0.0,23849.03758659188,14850.0,81.47925118957285,8641.120585945202,0.0,2.2737367544323206e-12,-8.952838470577262e-13,0,0,0,0.0,0,0,True,1008,0,6.236430083095378e-11,9.678566458967602e-14,3.513201876159077e-10,0.7046139999147272,0.9649833198818669,3.612102000033701,0.270027999931699,0.3904054799249932,0.5985230000078445,0.270027999931699,0.3904054799249932,0.5985230000078445,0.270027999931699,0.3904054799249932,0.5985230000078445,0.270027999931699,0.3904054799249932,0.5985230000078445
1d51662afb815f886e6a892a9e4aa57a92f1f105af85fa83950794075ee6f9fd,Mar2015,550.0,False,0.0,swmpc_nosw,3,96.75,0.6406614138911433,1.8161872988566756,-1.4480652762576938,3.375930626857625,5.201896188053296,1138.1823630063664,0,59.7486972356579,59.591826147371584,1350.0,1500.0,-1.1004984825849533,0.22284507582028568,34.21402752058332,0.0,1.1307319827760303e-14,34.21402752058332,0.0,75693.85253511148,65250.0,292.1980909440615,10001.65444416741,0.0,-9.094947017729282e-12,-1.1937117960769683e-12,0,0,0,0.0,0,0,True,1008,0,6.93193088718311e-11,1.6486715348422288e-13,4.029981521706115e-10,0.707057999989047,1.0190131200033647,1.1948030000894505,0.7025924276821043,1.8161872988566756,-1.4480652762576938,2.1942262725938146,5.201896188053296,1138.640369594379,0,38.54450252814927,38.73241633703785,1279.5440450686303,1221.8219998698407,0.6721682855859399,0.2891239519368193,34.21402752058332,0.0,1.1307319827760303e-14,34.21402752058332,0.0,44442.27696940383,43200.0,189.91762533580572,1110.0813892668168,0.0,4.092726157978177e-12,-3.126388037344441e-13,0,0,0,0.0,0,0,True,1008,0,6.93193088718311e-11,1.6486715348422288e-13,4.029981521706115e-10,0.7302669998807687,1.0215276600274592,1.1948030000894505,0.6726996752153258,1.8161872988566756,-1.4480652762576938,2.4462094277046385,5.201896188053296,1138.640369594379,0,43.08460066252806,43.18041543155945,1350.0,1221.8219998698407,0.6721682855859399,0.288496135845252,34.21402752058332,0.0,1.1307319827760303e-14,34.21402752058332,0.0,51844.94241179381,50400.0,211.7276104959509,1361.3928014280248,0.0,5.9117155615240335e-12,-3.126388037344441e-13,0,0,0,0.0,0,0,True,1008,0,6.93193088718311e-11,1.6486715348422288e-13,4.029981521706115e-10,0.7302669998807687,1.0215276600274592,1.1948030000894505,0.5173369545876466,1.387348048388958,-1.387348048388958,0.9297211991529863,9.930247892330295,1138.1823630063664,0,16.66409657312984,16.41141071581213,1221.8219998698407,1500.0,-1.1004984825849533,2.9356947672587452e-05,0.0,0.0,0.0,0.0,0.0,23848.910123317663,14850.0,80.47048044811055,8640.261642739386,0.0,-7.503331289626658e-12,-9.663381206337363e-13,0,0,0,0.0,0,0,True,1008,0,6.93193088718311e-11,1.6486715348422288e-13,4.029981521706115e-10,0.707057999989047,1.0190131200033647,1.1948030000894505,0.26901149999503104,0.4635586600033999,0.7067369999731454,0.26901149999503104,0.4635586600033999,0.7067369999731454,0.26901149999503104,0.4635586600033999,0.7067369999731454,0.26901149999503104,0.4635586600033999,0.7067369999731454
1d51662afb815f886e6a892a9e4aa57a92f1f105af85fa83950794075ee6f9fd,Mar2015,550.0,False,0.0,swmpc_nosw,4,96.75,0.6304788603296196,2.014186067506671,-1.5710477018728852,3.388817706311935,5.199999999999999,1137.8877889507337,0,59.75621230222417,59.81930848728751,1350.0,1500.0,0.4426380842924118,0.22247847863099623,34.21141671649174,0.0,1.1485196584018619e-14,34.21141671649174,0.0,75666.4324545502,65250.0,293.31351078842846,9973.118943761752,0.0,-2.1827872842550278e-11,1.5347723092418164e-12,0,0,0,0.0,0,0,True,1008,0,7.839046199729691e-11,1.0281630511795378e-13,3.3229290622393946e-10,0.7032609998987027,0.894871600012266,1.0959940000248025,0.6386307547063759,1.8783222492784262,-1.5710477018728852,2.195340554162542,5.199999999999999,1138.0568196593943,0,38.57427472603328,38.752085601860784,1279.5487516565995,1223.0368384445483,0.7512525022029877,0.2881058944850773,34.21141671649174,0.0,1.1485196584018619e-14,34.21141671649174,0.0,44454.80186453115,43200.0,190.01407013374353,1121.2997076094568,0.0,-3.865352482534945e-12,5.968558980384842e-13,0,0,0,0.0,0,0,True,1008,0,7.839046199729691e-11,1.0281630511795378e-13,3.3229290622393946e-10,0.7243735000201923,0.9074802199666009,1.0959940000248025,0.6237649086700965,1.8783222492784262,-1.5710477018728852,2.4472730224985018,5.199999999999999,1138.0568196593943,0,43.09210193900042,43.1991899749531,1350.0,1223.0368384445483,0.7512525022029877,0.2880224044004669,34.21141671649174,0.0,1.1485196584018619e-14,34.21141671649174,0.0,51817.411326772635,50400.0,211.8196681839364,1332.5548201441434,0.0,-7.275957614183426e-12,5.968558980384842e-13,0,0,0,0.0,0,0,True,1008,0,7.839046199729691e-11,1.0281630511795378e-13,3.3229290622393946e-10,0.7243735000201923,0.9074802199666009,1.0959940000248025,0.6527508914490341,2.014186067506671,-1.500582124106586,0.9415446838134334,9.937352177763604,1137.8877889507337,0,16.66411036322375,16.620118512334408,1223.0368384445483,1500.0,0.4426380842924118,2.636692855073619e-05,0.0,0.0,0.0,0.0,0.0,23849.021127777556,14850.0,81.49384260449204,8640.564123617609,0.0,-3.637978807091713e-12,9.094947017729282e-13,0,0,0,0.0,0,0,True,1008,0,7.839046199729691e-11,1.0281630511795378e-13,3.3229290622393946e-10,0.7032609998987027,0.894871600012266,1.0959940000248025,0.2658970000766203,0.3788686199686707,0.5155189999186405,0.2658970000766203,0.3788686199686707,0.5155189999186405,0.2658970000766203,0.3788686199686707,0.5155189999186405,0.2658970000766203,0.3788686199686707,0.5155189999186405
1d51662afb815f886e6a892a9e4aa57a92f1f105af85fa83950794075ee6f9fd,Mar2015,550.0,False,180.0,pid_lowdrag_preview,0,96.0,0.6592401607124081,2.2938960241153836,-2.2938960241153836,3.2939437568537167,6.700101034135734,1138.5978652290578,0,58.284372481114524,58.14459637766968,1350.0,1500.0,-0.9805752951651812,0.2764773593549741,0.0,0.0,0.0,0.0,0.0,75229.02474469141,64800.0,285.1018530335363,9993.922891657878,0.0,0.0,1.9895196601282805e-12,0,0,0,0.0,0,0,True,0,0,,,,0.16050249985255505,0.34644764992890476,1.3797430001432076,0.623995940306358,2.235172246582806,-1.5051261121407151,2.1517909357654994,6.700101034135734,1138.5978652290578,0,37.887787895076414,37.98334904440478,1381.3846217899284,1498.0795399000103,0.5223199529573321,0.35552045700202706,0.0,0.0,0.0,0.0,0.0,44980.20810922866,43200.0,186.24470495315595,1477.2684861654209,0.0,-2.0463630789890885e-12,1.1652900866465643e-12,0,0,0,0.0,0,0,True,0,0,,,,0.16182899992145394,0.3461899899252784,1.3797430001432076,0.6276444946777965,2.235172246582806,-1.7753559676930308,2.3987267390783096,6.700101034135734,1138.5978652290578,0,42.267797456198785,42.342252436408415,1350.0,1498.0795399000103,0.5223199529573321,0.3551401034984605,0.0,0.0,0.0,0.0,0.0,52489.61141217141,50400.0,207.61782492775214,1733.9140473436416,0.0,-8.640199666842818e-12,1.1937117960769683e-12,0,0,0,0.0,0,0,True,0,0,,,,0.16182899992145394,0.3461899899252784,1.3797430001432076,0.7595442790152752,2.2938960241153836,-2.2938960241153836,0.8952170177754071,8.06655990185249,1139.0037076632614,0,16.01657502491574,15.802343941261263,1498.0795399000103,1500.0,-0.9805752951651812,0.0011577548527716974,0.0,0.0,0.0,0.0,0.0,22739.413332520013,14400.0,77.48402810578418,8260.008844314236,0.0,-3.183231456205249e-12,8.242295734817162e-13,0,0,0,0.0,0,0,True,0,0,,,,0.16050249985255505,0.34644764992890476,1.3797430001432076,,,,,,,,,,,,
1d51662afb815f886e6a892a9e4aa57a92f1f105af85fa83950794075ee6f9fd,Mar2015,550.0,False,180.0,pid_lowdrag_preview,1,96.0,0.6625474409221209,2.762200112454593,-1.7041366249322891,3.2989184829635527,6.687079258743456,1138.7490556543867,0,58.29034236739008,58.232410093718414,1350.0,1500.0,-0.4064162150025368,0.2765110359021725,0.0,0.0,0.0,0.0,0.0,75242.68448163592,64800.0,285.53243222278047,10007.152049413153,0.0,1.0913936421275139e-11,0.0,0,0,0,0.0,0,0,True,0,0,,,,0.16120349994253047,0.306665700156827,0.564372000098956,0.7107162678806748,2.762200112454593,-1.6259526405483484,2.1483829471271383,6.687079258743456,1138.8402675723162,0,37.894768784038405,37.92319133119995,1380.8637537841164,1498.496684387423,0.6391232535243034,0.35557363620672267,0.0,0.0,0.0,0.0,0.0,44995.914937735666,43200.0,185.9497321340551,1492.3322749983001,0.0,-4.320099833421409e-12,-3.126388037344441e-13,0,0,0,0.0,0,0,True,0,0,,,,0.16249999998763087,0.31465081994838284,0.564372000098956,0.6703358304585524,2.762200112454593,-1.6259526405483484,2.400001196010943,6.687079258743456,1138.8132416651488,0,42.27364425228,42.36474911194939,1350.0,1498.496684387423,0.6391232535243034,0.3551858228201962,0.0,0.0,0.0,0.0,0.0,52503.068717446935,50400.0,207.72813343934834,1746.843899620165,0.0,1.5916157281026244e-12,-3.694822225952521e-13,0,0,0,0.0,0,0,True,0,0,,,,0.16249999998763087,0.31465081994838284,0.564372000098956,0.6345357058811432,1.7041366249322891,-1.7041366249322891,0.8989172869526096,8.075895507948438,1138.7490556543867,0,16.01669811511008,15.86766098176902,1498.496684387423,1500.0,-0.4064162150025368,0.0011492816890902313,0.0,0.0,0.0,0.0,0.0,22739.615764188995,14400.0,77.80429878343212,8260.308149792989,0.0,3.183231456205249e-12,3.552713678800501e-13,0,0,0,0.0,0,0,True,0,0,,,,0.16120349994253047,0.306665700156827,0.564372000098956,,,,,,,,,,,,
1d51662afb815f886e6a892a9e4aa57a92f1f105af85fa83950794075ee6f9fd,Mar2015,550.0,False,180.0,pid_lowdrag_preview,2,96.0,0.5961593441881948,1.9910001568496227,-1.5742264091968536,3.298010243660549,6.697337523519447,1137.8600835389461,0,58.28221641392631,58.21637788078919,1350.0,1500.0,-0.4618813320994377,0.27643897346859003,0.0,0.0,0.0,0.0,0.0,75224.32072535483,64800.0,285.4538210723202,9988.8669042825,0.0,-1.0913936421275139e-11,1.9326762412674725e-12,0,0,0,0.0,0,0,True,0,0,,,,0.15957100004015956,0.29521564998731165,0.5700000001525041,0.5790030516594334,1.7410143353044987,-1.5742264091968536,2.1441274340439658,6.697337523519447,1138.059498342981,0,37.88626667711821,37.84807314192096,1381.1563239850122,1498.086543049785,-0.163754029199481,0.35547042542040075,0.0,0.0,0.0,0.0,0.0,44976.49582205337,43200.0,185.58140323861056,1473.9841997499743,0.0,-1.5916157281026244e-11,5.115907697472721e-13,0,0,0,0.0,0,0,True,0,0,,,,0.16034200007197796,0.29400485999531145,0.5700000001525041,0.5564939436303294,1.7410143353044987,-1.5742264091968536,2.3930708127881313,6.697337523519447,1138.059498342981,0,42.26575637957484,42.24241419521159,1350.0,1498.086543049785,-0.163754029199481,0.3550900849281641,0.0,0.0,0.0,0.0,0.0,52484.963013495355,50400.0,207.12828558373684,1729.7481848618163,0.0,-1.6825651982799172e-11,3.979039320256561e-13,0,0,0,0.0,0,0,True,0,0,,,,0.16034200007197796,0.29400485999531145,0.5700000001525041,0.7179328338658959,1.9910001568496227,-0.9843577397987247,0.9049394308724179,8.063994859831617,1137.8600835389461,0,16.016460034351468,15.973963685577601,1498.086543049785,1500.0,-0.4618813320994377,0.001160083360080777,0.0,0.0,0.0,0.0,0.0,22739.357711859477,14400.0,78.32553548858337,8259.118719420683,0.0,5.6843418860808015e-12,1.5631940186722204e-12,0,0,0,0.0,0,0,True,0,0,,,,0.15957100004015956,0.29521564998731165,0.5700000001525041,,,,,,,,,,,,
1d51662afb815f886e6a892a9e4aa57a92f1f105af85fa83950794075ee6f9fd,Mar2015,550.0,False,180.0,pid_lowdrag_preview,3,96.0,0.6120480297473337,2.2680403888225555,-1.581857088021934,3.299695756397405,6.697594956750165,1138.4523175487652,0,58.28894741188734,58.246130501054395,1350.0,1500.0,-0.3003755696117878,0.27649914222809857,0.0,0.0,0.0,0.0,0.0,75241.19890630417,64800.0,285.5997078390824,10005.59919846511,0.0,2.3646862246096134e-11,3.410605131648481e-13,0,0,0,0.0,0,0,True,0,0,,,,0.1637069999560481,0.4226278498549616,0.9384509999108559,0.6513907125909888,2.2680403888225555,-1.581857088021934,2.1573244840885235,6.697594956750165,1139.0243992909113,0,37.89344558787653,38.081027073396065,1380.5705369823,1498.8246561382414,0.5622666506096721,0.3555507802793637,0.0,0.0,0.0,0.0,0.0,44995.51946429534,43200.0,186.72365207465936,1490.5416930647527,0.0,1.0686562745831907e-11,-5.400124791776761e-13,0,0,0,0.0,0,0,True,0,0,,,,0.16576550001445867,0.42980335006177467,0.9384509999108559,0.6301245816883634,2.2680403888225555,-1.581857088021934,2.399301638142055,6.697594956750165,1139.0243992909113,0,42.27225150151391,42.35240053743438,1350.0,1498.8246561382414,0.5622666506096721,0.35517028430116104,0.0,0.0,0.0,0.0,0.0,52501.60376925209,50400.0,207.66758436521508,1745.1115287486489,0.0,1.4097167877480388e-11,-4.831690603168681e-13,0,0,0,0.0,0,0,True,0,0,,,,0.16576550001445867,0.42980335006177467,0.9384509999108559,0.5440708581254806,1.4420636296272278,-1.4209953462705016,0.9003941182553499,8.074944231008024,1138.4523175487652,0,16.016695910373436,15.893729963620018,1498.8246561382414,1500.0,-0.3003755696117878,0.001150144972379863,0.0,0.0,0.0,0.0,0.0,22739.59513705208,14400.0,77.93212347386738,8260.48766971646,0.0,4.320099833421409e-12,8.952838470577262e-13,0,0,0,0.0,0,0,True,0,0,,,,0.1637069999560481,0.4226278498549616,0.9384509999108559,,,,,,,,,,,,
1d51662afb815f886e6a892a9e4aa57a92f1f105af85fa83950794075ee6f9fd,Mar2015,550.0,False,180.0,pid_lowdrag_preview,4,96.0,0.6557138199978998,2.369332939386368,-2.15031907428056,3.3033821708755493,6.698610356056866,1138.0456482610039,0,58.28673707720098,58.31120297883084,1350.0,1500.0,0.1716331960633397,0.2764693906147192,0.0,0.0,0.0,0.0,0.0,75233.36807340937,64800.0,285.91877934617554,9997.449294063179,0.0,-1.0913936421275139e-11,3.637978807091713e-12,0,0,0,0.0,0,0,True,0,0,,,,0.1651395000408229,0.7855860998915856,6.006606999790165,0.6153804746627629,2.0059270188212395,-1.6894919695332646,2.1537694654110475,6.698610356056866,1138.0456482610039,0,37.89133708915172,38.01827399035219,1380.8214689537717,1498.247799407092,0.2835458517074585,0.35549822910292683,0.0,0.0,0.0,0.0,0.0,44986.63482897919,43200.0,186.4159533137441,1482.7925452121144,0.0,-1.432454155292362e-11,2.1600499167107046e-12,0,0,0,0.0,0,0,True,0,0,,,,0.1686990000280275,0.9747643199148067,6.006606999790165,0.6036142478584036,2.0059270188212395,-1.6894919695332646,2.396933392152528,6.698610356056866,1138.0456482610039,0,42.27017773490175,42.31059633027501,1350.0,1498.247799407092,0.2835458517074585,0.35512918981884867,0.0,0.0,0.0,0.0,0.0,52494.010601369286,50400.0,207.4626047511461,1738.3001972110376,0.0,-1.000444171950221e-11,2.1032064978498966e-12,0,0,0,0.0,0,0,True,0,0,,,,0.1686990000280275,0.9747643199148067,6.006606999790165,0.8121558970119219,2.369332939386368,-2.15031907428056,0.9064487787230213,8.063983800181404,1139.6081477920504,0,16.01655934229923,16.00060664855583,1498.247799407092,1500.0,0.1716331960633397,0.0011600934002663488,0.0,0.0,0.0,0.0,0.0,22739.35747204008,14400.0,78.45617459502945,8259.149096852143,0.0,2.2737367544323206e-13,1.5063505998114124e-12,0,0,0,0.0,0,0,True,0,0,,,,0.1651395000408229,0.7855860998915856,6.006606999790165,,,,,,,,,,,,
1d51662afb815f886e6a892a9e4aa57a92f1f105af85fa83950794075ee6f9fd,Mar2015,550.0,False,180.0,swmpc,0,96.0,0.614857926650303,2.291694591753185,-2.291694591753185,3.3395249771480073,5.200000000000001,1138.1257000838762,0,59.08885499690505,58.949194710867786,1350.0,1500.0,-0.9797619599848986,0.22576763339240458,34.328680337973786,0.0,1.2010639830090627e-14,34.328680337973786,0.0,74745.08160927925,64800.0,289.04706015566506,9506.034549123575,0.0,-1.2732925824820995e-11,1.6484591469634324e-12,0,0,0,0.0,0,0,True,1008,0,7.668546839494398e-11,1.4109763229934413e-13,3.9003138861954943e-10,0.7084795000764643,1.3171501501233227,2.312671000026967,0.5631577854446739,1.862444819882512,-1.4388164980337024,2.1905742267291735,5.200000000000001,1138.1257000838762,0,38.640730859060895,38.66795053299658,1450.7590278053563,1500.0,0.21616365108639002,0.2911322944241411,34.28426613957102,0.0,1.2010639830090627e-14,34.28426613957102,0.0,44516.61835983127,43200.0,189.60152854720553,1077.7758590894011,0.0,-2.0463630789890885e-11,1.7053025658242404e-13,0,0,0,0.0,0,0,True,1008,0,7.668546839494398e-11,1.4109763229934413e-13,3.9003138861954943e-10,0.7342079999261841,1.6382840599976496,2.312671000026967,0.5673028524506057,1.862444819882512,-1.5858472269028425,2.4424740936985434,5.200000000000001,1138.1257000838762,0,43.0836659451991,43.11447942774388,1350.0,1500.0,0.21616365108639002,0.2897065127673152,34.328680337973786,0.0,1.2010639830090627e-14,34.328680337973786,0.0,52023.61121235912,50400.0,211.40430484004236,1262.2069075190648,0.0,-1.5688783605583012e-11,1.4210854715202004e-13,0,0,0,0.0,0,0,True,1008,0,7.668546839494398e-11,1.4109763229934413e-13,3.9003138861954943e-10,0.7342079999261841,1.6382840599976496,2.312671000026967,0.7581638163656416,2.291694591753185,-2.291694591753185,0.8970508834494639,7.240237527927524,1139.0046049997006,0,16.005189051705948,15.834715283123906,1500.0,1500.0,-0.9797619599848986,0.001981555580217953,0.0,0.0,0.0,0.0,0.0,22721.470396920133,14400.0,77.6427553156227,8243.82764160451,0.0,0.0,1.4921397450962104e-12,0,0,0,0.0,0,0,True,1008,0,7.668546839494398e-11,1.4109763229934413e-13,3.9003138861954943e-10,0.7084795000764643,1.3171501501233227,2.312671000026967,0.2728919999981372,0.4827278199786629,1.6271169999981794,0.2728919999981372,0.4827278199786629,1.6271169999981794,0.2728919999981372,0.4827278199786629,1.6271169999981794,0.2728919999981372,0.4827278199786629,1.6271169999981794
1d51662afb815f886e6a892a9e4aa57a92f1f105af85fa83950794075ee6f9fd,Mar2015,550.0,False,180.0,swmpc,1,96.0,0.6221198816410142,2.534603901207447,-1.702166423201561,3.3437345013081736,5.204013809886832,1138.5120717283012,0,59.081843673780696,59.02350110505665,1350.0,1500.0,-0.4092935184016824,0.22596712404488517,34.41172895400186,0.0,1.085857091754435e-14,34.41172895400186,0.0,74621.79470272767,64800.0,289.4114085559519,9382.383294171701,0.0,-1.4551915228366852e-11,-9.094947017729282e-13,0,0,0,0.0,0,0,True,1008,0,5.6763550735797615e-11,9.863122411573561e-14,2.960212363544792e-10,0.7036324999489807,0.8848001000956173,0.9950520000074903,0.6563067029804782,2.534603901207447,-1.5925826923921704,2.187492050192831,5.204013809886832,1138.5120717283012,0,38.63460728711444,38.61354404524238,1452.0713674422868,1500.0,0.4137414498254657,0.2914122082438726,34.41172895400186,0.0,1.0812438458209246e-14,34.41172895400186,0.0,44386.40637872939,43200.0,189.33475585563806,949.142990316039,0.0,-2.3874235921539366e-12,1.4210854715202004e-13,0,0,0,0.0,0,0,True,1008,0,5.6763550735797615e-11,9.863122411573561e-14,2.960212363544792e-10,0.7216139999854931,0.9100735400033945,0.9950520000074903,0.6179625356402623,2.534603901207447,-1.5925826923921704,2.4436900142994027,5.204013809886832,1138.5120717283012,0,43.0769653990089,43.13594282171266,1350.0,1500.0,0.4137414498254657,0.2899561176203207,34.41172895400186,0.0,1.085857091754435e-14,34.41172895400186,0.0,51900.72061946008,50400.0,211.50954683627424,1139.211072623804,0.0,-2.0463630789890885e-12,1.9895196601282805e-13,0,0,0,0.0,0,0,True,1008,0,5.6763550735797615e-11,9.863122411573561e-14,2.960212363544792e-10,0.7216139999854931,0.9100735400033945,0.9950520000074903,0.6364567762278398,1.702166423201561,-1.702166423201561,0.9000444870087709,7.222011561832238,1138.7271964537365,0,16.004878274771798,15.887558283343992,1500.0,1500.0,-0.4092935184016824,0.002005646530860772,0.0,0.0,0.0,0.0,0.0,22721.07408326758,14400.0,77.90186171967764,8243.172221547899,0.0,-3.637978807091713e-12,-1.1226575225009583e-12,0,0,0,0.0,0,0,True,1008,0,5.6763550735797615e-11,9.863122411573561e-14,2.960212363544792e-10,0.7036324999489807,0.8848001000956173,0.9950520000074903,0.2713540000058856,0.37708930003645946,0.46475099998133373,0.2713540000058856,0.37708930003645946,0.46475099998133373,0.2713540000058856,0.37708930003645946,0.46475099998133373,0.2713540000058856,0.37708930003645946,0.46475099998133373
1d51662afb815f886e6a892a9e4aa57a92f1f105af85fa83950794075ee6f9fd,Mar2015,550.0,False,180.0,swmpc,2,96.0,0.5718912740888638,1.9911738513037562,-1.2561971545219421,3.3444616697569702,5.200000000000001,1137.8612843665073,0,59.102356150368564,59.03633706069943,1350.0,1500.0,-0.4631469026207924,0.22568928845991088,34.32868033621396,0.0,1.133417232452636e-14,34.32868033621396,0.0,74802.72835409376,64800.0,289.4743474181561,9563.254006675641,0.0,3.2741809263825417e-11,-3.979039320256561e-13,0,0,0,0.0,0,0,True,1008,0,9.199029402073117e-11,1.3398163701189855e-13,4.288346951516629e-10,0.7104474999550803,1.0730879500556496,3.5867340000095282,0.5533140760446461,1.6587699353694916,-1.2561971545219421,2.189021658872953,5.200000000000001,1137.94826942763,0,38.65374201956582,38.64054465177513,1452.9984668428758,1500.0,0.04252410959452391,0.2910509017347954,34.24705229875505,0.0,1.133417232452636e-14,34.24705229875505,0.0,44562.97945220697,43200.0,189.4671486046667,1126.5107704451848,0.0,4.320099833421409e-12,-8.810729923425242e-13,0,0,0,0.0,0,0,True,1008,0,9.199029402073117e-11,1.3398163701189855e-13,4.288346951516629e-10,0.736452000069221,1.111556419973567,3.5867340000095282,0.5244819324989702,1.6587699353694916,-1.2561971545219421,2.441843204882314,5.200000000000001,1137.94826942763,0,43.09728122342278,43.103342997285985,1350.0,1500.0,0.04252410959452391,0.2896050333814524,34.32868033621396,0.0,1.133417232452636e-14,34.32868033621396,0.0,52081.30116232416,50400.0,211.34969930216877,1319.9514630220053,0.0,1.2278178473934531e-11,-8.526512829121202e-13,0,0,0,0.0,0,0,True,1008,0,9.199029402073117e-11,1.3398163701189855e-13,4.288346951516629e-10,0.736452000069221,1.111556419973567,3.5867340000095282,0.7134309993916281,1.9911738513037562,-0.9936423934996128,0.902618464874656,7.238250530519135,1137.8612843665073,0,16.00507492694578,15.932994063413446,1500.0,1500.0,-0.4631469026207924,0.001984181234515159,0.0,0.0,0.0,0.0,0.0,22721.427191769617,14400.0,78.12464811598734,8243.302543653637,0.0,7.275957614183426e-12,4.405364961712621e-13,0,0,0,0.0,0,0,True,1008,0,9.199029402073117e-11,1.3398163701189855e-13,4.288346951516629e-10,0.7104474999550803,1.0730879500556496,3.5867340000095282,0.2748950000750483,0.5049200900270988,0.5799850000585138,0.2748950000750483,0.5049200900270988,0.5799850000585138,0.2748950000750483,0.5049200900270988,0.5799850000585138,0.2748950000750483,0.5049200900270988,0.5799850000585138
1d51662afb815f886e6a892a9e4aa57a92f1f105af85fa83950794075ee6f9fd,Mar2015,550.0,False,180.0,swmpc,3,96.0,0.5952638119318167,1.4449403965845704,-1.4449403965845704,3.3462230617883355,5.199999999999999,1138.417770658883,0,59.11093101276978,59.067429099995714,1350.0,1500.0,-0.30517978593707085,0.22552075090106138,34.32876228875433,0.0,1.658244853063881e-14,34.32876228875433,0.0,74705.42271597084,64800.0,289.6268017917361,9465.795914179096,0.0,-7.275957614183426e-12,-9.663381206337363e-13,0,0,0,0.0,0,0,True,1008,0,7.647437527469842e-11,1.0568147038280491e-13,2.9911747025997154e-10,0.7134119999818722,1.0997149500553858,1.2854110000262153,0.632787374901682,1.4449403965845704,-1.4449403965845704,2.1987681715176066,5.204427224946669,1138.7140521768338,0,38.65761749240581,38.812589800583595,1452.5887878968683,1500.0,0.4025710867717862,0.2909605763150692,34.27485283202159,0.0,1.130883207929459e-14,34.27485283202159,0.0,44462.06333703266,43200.0,190.3107418839454,1024.3413830455781,0.0,-6.139089236967266e-12,-1.3642420526593924e-12,0,0,0,0.0,0,0,True,1008,0,7.647437527469842e-11,1.0568147038280491e-13,2.9911747025997154e-10,0.7361159999845768,1.1251975700702126,1.2854110000262153,0.6086999233299689,1.4449403965845704,-1.4449403965845704,2.445223636185651,5.199999999999999,1138.7140521768338,0,43.10562939044932,43.16301426923999,1350.0,1500.0,0.4025710867717862,0.28939124001056415,34.32876228875433,0.0,1.658244853063881e-14,34.32876228875433,0.0,51983.828618471365,50400.0,211.64228694172002,1222.1863315296446,0.0,-6.821210263296962e-13,-1.3358203432289883e-12,0,0,0,0.0,0,0,True,1008,0,7.647437527469842e-11,1.0568147038280491e-13,2.9911747025997154e-10,0.7361159999845768,1.1251975700702126,1.2854110000262153,0.5456381014587437,1.4447350269183517,-1.4309468483552337,0.9009994256026843,7.245926559984302,1138.417770658883,0,16.00530162232046,15.904414830755726,1500.0,1500.0,-0.30517978593707085,0.0019740390178015765,0.0,0.0,0.0,0.0,0.0,22721.594097499463,14400.0,77.98451485001611,8243.609582649453,0.0,5.4569682106375694e-12,3.552713678800501e-13,0,0,0,0.0,0,0,True,1008,0,7.647437527469842e-11,1.0568147038280491e-13,2.9911747025997154e-10,0.7134119999818722,1.0997149500553858,1.2854110000262153,0.27446399997188564,0.5322631198168885,0.8446150000054331,0.27446399997188564,0.5322631198168885,0.8446150000054331,0.27446399997188564,0.5322631198168885,0.8446150000054331,0.27446399997188564,0.5322631198168885,0.8446150000054331
1d51662afb815f886e6a892a9e4aa57a92f1f105af85fa83950794075ee6f9fd,Mar2015,550.0,False,180.0,swmpc,4,96.0,0.6396464854945138,2.373209523037076,-2.143461170606315,3.348841455082865,5.199999999999999,1138.2168425419468,0,59.08903988389472,59.11364889987962,1350.0,1500.0,0.17263838648796082,0.22585191143513017,34.32868035958235,0.0,1.221356683696592e-14,34.32868035958235,0.0,74741.42145034115,64800.0,289.85343249200116,9501.568017849142,0.0,-5.4569682106375694e-12,1.5916157281026244e-12,0,0,0,0.0,0,0,True,1008,0,8.424584893330264e-11,9.276317117002306e-14,3.254687993893845e-10,0.7262914999728309,2.6520944501612504,10.69223499985128,0.5979023843485927,1.9798451578244567,-1.432144496589899,2.1963881249272617,5.199999999999999,1138.2168425419468,0,38.63920702863707,38.770577289572486,1452.247263586084,1500.0,0.41793208941817284,0.29134610233338787,34.259442261487024,0.0,1.221356683696592e-14,34.259442261487024,0.0,44500.95271415205,43200.0,190.10474088839234,1063.095236849734,0.0,-9.777068044058979e-12,3.694822225952521e-13,0,0,0,0.0,0,0,True,1008,0,8.424584893330264e-11,9.276317117002306e-14,3.254687993893845e-10,0.7571185000188052,2.7911951699684243,10.69223499985128,0.5817145137030154,1.9798451578244567,-1.432144496589899,2.444088709649006,5.199999999999999,1138.2168425419468,0,43.083405943163655,43.14298058006316,1350.0,1500.0,0.41793208941817284,0.289824201779594,34.32868035958235,0.0,1.221356683696592e-14,34.32868035958235,0.0,52019.41338869555,50400.0,211.54405525273754,1257.8693334428046,0.0,-1.1141310096718371e-11,3.410605131648481e-13,0,0,0,0.0,0,0,True,1008,0,8.424584893330264e-11,9.276317117002306e-14,3.254687993893845e-10,0.7571185000188052,2.7911951699684243,10.69223499985128,0.8104277294985033,2.373209523037076,-2.143461170606315,0.9047527454338589,7.264965604162674,1139.6098887187698,0,16.005633940731066,15.970668319816461,1500.0,1500.0,0.17263838648796082,0.0019488952295070305,0.0,0.0,0.0,0.0,0.0,22722.008061645593,14400.0,78.30937723926354,8243.698684406336,0.0,7.275957614183426e-12,1.2079226507921703e-12,0,0,0,0.0,0,0,True,1008,0,8.424584893330264e-11,9.276317117002306e-14,3.254687993893845e-10,0.7262914999728309,2.6520944501612504,10.69223499985128,0.2807940001048337,1.2766726900372294,9.991807999995217,0.2807940001048337,1.2766726900372294,9.991807999995217,0.2807940001048337,1.2766726900372294,9.991807999995217,0.2807940001048337,1.2766726900372294,9.991807999995217
1d51662afb815f886e6a892a9e4aa57a92f1f105af85fa83950794075ee6f9fd,Mar2015,550.0,False,180.0,swmpc_nosw,0,96.0,0.6142812678943119,2.164250697940588,-2.164250697940588,3.3417666378640627,5.199999999999999,1138.1936653228784,0,59.10933847571526,58.98876443857673,1350.0,1500.0,-0.8458656743168831,0.22546911870596364,34.328680337973786,0.0,1.1641699662580173e-14,34.328680337973786,0.0,74761.97159965076,64800.0,289.24108339078373,9522.730516259988,0.0,1.2732925824820995e-11,-3.296918293926865e-12,0,0,0,0.0,0,0,True,1008,0,1.0227786889493671e-10,1.4109763229934413e-13,2.7993153971016653e-10,0.7082994999336734,1.2321129499582628,2.3594009999214904,0.5690350152103418,1.7080430099740624,-1.2957085063681006,2.193565848210687,5.199999999999999,1138.1936653228784,0,38.6613513567889,38.720758545639214,1450.495518462845,1500.0,0.37307536136358976,0.29063459484308685,34.22286180866805,0.0,1.1641699662580173e-14,34.22286180866805,0.0,44537.56982579084,43200.0,189.86046339579735,1098.2048808578802,0.0,-4.547473508864641e-12,-9.094947017729282e-13,0,0,0,0.0,0,0,True,1008,0,1.0227786889493671e-10,1.4109763229934413e-13,2.7993153971016653e-10,0.7328309999365956,1.2547280699004646,1.6480280000905623,0.5746719667476821,1.7080430099740624,-1.553644249215722,2.4449041537336154,5.199999999999999,1138.1936653228784,0,43.10419423920359,43.15737477458078,1350.0,1500.0,0.37307536136358976,0.2893219561096907,34.328680337973786,0.0,1.1641699662580173e-14,34.328680337973786,0.0,52040.544515796195,50400.0,211.6146346665723,1278.9298811296248,0.0,2.2737367544323206e-12,-8.810729923425242e-13,0,0,0,0.0,0,0,True,1008,0,1.0227786889493671e-10,1.4109763229934413e-13,2.7993153971016653e-10,0.7328309999365956,1.2547280699004646,1.6480280000905623,0.7363213290449515,2.164250697940588,-2.164250697940588,0.8968624841304473,7.2382455675389465,1139.0513844286259,0,16.00514423651167,15.83138966399595,1500.0,1500.0,-0.8458656743168831,0.0019841877929182017,0.0,0.0,0.0,0.0,0.0,22721.427083854567,14400.0,77.6264487242114,8243.800635130363,0.0,7.275957614183426e-12,-2.4158453015843406e-12,0,0,0,0.0,0,0,True,1008,0,1.0227786889493671e-10,1.4109763229934413e-13,2.7993153971016653e-10,0.7082994999336734,1.2321129499582628,2.3594009999214904,0.27139949997945223,0.46855742990146576,0.8679899999606278,0.27139949997945223,0.46855742990146576,0.8679899999606278,0.27139949997945223,0.46855742990146576,0.8679899999606278,0.27139949997945223,0.46855742990146576,0.8679899999606278
1d51662afb815f886e6a892a9e4aa57a92f1f105af85fa83950794075ee6f9fd,Mar2015,550.0,False,180.0,swmpc_nosw,1,96.0,0.5994127818219752,2.1238423846662045,-1.9654542617499828,3.3447764636284067,5.2046246259305,1138.3806886244263,0,59.08256197650617,59.041893792675175,1350.0,1500.0,-0.2853018846362829,0.2259645605933246,34.328680331863715,0.0,1.3345537021899347e-14,34.328680331863715,0.0,74643.90799492979,64800.0,289.5015938809678,9404.406401048846,0.0,2.546585164964199e-11,1.0231815394945443e-12,0,0,0,0.0,0,0,True,1008,0,7.87231391323779e-11,1.55120429774478e-13,3.532116668677087e-10,0.7172179999770378,1.0523547000275355,1.2502269999004056,0.6336516903854716,2.1238423846662045,-1.9654542617499828,2.1889672272858407,5.2046246259305,1138.3806886244263,0,38.63419171165485,38.639583827033334,1451.9972997435937,1500.0,0.5207833768799901,0.2914194290636859,34.25103174223522,0.0,1.3345537021899347e-14,34.25103174223522,0.0,44409.32969330496,43200.0,189.46243736868666,971.8645556798824,0.0,1.8530954548623413e-11,8.526512829121202e-13,0,0,0,0.0,0,0,True,1008,0,7.87231391323779e-11,1.55120429774478e-13,3.532116668677087e-10,0.7414149999931396,1.076994509899122,1.2502269999004056,0.6013580656671242,2.1238423846662045,-1.9654542617499828,2.4445925731621427,5.2046246259305,1138.3806886244263,0,43.077639026489294,43.15187476368145,1350.0,1500.0,0.5207833768799901,0.28995407120497974,34.328680331863715,0.0,1.3345537021899347e-14,34.328680331863715,0.0,51922.76198832139,50400.0,211.5876663256267,1161.1743219957848,0.0,1.9554136088117957e-11,8.242295734817162e-13,0,0,0,0.0,0,0,True,1008,0,7.87231391323779e-11,1.55120429774478e-13,3.532116668677087e-10,0.7414149999931396,1.076994509899122,1.2502269999004056,0.5925539996927253,1.556431444361806,-1.4975701058283448,0.900183890466264,7.225319154193077,1138.7732854226203,0,16.004922950016876,15.890019028993727,1500.0,1500.0,-0.2853018846362829,0.002001273452531649,0.0,0.0,0.0,0.0,0.0,22721.146006608404,14400.0,77.91392755534108,8243.232079053061,0.0,-1.8189894035458565e-12,1.7053025658242404e-13,0,0,0,0.0,0,0,True,1008,0,7.87231391323779e-11,1.55120429774478e-13,3.532116668677087e-10,0.7172179999770378,1.0523547000275355,1.2502269999004056,0.27587649992710794,0.4974720298605458,0.6432709999444342,0.27587649992710794,0.4974720298605458,0.6432709999444342,0.27587649992710794,0.4974720298605458,0.6432709999444342,0.27587649992710794,0.4974720298605458,0.6432709999444342
1d51662afb815f886e6a892a9e4aa57a92f1f105af85fa83950794075ee6f9fd,Mar2015,550.0,False,180.0,swmpc_nosw,2,96.0,0.5693110238153635,1.7283716006204486,-1.3584564458578825,3.3467827338131273,5.1999999999999975,1137.90710891391,0,59.12491804005487,59.0773084137871,1350.0,1500.0,-0.33399840723723173,0.2254170872698028,34.32868033621396,0.0,1.078413954461134e-14,34.32868033621396,0.0,74817.7904683579,64800.0,289.67524327803386,9578.115225079853,0.0,-9.094947017729282e-12,2.2737367544323206e-13,0,0,0,0.0,0,0,True,1008,0,7.080334934586071e-11,1.232434279557353e-13,3.321072993180081e-10,0.7251144999145254,1.2704100001087673,4.39211000002615,0.5576056655362445,1.6008304534479976,-1.3584564458578825,2.1917931602790715,5.1999999999999975,1138.1939185781087,0,38.67659894690701,38.68946711145108,1453.1151305939748,1500.0,0.15544113982468843,0.29060008862098374,34.214845473959954,0.0,1.078413954461134e-14,34.214845473959954,0.0,44580.18449153898,43200.0,189.70703132425723,1143.5925908086945,0.0,-4.092726157978177e-12,0.0,0,0,0,0.0,0,0,True,1008,0,7.080334934586071e-11,1.232434279557353e-13,3.321072993180081e-10,0.7487305000495326,1.3169679898715003,4.39211000002615,0.5285192683548089,1.6008304534479976,-1.3584564458578825,2.4440395548960026,5.1999999999999975,1138.1939185781087,0,43.119955350715934,43.1421129018373,1350.0,1500.0,0.15544113982468843,0.2892528752106478,34.32868033621396,0.0,1.078413954461134e-14,34.32868033621396,0.0,52096.48911263868,50400.0,211.53980074440273,1334.9493118942646,0.0,-1.1823431123048067e-11,-5.684341886080802e-14,0,0,0,0.0,0,0,True,1008,0,7.080334934586071e-11,1.232434279557353e-13,3.321072993180081e-10,0.7487305000495326,1.3169679898715003,4.39211000002615,0.6934360307134173,1.7283716006204486,-0.9373743878677487,0.9027431789171247,7.232463417842466,1137.90710891391,0,16.00496268933894,15.9351955119498,1500.0,1500.0,-0.33399840723723173,0.001991829476845286,0.0,0.0,0.0,0.0,0.0,22721.301355719224,14400.0,78.13544253363115,8243.165913185589,0.0,-5.4569682106375694e-12,2.984279490192421e-13,0,0,0,0.0,0,0,True,1008,0,7.080334934586071e-11,1.232434279557353e-13,3.321072993180081e-10,0.7251144999145254,1.2704100001087673,4.39211000002615,0.28114500003084686,0.543321180020939,0.8177839999916614,0.28114500003084686,0.543321180020939,0.8177839999916614,0.28114500003084686,0.543321180020939,0.8177839999916614,0.28114500003084686,0.543321180020939,0.8177839999916614
1d51662afb815f886e6a892a9e4aa57a92f1f105af85fa83950794075ee6f9fd,Mar2015,550.0,False,180.0,swmpc_nosw,3,96.0,0.6281155478048962,1.6758395042270422,-1.4790058797225356,3.3479756657500026,5.200000000000001,1138.4992070897142,0,59.12421259529389,59.09836601254901,1350.0,1500.0,-0.18132184445858002,0.2252274072309738,34.32876228875433,0.0,1.1673815775072221e-14,34.32876228875433,0.0,74714.71581215283,64800.0,289.77849552848124,9474.937316624364,0.0,1.0913936421275139e-11,-9.094947017729282e-13,0,0,0,0.0,0,0,True,1008,0,9.825237565541689e-11,1.6104974782423803e-13,5.147087230695135e-10,0.7074679999732325,0.8518577999893746,1.5959899999415939,0.6857375926188335,1.6758395042270422,-1.4790058797225356,2.201027200197162,5.204911669167384,1138.8349409190714,0,38.6715510426742,38.852466107063734,1452.4006829441412,1500.0,0.4925762629136443,0.29046712154282617,34.227821033987176,0.0,1.1673815775072221e-14,34.227821033987176,0.0,44474.475524081936,43200.0,190.5062683744191,1036.3699386516505,0.0,-7.503331289626658e-12,-1.9042545318370685e-12,0,0,0,0.0,0,0,True,1008,0,9.825237565541689e-11,1.6104974782423803e-13,5.147087230695135e-10,0.7283439999810071,0.8631563300878042,1.5959899999415939,0.6569153055968949,1.6758395042270422,-1.4790058797225356,2.4467004089767297,5.200000000000001,1138.8349409190714,0,43.118867547421885,43.18908221824442,1350.0,1500.0,0.4925762629136443,0.2890153508521569,34.32876228875433,0.0,1.1673815775072221e-14,34.32876228875433,0.0,51993.04872553308,50400.0,211.7701065677741,1231.2786189653007,0.0,-6.139089236967266e-12,-1.8758328224066645e-12,0,0,0,0.0,0,0,True,1008,0,9.825237565541689e-11,1.6104974782423803e-13,5.147087230695135e-10,0.7283439999810071,0.8631563300878042,1.5959899999415939,0.5147806530241644,1.258290977217257,-1.258290977217257,0.9012752567732729,7.249283399098349,1138.4992070897142,0,16.005345047872005,15.909283794304585,1500.0,1500.0,-0.18132184445858002,0.0019696045568322607,0.0,0.0,0.0,0.0,0.0,22721.667086619767,14400.0,78.00838896070714,8243.658697659062,0.0,1.8189894035458565e-12,9.379164112033322e-13,0,0,0,0.0,0,0,True,1008,0,9.825237565541689e-11,1.6104974782423803e-13,5.147087230695135e-10,0.7074679999732325,0.8518577999893746,1.5959899999415939,0.2729819999558458,0.3723993198900642,0.4252119999819115,0.2729819999558458,0.3723993198900642,0.4252119999819115,0.2729819999558458,0.3723993198900642,0.4252119999819115,0.2729819999558458,0.3723993198900642,0.4252119999819115
1d51662afb815f886e6a892a9e4aa57a92f1f105af85fa83950794075ee6f9fd,Mar2015,550.0,False,180.0,swmpc_nosw,4,96.0,0.6421986390646224,2.2835724726319313,-2.01153814047575,3.3515190929571497,5.200859571254775,1138.3310577711222,0,59.1147795379853,59.16091448330705,1350.0,1500.0,0.3236498888581991,0.2254380630886509,34.32868035958235,0.0,1.198642284785927e-14,34.32868035958235,0.0,74750.72434777318,64800.0,290.0851910088614,9510.639156764286,0.0,-3.456079866737127e-11,1.0231815394945443e-12,0,0,0,0.0,0,0,True,1008,0,8.292082537104425e-11,1.7861439516827815e-13,3.059327777645192e-10,0.733266499992169,1.1178242498999678,1.4543750000939326,0.6265933069868149,2.008831664919853,-1.466350231319666,2.1992550527227595,5.200859571254775,1138.3310577711222,0,38.66468445316818,38.82118421301087,1452.1072831678393,1500.0,0.5282928785309196,0.2907153118006697,34.221607138182605,0.0,1.198642284785927e-14,34.221607138182605,0.0,44512.858948178284,43200.0,190.35288308126104,1074.6133482648463,0.0,-1.5688783605583012e-11,1.0231815394945443e-12,0,0,0,0.0,0,0,True,1008,0,8.292082537104425e-11,1.7861439516827815e-13,3.059327777645192e-10,0.7574535001140248,1.146791900046082,1.4543750000939326,0.6133780536551906,2.008831664919853,-1.466350231319666,2.4464442157304593,5.200859571254775,1138.3310577711222,0,43.10925386918184,43.1845599027479,1350.0,1500.0,0.5282928785309196,0.2892900091010788,34.32868035958235,0.0,1.198642284785927e-14,34.32868035958235,0.0,52028.837435517846,50400.0,211.74793218514085,1267.089503332677,0.0,-2.7966962079517543e-11,1.0231815394945443e-12,0,0,0,0.0,0,0,True,1008,0,8.292082537104425e-11,1.7861439516827815e-13,3.059327777645192e-10,0.7574535001140248,1.146791900046082,1.4543750000939326,0.7342150131968389,2.2835724726319313,-2.01153814047575,0.9050748772266903,7.2593935893261925,1139.5985450393405,0,16.005525668803458,15.976354580559153,1500.0,1500.0,0.3236498888581991,0.0019562520451530396,0.0,0.0,0.0,0.0,0.0,22721.886912255333,14400.0,78.33725882372053,8243.54965343161,0.0,-3.637978807091713e-12,0.0,0,0,0,0.0,0,0,True,1008,0,8.292082537104425e-11,1.7861439516827815e-13,3.059327777645192e-10,0.733266499992169,1.1178242498999678,1.4543750000939326,0.27871550003055745,0.4968839699017729,0.7470069999726547,0.27871550003055745,0.4968839699017729,0.7470069999726547,0.27871550003055745,0.4968839699017729,0.7470069999726547,0.27871550003055745,0.4968839699017729,0.7470069999726547
1d51662afb815f886e6a892a9e4aa57a92f1f105af85fa83950794075ee6f9fd,Mar2015,550.0,True,0.0,pid_lowdrag_preview,0,96.75,0.6497151472017546,2.7382803158834577,-2.7382803158834577,3.3780582162234682,6.701492714790956,1005.5842662803764,0,59.67297918223568,59.629382291030275,1350.0,1500.0,-0.3058486022055149,0.26002433545162196,0.0,0.0,0.0,0.0,0.0,77510.55421511192,66450.0,292.38224092216586,10618.17197418976,0.0,1.0913936421275139e-11,3.410605131648481e-13,0,0,0,0.0,0,0,True,0,0,,,,0.16841399997247208,0.45984464000866876,2.7576129998578836,0.6081654583880932,2.2220810474827886,-1.690995546989143,2.1906381167249545,6.703402355901005,1005.5842662803764,0,38.55654530539914,38.66907831728531,1279.7083627065124,1188.8920499939838,0.47450881265103817,0.3334595019163016,0.0,0.0,0.0,0.0,0.0,46254.59408042001,44400.0,189.60705844010275,1755.80333469245,0.0,1.7053025658242404e-11,-6.536993168992922e-13,0,0,0,0.0,0,0,True,0,0,,,,0.16952099997524783,0.454645059844551,1.2444689998574177,0.5991926736452183,2.2220810474827886,-1.690995546989143,2.440767781949605,6.701492714790956,1005.5842662803764,0,43.016719959315864,43.084359663940894,1350.0,1188.8920499939838,0.47450881265103817,0.3364281545431873,0.0,0.0,0.0,0.0,0.0,53687.076463216144,51600.0,211.2566178491927,2036.9277953729795,0.0,1.1596057447604835e-11,-6.536993168992922e-13,0,0,0,0.0,0,0,True,0,0,,,,0.16952099997524783,0.454645059844551,1.2444689998574177,0.7976717764309907,2.7382803158834577,-2.7382803158834577,0.937290434273863,8.534832072874257,1137.8566202737939,0,16.656259222919815,16.54502262708938,1188.8920499939838,1500.0,-0.3058486022055149,0.0007144039893396403,0.0,0.0,0.0,0.0,0.0,23823.477751895764,14850.0,81.12562307297314,8581.244178816782,0.0,6.59383658785373e-12,9.947598300641403e-13,0,0,0,0.0,0,0,True,0,0,,,,0.16841399997247208,0.45984464000866876,2.7576129998578836,,,,,,,,,,,,
1d51662afb815f886e6a892a9e4aa57a92f1f105af85fa83950794075ee6f9fd,Mar2015,550.0,True,0.0,pid_lowdrag_preview,1,96.75,0.6381908737417185,2.0434110136702657,-1.8882421609014273,3.375146611470953,6.698983399225674,1003.0743938128039,0,59.67138932725019,59.57798673128741,1350.0,1500.0,-0.6552517376840115,0.2599722647101832,0.0,0.0,0.0,0.0,0.0,77503.41091646155,66450.0,292.13023178918877,10611.280684672389,0.0,2.7284841053187847e-11,1.3642420526593924e-12,0,0,0,0.0,0,0,True,0,0,,,,0.1651390000461106,0.3840214000501875,0.5561699999816483,0.668641229754393,2.0434110136702657,-1.8882421609014273,2.1846723918710085,6.698983399225674,1003.0743938128039,0,38.55456115712183,38.56377152113544,1279.7074496035523,1189.0459050513161,0.7391374362632632,0.3333663969623586,0.0,0.0,0.0,0.0,0.0,46246.05471031203,44400.0,189.09070499387101,1747.6255498704168,0.0,1.8189894035458565e-11,3.694822225952521e-13,0,0,0,0.0,0,0,True,0,0,,,,0.1661709999325467,0.3383622798537543,0.5561699999816483,0.6416823257285388,2.0434110136702657,-1.8882421609014273,2.4428102987654223,6.698983399225674,1003.0743938128039,0,43.015052603869044,43.12041410949844,1350.0,1189.0459050513161,0.7391374362632632,0.33636320922344987,0.0,0.0,0.0,0.0,0.0,53679.62223515552,51600.0,211.43340451345603,2029.1429255907617,0.0,1.5006662579253316e-11,4.263256414560601e-13,0,0,0,0.0,0,0,True,0,0,,,,0.1661709999325467,0.3383622798537543,0.5561699999816483,0.6261959597776068,1.7915890496224165,-1.5406423453241587,0.9323363127055306,8.544555935922865,1138.798731467875,0,16.656336723381145,16.45757262178897,1189.0459050513161,1500.0,-0.6552517376840115,0.0007060287863690506,0.0,0.0,0.0,0.0,0.0,23823.788681306043,14850.0,80.69682727573273,8582.137759081626,0.0,2.2737367544323206e-13,9.379164112033322e-13,0,0,0,0.0,0,0,True,0,0,,,,0.1651390000461106,0.3840214000501875,0.5561699999816483,,,,,,,,,,,,
1d51662afb815f886e6a892a9e4aa57a92f1f105af85fa83950794075ee6f9fd,Mar2015,550.0,True,0.0,pid_lowdrag_preview,2,96.75,0.6145903704860054,1.9645575741305947,-1.458010371774435,3.3795747089669104,6.700858864823994,1003.4224088616361,0,59.67859713014649,59.65615137544298,1350.0,1500.0,-0.15746738109737635,0.2599814418376497,0.0,0.0,0.0,0.0,0.0,77513.1359658633,66450.0,292.51349844299386,10620.62246742032,0.0,1.2732925824820995e-11,1.6484591469634324e-12,0,0,0,0.0,0,0,True,0,0,,,,0.16938599992499803,0.33067823992496437,1.2507080000432325,0.6046063475168113,1.7466735020279884,-1.458010371774435,2.1872145494278783,6.705080572789326,1003.4224088616361,0,38.56232713837594,38.608645610064166,1279.3819903997066,1189.2177413677898,0.40683585684746504,0.3333734986086606,0.0,0.0,0.0,0.0,0.0,46257.18878945929,44400.0,189.31073723596876,1758.0423012552385,0.0,2.9558577807620168e-12,-3.694822225952521e-13,0,0,0,0.0,0,0,True,0,0,,,,0.17422800010535866,0.33327732018733464,1.2507080000432325,0.5846491396311613,1.7466735020279884,-1.458010371774435,2.4405477044455415,6.700858864823994,1003.4224088616361,0,43.02248175364141,43.08047486244132,1350.0,1189.2177413677898,0.40683585684746504,0.33637120180141933,0.0,0.0,0.0,0.0,0.0,53689.83723865107,51600.0,211.23756940488093,2039.3819278783942,0.0,-2.2737367544323206e-12,-3.410605131648481e-13,0,0,0,0.0,0,0,True,0,0,,,,0.17422800010535866,0.33327732018733464,1.2507080000432325,0.7068143398127965,1.9645575741305947,-1.1459403010085225,0.9390270045213689,8.52923573331185,1138.9669668887248,0,16.656115376505085,16.57567651300166,1189.2177413677898,1500.0,-0.15746738109737635,0.0007192262030373264,0.0,0.0,0.0,0.0,0.0,23823.29872721224,14850.0,81.27592903811292,8581.240539541926,0.0,8.412825991399586e-12,1.9610979506978765e-12,0,0,0,0.0,0,0,True,0,0,,,,0.16938599992499803,0.33067823992496437,1.2507080000432325,,,,,,,,,,,,
1d51662afb815f886e6a892a9e4aa57a92f1f105af85fa83950794075ee6f9fd,Mar2015,550.0,True,0.0,pid_lowdrag_preview,3,96.75,0.6219714403177319,1.9188822722062469,-1.9188822722062469,3.370365322463436,6.700195314038168,1003.353127946049,0,59.67404031935032,59.493587561164816,1350.0,1500.0,-1.2659325934946537,0.25996150625715375,0.0,0.0,0.0,0.0,0.0,77501.3719034231,66450.0,291.7163952283491,10609.655508194772,0.0,1.8189894035458565e-11,2.2737367544323206e-13,0,0,0,0.0,0,0,True,0,0,,,,0.16746299979786272,0.44635791995460755,1.8281789998582099,0.6637105361088467,1.9188822722062469,-1.9188822722062469,2.193427765253988,6.700195314038168,1003.353127946049,0,38.557844288937915,38.71832110943053,1279.56613386942,1188.5445537145456,0.8021834036335349,0.3333357786771022,0.0,0.0,0.0,0.0,0.0,46245.55702267512,44400.0,189.8485118538984,1746.7300909761016,0.0,3.183231456205249e-12,4.263256414560601e-13,0,0,0,0.0,0,0,True,0,0,,,,0.16843399998833775,0.4463158599560301,0.5529340000975935,0.6434644251858942,1.9188822722062469,-1.9188822722062469,2.443475489219609,6.700195314038168,1003.353127946049,0,43.01780789735451,43.13215603143995,1350.0,1188.5445537145456,0.8021834036335349,0.33634622265220504,0.0,0.0,0.0,0.0,0.0,53677.968557443484,51600.0,211.49097897286023,2027.9330247560915,0.0,1.2960299500264227e-11,3.979039320256561e-13,0,0,0,0.0,0,0,True,0,0,,,,0.16843399998833775,0.4463158599560301,0.5529340000975935,0.5427155144340149,1.5294213714078069,-1.5294213714078069,0.9268898332438269,8.532505920170667,1138.1960060543197,0,16.65623242199581,16.361431529724868,1188.5445537145456,1500.0,-1.2659325934946537,0.0007164081891007923,0.0,0.0,0.0,0.0,0.0,23823.40334597963,14850.0,80.22541625548882,8581.722483438682,0.0,-5.002220859751105e-12,-1.7053025658242404e-13,0,0,0,0.0,0,0,True,0,0,,,,0.16746299979786272,0.44635791995460755,1.8281789998582099,,,,,,,,,,,,
1d51662afb815f886e6a892a9e4aa57a92f1f105af85fa83950794075ee6f9fd,Mar2015,550.0,True,0.0,pid_lowdrag_preview,4,96.75,0.6423812154868699,2.412241836078465,-1.649142563343048,3.3825965020214253,6.7048514322767,1004.6056160488404,0,59.675510543189645,59.709491975786555,1350.0,1500.0,0.23838752880692482,0.2600009033912467,0.0,0.0,0.0,0.0,0.0,77510.93096981579,66450.0,292.7750447421745,10618.15592507362,0.0,7.275957614183426e-12,-1.9326762412674725e-12,0,0,0,0.0,0,0,True,0,0,,,,0.16267499995592516,0.3636615199593512,0.4724440000245522,0.6369094123790175,2.412241836078465,-1.5396428918465972,2.1903301812393754,6.7048514322767,1004.6056160488404,0,38.559095249543816,38.663642649331806,1279.8419637840493,1188.952144032157,0.6462448947131634,0.33339989147543514,0.0,0.0,0.0,0.0,0.0,46254.49229594855,44400.0,189.5804055935346,1755.8017101069142,0.0,8.185452315956354e-12,-1.2789769243681803e-12,0,0,0,0.0,0,0,True,0,0,,,,0.1627100000405335,0.3467020100038096,0.46140600011312927,0.6202376237259905,2.412241836078465,-1.5396428918465972,2.442299876185706,6.7048514322767,1004.6056160488404,0,43.019284266055266,43.11140414543357,1350.0,1188.952144032157,0.6462448947131634,0.33639747087127103,0.0,0.0,0.0,0.0,0.0,53687.49700573274,51600.0,211.3892257314078,2037.1556359691795,0.0,7.048583938740194e-12,-1.3642420526593924e-12,0,0,0,0.0,0,0,True,0,0,,,,0.1627100000405335,0.3467020100038096,0.46140600011312927,0.71242156961963,2.1119390642270446,-1.649142563343048,0.9402966258357193,8.533463097580253,1137.837438851635,0,16.65622627713438,16.598087830352988,1188.952144032157,1500.0,0.23838752880692482,0.0007155834590426569,0.0,0.0,0.0,0.0,0.0,23823.433964083044,14850.0,81.38581901076672,8581.000289104439,0.0,5.229594535194337e-12,-5.684341886080801e-13,0,0,0,0.0,0,0,True,0,0,,,,0.16267499995592516,0.3636615199593512,0.4724440000245522,,,,,,,,,,,,
1d51662afb815f886e6a892a9e4aa57a92f1f105af85fa83950794075ee6f9fd,Mar2015,550.0,True,0.0,swmpc,0,96.75,0.6237632210199908,2.7492742156609893,-2.7492742156609893,3.4183656881228153,5.199999999999999,1018.794739573902,0,60.38472744744929,60.34088857577284,1350.0,1500.0,-0.3075451273471117,0.21322885652340373,45.551172299124794,0.0,1.1177537893641088e-14,45.551172299124794,0.0,76806.9393715258,66450.0,295.870987475803,9911.068384049966,0.0,-3.637978807091713e-11,-5.115907697472721e-13,0,0,0,0.0,0,0,True,1008,0,7.554007407938436e-11,1.0006917233621472e-13,3.058704157938938e-10,0.6978229998821917,0.8412822000354937,0.9985270000925084,0.5611551115349223,2.0875596906989813,-1.4640881288796663,2.2252254795935835,5.204760572086899,1018.794739573902,0,39.20247046536689,39.279613409021266,1279.5447451385628,1221.3455901140317,0.32565680611878633,0.2741294742652647,45.551172299124794,0.0,1.1177537893641088e-14,45.551172299124794,0.0,45587.33193506934,44400.0,192.6007104187902,1052.9303796750708,0.0,-1.2050804798491299e-11,-3.979039320256561e-13,0,0,0,0.0,0,0,True,1008,0,7.554007407938436e-11,1.0006917233621472e-13,3.058704157938938e-10,0.7203220000064903,0.846281859978717,0.9985270000925084,0.5616975026573912,2.0875596906989813,-1.4640881288796663,2.479443485470685,5.199999999999999,1018.794739573902,0,43.72064072618442,43.76706202222368,1350.0,1221.3455901140317,0.32565680611878633,0.2760458153597839,45.551172299124794,0.0,1.1177537893641088e-14,45.551172299124794,0.0,52958.12385657326,51600.0,214.60412939012093,1272.1741370690859,0.0,-1.7962520360015333e-11,-3.694822225952521e-13,0,0,0,0.0,0,0,True,1008,0,7.554007407938436e-11,1.0006917233621472e-13,3.058704157938938e-10,0.7203220000064903,0.846281859978717,0.9985270000925084,0.7992462953733598,2.7492742156609893,-2.7492742156609893,0.9389222026521304,9.924192956962369,1137.8508991082942,0,16.664086721264873,16.573826553549154,1221.3455901140317,1500.0,-0.3075451273471117,3.1905321143721466e-05,0.0,0.0,0.0,0.0,0.0,23848.815514952537,14850.0,81.26685808568212,8638.89424698088,0.0,-5.6843418860808015e-12,-1.2789769243681803e-13,0,0,0,0.0,0,0,True,1008,0,7.554007407938436e-11,1.0006917233621472e-13,3.058704157938938e-10,0.6978229998821917,0.8412822000354937,0.9985270000925084,0.27032799994231027,0.36898983002856767,0.4105999998955667,0.27032799994231027,0.36898983002856767,0.4105999998955667,0.27032799994231027,0.36898983002856767,0.4105999998955667,0.27032799994231027,0.36898983002856767,0.4105999998955667
1d51662afb815f886e6a892a9e4aa57a92f1f105af85fa83950794075ee6f9fd,Mar2015,550.0,True,0.0,swmpc,1,96.75,0.6210013916563031,2.1856429614126682,-1.7734589874744415,3.4141856185562953,5.200000000000001,1018.7100268913516,0,60.360978828077506,60.26710211318747,1350.0,1500.0,-0.6585767716169357,0.21394682451995095,45.544436957607985,0.0,1.1408964758737681e-14,45.544436957607985,0.0,76826.83825221602,66450.0,295.50918846914374,9931.329063746884,0.0,1.8189894035458565e-12,2.8421709430404007e-13,0,0,0,0.0,0,0,True,1008,0,6.374040058060492e-11,1.1966930041560606e-13,4.720172812808607e-10,0.7129160001113632,1.1259376400266776,3.7507409999761876,0.6558709039922558,2.1856429614126682,-1.7734589874744415,2.2200753751135403,5.200000000000001,1018.7100268913516,0,39.179731351540596,39.18870391924296,1279.6562330723298,1221.959734480749,0.541790472343564,0.2751122062404975,45.544436957607985,0.0,1.1404403012183056e-14,45.544436957607985,0.0,45617.4799872369,44400.0,192.15495164482155,1083.0215341836565,0.0,4.547473508864641e-13,-3.979039320256561e-13,0,0,0,0.0,0,0,True,1008,0,6.374040058060492e-11,1.1966930041560606e-13,4.720172812808607e-10,0.7399014999691644,1.3015193800401819,3.7507409999761876,0.6198043128043506,2.1856429614126682,-1.7734589874744415,2.479843763379121,5.200000000000001,1018.7100268913516,0,43.69689739180696,43.774127715855364,1350.0,1221.959734480749,0.541790472343564,0.27697598483081454,45.544436957607985,0.0,1.1408964758737681e-14,45.544436957607985,0.0,52977.939913350376,51600.0,214.63877478234593,1291.3414040872906,0.0,9.777068044058979e-12,-4.547473508864641e-13,0,0,0,0.0,0,0,True,1008,0,6.374040058060492e-11,1.1966930041560606e-13,4.720172812808607e-10,0.7399014999691644,1.3015193800401819,3.7507409999761876,0.625047110285749,1.7962450608611107,-1.5973802832886577,0.9343418551771743,9.92949368740097,1138.8224943953996,0,16.66408143627055,16.492974397332105,1221.959734480749,1500.0,-0.6585767716169357,2.967437398937456e-05,0.0,0.0,0.0,0.0,0.0,23848.89833886564,14850.0,80.87041368679783,8639.987659659593,0.0,9.094947017729282e-13,7.815970093361102e-13,0,0,0,0.0,0,0,True,1008,0,6.374040058060492e-11,1.1966930041560606e-13,4.720172812808607e-10,0.7129160001113632,1.1259376400266776,3.7507409999761876,0.27118950004023645,0.5402589801883548,1.2700570000561129,0.27118950004023645,0.5402589801883548,1.2700570000561129,0.27118950004023645,0.5402589801883548,1.2700570000561129,0.27118950004023645,0.5402589801883548,1.2700570000561129
1d51662afb815f886e6a892a9e4aa57a92f1f105af85fa83950794075ee6f9fd,Mar2015,550.0,True,0.0,swmpc,2,96.75,0.5801779597636378,2.0160062415525317,-1.3252441007643938,3.4196183903391804,5.2023007046775795,1018.6151472781904,0,60.38583827159581,60.36300123771561,1350.0,1500.0,-0.16021113749593496,0.21299109759849544,45.54598500605592,0.0,1.3514247497007142e-14,45.54598500605592,0.0,76795.54912104632,66450.0,295.97941304392026,9899.569708002427,0.0,2.546585164964199e-11,-1.0800249583553523e-12,0,0,0,0.0,0,0,True,1008,0,7.950771094528151e-11,1.4618870684669057e-13,3.518291199578731e-10,0.7057049999730225,1.0959371201261092,3.8532060000306956,0.566387517113059,1.9436600543558598,-1.3252441007643938,2.223721462734474,5.2023007046775795,1018.6151472781904,0,39.20320629499647,39.253064548545105,1279.3909643020781,1223.2237383727415,0.3332442929968238,0.27384965165111097,45.54598500605592,0.0,1.2314383753679111e-14,45.54598500605592,0.0,45583.304469273804,44400.0,192.4705327274935,1047.0011624756614,0.0,1.432454155292362e-11,-1.1652900866465643e-12,0,0,0,0.0,0,0,True,1008,0,7.950771094528151e-11,1.4618870684669057e-13,3.518291199578731e-10,0.7316495000395662,1.09825713008604,3.8532060000306956,0.5355604469265084,1.9436600543558598,-1.3252441007643938,2.4795695909256694,5.2023007046775795,1018.6151472781904,0,43.72178528864244,43.769288031932234,1350.0,1223.2237383727415,0.3332442929968238,0.2757394737051263,45.54598500605592,0.0,1.3514247497007142e-14,45.54598500605592,0.0,52946.54822995498,51600.0,214.61504423917268,1258.709447343081,0.0,1.8417267710901797e-11,-1.1937117960769683e-12,0,0,0,0.0,0,0,True,1008,0,7.950771094528151e-11,1.4618870684669057e-13,3.518291199578731e-10,0.7316495000395662,1.09825713008604,3.8532060000306956,0.7110286676526653,2.0160062415525317,-1.1457496667280793,0.9400487994135109,9.936057029846442,1138.9567472102574,0,16.664052982953372,16.593713205783374,1223.2237383727415,1500.0,-0.16021113749593496,2.6912024475467256e-05,0.0,0.0,0.0,0.0,0.0,23849.000891091353,14850.0,81.36436880474761,8640.860260659347,0.0,-9.094947017729282e-13,1.7053025658242404e-13,0,0,0,0.0,0,0,True,1008,0,7.950771094528151e-11,1.4618870684669057e-13,3.518291199578731e-10,0.7057049999730225,1.0959371201261092,3.8532060000306956,0.2717399999028203,0.5226653199360952,3.298097999959282,0.2717399999028203,0.5226653199360952,3.298097999959282,0.2717399999028203,0.5226653199360952,3.298097999959282,0.2717399999028203,0.5226653199360952,3.298097999959282
1d51662afb815f886e6a892a9e4aa57a92f1f105af85fa83950794075ee6f9fd,Mar2015,550.0,True,0.0,swmpc,3,96.75,0.6097614254361797,1.628587195649743,-1.628587195649743,3.4097724150574433,5.204548614767355,1018.5580099609367,0,60.36999251380975,60.18920037742129,1350.0,1500.0,-1.268312530592084,0.21358496753688938,45.5502985136256,0.0,1.1452968444255407e-14,45.5502985136256,0.0,76848.24774601513,66450.0,295.12721094062107,9953.120535074502,0.0,-3.637978807091713e-12,6.252776074688882e-13,0,0,0,0.0,0,0,True,1008,0,7.386629940162532e-11,1.322469276520715e-13,4.722806655367283e-10,0.7309029999760241,1.237644440061559,2.9134070000509382,0.6550897683271468,1.628587195649743,-1.628587195649743,2.228210525882686,5.204548614767355,1018.5580099609367,0,39.16710958995593,39.33230535656551,1279.5562229632005,1221.7060771076845,0.5764183709397912,0.27513635715074447,45.5502985136256,0.0,1.1452968444255407e-14,45.5502985136256,0.0,45595.49217834513,44400.0,192.85907616248218,1060.483248038153,0.0,-8.981260180007666e-12,1.1652900866465643e-12,0,0,0,0.0,0,0,True,1008,0,7.386629940162532e-11,1.322469276520715e-13,4.722806655367283e-10,0.7594165000455178,1.318128310015253,2.9134070000509382,0.6286041136105379,1.628587195649743,-1.628587195649743,2.4806326090737114,5.204548614767355,1018.5580099609367,0,43.70588631594762,43.78805239639101,1350.0,1221.7060771076845,0.5764183709397912,0.2765074915840361,45.5502985136256,0.0,1.1452968444255407e-14,45.5502985136256,0.0,52999.351635881634,51600.0,214.70705201653445,1312.9385067574128,0.0,-2.5011104298755527e-12,1.1652900866465643e-12,0,0,0,0.0,0,0,True,1008,0,7.386629940162532e-11,1.322469276520715e-13,4.722806655367283e-10,0.7594165000455178,1.318128310015253,2.9134070000509382,0.5409384009113759,1.5319014340639114,-1.5319014340639114,0.9291398059837319,9.929351048543495,1138.1922226701117,0,16.664106197862125,16.401147981030277,1221.7060771076845,1500.0,-1.268312530592084,2.973440717857212e-05,0.0,0.0,0.0,0.0,0.0,23848.896110133493,14850.0,80.42015892408662,8640.182028317091,0.0,4.547473508864641e-13,-5.115907697472721e-13,0,0,0,0.0,0,0,True,1008,0,7.386629940162532e-11,1.322469276520715e-13,4.722806655367283e-10,0.7309029999760241,1.237644440061559,2.9134070000509382,0.28202549992784043,0.5282299300074546,2.379632000156562,0.28202549992784043,0.5282299300074546,2.379632000156562,0.28202549992784043,0.5282299300074546,2.379632000156562,0.28202549992784043,0.5282299300074546,2.379632000156562
1d51662afb815f886e6a892a9e4aa57a92f1f105af85fa83950794075ee6f9fd,Mar2015,550.0,True,0.0,swmpc,4,96.75,0.6264836813990938,2.144453522749245,-1.6478254152461886,3.42308538611808,5.199999999999999,1018.1627551913783,0,60.39007372319537,60.424200543193685,1350.0,1500.0,0.2394087053835392,0.2129983500114444,45.55208711935078,0.0,1.1205728766633916e-14,45.55208711935078,0.0,76827.75282550177,66450.0,296.27949312845675,9931.473332373318,0.0,7.275957614183426e-12,-3.694822225952521e-12,0,0,0,0.0,0,0,True,1008,0,6.522437938420953e-11,1.54381163971547e-13,4.1015738276161917e-10,0.7019399999990128,0.9333968800910953,2.1987489999446552,0.6173922895151563,1.8518839171156287,-1.3786514708772302,2.2302698755123442,5.199999999999999,1018.1627551913783,0,39.20813993038105,39.368656934447266,1279.5533274513277,1222.8146299210994,0.6718074828386307,0.2738150166690182,45.55208711935078,0.0,1.1205728766633916e-14,45.55208711935078,0.0,45612.29433644301,44400.0,193.0373197630995,1075.9957142101423,0.0,3.183231456205249e-12,-9.379164112033322e-13,0,0,0,0.0,0,0,True,1008,0,6.522437938420953e-11,1.54381163971547e-13,4.1015738276161917e-10,0.7258460001366984,0.9654519801415505,2.1987489999446552,0.5985877319158465,1.8518839171156287,-1.3786514708772302,2.4825398066846773,5.199999999999999,1018.1627551913783,0,43.725954653579365,43.821718191403356,1350.0,1222.8146299210994,0.6718074828386307,0.27574885019938966,45.55208711935078,0.0,1.1205728766633916e-14,45.55208711935078,0.0,52978.75354599557,51600.0,214.87212635086377,1291.066789723602,0.0,-3.865352482534945e-12,-8.810729923425242e-13,0,0,0,0.0,0,0,True,1008,0,6.522437938420953e-11,1.54381163971547e-13,4.1015738276161917e-10,0.7258460001366984,0.9654519801415505,2.1987489999446552,0.7130694829926796,2.144453522749245,-1.6478254152461886,0.9405455794334028,9.935953888396922,1137.867718895731,0,16.664119069616007,16.60248235179033,1222.8146299210994,1500.0,0.2394087053835392,2.695543417641222e-05,0.0,0.0,0.0,0.0,0.0,23848.999279506203,14850.0,81.40736677759297,8640.406542649716,0.0,8.185452315956354e-12,-2.8421709430404007e-12,0,0,0,0.0,0,0,True,1008,0,6.522437938420953e-11,1.54381163971547e-13,4.1015738276161917e-10,0.7019399999990128,0.9333968800910953,2.1987489999446552,0.2695664999237124,0.3975579400366763,1.6915530000005674,0.2695664999237124,0.3975579400366763,1.6915530000005674,0.2695664999237124,0.3975579400366763,1.6915530000005674,0.2695664999237124,0.3975579400366763,1.6915530000005674
1d51662afb815f886e6a892a9e4aa57a92f1f105af85fa83950794075ee6f9fd,Mar2015,550.0,True,0.0,swmpc_nosw,0,96.75,0.622225299475546,2.5944625232368708,-2.5944625232368708,3.420792794870753,5.200000000000003,1018.748441529781,0,60.39477046375452,60.38373179127445,1350.0,1500.0,-0.07744116894900799,0.21316470902691342,45.52358728684475,0.0,1.610150418591683e-14,45.52358728684475,0.0,76807.62844719947,66450.0,296.0810616854511,9911.547385514,0.0,-2.1827872842550278e-11,-7.958078640513122e-13,0,0,0,0.0,0,0,True,1008,0,7.834315105434488e-11,1.258299710562958e-13,4.877954976297498e-10,0.7182740000644117,1.299108279945358,3.179580000050919,0.574863849474835,2.0488969199359417,-1.4496802678331733,2.227438381008518,5.205451628499425,1018.748441529781,0,39.21207822076876,39.318675478410555,1279.5149640903364,1222.2290029371993,0.4642341276630759,0.2739941176219526,45.52358728684475,0.0,1.272161628520858e-14,45.52358728684475,0.0,45589.34640462591,44400.0,192.79224444017808,1053.8401213388572,0.0,-1.2278178473934531e-11,-1.1652900866465643e-12,0,0,0,0.0,0,0,True,1008,0,7.834315105434488e-11,1.258299710562958e-13,4.877954976297498e-10,0.7403430000749722,1.3368951100392221,3.179580000050919,0.5748667765843555,2.0488969199359417,-1.4496802678331733,2.4811308645058316,5.200000000000003,1018.748441529781,0,43.730672747339575,43.79684758633063,1350.0,1222.2290029371993,0.4642341276630759,0.27596351338597325,45.52358728684475,0.0,1.610150418591683e-14,45.52358728684475,0.0,52958.718920582076,51600.0,214.7501776912453,1271.7397399536208,0.0,-1.0459189070388675e-11,-1.1368683772161603e-12,0,0,0,0.0,0,0,True,1008,0,7.834315105434488e-11,1.258299710562958e-13,4.877954976297498e-10,0.7403430000749722,1.3368951100392221,3.179580000050919,0.7612984137500078,2.5944625232368708,-2.5944625232368708,0.9396619303649212,9.93020970351277,1137.9225303129526,0,16.664097716414943,16.58688420494382,1222.2290029371993,1500.0,-0.07744116894900799,2.9373020407064132e-05,0.0,0.0,0.0,0.0,0.0,23848.909526617386,14850.0,81.33088399420578,8639.80764556038,0.0,4.547473508864641e-13,3.268496584496461e-13,0,0,0,0.0,0,0,True,1008,0,7.834315105434488e-11,1.258299710562958e-13,4.877954976297498e-10,0.7182740000644117,1.299108279945358,3.179580000050919,0.2780444998506937,0.5284805600535946,1.321856000004118,0.2780444998506937,0.5284805600535946,1.321856000004118,0.2780444998506937,0.5284805600535946,1.321856000004118,0.2780444998506937,0.5284805600535946,1.321856000004118
1d51662afb815f886e6a892a9e4aa57a92f1f105af85fa83950794075ee6f9fd,Mar2015,550.0,True,0.0,swmpc_nosw,1,96.75,0.6024910446267943,2.150078561156988,-1.7447052393108606,3.4169852265903082,5.203579180231891,1018.7702296847331,0,60.380506218406296,60.31652071021527,1350.0,1500.0,-0.44888031110167503,0.21375469840996697,45.51804932060619,0.0,1.2655059885357017e-14,45.51804932060619,0.0,76829.38576835344,66450.0,295.7515039114184,9933.634264442006,0.0,-2.000888343900442e-11,1.8758328224066645e-12,0,0,0,0.0,0,0,True,1008,0,6.930317613341611e-11,1.0805333444102951e-13,2.8019885586044335e-10,0.7017789998826629,1.2699112400241575,3.1165540001438785,0.6347014646867736,2.150078561156988,-1.7447052393108606,2.2226132898206337,5.203579180231891,1018.7702296847331,0,39.19888324764876,39.233503113514985,1279.6659357306078,1221.8610161351553,0.6557262996211648,0.274792686101908,45.51804932060619,0.0,1.2655059885357017e-14,45.51804932060619,0.0,45622.97955796403,44400.0,192.37461665407756,1088.4098609054038,0.0,2.0463630789890885e-12,1.0231815394945443e-12,0,0,0,0.0,0,0,True,1008,0,6.930317613341611e-11,1.0805333444102951e-13,2.8019885586044335e-10,0.7274129999359502,1.297967779919417,3.1165540001438785,0.6049559809397979,2.150078561156988,-1.7447052393108606,2.481870969941549,5.203579180231891,1018.7702296847331,0,43.716440582930375,43.80991190527899,1350.0,1221.8610161351553,0.6557262996211648,0.27672719719592165,45.51804932060619,0.0,1.2655059885357017e-14,45.51804932060619,0.0,52980.49409979315,51600.0,214.81423629295375,1293.8188473650437,0.0,4.774847184307873e-12,9.947598300641403e-13,0,0,0,0.0,0,0,True,1008,0,6.930317613341611e-11,1.0805333444102951e-13,2.8019885586044335e-10,0.7274129999359502,1.297967779919417,3.1165540001438785,0.5940489414605739,1.5932929394766688,-1.444905144162476,0.9351142566487591,9.929066787857822,1138.6964101628548,0,16.66406563547592,16.506608804936285,1221.8610161351553,1500.0,-0.44888031110167503,2.98540455144769e-05,0.0,0.0,0.0,0.0,0.0,23848.891668560278,14850.0,80.93726761846466,8639.815417076963,0.0,-5.4569682106375694e-12,8.952838470577262e-13,0,0,0,0.0,0,0,True,1008,0,6.930317613341611e-11,1.0805333444102951e-13,2.8019885586044335e-10,0.7017789998826629,1.2699112400241575,3.1165540001438785,0.2725315000589035,0.5106094299071628,0.6587450000097306,0.2725315000589035,0.5106094299071628,0.6587450000097306,0.2725315000589035,0.5106094299071628,0.6587450000097306,0.2725315000589035,0.5106094299071628,0.6587450000097306
1d51662afb815f886e6a892a9e4aa57a92f1f105af85fa83950794075ee6f9fd,Mar2015,550.0,True,0.0,swmpc_nosw,2,96.75,0.5731782168806708,1.9550009341910481,-1.5246791914105415,3.4221481662320907,5.201579852216955,1018.6618135721646,0,60.395095961897304,60.40765676588406,1350.0,1500.0,0.08811608701944351,0.21289716887408183,45.51946184232456,0.0,1.596699161060832e-14,45.51946184232456,0.0,76802.59741744472,66450.0,296.1983736115784,9906.39904383315,0.0,9.094947017729282e-12,8.526512829121202e-13,0,0,0,0.0,0,0,True,1008,0,6.001881225134599e-11,1.0115016690816549e-13,3.250599441451785e-10,0.7409079998978996,1.2625658799879602,2.5499690000287956,0.5666189443965454,1.8043052172288299,-1.5246791914105415,2.2253831539237106,5.201579852216955,1018.6618135721646,0,39.21212640801003,39.28239667156676,1279.3697608800296,1223.5425909514427,0.41566375084221363,0.27368540633815,45.51946184232456,0.0,1.596699161060832e-14,45.51946184232456,0.0,45594.865196609775,44400.0,192.61435765961045,1058.0780088787487,0.0,-2.7284841053187847e-12,5.684341886080801e-13,0,0,0,0.0,0,0,True,1008,0,6.001881225134599e-11,1.0115016690816549e-13,3.250599441451785e-10,0.7686510000439739,1.3551735800115223,2.5499690000287956,0.535892951788306,1.8043052172288299,-1.5246791914105415,2.480759987735892,5.201579852216955,1018.6618135721646,0,43.73104967194494,43.790300880714376,1350.0,1223.5425909514427,0.41566375084221363,0.2756181446974073,45.51946184232456,0.0,1.596699161060832e-14,45.51946184232456,0.0,52953.56185815599,51600.0,214.71807706592918,1265.3011901386271,0.0,8.86757334228605e-12,5.684341886080801e-13,0,0,0,0.0,0,0,True,1008,0,6.001881225134599e-11,1.0115016690816549e-13,3.250599441451785e-10,0.7686510000439739,1.3551735800115223,2.5499690000287956,0.6847477584126584,1.9550009341910481,-0.9926676526665688,0.9413881784961986,9.93827579447861,1138.8628285460622,0,16.664046289952367,16.617355885169687,1223.5425909514427,1500.0,0.08811608701944351,2.5978200977050392e-05,0.0,0.0,0.0,0.0,0.0,23849.035559288728,14850.0,81.48029654564922,8641.097853694524,0.0,2.5011104298755527e-12,2.8421709430404007e-13,0,0,0,0.0,0,0,True,1008,0,6.001881225134599e-11,1.0115016690816549e-13,3.250599441451785e-10,0.7409079998978996,1.2625658799879602,2.5499690000287956,0.281825000115532,0.5480329298939067,2.0605000001978624,0.281825000115532,0.5480329298939067,2.0605000001978624,0.281825000115532,0.5480329298939067,2.0605000001978624,0.281825000115532,0.5480329298939067,2.0605000001978624
1d51662afb815f886e6a892a9e4aa57a92f1f105af85fa83950794075ee6f9fd,Mar2015,550.0,True,0.0,swmpc_nosw,3,96.75,0.6423660489141065,1.8101085238158703,-1.4483379675075412,3.4124425033963495,5.204696166031181,1018.5915706348309,0,60.3931759512964,60.236332696676925,1350.0,1500.0,-1.1003033332526684,0.2133036758230944,45.52264273888933,0.0,1.26009091930717e-14,45.52264273888933,0.0,76858.4103155914,66450.0,295.3583160199347,9963.051999571446,0.0,-2.546585164964199e-11,-2.8421709430404007e-13,0,0,0,0.0,0,0,True,1008,0,6.93193088718311e-11,1.6486715348422288e-13,4.029981521706115e-10,0.7117750001270906,1.1825877200681134,34.13378599998396,0.7049503593902356,1.8101085238158703,-1.4483379675075412,2.230729829142578,5.204696166031181,1018.5915706348309,0,39.18898122780645,39.376776022129704,1279.5440450686303,1221.823326219562,0.6713334936648607,0.2747124623955999,45.52264273888933,0.0,1.26009091930717e-14,45.52264273888933,0.0,45606.83474579363,44400.0,193.07713028871035,1071.4783343539818,0.0,-8.640199666842818e-12,2.2737367544323206e-13,0,0,0,0.0,0,0,True,1008,0,6.93193088718311e-11,1.6486715348422288e-13,4.029981521706115e-10,0.7337974999472863,1.2005754199776673,34.13378599998396,0.6748107999233955,1.8101085238158703,-1.4483379675075412,2.4827129842534017,5.204696166031181,1018.5915706348309,0,43.72907936218524,43.82477511665131,1350.0,1221.823326219562,0.6713334936648607,0.27614343052420687,45.52264273888933,0.0,1.26009091930717e-14,45.52264273888933,0.0,53009.50018818361,51600.0,214.88711544885558,1322.7897465151898,0.0,4.547473508864641e-13,2.8421709430404007e-13,0,0,0,0.0,0,0,True,1008,0,6.93193088718311e-11,1.6486715348422288e-13,4.029981521706115e-10,0.7337974999472863,1.2005754199776673,34.13378599998396,0.5172934650951868,1.3868401776999235,-1.3868401776999235,0.9297295191429478,9.93024815409812,1138.1827311825039,0,16.66409658911116,16.411557580025615,1221.823326219562,1500.0,-1.1003033332526684,2.935683750082685e-05,0.0,0.0,0.0,0.0,0.0,23848.910127407784,14850.0,80.47120057107915,8640.262253056255,0.0,-1.2050804798491299e-11,-5.542233338928781e-13,0,0,0,0.0,0,0,True,1008,0,6.93193088718311e-11,1.6486715348422288e-13,4.029981521706115e-10,0.7117750001270906,1.1825877200681134,34.13378599998396,0.2761164998901222,0.4951082399634285,0.6979939998927875,0.2761164998901222,0.4951082399634285,0.6979939998927875,0.2761164998901222,0.4951082399634285,0.6979939998927875,0.2761164998901222,0.4951082399634285,0.6979939998927875
1d51662afb815f886e6a892a9e4aa57a92f1f105af85fa83950794075ee6f9fd,Mar2015,550.0,True,0.0,swmpc_nosw,4,96.75,0.6346597268541316,2.017284970730543,-1.77191327419132,3.4254150680884714,5.199999999999999,1018.2360280304548,0,60.40216904146997,60.46532401944535,1350.0,1500.0,0.4430506657809019,0.21291866201027454,45.5240473711413,0.0,1.08306190805638e-14,45.5240473711413,0.0,76833.15393337088,66450.0,296.4811348976484,9936.672798473239,0.0,9.094947017729282e-12,1.1368683772161603e-13,0,0,0,0.0,0,0,True,1008,0,7.001611984377202e-11,8.0784129558568e-14,3.643639864468607e-10,0.7001370001944451,1.1831807598355228,3.073389000064708,0.6448242476367705,1.8783222492784262,-1.77191327419132,2.231931049520129,5.199999999999999,1018.2360280304548,0,39.22023171965764,39.397979928197564,1279.5487516565995,1223.0276113556017,0.7508130380883813,0.27366657709634434,45.5240473711413,0.0,1.08306190805638e-14,45.5240473711413,0.0,45621.52453507976,44400.0,193.1810999314306,1084.8645754493414,0.0,1.1141310096718371e-11,-2.842170943040401e-14,0,0,0,0.0,0,0,True,1008,0,7.001611984377202e-11,8.0784129558568e-14,3.643639864468607e-10,0.7277589999148404,1.1895952100735483,3.073389000064708,0.6292027887866687,1.8783222492784262,-1.77191327419132,2.483863517856089,5.199999999999999,1018.2360280304548,0,43.73805893262478,43.84508430128988,1350.0,1223.0276113556017,0.7508130380883813,0.27564584663869574,45.5240473711413,0.0,1.08306190805638e-14,45.5240473711413,0.0,52984.13399732124,51600.0,214.98669798162348,1296.119687984028,0.0,1.5006662579253316e-11,0.0,0,0,0,0.0,0,0,True,1008,0,7.001611984377202e-11,8.0784129558568e-14,3.643639864468607e-10,0.7277589999148404,1.1895952100735483,3.073389000064708,0.6528402225621794,2.017284970730543,-1.5002457601949573,0.9415515502323824,9.937275907176826,1137.8899990109749,0,16.664110108845186,16.620239718155467,1223.0276113556017,1500.0,0.4430506657809019,2.6399028966062055e-05,0.0,0.0,0.0,0.0,0.0,23849.019936049637,14850.0,81.494436916025,8640.55311048921,0.0,-2.5011104298755527e-12,1.5631940186722204e-13,0,0,0,0.0,0,0,True,1008,0,7.001611984377202e-11,8.0784129558568e-14,3.643639864468607e-10,0.7001370001944451,1.1831807598355228,3.073389000064708,0.2747550000776755,0.5104197999980891,1.041131999954814,0.2747550000776755,0.5104197999980891,1.041131999954814,0.2747550000776755,0.5104197999980891,1.041131999954814,0.2747550000776755,0.5104197999980891,1.041131999954814
1d51662afb815f886e6a892a9e4aa57a92f1f105af85fa83950794075ee6f9fd,Mar2015,550.0,True,180.0,pid_lowdrag_preview,0,96.0,0.6599183953402675,2.293307850137353,-2.293307850137353,3.3395752445102533,6.700122482084842,946.1438381456361,0,59.089858510970615,58.95008202883759,1350.0,1500.0,-0.9805781217291951,0.2626566021187817,0.0,0.0,0.0,0.0,0.0,76661.91653808592,66000.0,289.0514109640507,10222.865127121864,0.0,-5.4569682106375694e-12,3.410605131648481e-13,0,0,0,0.0,0,0,True,0,0,,,,0.1688799999328694,0.39183059989227237,1.144847999967169,0.6251297840056593,2.2353530414402485,-1.4929555552080274,2.197416264958728,6.700122482084842,946.1438381456361,0,38.69327363930986,38.78872598656346,1381.3846217899284,1498.0782765936326,0.5215567806735635,0.3347893275093514,0.0,0.0,0.0,0.0,0.0,46413.099446730004,44400.0,190.19372984806637,1706.212062078225,0.0,-8.640199666842818e-12,-1.7053025658242404e-13,0,0,0,0.0,0,0,True,0,0,,,,0.16456350010685128,0.39029359990081464,0.6326650000119116,0.6286108450826092,2.2353530414402485,-1.7753559676930308,2.444352068271538,6.700122482084842,946.1438381456361,0,43.07328320043223,43.147629378567096,1350.0,1498.0782765936326,0.5215567806735635,0.3373705639333099,0.0,0.0,0.0,0.0,0.0,53922.502749672756,51600.0,211.56684982266256,1962.8576232564458,0.0,-1.546140993013978e-11,-1.4210854715202004e-13,0,0,0,0.0,0,0,True,0,0,,,,0.16456350010685128,0.39029359990081464,0.6326650000119116,0.7593976016185323,2.293307850137353,-2.293307850137353,0.8952231762387153,8.066580926207214,1139.0033193328438,0,16.016575310538386,15.802452650270496,1498.0782765936326,1500.0,-0.9805781217291951,0.0011577357679334321,0.0,0.0,0.0,0.0,0.0,22739.413788413167,14400.0,77.48456114138818,8260.007503865418,0.0,5.6843418860808015e-12,5.115907697472721e-13,0,0,0,0.0,0,0,True,0,0,,,,0.1688799999328694,0.39183059989227237,1.144847999967169,,,,,,,,,,,,
1d51662afb815f886e6a892a9e4aa57a92f1f105af85fa83950794075ee6f9fd,Mar2015,550.0,True,180.0,pid_lowdrag_preview,1,96.0,0.6654825348749394,2.7507745940238237,-1.7041426785290241,3.344466324936788,6.687076877259665,948.0216892586153,0,59.094348120061746,59.03641923379426,1350.0,1500.0,-0.40639259200543165,0.2627145745053683,0.0,0.0,0.0,0.0,0.0,76674.2105974245,66000.0,289.4747503395456,10234.735847084985,0.0,2.3646862246096134e-11,5.684341886080801e-13,0,0,0,0.0,0,0,True,0,0,,,,0.16440299998521368,0.41661480006496254,0.6973730000936484,0.7148176116732368,2.7507745940238237,-1.6258928906172514,2.193931964957605,6.687076877259665,948.0216892586153,0,38.69877454756304,38.727221227472526,1380.8637537841164,1498.4968575744701,0.6392925726249814,0.3348789438416562,0.0,0.0,0.0,0.0,0.0,46427.44107286849,44400.0,189.89215202519858,1719.91581705295,0.0,1.3415046851150692e-11,1.0516032489249483e-12,0,0,0,0.0,0,0,True,0,0,,,,0.1655550000805306,0.41604341005950096,0.5580819999977393,0.6740634249877882,2.7507745940238237,-1.6258928906172514,2.44555021384141,6.687076877259665,948.0216892586153,0,43.077650015804636,43.16877900822197,1350.0,1498.4968575744701,0.6392925726249814,0.3374475150787104,0.0,0.0,0.0,0.0,0.0,53934.59485257976,51600.0,211.67055333049186,1974.4274416748149,0.0,1.9099388737231493e-11,9.947598300641403e-13,0,0,0,0.0,0,0,True,0,0,,,,0.1655550000805306,0.41604341005950096,0.5580819999977393,0.6345362604565244,1.7041426785290241,-1.7041426785290241,0.8989161110953781,8.075894615834889,1138.7492085219753,0,16.01669810425711,15.867640225572295,1498.4968575744701,1500.0,-0.40639259200543165,0.001149282498670634,0.0,0.0,0.0,0.0,0.0,22739.615744844756,14400.0,77.80419700905378,8260.30840541017,0.0,-2.2737367544323206e-12,-4.121147867408581e-13,0,0,0,0.0,0,0,True,0,0,,,,0.16440299998521368,0.41661480006496254,0.6973730000936484,,,,,,,,,,,,
1d51662afb815f886e6a892a9e4aa57a92f1f105af85fa83950794075ee6f9fd,Mar2015,550.0,True,180.0,pid_lowdrag_preview,2,96.0,0.5991219400326099,1.9912710469216108,-1.562538885511458,3.343612875125212,6.697327407500482,948.1240428389133,0,59.08719117268228,59.021354163323934,1350.0,1500.0,-0.46187082678079605,0.2626302100506068,0.0,0.0,0.0,0.0,0.0,76656.85209222676,66000.0,289.40088140288174,10217.45121082388,0.0,-1.8189894035458565e-12,1.1368683772161603e-12,0,0,0,0.0,0,0,True,0,0,,,,0.16295099999297236,0.5716212498441532,3.598982000085016,0.5835835654520812,1.7804984850808978,-1.562538885511458,2.18973289830716,6.697327407500482,948.1240428389133,0,38.69124172924448,38.653099428931114,1381.1563239850122,1498.0876490878939,-0.16339473240077496,0.3347572736868635,0.0,0.0,0.0,0.0,0.0,46409.02766233735,44400.0,189.52870875736429,1702.5676284771143,0.0,1.000444171950221e-11,1.0231815394945443e-12,0,0,0,0.0,0,0,True,0,0,,,,0.16417250003541994,1.041151280014653,3.598982000085016,0.5605800604590131,1.7804984850808978,-1.562538885511458,2.4386762770513255,6.697327407500482,948.1240428389133,0,43.07073143170111,43.04744048222174,1350.0,1498.0876490878939,-0.16339473240077496,0.3373359548708462,0.0,0.0,0.0,0.0,0.0,53917.49485377934,51600.0,211.07559110249062,1958.3316135889563,0.0,2.0463630789890885e-12,9.947598300641403e-13,0,0,0,0.0,0,0,True,0,0,,,,0.16417250003541994,1.041151280014653,3.598982000085016,0.7179045416928106,1.9912710469216108,-0.9843963738530874,0.9049365980738866,8.063973027687451,1137.860319218658,0,16.01645974098117,15.973913681102196,1498.0876490878939,1500.0,-0.46187082678079605,0.0011601031797684458,0.0,0.0,0.0,0.0,0.0,22739.357238447417,14400.0,78.3252903003911,8259.119597234925,0.0,4.320099833421409e-12,1.5631940186722204e-13,0,0,0,0.0,0,0,True,0,0,,,,0.16295099999297236,0.5716212498441532,3.598982000085016,,,,,,,,,,,,
1d51662afb815f886e6a892a9e4aa57a92f1f105af85fa83950794075ee6f9fd,Mar2015,550.0,True,180.0,pid_lowdrag_preview,3,96.0,0.614538705815039,2.2638553231954575,-1.5564565435051918,3.3452365339683907,6.697877263281711,948.687665139614,0,59.09284570845436,59.050014940513414,1350.0,1500.0,-0.30047282576560974,0.2627004836338267,0.0,0.0,0.0,0.0,0.0,76672.2015456738,66000.0,289.54141450819543,10232.660131165629,0.0,2.3646862246096134e-11,-3.979039320256561e-13,0,0,0,0.0,0,0,True,0,0,,,,0.1631410000300093,0.36614129982126525,0.5879979999008356,0.6548952491686545,2.2638553231954575,-1.5564565435051918,2.2028536670084966,6.697877263281711,948.687665139614,0,38.69734350977892,38.88470684442362,1380.5705369823,1498.8219494832367,0.560736371204257,0.33485280109284565,0.0,0.0,0.0,0.0,0.0,46426.5214796941,44400.0,190.66435518793503,1717.605712005249,0.0,2.091837814077735e-11,-1.4210854715202004e-13,0,0,0,0.0,0,0,True,0,0,,,,0.16426799993496388,0.3581156199697935,0.5879979999008356,0.6332305471310037,2.2638553231954575,-1.5564565435051918,2.444830821062028,6.697877263281711,948.687665139614,0,43.0761494234163,43.15608030846193,1350.0,1498.8219494832367,0.560736371204257,0.33742915928414574,0.0,0.0,0.0,0.0,0.0,53932.605784650856,51600.0,211.60828747849067,1972.175547689145,0.0,1.6825651982799172e-11,-1.7053025658242404e-13,0,0,0,0.0,0,0,True,0,0,,,,0.16426799993496388,0.3581156199697935,0.5879979999008356,0.5440835908960107,1.4418544312939048,-1.4212311683222651,0.9004057129063625,8.074973007105855,1138.4513425963546,0,16.016696285038066,15.893934632051483,1498.8219494832367,1500.0,-0.30047282576560974,0.001150118857710547,0.0,0.0,0.0,0.0,0.0,22739.59576102295,14400.0,77.93312702970475,8260.484583476482,0.0,6.821210263296962e-13,-2.7000623958883807e-13,0,0,0,0.0,0,0,True,0,0,,,,0.1631410000300093,0.36614129982126525,0.5879979999008356,,,,,,,,,,,,
1d51662afb815f886e6a892a9e4aa57a92f1f105af85fa83950794075ee6f9fd,Mar2015,550.0,True,180.0,pid_lowdrag_preview,4,96.0,0.6583631763397166,2.36926297750324,-2.1503579849377275,3.348956364597529,6.698610356056866,948.2101836695555,0,59.09121354571899,59.11567727918428,1350.0,1500.0,0.17161800339818,0.2626654957265486,0.0,0.0,0.0,0.0,0.0,76665.16473246505,66000.0,289.86337829495693,10225.301354170084,0.0,-1.4551915228366852e-11,-1.0800249583553523e-12,0,0,0,0.0,0,0,True,0,0,,,,0.1655099998743026,0.3241496501345863,0.5459939998218033,0.6196111511864546,2.0059270188212395,-1.7393435761332512,2.199343452042669,6.698610356056866,948.2101836695555,0,38.69581359463877,38.82274463515336,1380.8214689537717,1498.2477508650104,0.2835047682747245,0.3347923859442342,0.0,0.0,0.0,0.0,0.0,46418.43154725553,44400.0,190.3605343381642,1710.6447310061283,0.0,-6.821210263296962e-13,-4.547473508864641e-13,0,0,0,0.0,0,0,True,0,0,,,,0.17254599993066222,0.33157067015054026,0.5459939998218033,0.6073126074288596,2.0059270188212395,-1.7393435761332512,2.4425073787841494,6.698610356056866,948.2101836695555,0,43.0746542403888,43.11506697507618,1350.0,1498.2477508650104,0.2835047682747245,0.33738132425425504,0.0,0.0,0.0,0.0,0.0,53925.80731964564,51600.0,211.4071857755662,1966.1523830050514,0.0,-1.0913936421275139e-11,-4.547473508864641e-13,0,0,0,0.0,0,0,True,0,0,,,,0.17254599993066222,0.33157067015054026,0.5459939998218033,0.8121509790817242,2.36926297750324,-2.1503579849377275,0.9064489858133795,8.063981069127276,1139.6081529045903,0,16.01655930533019,16.0006103041081,1498.2477508650104,1500.0,0.17161800339818,0.0011600958795757732,0.0,0.0,0.0,0.0,0.0,22739.35741281942,14400.0,78.45619251939075,8259.148971165032,0.0,-7.73070496506989e-12,-5.684341886080801e-13,0,0,0,0.0,0,0,True,0,0,,,,0.1655099998743026,0.3241496501345863,0.5459939998218033,,,,,,,,,,,,
1d51662afb815f886e6a892a9e4aa57a92f1f105af85fa83950794075ee6f9fd,Mar2015,550.0,True,180.0,swmpc,0,96.0,0.6159926941072341,2.2910930197685957,-2.2910930197685957,3.3760028590107956,5.200000000000001,1042.0034507427447,0,59.732765037046406,59.59310118717263,1350.0,1500.0,-0.9797871503978968,0.2160477466849402,45.544203537773825,0.0,1.2010639830090627e-14,45.544203537773825,0.0,75905.0924817668,66000.0,292.20434287859365,9462.88813888821,0.0,3.637978807091713e-12,-3.410605131648481e-13,0,0,0,0.0,0,0,True,1008,0,7.668546839494398e-11,1.4109763229934413e-13,3.9003138861954943e-10,0.7123450000108278,1.0543416999553297,1.2791310000466183,0.5650764028541735,1.8729121554642916,-1.4388164980337024,2.2270443011911514,5.200000000000001,1042.0034507427447,0,39.284642181150744,39.31171919329716,1450.7590278053563,1500.0,0.21516283322125673,0.27655243116924333,45.544203537773825,0.0,1.2010639830090627e-14,45.544203537773825,0.0,45676.63087097717,44400.0,192.75813551347454,1034.6317632690407,0.0,-1.0231815394945443e-11,7.389644451905042e-13,0,0,0,0.0,0,0,True,1008,0,7.668546839494398e-11,1.4109763229934413e-13,3.9003138861954943e-10,0.7350240000505437,1.0755433601730142,1.2791310000466183,0.5689357964435672,1.8729121554642916,-1.5858472269028425,2.4789441681605213,5.200000000000001,1042.0034507427447,0,43.72757726728896,43.75824808804446,1350.0,1500.0,0.21516283322125673,0.2772094871202596,45.544203537773825,0.0,1.2010639830090627e-14,45.544203537773825,0.0,53183.62372350502,51600.0,214.56091180631137,1219.0628116987043,0.0,-5.4569682106375694e-12,6.821210263296962e-13,0,0,0,0.0,0,0,True,1008,0,7.668546839494398e-11,1.4109763229934413e-13,3.9003138861954943e-10,0.7350240000505437,1.0755433601730142,1.2791310000466183,0.7580261899885993,2.2910930197685957,-2.2910930197685957,0.8970586908502742,7.240162166102927,1139.0041241552437,0,16.00518776975745,15.834853099128168,1500.0,1500.0,-0.9797871503978968,0.0019816551613216493,0.0,0.0,0.0,0.0,0.0,22721.468758261784,14400.0,77.64343107228228,8243.825327189505,0.0,1.8189894035458565e-12,-1.0516032489249483e-12,0,0,0,0.0,0,0,True,1008,0,7.668546839494398e-11,1.4109763229934413e-13,3.9003138861954943e-10,0.7123450000108278,1.0543416999553297,1.2791310000466183,0.2718455000376707,0.4401659100767568,0.5974620000870345,0.2718455000376707,0.4401659100767568,0.5974620000870345,0.2718455000376707,0.4401659100767568,0.5974620000870345,0.2718455000376707,0.4401659100767568,0.5974620000870345
1d51662afb815f886e6a892a9e4aa57a92f1f105af85fa83950794075ee6f9fd,Mar2015,550.0,True,180.0,swmpc,1,96.0,0.6248194148152914,2.5150076495483518,-1.702135993167758,3.3810028707093385,5.204019291457044,1042.890935312053,0,59.739711386831665,59.68136124367543,1350.0,1500.0,-0.40934670343995094,0.21591158568208135,45.6161285159308,0.0,1.3794937273292595e-14,45.6161285159308,0.0,75819.67950067716,66000.0,292.637110620146,9377.042390057019,0.0,7.275957614183426e-12,2.7284841053187847e-12,0,0,0,0.0,0,0,True,1008,0,5.16686901903799e-11,1.3977771217313237e-13,2.8256068578532373e-10,0.7235919999857288,1.244518550049633,2.3503980000896263,0.6601459635380355,2.5150076495483518,-1.5685553792864084,2.2247549107487936,5.204019291457044,1042.890935312053,0,39.292474818636805,39.271306941890344,1452.0713674422868,1500.0,0.4130074651911855,0.2763289052725386,45.6161285159308,0.0,1.3794937273292595e-14,45.6161285159308,0.0,45584.29095106253,44400.0,192.55998111084483,943.8023373939898,0.0,1.546140993013978e-11,1.9895196601282805e-13,0,0,0,0.0,0,0,True,1008,0,5.16686901903799e-11,1.3977771217313237e-13,2.8256068578532373e-10,0.7555455000556321,1.2791695600481028,2.3503980000896263,0.6214578593890947,2.5150076495483518,-1.5685553792864084,2.4809528748553653,5.204019291457044,1042.890935312053,0,43.73483293053126,43.79370571836063,1350.0,1500.0,0.4130074651911855,0.27702757221632013,45.6161285159308,0.0,1.3794937273292595e-14,45.6161285159308,0.0,53098.60519179322,51600.0,214.734772091481,1133.8704197017548,0.0,1.5916157281026244e-11,2.5579538487363607e-13,0,0,0,0.0,0,0,True,1008,0,5.16686901903799e-11,1.3977771217313237e-13,2.8256068578532373e-10,0.7555455000556321,1.2791695600481028,2.3503980000896263,0.6364450538718082,1.702135993167758,-1.702135993167758,0.9000499958539732,7.222021937370733,1138.726811147036,0,16.004878456300403,15.887655525314806,1500.0,1500.0,-0.40934670343995094,0.002005632812245306,0.0,0.0,0.0,0.0,0.0,22721.074308883937,14400.0,77.90233852866504,8243.171970355264,0.0,-7.275957614183426e-12,2.5295321393059567e-12,0,0,0,0.0,0,0,True,1008,0,5.16686901903799e-11,1.3977771217313237e-13,2.8256068578532373e-10,0.7235919999857288,1.244518550049633,2.3503980000896263,0.28174499993838253,0.5190954100089579,1.5788529999554157,0.28174499993838253,0.5190954100089579,1.5788529999554157,0.28174499993838253,0.5190954100089579,1.5788529999554157,0.28174499993838253,0.5190954100089579,1.5788529999554157
1d51662afb815f886e6a892a9e4aa57a92f1f105af85fa83950794075ee6f9fd,Mar2015,550.0,True,180.0,swmpc,2,96.0,0.5759875495491522,1.9914276311174035,-1.2668249942362309,3.3808103359798,5.200000000000001,1042.776908107253,0,59.7440056901209,59.677962626405325,1350.0,1500.0,-0.4633152727037668,0.21603378340234614,45.561474488849306,0.0,1.2372194119480054e-14,45.561474488849306,0.0,75961.78185459567,66000.0,292.62044609511827,9519.161408500555,0.0,3.637978807091713e-12,-6.821210263296962e-13,0,0,0,0.0,0,0,True,1008,0,1.0240723362414188e-10,1.3398163701189855e-13,4.288346951516629e-10,0.6966270000248187,0.8389099999817514,1.4115400001628586,0.5595910196803958,1.7335662571713328,-1.2668249942362309,2.2253611934283293,5.200000000000001,1042.776908107253,0,39.295390748206096,39.28200902556112,1452.9984668428758,1500.0,0.041230722330510616,0.2765676652167718,45.561474488849306,0.0,1.2372194119480054e-14,45.561474488849306,0.0,45722.03191270359,44400.0,192.61245690525965,1082.4179226412193,0.0,1.2278178473934531e-11,4.547473508864641e-13,0,0,0,0.0,0,0,True,1008,0,1.0240723362414188e-10,1.3398163701189855e-13,4.288346951516629e-10,0.7190954999032328,0.8545861501261242,1.4115400001628586,0.5301594016320278,1.7335662571713328,-1.2668249942362309,2.4781827394376905,5.200000000000001,1042.776908107253,0,43.73892995206306,43.74480737107198,1350.0,1500.0,0.041230722330510616,0.2771908306517179,45.561474488849306,0.0,1.2372194119480054e-14,45.561474488849306,0.0,53240.35362282078,51600.0,214.49500760276166,1275.8586152180399,0.0,2.0236257114447653e-11,3.979039320256561e-13,0,0,0,0.0,0,0,True,1008,0,1.0240723362414188e-10,1.3398163701189855e-13,4.288346951516629e-10,0.7190954999032328,0.8545861501261242,1.4115400001628586,0.7135726932656988,1.9914276311174035,-0.9953553406521678,0.9026275965421093,7.238298360045842,1137.8606411182784,0,16.00507573805784,15.933155255333347,1500.0,1500.0,-0.4633152727037668,0.0019841180295452343,0.0,0.0,0.0,0.0,0.0,22721.428231774873,14400.0,78.12543849235658,8243.302793282515,0.0,-1.8189894035458565e-12,-1.1368683772161603e-12,0,0,0,0.0,0,0,True,1008,0,1.0240723362414188e-10,1.3398163701189855e-13,4.288346951516629e-10,0.6966270000248187,0.8389099999817514,1.4115400001628586,0.26943199998186174,0.3720018300168703,0.47210200000336044,0.26943199998186174,0.3720018300168703,0.47210200000336044,0.26943199998186174,0.3720018300168703,0.47210200000336044,0.26943199998186174,0.3720018300168703,0.47210200000336044
1d51662afb815f886e6a892a9e4aa57a92f1f105af85fa83950794075ee6f9fd,Mar2015,550.0,True,180.0,swmpc,3,96.0,0.5981217750446909,1.444676891900599,-1.4312594141811132,3.3825862582532342,5.199999999999999,1042.4109836068844,0,59.75283295953303,59.70931115309785,1350.0,1500.0,-0.3053193911910057,0.215833603349454,45.57461848759781,0.0,1.658244853063881e-14,45.57461848759781,0.0,75868.64494223351,66000.0,292.7741581097647,9425.870784123756,0.0,7.275957614183426e-12,-1.1937117960769683e-12,0,0,0,0.0,0,0,True,1008,0,7.647437527469842e-11,1.1536162200739166e-13,4.060642382831221e-10,0.7158909999134266,1.2525554000376358,4.298800000015035,0.6368085861492708,1.4294077679514885,-1.4114937325939536,2.235118568740246,5.204438135912284,1042.4109836068844,0,39.29952079584102,39.454245921845455,1452.5887878968683,1500.0,0.4008370889350772,0.2764298201953238,45.57461848759781,0.0,1.2518899842057495e-14,45.57461848759781,0.0,45625.287281193334,44400.0,193.45699038473367,984.4190787054724,0.0,3.865352482534945e-12,-6.536993168992922e-13,0,0,0,0.0,0,0,True,1008,0,7.647437527469842e-11,1.1536162200739166e-13,4.060642382831221e-10,0.7420704999958616,1.4177961000405,4.298800000015035,0.6122839045018482,1.4294077679514885,-1.4114937325939536,2.4815740334082905,5.199999999999999,1042.4109836068844,0,43.74753269388453,43.80467039050185,1350.0,1500.0,0.4008370889350772,0.2769363061936396,45.57461848759781,0.0,1.658244853063881e-14,45.57461848759781,0.0,53147.052562632045,51600.0,214.78853544250828,1182.2640271895389,0.0,2.0463630789890885e-12,-6.252776074688882e-13,0,0,0,0.0,0,0,True,1008,0,7.647437527469842e-11,1.1536162200739166e-13,4.060642382831221e-10,0.7420704999958616,1.4177961000405,4.298800000015035,0.5456674179659747,1.444676891900599,-1.4312594141811132,0.9010122248449437,7.245847552618215,1138.4167070316842,0,16.0053002656485,15.904640762596003,1500.0,1500.0,-0.3053193911910057,0.001974143394803951,0.0,0.0,0.0,0.0,0.0,22721.59237960147,14400.0,77.98562266725648,8243.606756934216,0.0,3.637978807091713e-12,-5.258016244624741e-13,0,0,0,0.0,0,0,True,1008,0,7.647437527469842e-11,1.1536162200739166e-13,4.060642382831221e-10,0.7158909999134266,1.2525554000376358,4.298800000015035,0.2790214999777163,0.48302826014605665,1.8689720000111265,0.2790214999777163,0.48302826014605665,1.8689720000111265,0.2790214999777163,0.48302826014605665,1.8689720000111265,0.2790214999777163,0.48302826014605665,1.8689720000111265
1d51662afb815f886e6a892a9e4aa57a92f1f105af85fa83950794075ee6f9fd,Mar2015,550.0,True,180.0,swmpc,4,96.0,0.6420046440857711,2.3727870546281338,-2.143919059075415,3.3852762227622915,5.199999999999999,1042.1079836233896,0,59.732201337280344,59.75679432591317,1350.0,1500.0,0.17252590879797935,0.2161591770709188,45.56526774994428,0.0,1.2496508461925114e-14,45.56526774994428,0.0,75902.30151132253,66000.0,293.0069835381074,9459.294527784408,0.0,-1.0913936421275139e-11,-1.3073986337985843e-12,0,0,0,0.0,0,0,True,1008,0,8.424584893330264e-11,9.276317117002306e-14,3.317389038446649e-10,0.753051500055335,1.2720332000412782,4.634986999917601,0.6016837967149238,1.9798451578244567,-1.4887902233749628,2.2328163356282724,5.199999999999999,1042.1079836233896,0,39.282368137500086,39.41360697202001,1452.247263586084,1500.0,0.41701010428369045,0.27680700973327443,45.56526774994428,0.0,1.2496508461925114e-14,45.56526774994428,0.0,45661.83233312223,44400.0,193.2577244060805,1020.8218723022255,0.0,-5.229594535194337e-12,-3.979039320256561e-13,0,0,0,0.0,0,0,True,1008,0,8.424584893330264e-11,9.276317117002306e-14,3.317389038446649e-10,0.7861670000011145,1.3060687101142305,4.634986999917601,0.5850469099978797,1.9798451578244567,-1.4887902233749628,2.480516920350017,5.199999999999999,1042.1079836233896,0,43.726567052026674,43.786010262510686,1350.0,1500.0,0.41701010428369045,0.27736212240806835,45.56526774994428,0.0,1.2496508461925114e-14,45.56526774994428,0.0,53180.29300766572,51600.0,214.6970387704257,1215.5959688952962,0.0,6.821210263296962e-13,-4.831690603168681e-13,0,0,0,0.0,0,0,True,1008,0,8.424584893330264e-11,9.276317117002306e-14,3.317389038446649e-10,0.7861670000011145,1.3060687101142305,4.634986999917601,0.8104228707788329,2.3727870546281338,-2.143919059075415,0.9047593024122746,7.2649859337186,1139.6098230338685,0,16.00563428525367,15.970784063402483,1500.0,1500.0,0.17252590879797935,0.0019488683908956972,0.0,0.0,0.0,0.0,0.0,22722.00850365679,14400.0,78.30994476768167,8243.698558889111,0.0,1.8189894035458565e-12,-8.952838470577262e-13,0,0,0,0.0,0,0,True,1008,0,8.424584893330264e-11,9.276317117002306e-14,3.317389038446649e-10,0.753051500055335,1.2720332000412782,4.634986999917601,0.29725399997460045,0.5609429200512749,4.11177600017254,0.29725399997460045,0.5609429200512749,4.11177600017254,0.29725399997460045,0.5609429200512749,4.11177600017254,0.29725399997460045,0.5609429200512749,4.11177600017254
1d51662afb815f886e6a892a9e4aa57a92f1f105af85fa83950794075ee6f9fd,Mar2015,550.0,True,180.0,swmpc_nosw,0,96.0,0.6160040370043748,2.1626457814127207,-2.1626457814127207,3.3781854467743906,5.199999999999999,1041.927165259783,0,59.75220286930771,59.631628160898245,1350.0,1500.0,-0.8458704678341746,0.21583802299195143,45.521138341332204,0.0,1.196999855341909e-14,45.521138341332204,0.0,75917.19778816155,66000.0,292.3932531520363,9474.804535009513,0.0,3.637978807091713e-12,5.115907697472721e-13,0,0,0,0.0,0,0,True,1008,0,1.0227786889493671e-10,1.4109763229934413e-13,4.0573225802878315e-10,0.7065014999625419,1.0684802997957363,1.8255150000641152,0.5719666112402692,1.7166026709601283,-1.3115589963272214,2.229969267103943,5.199999999999999,1041.927165259783,0,39.30421943458761,39.36335060384084,1450.495518462845,1500.0,0.3711390970274806,0.2761878558479558,45.521138341332204,0.0,1.196999855341909e-14,45.521138341332204,0.0,45692.80072474468,44400.0,193.0113010995782,1050.2849421079445,0.0,-2.5011104298755527e-12,5.684341886080801e-13,0,0,0,0.0,0,0,True,1008,0,1.0227786889493671e-10,1.4109763229934413e-13,4.0573225802878315e-10,0.7286950000207071,1.1341624699684856,1.8255150000641152,0.5771611338004816,1.7166026709601283,-1.553644249215722,2.4813075726268714,5.199999999999999,1041.927165259783,0,43.74706231700231,43.7999668327824,1350.0,1500.0,0.3711390970274806,0.2769390369710071,45.521138341332204,0.0,1.196999855341909e-14,45.521138341332204,0.0,53195.77541475005,51600.0,214.76547237035314,1231.0099423796892,0.0,-1.0459189070388675e-11,6.252776074688882e-13,0,0,0,0.0,0,0,True,1008,0,1.0227786889493671e-10,1.4109763229934413e-13,4.0573225802878315e-10,0.7286950000207071,1.1341624699684856,1.8255150000641152,0.7359836757232395,2.1626457814127207,-2.1626457814127207,0.8968778741475192,7.238028935775731,1139.0503140558428,0,16.0051405523054,15.831661328115842,1500.0,1500.0,-0.8458704678341746,0.0019844740652565918,0.0,0.0,0.0,0.0,0.0,22721.422373411508,14400.0,77.62778078168319,8243.794592629823,0.0,-1.8189894035458565e-12,-1.4210854715202004e-13,0,0,0,0.0,0,0,True,1008,0,1.0227786889493671e-10,1.4109763229934413e-13,4.0573225802878315e-10,0.7065014999625419,1.0684802997957363,1.8255150000641152,0.27072850002696214,0.3958524398967708,1.1651589998109557,0.27072850002696214,0.3958524398967708,1.1651589998109557,0.27072850002696214,0.3958524398967708,1.1651589998109557,0.27072850002696214,0.3958524398967708,1.1651589998109557
1d51662afb815f886e6a892a9e4aa57a92f1f105af85fa83950794075ee6f9fd,Mar2015,550.0,True,180.0,swmpc_nosw,1,96.0,0.6006866826933941,2.1212171502411366,-1.972362568601966,3.381433501180321,5.204636198026231,1042.6349034510783,0,59.72964704482218,59.68896271983002,1350.0,1500.0,-0.2854151166975498,0.21620076090930773,45.58043221499194,0.0,1.2267416816219798e-14,45.58043221499194,0.0,75813.54436975907,66000.0,292.6743831282106,9370.86998663088,0.0,2.3646862246096134e-11,2.2737367544323206e-13,0,0,0,0.0,0,0,True,1008,0,7.319225159312815e-11,1.566908951998517e-13,3.3937288289471245e-10,0.7299070000499341,1.169203499921422,2.827959000114788,0.6354713496517316,2.1212171502411366,-1.972362568601966,2.2256155106850635,5.204636198026231,1042.6349034510783,0,39.28127651495862,39.286498226147614,1451.9972997435937,1500.0,0.5195880495011806,0.2767737361545508,45.58043221499194,0.0,1.2267416816219798e-14,45.58043221499194,0.0,45578.96574163639,44400.0,192.63446891472552,938.3285724652842,0.0,2.4442670110147446e-11,1.2221335055073723e-12,0,0,0,0.0,0,0,True,1008,0,7.319225159312815e-11,1.566908951998517e-13,3.3937288289471245e-10,0.7509340000524389,1.2412412799972106,2.827959000114788,0.6030016454608328,2.1212171502411366,-1.972362568601966,2.4812408565613655,5.204636198026231,1042.6349034510783,0,43.724723829793064,43.79878916279573,1350.0,1500.0,0.5195880495011806,0.2774006201400069,45.58043221499194,0.0,1.2267416816219798e-14,45.58043221499194,0.0,53092.39803665283,51600.0,214.7596978716656,1127.6383387811866,0.0,2.546585164964199e-11,1.2221335055073723e-12,0,0,0,0.0,0,0,True,1008,0,7.319225159312815e-11,1.566908951998517e-13,3.3937288289471245e-10,0.7509340000524389,1.2412412799972106,2.827959000114788,0.5925130909471307,1.555176505818963,-1.4974877526983619,0.9001926446189557,7.2253341691649275,1138.7726239189112,0,16.004923215029116,15.890173557034295,1500.0,1500.0,-0.2854151166975498,0.002001253601860764,0.0,0.0,0.0,0.0,0.0,22721.14633310624,14400.0,77.91468525654503,8243.231647849694,0.0,-1.8189894035458565e-12,-9.947598300641403e-13,0,0,0,0.0,0,0,True,1008,0,7.319225159312815e-11,1.566908951998517e-13,3.3937288289471245e-10,0.7299070000499341,1.169203499921422,2.827959000114788,0.27868100005434826,0.5005234599025236,0.9256370001367031,0.27868100005434826,0.5005234599025236,0.9256370001367031,0.27868100005434826,0.5005234599025236,0.9256370001367031,0.27868100005434826,0.5005234599025236,0.9256370001367031
1d51662afb815f886e6a892a9e4aa57a92f1f105af85fa83950794075ee6f9fd,Mar2015,550.0,True,180.0,swmpc_nosw,2,96.0,0.5712107255640095,1.7291750274598598,-1.365790843963623,3.3831608507801376,5.1999999999999975,1042.551916216159,0,59.76713947293765,59.719453843145054,1350.0,1500.0,-0.334531650878489,0.21580838536461333,45.5346118800097,0.0,1.1095887582537012e-14,45.5346118800097,0.0,75972.72934637955,66000.0,292.82389101544123,9529.905455364114,0.0,5.4569682106375694e-12,0.0,0,0,0,0.0,0,0,True,1008,0,7.080334934586071e-11,1.232434279557353e-13,2.1448605152413971e-10,0.7421755000223129,1.2635667998779352,9.806664000052479,0.5603878656505493,1.5901599675416946,-1.365790843963623,2.2281581877438397,5.1999999999999975,1042.551916216159,0,39.31881728106257,39.33138148530868,1453.1151305939748,1500.0,0.15330878179520369,0.27618711594832035,45.5346118800097,0.0,1.1095887582537012e-14,45.5346118800097,0.0,45735.1194120743,44400.0,192.85454612145162,1095.3799965468274,0.0,2.2737367544323206e-12,7.389644451905042e-13,0,0,0,0.0,0,0,True,1008,0,7.080334934586071e-11,1.232434279557353e-13,2.1448605152413971e-10,0.7754505001003054,1.2794286499797634,9.806664000052479,0.5310355395071672,1.5901599675416946,-1.365790843963623,2.4804045823607708,5.1999999999999975,1042.551916216159,0,43.76217368487149,43.7840272756949,1350.0,1500.0,0.15330878179520369,0.2768988986340791,45.5346118800097,0.0,1.1095887582537012e-14,45.5346118800097,0.0,53251.424033174,51600.0,214.6873155415971,1286.7367176323976,0.0,-5.4569682106375694e-12,6.536993168992922e-13,0,0,0,0.0,0,0,True,1008,0,7.080334934586071e-11,1.232434279557353e-13,2.1448605152413971e-10,0.7754505001003054,1.2794286499797634,9.806664000052479,0.6937377124881502,1.7291750274598598,-0.9404651885852218,0.9027562684193668,7.2326454184096605,1137.9058261258815,0,16.00496578806616,15.93542656745015,1500.0,1500.0,-0.334531650878489,0.0019915889214829896,0.0,0.0,0.0,0.0,0.0,22721.30531320555,14400.0,78.13657547384415,8243.168737731716,0.0,9.094947017729282e-12,-6.110667527536862e-13,0,0,0,0.0,0,0,True,1008,0,7.080334934586071e-11,1.232434279557353e-13,2.1448605152413971e-10,0.7421755000223129,1.2635667998779352,9.806664000052479,0.28958699999748205,0.5435301100942522,9.30784100000892,0.28958699999748205,0.5435301100942522,9.30784100000892,0.28958699999748205,0.5435301100942522,9.30784100000892,0.28958699999748205,0.5435301100942522,9.30784100000892
1d51662afb815f886e6a892a9e4aa57a92f1f105af85fa83950794075ee6f9fd,Mar2015,550.0,True,180.0,swmpc_nosw,3,96.0,0.6299204587750205,1.667783074080944,-1.4933660086244345,3.384288085351958,5.200000000000001,1042.2157675517346,0,59.765260390263904,59.7393517539896,1350.0,1500.0,-0.18175715021789074,0.2156218727713035,45.550874010244826,0.0,1.3059453326671454e-14,45.550874010244826,0.0,75872.33427219675,66000.0,292.9214569391328,9429.412815257623,0.0,7.275957614183426e-12,-1.1937117960769683e-12,0,0,0,0.0,0,0,True,1008,0,9.825237565541689e-11,1.2203062599205938e-13,3.963362987760452e-10,0.7097414999179819,1.0059504500645728,1.8913050000719522,0.6882132809506359,1.667783074080944,-1.4933660086244345,2.237318108844531,5.2050564742267404,1042.2157675517346,0,39.3126013021062,39.49307213777992,1452.4006829441412,1500.0,0.4894599812105298,0.2760587565670847,45.550874010244826,0.0,1.3059453326671454e-14,45.550874010244826,0.0,45632.09710927692,44400.0,193.64736793998102,990.8504242810841,0.0,6.139089236967266e-12,-9.947598300641403e-13,0,0,0,0.0,0,0,True,1008,0,9.825237565541689e-11,1.2203062599205938e-13,3.963362987760452e-10,0.732215499965605,1.0417315199651966,1.8913050000719522,0.6591306911346217,1.667783074080944,-1.4933660086244345,2.4829913176240987,5.200000000000001,1042.2157675517346,0,43.759917806853885,43.82968824896061,1350.0,1500.0,0.4894599812105298,0.2766653237300929,45.550874010244826,0.0,1.3059453326671454e-14,45.550874010244826,0.0,53150.67031072806,51600.0,214.911206133336,1185.7591045947343,0.0,7.503331289626658e-12,-9.663381206337363e-13,0,0,0,0.0,0,0,True,1008,0,9.825237565541689e-11,1.2203062599205938e-13,3.963362987760452e-10,0.732215499965605,1.0417315199651966,1.8913050000719522,0.5147937370834852,1.2591253919526935,-1.2591253919526935,0.9012967677278594,7.2491396697486525,1138.4968561016904,0,16.00534258341002,15.909663505028995,1500.0,1500.0,-0.18175715021789074,0.001969794415540571,0.0,0.0,0.0,0.0,0.0,22721.663961468686,14400.0,78.01025080579677,8243.65371066289,0.0,0.0,-2.4158453015843406e-13,0,0,0,0.0,0,0,True,1008,0,9.825237565541689e-11,1.2203062599205938e-13,3.963362987760452e-10,0.7097414999179819,1.0059504500645728,1.8913050000719522,0.2714994999450937,0.4726263099337296,0.6970829999772832,0.2714994999450937,0.4726263099337296,0.6970829999772832,0.2714994999450937,0.4726263099337296,0.6970829999772832,0.2714994999450937,0.4726263099337296,0.6970829999772832
1d51662afb815f886e6a892a9e4aa57a92f1f105af85fa83950794075ee6f9fd,Mar2015,550.0,True,180.0,swmpc_nosw,4,96.0,0.644777596109589,2.282495716586709,-2.0126279378309846,3.3878913301157074,5.200854208979969,1041.9228388023985,0,59.75687353623499,59.80295612246272,1350.0,1500.0,0.3232825929298997,0.21582404661940635,45.54090483024556,0.0,1.198642284785927e-14,45.54090483024556,0.0,75907.47898101079,66000.0,293.2333298291735,9464.245651181582,0.0,-3.456079866737127e-11,-2.2737367544323206e-13,0,0,0,0.0,0,0,True,1008,0,5.42041555273374e-11,1.1209362368089082e-13,3.698564146128939e-10,0.7560765000107494,1.2462013999765984,2.3246189998644695,0.6305378722519743,2.008831664919853,-1.5177138857543468,2.2356175573451464,5.200854208979969,1041.9228388023985,0,39.30677752293845,39.46305405372962,1452.1072831678393,1500.0,0.5267269229516387,0.2762943162466813,45.54090483024556,0.0,1.198642284785927e-14,45.54090483024556,0.0,45669.612141462916,44400.0,193.5001795180046,1028.219245112724,0.0,-2.6830093702301383e-11,-1.1368683772161603e-13,0,0,0,0.0,0,0,True,1008,0,5.42041555273374e-11,1.1209362368089082e-13,3.698564146128939e-10,0.787653499969565,1.256132309924851,2.3246189998644695,0.6168330953740421,2.008831664919853,-1.5177138857543468,2.4828067203528463,5.200854208979969,1041.9228388023985,0,43.75134693895211,43.82642974346665,1350.0,1500.0,0.5267269229516387,0.2769291557690887,45.54090483024556,0.0,1.198642284785927e-14,45.54090483024556,0.0,53185.59062880247,51600.0,214.89522862188443,1220.6954001805545,0.0,-3.183231456205249e-11,-5.684341886080802e-14,0,0,0,0.0,0,0,True,1008,0,5.42041555273374e-11,1.1209362368089082e-13,3.698564146128939e-10,0.787653499969565,1.256132309924851,2.3246189998644695,0.7342553585649503,2.282495716586709,-2.0126279378309846,0.9050846097628611,7.259459816437522,1139.5984428619802,0,16.00552659728288,15.97652637899607,1500.0,1500.0,0.3232825929298997,0.0019561645955180618,0.0,0.0,0.0,0.0,0.0,22721.88835220832,14400.0,78.33810120728903,8243.550251001026,0.0,-3.637978807091713e-12,-1.9895196601282805e-13,0,0,0,0.0,0,0,True,1008,0,5.42041555273374e-11,1.1209362368089082e-13,3.698564146128939e-10,0.7560765000107494,1.2462013999765984,2.3246189998644695,0.29222149998986424,0.5750770701615683,1.5256220001447218,0.29222149998986424,0.5750770701615683,1.5256220001447218,0.29222149998986424,0.5750770701615683,1.5256220001447218,0.29222149998986424,0.5750770701615683,1.5256220001447218
1d51662afb815f886e6a892a9e4aa57a92f1f105af85fa83950794075ee6f9fd,May2024,400.0,False,0.0,pid_lowdrag_preview,0,96.58333333333333,2.3803282816757676,9.268796454183757,-8.149639281444252,106.4819105635536,7.152640010860226,1102.019185760844,0,1878.9375600648762,1879.615490810536,1350.0,1500.0,4.603752812370658,0.19706773877253647,0.0,0.0,0.0,0.0,0.0007674597083653108,83838.98329661085,65150.0,9216.365626478548,9322.617670132291,0.0,-1.2732925824820995e-11,0.0,0,0,0,0.0,0,0,True,0,0,,,,0.16064299984464014,0.3148591599483552,0.4308109998873988,2.484048492790168,9.268796454183757,-8.149639281444252,72.98945751048056,7.154917552323152,1102.019185760844,0,1288.312617088159,1288.4077142912693,1156.7780028270247,1456.2809390820403,-0.5448001231998205,0.2490033777608287,0.0,0.0,0.0,0.0,0.0011574074074074073,52451.18894278134,43200.0,6317.481755677235,2634.204250849083,0.0,-2.9558577807620168e-12,-4.3655745685100555e-11,0,0,0,0.0,0,0,True,0,0,,,,0.16217000006690796,0.3281436898600986,0.4308109998873988,2.416917097624583,9.268796454183757,-8.149639281444252,80.49590810831668,7.152640010860226,1102.019185760844,0,1420.9915630732032,1420.911355050755,1350.0,1456.2809390820403,-0.5448001231998205,0.2545568455573344,0.0,0.0,0.0,0.0,0.000992063492063492,60538.98329661085,50400.0,6967.190170004238,3065.5121875245595,0.0,-1.3642420526593924e-11,-4.274625098332763e-11,0,0,0,0.0,0,0,True,0,0,,,,0.16217000006690796,0.3281436898600986,0.4308109998873988,2.2508222772046738,6.367754399776459,-6.367754399776459,25.986002455236914,8.637300722264984,1120.4216416459235,0,457.9459969916729,458.7041357597809,1456.2809390820403,1500.0,4.603752812370658,0.0006303840638027802,0.0,0.0,0.0,0.0,0.0,23300.0,14750.0,2249.1754564743096,6257.105482607732,0.0,9.094947017729282e-13,4.3655745685100555e-11,0,0,0,0.0,0,0,True,0,0,,,,0.16064299984464014,0.3148591599483552,0.4308109998873988,,,,,,,,,,,,
1d51662afb815f886e6a892a9e4aa57a92f1f105af85fa83950794075ee6f9fd,May2024,400.0,False,0.0,pid_lowdrag_preview,1,96.58333333333333,2.382993915568487,8.13801728002727,-8.13801728002727,106.46056270404536,7.120839149108313,1102.0399390759899,0,1879.1759817797613,1879.2386590349283,1350.0,1500.0,0.42544490564614534,0.1971440183790497,0.0,0.0,0.0,0.0,0.0023023791250959325,83831.8761164631,65150.0,9214.517897812464,9317.358218650645,0.0,9.094947017729282e-12,2.9103830456733704e-11,0,0,0,0.0,0,0,True,0,0,,,,0.16200400000343507,0.3737080998553211,1.5115409998998075,2.423166273874802,8.13801728002727,-8.13801728002727,73.00428615299299,7.128306269771107,1102.0399390759899,0,1288.5276355100852,1288.6694690440436,1159.8159156041486,1453.5310343376195,-0.05518308375030756,0.2491015849066216,0.0,0.0,0.0,0.0,0.003472222222222222,52431.6059336553,43200.0,6318.76522430043,2619.1255906214033,0.0,3.865352482534945e-12,2.546585164964199e-11,0,0,0,0.0,0,0,True,0,0,,,,0.16339650005647854,0.37670999999136223,1.5115409998998075,2.3434193660780656,8.13801728002727,-8.13801728002727,80.51222537276644,7.120839149108313,1102.0399390759899,0,1421.2074899939614,1421.1993869133075,1350.0,1453.5310343376195,-0.05518308375030756,0.25467214443034636,0.0,0.0,0.0,0.0,0.002976190476190476,60531.8761164631,50400.0,6968.602483836741,3059.742598288747,0.0,8.185452315956354e-12,2.637534635141492e-11,0,0,0,0.0,0,0,True,0,0,,,,0.16339650005647854,0.37670999999136223,1.5115409998998075,2.513520552302623,7.152795542031527,-6.919551400467753,25.94833733127892,8.747435873158809,1116.4481972947171,0,457.96849178579987,458.0392721216208,1453.5310343376195,1500.0,0.42544490564614534,0.0005733368207202494,0.0,0.0,0.0,0.0,0.0,23300.0,14750.0,2245.9154139757225,6257.615620361897,0.0,0.0,2.2737367544323206e-12,0,0,0,0.0,0,0,True,0,0,,,,0.16200400000343507,0.3737080998553211,1.5115409998998075,,,,,,,,,,,,
1d51662afb815f886e6a892a9e4aa57a92f1f105af85fa83950794075ee6f9fd,May2024,400.0,False,0.0,pid_lowdrag_preview,2,96.58333333333333,2.443122798525845,9.27201157156378,-9.222238269634545,106.45863567826655,7.123705767186344,1100.5003188986468,0,1878.8307875625514,1879.204643233681,1350.0,1500.0,2.538709670305252,0.19718854487963677,0.0,0.0,0.0,0.0,0.0023023791250959325,83838.01435642318,65150.0,9214.351107283826,9323.66324913935,0.0,-7.275957614183426e-12,-9.094947017729282e-12,0,0,0,0.0,0,0,True,0,0,,,,0.16199400010918907,0.3483921999350059,0.634407999996256,2.5030644492573497,9.27201157156378,-9.222238269634545,72.96641001518388,7.123705767186344,1100.5003188986468,0,1288.151877160289,1288.000880595726,1156.7387175239828,1455.30263993087,-1.5767441736534238,0.24918578617724263,0.0,0.0,0.0,0.0,0.003472222222222222,52437.671027812874,43200.0,6315.486917847023,2623.620187558957,0.0,-7.275957614183426e-12,-1.1823431123048067e-11,0,0,0,0.0,0,0,True,0,0,,,,0.16296599994802818,0.3528439099090972,0.48434099994665303,2.42132689199794,9.27201157156378,-9.222238269634545,80.48122806090109,7.123705767186344,1100.5003188986468,0,1420.8844019272478,1420.6522232941845,1350.0,1455.30263993087,-1.5767441736534238,0.25471485333847943,0.0,0.0,0.0,0.0,0.002976190476190476,60538.014356423184,50400.0,6965.919562783941,3066.7921537083666,0.0,-6.366462912410498e-12,-1.3642420526593924e-11,0,0,0,0.0,0,0,True,0,0,,,,0.16296599994802818,0.3528439099090972,0.48434099994665303,2.5161739512029437,7.752763085067272,-6.200367441400886,25.977407617365458,8.644260930560069,1118.5908972318775,0,457.9463856353036,458.55241993949653,1455.30263993087,1500.0,2.538709670305252,0.000624073942302461,0.0,0.0,0.0,0.0,0.0,23300.0,14750.0,2248.431544499884,6256.8710954309845,0.0,-1.8189894035458565e-12,3.183231456205249e-12,0,0,0,0.0,0,0,True,0,0,,,,0.16199400010918907,0.3483921999350059,0.634407999996256,,,,,,,,,,,,
1d51662afb815f886e6a892a9e4aa57a92f1f105af85fa83950794075ee6f9fd,May2024,400.0,False,0.0,pid_lowdrag_preview,3,96.58333333333333,2.320098620904876,10.046101334504783,-7.8700685650110245,106.4179826946723,6.989127401644456,1102.234165184744,0,1878.9861201014241,1878.4870379868764,1350.0,1500.0,-3.389500766992569,0.1971190440756202,0.0,0.0,0.0,0.0,0.0,83847.96911443025,65150.0,9210.832455537005,9337.136658893243,0.0,0.0,1.4551915228366852e-11,0,0,0,0.0,0,0,True,0,0,,,,0.1625449999664852,0.38172904008661146,2.2982739999406476,2.4527122408743165,10.046101334504783,-7.8700685650110245,72.9887586054463,7.173049053109236,1102.234165184744,0,1288.077154184731,1288.395377240579,1159.6339143850012,1452.9225328132106,-0.3274985086172819,0.24932306698180662,0.0,0.0,0.0,0.0,0.0,52431.02790918269,43200.0,6317.421263108181,2620.318027646312,0.0,1.3869794202037156e-11,1.546140993013978e-11,0,0,0,0.0,0,0,True,0,0,,,,0.16284599996652105,0.3367895399037473,0.5715530000998115,2.3967897875780375,10.046101334504783,-7.8700685650110245,80.49833243823535,6.989127401644456,1102.234165184744,0,1421.0023599086708,1420.9541492497565,1350.0,1452.9225328132106,-0.3274985086172819,0.25465070397934486,0.0,0.0,0.0,0.0,0.0,60547.969114430234,50400.0,6967.4000038700815,3077.646577746961,0.0,1.9099388737231493e-11,1.6370904631912708e-11,0,0,0,0.0,0,0,True,0,0,,,,0.16284599996652105,0.3367895399037473,0.5715530000998115,2.0363687943512345,6.141051922924817,-6.141051922924817,25.919650256436952,8.825364408543262,1118.7536002191866,0,457.9837601927534,457.53288873711995,1452.9225328132106,1500.0,-3.389500766992569,0.0005362875232319819,0.0,0.0,0.0,0.0,0.0,23300.0,14750.0,2243.432451666925,6259.49008114628,0.0,-5.4569682106375694e-12,-1.3642420526593924e-12,0,0,0,0.0,0,0,True,0,0,,,,0.1625449999664852,0.38172904008661146,2.2982739999406476,,,,,,,,,,,,
1d51662afb815f886e6a892a9e4aa57a92f1f105af85fa83950794075ee6f9fd,May2024,400.0,False,0.0,pid_lowdrag_preview,4,96.58333333333333,2.4637777915859207,8.479133278131485,-7.929769127629697,106.4615822240029,7.072967958983883,1099.7394527591,0,1879.1547307337398,1879.2566555706233,1350.0,1500.0,0.6919971350580454,0.1970575643904654,0.0,0.0,0.0,0.0,0.0015349194167306216,83836.45111614866,65150.0,9214.60614067582,9321.844975472839,0.0,0.0,-5.093170329928398e-11,0,0,0,0.0,0,0,True,0,0,,,,0.16008100010367343,0.34326372006944444,0.4810370000996045,2.4438837791443047,8.479133278131485,-7.721318948082626,72.9827599504901,7.149033637815525,1099.7394527591,0,1288.5159525384618,1288.2894891632518,1162.2056292493294,1455.3167775564516,-3.396204481832683,0.24900641197160978,0.0,0.0,0.0,0.0,0.0023148148148148147,52432.19575484978,43200.0,6316.902059451398,2622.182547091268,0.0,6.821210263296962e-12,-8.185452315956354e-12,0,0,0,0.0,0,0,True,0,0,,,,0.16141900005095522,0.34726615009276407,0.4810370000996045,2.411554669087462,8.479133278131485,-7.721318948082626,80.48498869428444,7.072967958983883,1099.7394527591,0,1421.218725509683,1420.718605881847,1350.0,1455.3167775564516,-3.396204481832683,0.2545352174275811,0.0,0.0,0.0,0.0,0.001984126984126984,60536.45111614866,50400.0,6966.245058185605,3064.889280406601,0.0,-1.8189894035458565e-12,-7.275957614183426e-12,0,0,0,0.0,0,0,True,0,0,,,,0.16141900005095522,0.34726615009276407,0.4810370000996045,2.6344209294251493,8.029834591783583,-7.929769127629697,25.976593529718457,8.604011519038181,1117.6038940753033,0,457.93600522405677,458.53804968877625,1455.3167775564516,1500.0,0.6919971350580454,0.0006593465551680833,0.0,0.0,0.0,0.0,0.0,23300.0,14750.0,2248.361082490214,6256.955695066238,0.0,0.0,-4.411049303598702e-11,0,0,0,0.0,0,0,True,0,0,,,,0.16008100010367343,0.34326372006944444,0.4810370000996045,,,,,,,,,,,,
1d51662afb815f886e6a892a9e4aa57a92f1f105af85fa83950794075ee6f9fd,May2024,400.0,False,0.0,swmpc,0,96.58333333333333,4.39803274090427,20.460589633323252,-7.181825398467481,98.00201682875728,2.944161979979915,645.837040330187,0,1729.2505480840882,1729.9286610007143,1350.0,1500.0,4.603909408673644,0.27047438429119586,35.99251775822902,3.0340960634902383,1.185322148599283e-14,35.99251775822902,0.0,79693.45556913048,65150.0,8482.40245170135,5911.053117429116,0.0,-1.9099388737231493e-11,1.8189894035458565e-12,0,0,0,0.0,0,0,True,1008,0,6.821210263296962e-12,3.177764317901346e-13,2.555386681225714e-10,0.858084999890707,1.3781613200717404,3.7291889998414263,5.18578093868438,20.460589633323252,-7.181825398467481,65.17128108829803,3.1229627103381885,645.837040330187,0,1150.0432765856647,1150.401498632204,1159.9237339272922,1073.4323503532314,1.1476392084732652,0.3468090908688647,35.99251775822902,3.0340960634902383,1.185322148599283e-14,35.99251775822902,0.0,48764.95740616592,43200.0,5640.792428280757,10.656361459220307,0.0,-5.6843418860808015e-12,5.4569682106375694e-12,0,0,0,0.0,0,0,True,1008,0,6.821210263296962e-12,3.177764317901346e-13,2.555386681225714e-10,0.9137039999131957,1.4275327199584333,3.7291889998414263,4.8500059209165665,20.460589633323252,-7.181825398467481,72.06188609382392,2.944161979979915,645.837040330187,0,1271.8650804594693,1272.034251471597,1350.0,1073.4323503532314,1.1476392084732652,0.34897676057756477,35.99251775822902,3.0340960634902383,1.185322148599283e-14,35.99251775822902,0.0,56393.45556913047,50400.0,6237.197346096973,32.82587268026896,0.0,2.9558577807620168e-12,6.366462912410498e-12,0,0,0,0.0,0,0,True,1008,0,6.821210263296962e-12,3.177764317901346e-13,2.555386681225714e-10,0.9137039999131957,1.4275327199584333,3.7291889998414263,2.2495120153813137,6.3676708759739995,-6.3676708759739995,25.940130734933362,7.00777273401885,742.1886741315969,0,457.38546762461897,457.8944095291174,1073.4323503532314,1500.0,4.603909408673644,0.0022357561669253956,0.0,0.0,0.0,0.0,0.0,23300.0,14750.0,2245.2051056043774,5878.227244748847,0.0,-7.275957614183426e-12,-2.7284841053187847e-12,0,0,0,0.0,0,0,True,1008,0,6.821210263296962e-12,3.177764317901346e-13,2.555386681225714e-10,0.858084999890707,1.3781613200717404,3.7291889998414263,0.4207800000131101,0.671084339878689,1.2846190002164803,0.4207800000131101,0.671084339878689,1.2846190002164803,0.4207800000131101,0.671084339878689,1.2846190002164803,0.4207800000131101,0.671084339878689,1.2846190002164803
1d51662afb815f886e6a892a9e4aa57a92f1f105af85fa83950794075ee6f9fd,May2024,400.0,False,0.0,swmpc,1,96.58333333333333,4.410270860274867,20.029246589168906,-8.10873251222074,98.11436640065092,2.687540617333741,645.8373641418156,0,1731.8490081384446,1731.9118522733022,1350.0,1500.0,0.4256357504054904,0.26913775290531006,35.970018146390764,2.6108890735613843,9.802232939740397e-15,35.970018146390764,0.0,79736.25707373771,65150.0,8492.126683047982,5944.130390689716,0.0,-1.2732925824820995e-11,1.2732925824820995e-11,0,0,0,0.0,0,0,True,1008,0,6.59383658785373e-12,3.1743619000456085e-13,3.7874968671046827e-10,0.8680910000293807,1.604673139913757,8.982899000102407,5.170541115483499,20.029246589168906,-8.10873251222074,65.32635564371556,3.1329267456226835,645.8373641418156,0,1152.6905812799794,1153.1388700322068,1162.2217842175717,1050.7772097346192,1.6612130515277386,0.34433221178162343,35.970018146390764,2.6108890735613843,9.802232939740397e-15,35.970018146390764,0.0,48784.17595671779,43200.0,5654.2146499006485,41.40588130010474,0.0,1.3869794202037156e-11,2.3646862246096134e-11,0,0,0,0.0,0,0,True,1008,0,6.59383658785373e-12,3.1743619000456085e-13,3.7874968671046827e-10,0.9182704999375346,1.6656710399888646,8.982899000102407,4.8264263446067295,20.029246589168906,-8.10873251222074,72.21567078575201,2.687540617333741,645.8373641418156,0,1274.5040482522882,1274.7488542399806,1350.0,1050.7772097346192,1.6612130515277386,0.347212583388703,35.970018146390764,2.6108890735613843,9.802232939740397e-15,35.970018146390764,0.0,56436.25707373771,50400.0,6250.507925716227,84.97193828685909,0.0,-4.774847184307873e-12,2.1827872842550278e-11,0,0,0,0.0,0,0,True,1008,0,6.59383658785373e-12,3.1743619000456085e-13,3.7874968671046827e-10,0.9182704999375346,1.6656710399888646,8.982899000102407,2.51317940066355,7.152836551889777,-6.91960971057415,25.898695614898912,6.912380762428832,717.9959295097275,0,457.3449598861564,457.1629980333216,1050.7772097346192,1500.0,0.4256357504054904,0.002360027050191338,0.0,0.0,0.0,0.0,0.0,23300.0,14750.0,2241.6187573317557,5859.158452402857,0.0,-6.821210263296962e-12,-8.185452315956354e-12,0,0,0,0.0,0,0,True,1008,0,6.59383658785373e-12,3.1743619000456085e-13,3.7874968671046827e-10,0.8680910000293807,1.604673139913757,8.982899000102407,0.42443049994744797,0.8453878301156682,7.489625999824057,0.42443049994744797,0.8453878301156682,7.489625999824057,0.42443049994744797,0.8453878301156682,7.489625999824057,0.42443049994744797,0.8453878301156682,7.489625999824057
1d51662afb815f886e6a892a9e4aa57a92f1f105af85fa83950794075ee6f9fd,May2024,400.0,False,0.0,swmpc,2,96.58333333333333,4.378198874279879,16.917252272367477,-9.404451325535774,98.01216097502093,2.9790309112110513,656.3879572082436,0,1729.7337023563334,1730.1077251662357,1350.0,1500.0,2.538835565559566,0.27088581265202005,36.00188944366223,2.7215733590248368,1.2579252249951069e-14,36.00188944366223,0.0,79739.56936623482,65150.0,8483.280461500739,5956.288904734092,0.0,1.0913936421275139e-11,-1.4551915228366852e-11,0,0,0,0.0,0,0,True,1008,0,6.821210263296962e-12,1.452990929003309e-07,2.4817681672046784e-10,0.8191470001293055,1.246295880032449,2.6312320001125045,5.1245814190392,16.917252272367477,-9.404451325535774,65.17433966991561,3.137461126780031,656.3879572082436,0,1150.5342574549097,1150.455488623151,1159.7124328927346,1087.4393222954602,-1.0997660541906953,0.3471834180073946,36.00188944366223,2.7215733590248368,1.2579252249951069e-14,36.00188944366223,0.0,48785.460209402714,43200.0,5641.05715875313,16.676161246864012,0.0,5.9117155615240335e-12,-2.637534635141492e-11,0,0,0,0.0,0,0,True,1008,0,6.821210263296962e-12,1.452990929003309e-07,2.4817681672046784e-10,0.8783910000147443,1.271135089971267,2.6312320001125045,4.788214117051963,16.917252272367477,-9.404451325535774,72.0711209937543,2.9790309112110513,656.3879572082436,0,1272.3590710362462,1272.1972656481116,1350.0,1087.4393222954602,-1.0997660541906953,0.349500634388366,36.00188944366223,2.7215733590248368,1.2579252249951069e-14,36.00188944366223,0.0,56439.569366234835,50400.0,6237.996657584044,64.13338635533364,0.0,3.410605131648481e-12,-2.8194335754960775e-11,0,0,0,0.0,0,0,True,1008,0,6.821210263296962e-12,1.452990929003309e-07,2.4817681672046784e-10,0.8783910000147443,1.271135089971267,2.6312320001125045,2.5152473932546453,7.752720773220062,-6.200239408761263,25.941039981266627,6.986865841154266,754.7668739768118,0,457.37463132008725,457.91045951812407,1087.4393222954602,1500.0,2.538835565559566,0.0022629641427427405,0.0,0.0,0.0,0.0,0.0,23300.0,14750.0,2245.283803916693,5892.155518378759,0.0,-8.86757334228605e-12,1.2278178473934531e-11,0,0,0,0.0,0,0,True,1008,0,6.821210263296962e-12,1.452990929003309e-07,2.4817681672046784e-10,0.8191470001293055,1.246295880032449,2.6312320001125045,0.4019865000373102,0.6720215998984713,1.3475739999648795,0.4019865000373102,0.6720215998984713,1.3475739999648795,0.4019865000373102,0.6720215998984713,1.3475739999648795,0.4019865000373102,0.6720215998984713,1.3475739999648795
1d51662afb815f886e6a892a9e4aa57a92f1f105af85fa83950794075ee6f9fd,May2024,400.0,False,0.0,swmpc,3,96.58333333333333,4.346163208823272,17.57264251727611,-9.032666893675923,98.025315504351,3.0318784959338787,660.0950730796732,0,1730.8388813959953,1730.3399285233556,1350.0,1500.0,-3.3894345723092556,0.2694253554326934,35.932175843735735,2.287204726543928,1.1825664810301008e-14,35.932175843735735,0.0,79748.75256028358,65150.0,8484.419030026778,5964.333530256801,0.0,-1.8189894035458565e-12,8.003553375601768e-11,0,0,0,0.0,0,0,True,1008,0,7.275957614183426e-12,2.359436014833008e-13,3.906829345091958e-10,0.8966640000380721,1.5529423001044054,2.6417669998863857,5.131701974046761,17.57264251727611,-9.032666893675923,65.25815183438198,3.0318784959338787,660.0950730796732,0,1151.5620021091618,1151.9349384359575,1162.1742742862077,1070.6746332218067,-0.196050975471735,0.3450445804839911,35.932175843735735,2.287204726543928,1.1825664810301008e-14,35.932175843735735,0.0,48793.96365399979,43200.0,5648.311382006481,37.1519130576969,0.0,-1.1368683772161603e-11,0.0,0,0,0,0.0,0,0,True,1008,0,7.275957614183426e-12,2.359436014833008e-13,3.906829345091958e-10,0.9505995000154144,1.6002623098961513,2.6417669998863857,4.817084278014646,17.57264251727611,-9.032666893675923,72.13006576159552,3.0318784959338787,660.0950730796732,0,1273.266475301376,1273.2377569217133,1350.0,1070.6746332218067,-0.196050975471735,0.34778540112690015,35.932175843735735,2.287204726543928,1.1825664810301008e-14,35.932175843735735,0.0,56448.75256028358,50400.0,6243.09852445815,84.97940260362634,0.0,1.5916157281026244e-12,9.094947017729282e-13,0,0,0,0.0,0,0,True,1008,0,7.275957614183426e-12,2.359436014833008e-13,3.906829345091958e-10,0.9505995000154144,1.6002623098961513,2.6417669998863857,2.0357875117490334,6.1409380082041025,-6.1409380082041025,25.89524974275548,7.458617600233417,738.6606799253632,0,457.5724060946193,457.10217160164234,1070.6746332218067,1500.0,-3.3894345723092556,0.0016730637046917796,0.0,0.0,0.0,0.0,0.0,23300.0,14750.0,2241.3205055686285,5879.354127653176,0.0,-2.2737367544323206e-12,7.867129170335829e-11,0,0,0,0.0,0,0,True,1008,0,7.275957614183426e-12,2.359436014833008e-13,3.906829345091958e-10,0.8966640000380721,1.5529423001044054,2.6417669998863857,0.44349449990477297,0.8399251798618932,1.9220310000491736,0.44349449990477297,0.8399251798618932,1.9220310000491736,0.44349449990477297,0.8399251798618932,1.9220310000491736,0.44349449990477297,0.8399251798618932,1.9220310000491736
1d51662afb815f886e6a892a9e4aa57a92f1f105af85fa83950794075ee6f9fd,May2024,400.0,False,0.0,swmpc,4,96.58333333333333,4.397050546248858,17.504164789803326,-9.630889859050512,98.11075546242773,3.06920990245819,652.6012631767233,0,1731.7460330501835,1731.8481121001118,1350.0,1500.0,0.6921126078814268,0.26921351270617766,35.99738423589674,3.282426326941432,9.432155534538317e-15,35.99738423589674,0.0,79763.98225883591,65150.0,8491.814144263319,5972.168114572611,0.0,2.000888343900442e-11,4.547473508864641e-11,0,0,0,0.0,0,0,True,1008,0,8.412825991399586e-12,2.9058508365397963e-13,2.3721905740193347e-10,0.7969729999786068,1.0335645000441218,1.7554500000187545,5.115727414776175,17.504164789803326,-9.630889859050512,65.27318953211342,3.06920990245819,652.6012631767233,0,1151.8817206187055,1152.2003834251782,1164.144028810161,1073.334179341208,-0.40350944362580776,0.34561940320383766,35.99738423589674,3.282426326941432,9.432155534538317e-15,35.99738423589674,0.0,48803.96931446452,43200.0,5649.61294505826,45.166218875227514,0.0,1.4097167877480388e-11,-1.000444171950221e-11,0,0,0,0.0,0,0,True,1008,0,8.412825991399586e-12,2.9058508365397963e-13,2.3721905740193347e-10,0.8555765000437532,1.045879189921379,1.7554500000187545,4.792287437972566,17.504164789803326,-9.630889859050512,72.183745702033,3.06920990245819,652.6012631767233,0,1274.2445827012832,1274.1853136199134,1350.0,1073.334179341208,-0.40350944362580776,0.34744987757531665,35.99738423589674,3.282426326941432,9.432155534538317e-15,35.99738423589674,0.0,56463.98225883592,50400.0,6247.744702905361,92.90337658936346,0.0,1.5916157281026244e-11,-1.000444171950221e-11,0,0,0,0.0,0,0,True,1008,0,8.412825991399586e-12,2.9058508365397963e-13,2.3721905740193347e-10,0.8555765000437532,1.045879189921379,1.7554500000187545,2.631313830120136,8.019235010258853,-7.929731860756874,25.92700976039474,7.279570396007694,740.6052166345966,0,457.50145034890033,457.6627984801985,1073.334179341208,1500.0,0.6921126078814268,0.0018838320685772292,0.0,0.0,0.0,0.0,0.0,23300.0,14750.0,2244.069441357958,5879.264737983247,0.0,-2.5011104298755527e-12,5.547917680814862e-11,0,0,0,0.0,0,0,True,1008,0,8.412825991399586e-12,2.9058508365397963e-13,2.3721905740193347e-10,0.7969729999786068,1.0335645000441218,1.7554500000187545,0.3988975000766004,0.5655412999999498,0.8437330000106158,0.3988975000766004,0.5655412999999498,0.8437330000106158,0.3988975000766004,0.5655412999999498,0.8437330000106158,0.3988975000766004,0.5655412999999498,0.8437330000106158
1d51662afb815f886e6a892a9e4aa57a92f1f105af85fa83950794075ee6f9fd,May2024,400.0,False,0.0,swmpc_nosw,0,96.58333333333333,3.5325689355542327,15.725549745373428,-7.099531471729279,97.90991025887601,2.944161979979915,670.9781765575266,0,1727.6190495353515,1728.30279859238,1350.0,1500.0,4.642534322105348,0.27185302256939825,35.59894413400502,0.0,1.108007938625249e-14,35.59894413400502,0.0,79795.89503061949,65150.0,8474.430319907966,6021.464710711518,0.0,-5.4569682106375694e-12,2.546585164964199e-11,0,0,0,0.0,0,0,True,1008,0,6.366462912410498e-12,2.8380509312214136e-13,2.5457364817007967e-10,0.8669979999922361,1.622329119963979,3.483838999954969,4.089830521715496,15.725549745373428,-7.099531471729279,65.05706621018982,3.1531450209388536,670.9781765575266,0,1148.0962006493014,1148.3853810302817,1160.0099534907015,1151.4419728908338,0.6706321854144335,0.34916727172618756,35.59894413400502,0.0,1.108007938625249e-14,35.59894413400502,0.0,48850.7543816733,43200.0,5630.906748440311,28.4156138328583,0.0,4.547473508864641e-13,-7.275957614183426e-12,0,0,0,0.0,0,0,True,1008,0,6.366462912410498e-12,2.8380509312214136e-13,2.5457364817007967e-10,0.9166285000219432,1.6516407501580934,3.483838999954969,3.84723159150405,15.725549745373428,-7.099531471729279,71.94993810166766,2.944161979979915,670.9781765575266,0,1269.9592773107572,1270.0581488724915,1350.0,1151.4419728908338,0.6706321854144335,0.3509957126054887,35.59894413400502,0.0,1.108007938625249e-14,35.59894413400502,0.0,56495.89503061948,50400.0,6227.507872820217,66.94518490843029,0.0,-9.094947017729282e-13,-5.4569682106375694e-12,0,0,0,0.0,0,0,True,1008,0,6.366462912410498e-12,2.8380509312214136e-13,2.5457364817007967e-10,0.9166285000219432,1.6516407501580934,3.483838999954969,2.1317558241043253,6.172269543632865,-6.172269543632865,25.959972157208355,7.7338372549762155,818.4461722143096,0,457.65977222459424,458.24464971988846,1151.4419728908338,1500.0,4.642534322105348,0.0014264749206555072,0.0,0.0,0.0,0.0,0.0,23300.0,14750.0,2246.922447087748,5954.519525803087,0.0,1.3642420526593924e-12,3.1377567211166024e-11,0,0,0,0.0,0,0,True,1008,0,6.366462912410498e-12,2.8380509312214136e-13,2.5457364817007967e-10,0.8669979999922361,1.622329119963979,3.483838999954969,0.419583500047338,0.8012362899762592,1.9407100000989885,0.419583500047338,0.8012362899762592,1.9407100000989885,0.419583500047338,0.8012362899762592,1.9407100000989885,0.419583500047338,0.8012362899762592,1.9407100000989885
1d51662afb815f886e6a892a9e4aa57a92f1f105af85fa83950794075ee6f9fd,May2024,400.0,False,0.0,swmpc_nosw,1,96.58333333333333,3.5548236991275117,16.756658227182925,-7.510584413073957,97.89910227545165,2.687540617333741,673.9098087358032,0,1728.0186003522267,1728.1120163932112,1350.0,1500.0,0.6335973627865314,0.27199806732156906,35.58234678211471,0.0,1.0736747535731488e-14,35.58234678211471,0.0,79815.86203680592,65150.0,8473.49485278125,6042.367184024672,0.0,1.8189894035458565e-12,4.18367562815547e-11,0,0,0,0.0,0,0,True,1008,0,5.4569682106375694e-12,2.509816273908756e-13,3.7874968671046827e-10,0.9048559998063865,1.534801979992153,2.447483999958422,4.084135936943305,16.756658227182925,-7.510584413073957,65.11666557397359,3.2506756269275616,673.9098087358032,0,1149.0489860730493,1149.4374272118184,1162.2594076305043,1127.6733435888082,1.242021782323718,0.3483048838064151,35.58234678211471,0.0,1.0736747535731488e-14,35.58234678211471,0.0,48866.50727391284,43200.0,5636.065272783377,65.02806517116846,0.0,1.1823431123048067e-11,6.366462912410498e-12,0,0,0,0.0,0,0,True,1008,0,5.4569682106375694e-12,2.509816273908756e-13,3.7874968671046827e-10,0.9520669999574238,1.5757499999654094,2.447483999958422,3.830034571169402,16.756658227182925,-7.510584413073957,71.98078852835815,2.687540617333741,673.9098087358032,0,1270.4196981884431,1270.6027196789264,1350.0,1127.6733435888082,1.242021782323718,0.3511333278991192,35.58234678211471,0.0,1.0736747535731488e-14,35.58234678211471,0.0,56515.86203680592,50400.0,6230.178080469659,108.01061274746144,0.0,8.640199666842818e-12,8.185452315956354e-12,0,0,0,0.0,0,0,True,1008,0,5.4569682106375694e-12,2.509816273908756e-13,3.7874968671046827e-10,0.9520669999574238,1.5757499999654094,2.447483999958422,2.3858304677536837,6.569622243754566,-6.514007862657309,25.918313747093507,7.543477515477048,793.3741594433649,0,457.5989021637836,457.5092967142848,1127.6733435888082,1500.0,0.6335973627865314,0.001596905754889244,0.0,0.0,0.0,0.0,0.0,23300.0,14750.0,2243.3167723115916,5934.3565712772115,0.0,-5.4569682106375694e-12,3.410605131648481e-11,0,0,0,0.0,0,0,True,1008,0,5.4569682106375694e-12,2.509816273908756e-13,3.7874968671046827e-10,0.9048559998063865,1.534801979992153,2.447483999958422,0.42782549996900343,0.8010182499197069,0.9606900000562746,0.42782549996900343,0.8010182499197069,0.9606900000562746,0.42782549996900343,0.8010182499197069,0.9606900000562746,0.42782549996900343,0.8010182499197069,0.9606900000562746
1d51662afb815f886e6a892a9e4aa57a92f1f105af85fa83950794075ee6f9fd,May2024,400.0,False,0.0,swmpc_nosw,2,96.58333333333333,3.5203352524337315,12.921946839429438,-8.432769007980824,97.86579352435143,2.9790309112110513,677.9652568172324,0,1727.1199701433982,1727.524051318053,1350.0,1500.0,2.7433120822533965,0.2727254636341392,35.61790346772492,0.0,1.0252201995457715e-14,35.61790346772492,0.0,79820.91822755997,65150.0,8470.611868929089,6050.306358630899,0.0,1.3642420526593924e-11,3.2741809263825417e-11,0,0,0,0.0,0,0,True,1008,0,5.002220859751105e-12,2.723426941041029e-13,2.1424936632563264e-10,0.8492720000958798,1.2650262799570555,2.0226440001351875,4.034558715028735,12.921946839429438,-8.432769007980824,65.02289554308368,3.3157373676703386,677.9652568172324,0,1147.9107468749187,1147.782201439651,1159.6115452693361,1155.4492783519763,-1.4636944141238928,0.34987054257667227,35.61790346772492,0.0,1.0252201995457715e-14,35.61790346772492,0.0,48864.22289510367,43200.0,5627.9491628740825,40.43599914695142,0.0,7.275957614183426e-12,2.7284841053187847e-11,0,0,0,0.0,0,0,True,1008,0,5.002220859751105e-12,2.723426941041029e-13,2.1424936632563264e-10,0.8962279999877865,1.2782065300802965,2.0226440001351875,3.789034198134735,12.921946839429438,-8.432769007980824,71.90673324866192,2.9790309112110513,677.9652568172324,0,1269.5109503725876,1269.295498103387,1350.0,1155.4492783519763,-1.4636944141238928,0.35208359259210276,35.61790346772492,0.0,1.0252201995457715e-14,35.61790346772492,0.0,56520.91822755997,50400.0,6223.768348237796,91.70060097020723,0.0,1.2732925824820995e-11,2.7284841053187847e-11,0,0,0,0.0,0,0,True,1008,0,5.002220859751105e-12,2.723426941041029e-13,2.1424936632563264e-10,0.8962279999877865,1.2782065300802965,2.0226440001351875,2.3836535561768133,7.254602863453329,-5.920444967225194,25.95906027568951,7.581549949843261,821.1762173196715,0,457.6090197708106,458.2285532146659,1155.4492783519763,1500.0,2.7433120822533965,0.0015627721438773445,0.0,0.0,0.0,0.0,0.0,23300.0,14750.0,2246.8435206912927,5958.605757660691,0.0,7.275957614183426e-12,5.9117155615240335e-12,0,0,0,0.0,0,0,True,1008,0,5.002220859751105e-12,2.723426941041029e-13,2.1424936632563264e-10,0.8492720000958798,1.2650262799570555,2.0226440001351875,0.40704949992687034,0.6500858200615762,0.834469999972498,0.40704949992687034,0.6500858200615762,0.834469999972498,0.40704949992687034,0.6500858200615762,0.834469999972498,0.40704949992687034,0.6500858200615762,0.834469999972498
1d51662afb815f886e6a892a9e4aa57a92f1f105af85fa83950794075ee6f9fd,May2024,400.0,False,0.0,swmpc_nosw,3,96.58333333333333,3.5083676652773015,15.663010706193745,-8.249102747999132,97.8271665599234,3.1615033364387175,679.7823349092935,0,1727.2657657216591,1726.8422093007637,1350.0,1500.0,-2.877073953859508,0.2720287687973597,35.57888343520219,0.0,1.1763960842168724e-14,35.57888343520219,0.0,79813.71861864996,65150.0,8467.268575919647,6046.450042730318,0.0,4.547473508864641e-12,-5.638867150992155e-11,0,0,0,0.0,0,0,True,1008,0,5.002220859751105e-12,2.419679518084621e-13,3.2604385832470854e-10,0.7951099998990685,1.091583699940202,1.7427810000754107,4.070851817026224,15.663010706193745,-8.249102747999132,65.06455733834912,3.1615033364387175,679.7823349092935,0,1148.1522289017553,1148.5176141998206,1162.131751394971,1131.0472297161002,-0.2915066219866276,0.34869269637145106,35.57888343520219,0.0,1.1763960842168724e-14,35.57888343520219,0.0,48856.365000733014,43200.0,5631.55513064636,55.89439176552378,0.0,-9.094947017729282e-13,3.637978807091713e-11,0,0,0,0.0,0,0,True,1008,0,5.002220859751105e-12,2.419679518084621e-13,3.2604385832470854e-10,0.8526420000407597,1.1295423899605326,1.7427810000754107,3.8512173135436703,15.663010706193745,-8.249102747999132,71.92360114655843,3.1615033364387175,679.7823349092935,0,1269.6360760523607,1269.5932497310166,1350.0,1131.0472297161002,-0.2915066219866276,0.35119767443146976,35.57888343520219,0.0,1.1763960842168724e-14,35.57888343520219,0.0,56513.71861864996,50400.0,6225.228321237362,107.44306769649393,0.0,-3.865352482534945e-12,3.456079866737127e-11,0,0,0,0.0,0,0,True,1008,0,5.002220859751105e-12,2.419679518084621e-13,3.2604385832470854e-10,0.8526420000407597,1.1295423899605326,1.7427810000754107,1.9201279209760247,5.879939576610923,-5.879939576610923,25.903565413364973,7.637508877356997,798.4425404694007,0,457.6296896692984,457.24895956974706,1131.0472297161002,1500.0,-2.877073953859508,0.0015126437831805006,0.0,0.0,0.0,0.0,0.0,23300.0,14750.0,2242.0402546822834,5939.006975033824,0.0,7.503331289626658e-12,-9.049472282640636e-11,0,0,0,0.0,0,0,True,1008,0,5.002220859751105e-12,2.419679518084621e-13,3.2604385832470854e-10,0.7951099998990685,1.091583699940202,1.7427810000754107,0.3807199999528166,0.5848691600181155,0.7077079999362468,0.3807199999528166,0.5848691600181155,0.7077079999362468,0.3807199999528166,0.5848691600181155,0.7077079999362468,0.3807199999528166,0.5848691600181155,0.7077079999362468
1d51662afb815f886e6a892a9e4aa57a92f1f105af85fa83950794075ee6f9fd,May2024,400.0,False,0.0,swmpc_nosw,4,96.58333333333333,3.563273257681349,14.330411097034812,-8.294135960750282,97.93020809809764,3.195631422025777,669.5953199138035,0,1728.5042597672978,1728.6610954413786,1350.0,1500.0,1.0643144119530916,0.2716711432606802,35.58773908344713,0.0,1.1574767644663531e-14,35.58773908344713,0.0,79850.51146638191,65150.0,8476.187165805104,6074.3243005768145,0.0,7.275957614183426e-12,1.8189894035458565e-11,0,0,0,0.0,0,0,True,1008,0,4.092726157978177e-12,2.2419586338794828e-13,4.015448606758104e-10,0.8881810001639678,4.240523440003017,19.105889999991632,4.053665927647309,14.330411097034812,-8.294135960750282,65.09856523174366,3.195631422025777,669.5953199138035,0,1148.8075164862762,1149.1179205137846,1164.0732724834943,1145.290642488725,-0.4948784224689007,0.3490605373577659,35.58773908344713,0.0,1.1574767644663531e-14,35.58773908344713,0.0,48892.082453818,43200.0,5634.498627603263,76.36645620951208,0.0,3.865352482534945e-12,2.2737367544323206e-11,0,0,0,0.0,0,0,True,1008,0,4.092726157978177e-12,2.2419586338794828e-13,4.015448606758104e-10,0.9509905000868457,4.349045460091929,8.97353599998496,3.8219296206228197,14.330411097034812,-8.294135960750282,71.99170812125966,3.195631422025777,669.5953199138035,0,1270.8682479787324,1270.7954720052348,1350.0,1145.290642488725,-0.4948784224689007,0.3507408006313236,35.58773908344713,0.0,1.1574767644663531e-14,35.58773908344713,0.0,56550.51146638191,50400.0,6231.123207770077,124.09761612311377,0.0,4.547473508864641e-12,2.3646862246096134e-11,0,0,0,0.0,0,0,True,1008,0,4.092726157978177e-12,2.2419586338794828e-13,4.015448606758104e-10,0.9509905000868457,4.349045460091929,8.97353599998496,2.4838998569511985,7.823435566388071,-7.823435566388071,25.938499976837974,7.658174246430306,811.8786378692195,0,457.6360117885654,457.8656234361438,1145.290642488725,1500.0,1.0643144119530916,0.001494144516243745,0.0,0.0,0.0,0.0,0.0,23300.0,14750.0,2245.0639580350266,5950.226684453701,0.0,2.7284841053187847e-12,-6.821210263296962e-12,0,0,0,0.0,0,0,True,1008,0,4.092726157978177e-12,2.2419586338794828e-13,4.015448606758104e-10,0.8881810001639678,4.240523440003017,19.105889999991632,0.4124375000174041,3.0589355998586125,8.466569999882267,0.4124375000174041,3.0589355998586125,8.466569999882267,0.4124375000174041,3.0589355998586125,8.466569999882267,0.4124375000174041,3.0589355998586125,8.466569999882267
1d51662afb815f886e6a892a9e4aa57a92f1f105af85fa83950794075ee6f9fd,May2024,400.0,False,180.0,pid_lowdrag_preview,0,97.33333333333333,2.3657224002941413,9.900901273824275,-8.991094191558659,107.60273091903001,7.124093841880637,1028.734158763424,0,1898.9479086589197,1899.4001781007867,1350.0,1500.0,3.0712685910984874,0.19171763387355534,0.0,0.0,0.0,0.0,0.001524390243902439,84423.22277607993,65600.0,9313.376378286013,9359.8463977939,0.0,-1.4551915228366852e-11,-4.18367562815547e-11,0,0,0,0.0,0,0,True,0,0,,,,0.16002699999262404,0.34078714003726523,4.202414000019417,2.4171771997485343,9.900901273824275,-8.991094191558659,73.16111760100132,7.124093841880637,1088.996033621462,0,1291.2080384477824,1291.437853059351,1467.1393425285833,1241.3213852466345,0.20494788978248835,0.24563464529418277,0.0,0.0,0.0,0.0,0.0023148148148148147,51969.13603330748,43200.0,6332.339510852232,2662.6144797371853,0.0,-8.86757334228605e-12,8.185452315956354e-12,0,0,0,0.0,0,0,True,0,0,,,,0.1613790000192239,0.34405158993649815,4.202414000019417,2.367253170679418,9.900901273824275,-8.991094191558659,80.7336721264574,7.124093841880637,1028.734158763424,0,1425.0781553572062,1425.108358366066,1350.0,1241.3213852466345,0.20494788978248835,0.24948173866088164,0.0,0.0,0.0,0.0,0.001984126984126984,60230.21566007193,50400.0,6987.769441285281,2951.124833540004,0.0,-1.2505552149377763e-11,8.185452315956354e-12,0,0,0,0.0,0,0,True,0,0,,,,0.1613790000192239,0.34405158993649815,4.202414000019417,2.3606395855339053,6.5480654099956155,-6.5480654099956155,26.869058792572602,9.567115949943084,1103.2474531142589,0,473.86975330171344,474.29181973472055,1241.3213852466345,1500.0,3.0712685910984874,0.00018402326294753024,0.0,0.0,0.0,0.0,0.0,24193.007116007997,15200.0,2325.606937000732,6408.721564253898,0.0,-2.0463630789890885e-12,-5.184119800105691e-11,0,0,0,0.0,0,0,True,0,0,,,,0.16002699999262404,0.34078714003726523,4.202414000019417,,,,,,,,,,,,
1d51662afb815f886e6a892a9e4aa57a92f1f105af85fa83950794075ee6f9fd,May2024,400.0,False,180.0,pid_lowdrag_preview,1,97.33333333333333,2.3731792556728797,7.9872135035693645,-7.582969871349633,107.57866538437129,7.120973541620998,1029.5478412286138,0,1899.4285919706715,1898.9753740049593,1350.0,1500.0,-3.0780896777287126,0.1915975964987341,0.0,0.0,0.0,0.0,0.0007621951219512195,84421.84320512832,65600.0,9311.293425742888,9360.54977938543,0.0,1.8189894035458565e-12,1.6370904631912708e-11,0,0,0,0.0,0,0,True,0,0,,,,0.16369699994811526,0.36172444007888815,0.480526000046666,2.452947182714814,7.9872135035693645,-7.582969871349633,73.1868973411923,7.120973541620998,1087.9312442529465,0,1291.6441965568222,1291.892916259807,1464.0710643830398,1245.769535096929,0.891938105225563,0.24553513131607474,0.0,0.0,0.0,0.0,0.0011574074074074073,51968.24015433623,43200.0,6334.570833619627,2651.9708500027127,0.0,2.2737367544323206e-13,1.1823431123048067e-11,0,0,0,0.0,0,0,True,0,0,,,,0.1654950000329336,0.38321070007896096,0.480526000046666,2.374853140439677,7.9872135035693645,-7.582969871349633,80.76529396751526,7.120973541620998,1029.5478412286138,0,1425.5351730980128,1425.6665461557611,1350.0,1245.769535096929,0.891938105225563,0.24934220196241585,0.0,0.0,0.0,0.0,0.000992063492063492,60226.73158365629,50400.0,6990.5064174292065,2940.4556311301485,0.0,-7.958078640513122e-12,1.3642420526593924e-11,0,0,0,0.0,0,0,True,0,0,,,,0.1654950000329336,0.38321070007896096,0.480526000046666,2.3676205386783358,6.271503459662199,-5.996998567134142,26.81337141685603,9.693310932919637,1102.213273745425,0,473.8934188726587,473.3088278491982,1245.769535096929,1500.0,-3.0780896777287126,0.00012864154020986174,0.0,0.0,0.0,0.0,0.0,24195.111621472028,15200.0,2320.7870083136804,6420.094148255281,0.0,4.320099833421409e-12,1.3642420526593924e-12,0,0,0,0.0,0,0,True,0,0,,,,0.16369699994811526,0.36172444007888815,0.480526000046666,,,,,,,,,,,,
1d51662afb815f886e6a892a9e4aa57a92f1f105af85fa83950794075ee6f9fd,May2024,400.0,False,180.0,pid_lowdrag_preview,2,97.33333333333333,2.3820435064467405,9.517438128590584,-9.517438128590584,107.56924910708597,7.173136540499724,1029.5076609108685,0,1898.9181505755307,1898.8091581608053,1350.0,1500.0,-0.7403957294300199,0.1917991627110165,0.0,0.0,0.0,0.0,0.001524390243902439,84407.81184057504,65600.0,9310.478415438829,9347.3334251362,0.0,-1.4551915228366852e-11,-1.4551915228366852e-11,0,0,0,0.0,0,0,True,0,0,,,,0.1595455000824586,0.21320910007261776,0.4767789998822991,2.4342555883110664,9.517438128590584,-9.517438128590584,73.14288419027861,7.173136540499724,1087.736021566535,0,1291.2463131396137,1291.1159974402724,1464.0796633797484,1242.6808050548163,-1.8200033232569695,0.24573256846631275,0.0,0.0,0.0,0.0,0.0023148148148148147,51966.826407869026,43200.0,6330.7613481488115,2657.463918045133,0.0,-1.3642420526593924e-11,-1.0913936421275139e-11,0,0,0,0.0,0,0,True,0,0,,,,0.16074800009846513,0.2157516299121198,0.4767789998822991,2.36160652867246,9.517438128590584,-9.517438128590584,80.71572458368385,7.173136540499724,1029.5076609108685,0,1425.059551854477,1424.7915488794497,1350.0,1242.6808050548163,-1.8200033232569695,0.24958178131554232,0.0,0.0,0.0,0.0,0.001984126984126984,60215.5700794234,50400.0,6986.216021409315,2936.6732529592546,0.0,-1.432454155292362e-11,-1.2732925824820995e-11,0,0,0,0.0,0,0,True,0,0,,,,0.16074800009846513,0.2157516299121198,0.4767789998822991,2.4485880345588242,7.586577709764242,-6.159187247976661,26.853524523402115,9.521696256386903,1101.9219250181777,0,473.8585987210538,474.0176092813556,1242.6808050548163,1500.0,-0.7403957294300199,0.00020416418021984573,0.0,0.0,0.0,0.0,0.0,24192.241761151643,15200.0,2324.2623940295143,6410.660172176946,0.0,6.821210263296962e-13,-2.2737367544323206e-12,0,0,0,0.0,0,0,True,0,0,,,,0.1595455000824586,0.21320910007261776,0.4767789998822991,,,,,,,,,,,,
1d51662afb815f886e6a892a9e4aa57a92f1f105af85fa83950794075ee6f9fd,May2024,400.0,False,180.0,pid_lowdrag_preview,3,97.33333333333333,2.277940479848622,8.995719874277711,-6.868054101243615,107.5902180018895,7.156572410675589,1028.1977208889782,0,1898.825202574081,1899.1793004628191,1350.0,1500.0,2.4046263014897704,0.19187167660301507,0.0,0.0,0.0,0.0,0.0038109756097560975,84409.30699763831,65600.0,9312.293343441857,9347.013654196435,0.0,-2.000888343900442e-11,3.456079866737127e-11,0,0,0,0.0,0,0,True,0,0,,,,0.15991200007192674,0.21938789007208484,0.4531340000539785,2.3936966659153227,8.995719874277711,-6.868054101243615,73.1492307855418,7.156572410675589,1089.93642306958,0,1290.9231139022515,1291.2280273494698,1464.2817165164045,1241.6932929347445,-0.29395818896591663,0.246092646164504,0.0,0.0,0.0,0.0,0.005787037037037037,51960.70494179384,43200.0,6331.310667203307,2651.982698172185,0.0,-7.503331289626658e-12,1.546140993013978e-11,0,0,0,0.0,0,0,True,0,0,,,,0.16101299991078122,0.21803441997235481,0.4531340000539785,2.3479307148692325,8.995719874277711,-6.868054101243615,80.72121304125193,7.156572410675589,1028.1977208889782,0,1424.931706744053,1424.888430967797,1350.0,1241.6932929347445,-0.29395818896591663,0.24969882995870207,0.0,0.0,0.0,0.0,0.00496031746031746,60214.209385736314,50400.0,6986.6910657751405,2935.8250270264225,0.0,-6.821210263296962e-12,1.2732925824820995e-11,0,0,0,0.0,0,0,True,0,0,,,,0.16101299991078122,0.21803441997235481,0.4531340000539785,2.0286629976550894,5.363697410561144,-4.641306516714394,26.869004960637568,9.692463030722694,1101.2037702564191,0,473.8934958300281,474.2908694950222,1241.6932929347445,1500.0,2.4046263014897704,0.00012901021310574023,0.0,0.0,0.0,0.0,0.0,24195.097611901983,15200.0,2325.602277666716,6411.188627170011,0.0,-4.547473508864641e-13,2.000888343900442e-11,0,0,0,0.0,0,0,True,0,0,,,,0.15991200007192674,0.21938789007208484,0.4531340000539785,,,,,,,,,,,,
1d51662afb815f886e6a892a9e4aa57a92f1f105af85fa83950794075ee6f9fd,May2024,400.0,False,180.0,pid_lowdrag_preview,4,97.33333333333333,2.442376810983298,9.260751998983324,-9.260751998983324,107.61192435612786,7.155924130738203,1027.359137165721,0,1899.4814328466596,1899.5624603766535,1350.0,1500.0,0.5501017831265926,0.19159437722823502,0.0,0.0,0.0,0.0,0.003048780487804878,84432.48810872184,65600.0,9314.172101026314,9368.316007695512,0.0,-1.2732925824820995e-11,3.456079866737127e-11,0,0,0,0.0,0,0,True,0,0,,,,0.16008650004550873,0.24606048006262435,0.6119540000781853,2.3869383214460105,9.260751998983324,-9.260751998983324,73.16423932707016,7.155924130738203,1091.6173929222782,0,1291.706760006181,1291.4929576742616,1465.9396104234397,1245.3539621359982,-2.590015814639628,0.2455341363657998,0.0,0.0,0.0,0.0,0.004629629629629629,51968.88608171014,43200.0,6332.609706688125,2656.862023309437,0.0,-1.7280399333685637e-11,-2.9103830456733704e-11,0,0,0,0.0,0,0,True,0,0,,,,0.16147849999015307,0.2488679901739487,0.6119540000781853,2.373798177264308,9.260751998983324,-9.260751998983324,80.74126770831712,7.155924130738203,1027.359137165721,0,1425.6238345514328,1425.2424353491815,1350.0,1245.3539621359982,-2.590015814639628,0.2493126751342155,0.0,0.0,0.0,0.0,0.003968253968253968,60240.56890724122,50400.0,6988.4268643085015,2956.7880807967204,0.0,-4.547473508864641e-13,-2.8194335754960775e-11,0,0,0,0.0,0,0,True,0,0,,,,0.16147849999015307,0.2488679901739487,0.6119540000781853,2.6571348575983764,7.611361620947719,-7.125130083411932,26.870656647810733,9.50261494185069,1100.3501760029576,0,473.8575982952268,474.32002502747196,1245.3539621359982,1500.0,0.5501017831265926,0.0002126525926156031,0.0,0.0,0.0,0.0,0.0,24191.919201480607,15200.0,2325.7452367178125,6411.527926898792,0.0,-4.547473508864641e-13,6.366462912410498e-11,0,0,0,0.0,0,0,True,0,0,,,,0.16008650004550873,0.24606048006262435,0.6119540000781853,,,,,,,,,,,,
1d51662afb815f886e6a892a9e4aa57a92f1f105af85fa83950794075ee6f9fd,May2024,400.0,False,180.0,swmpc,0,97.33333333333333,4.4424260439673935,18.635851771570742,-6.7534328838810325,99.12172958659089,3.099872094762559,652.5104892300903,0,1749.2413547168924,1749.6937970106267,1350.0,1500.0,3.0713768592104316,0.2637690427365421,35.90175982706777,2.2672392276366145,1.0411809331367286e-14,35.90175982706777,0.0,80384.0714825541,65600.0,8579.317337227072,6054.754145327037,0.0,1.8189894035458565e-12,0.0,0,0,0,0.0,0,0,True,1008,0,5.6843418860808015e-12,2.552983615723483e-13,2.7041732507707665e-10,0.8363874998167375,1.6083884500130812,3.4311390002130793,5.216033784220147,18.635851771570742,-6.7534328838810325,65.17849748260365,3.099872094762559,652.5104892300903,0,1149.458514552127,1150.5288822079974,1388.6043958534485,883.6735172546472,5.358541082590818,0.34658376513987277,35.90175982706777,2.2672392276366145,1.0411809331367286e-14,35.90175982706777,0.0,48336.486152753714,43200.0,5641.41703135252,0.0,0.0,4.661160346586257e-12,3.637978807091713e-12,0,0,0,0.0,0,0,True,1008,0,5.6843418860808015e-12,2.552983615723483e-13,2.7041732507707665e-10,0.9522620000552706,1.6305053001588015,3.4311390002130793,4.8977297549627785,18.635851771570742,-6.7534328838810325,72.2956889782314,3.099872094762559,652.5104892300903,0,1275.372020975955,1276.1613329730737,1350.0,883.6735172546472,5.358541082590818,0.3432625968737475,35.90175982706777,2.2672392276366145,1.0411809331367286e-14,35.90175982706777,0.0,56191.10728525484,50400.0,6257.433768000185,0.0,0.0,-6.0254023992456496e-12,9.094947017729282e-13,0,0,0,0.0,0,0,True,1008,0,5.6843418860808015e-12,2.552983615723483e-13,2.7041732507707665e-10,0.9522620000552706,1.6305053001588015,3.4311390002130793,2.3736886172880407,6.5479501355439425,-6.5479501355439425,26.82604060835949,9.564563227433679,947.3227968291767,0,473.86933374093746,473.5324640375529,883.6735172546472,1500.0,3.0713768592104316,0.00018515270265095918,0.0,0.0,0.0,0.0,0.0,24192.96419729927,15200.0,2321.8835692268867,6054.754145327037,0.0,7.844391802791506e-12,-9.094947017729282e-13,0,0,0,0.0,0,0,True,1008,0,5.6843418860808015e-12,2.552983615723483e-13,2.7041732507707665e-10,0.8363874998167375,1.6083884500130812,3.4311390002130793,0.4478215000744967,0.8528768300857337,1.6382129999783501,0.4478215000744967,0.8528768300857337,1.6382129999783501,0.4478215000744967,0.8528768300857337,1.6382129999783501,0.4478215000744967,0.8528768300857337,1.6382129999783501
1d51662afb815f886e6a892a9e4aa57a92f1f105af85fa83950794075ee6f9fd,May2024,400.0,False,180.0,swmpc,1,97.33333333333333,4.438143363505691,17.746147674508393,-5.996843794360757,99.0423103244067,3.0013270442398294,653.9872018731006,0,1748.7449578266733,1748.2918905771369,1350.0,1500.0,-3.077926996164024,0.2633419394420633,35.92895979429906,1.4323250061238946,1.2942155665164218e-14,35.92895979429906,0.0,80375.10934515703,65600.0,8572.443334364065,6052.666010792975,0.0,5.4569682106375694e-12,2.1827872842550278e-11,0,0,0,0.0,0,0,True,1008,0,7.275957614183426e-12,2.8900533973075933e-13,2.6281026381105953e-10,0.8884614999260521,1.7489376899584468,19.76928199997019,5.227667421269354,17.746147674508393,-5.95458023250103,65.17755209466888,3.0013270442398294,653.9872018731006,0,1149.3784999694328,1150.5121942485434,1368.9408644589928,876.5853949770751,5.762290023267269,0.34602692495431475,35.92895979429906,1.4323250061238946,1.2942155665164218e-14,35.92895979429906,0.0,48348.979735381785,43200.0,5641.335204863701,0.0,0.0,-1.8189894035458565e-12,1.6370904631912708e-11,0,0,0,0.0,0,0,True,1008,0,7.275957614183426e-12,2.8900533973075933e-13,2.6281026381105953e-10,0.9334039998520893,2.0992176000277007,19.76928199997019,4.891302548006859,17.746147674508393,-5.95458023250103,72.27076010874192,3.0013270442398294,653.9872018731006,0,1274.8725172124146,1275.7212893167202,1350.0,876.5853949770751,5.762290023267269,0.3427089359344403,35.92895979429906,1.4323250061238946,1.2942155665164218e-14,35.92895979429906,0.0,56181.86148591595,50400.0,6255.276090938869,0.0,0.0,-5.6843418860808015e-12,1.7280399333685637e-11,0,0,0,0.0,0,0,True,1008,0,7.275957614183426e-12,2.8900533973075933e-13,2.6281026381105953e-10,0.9334039998520893,2.0992176000277007,19.76928199997019,2.3830386994197243,6.210215560160577,-5.996843794360757,26.771550215664774,9.581448339367181,940.3871323504793,0,473.8724406142587,472.57060126041665,876.5853949770751,1500.0,-3.077926996164024,0.000177687914708069,0.0,0.0,0.0,0.0,0.0,24193.247859241095,15200.0,2317.1672434251955,6052.666010792975,0.0,2.2737367544323206e-13,5.002220859751105e-12,0,0,0,0.0,0,0,True,1008,0,7.275957614183426e-12,2.8900533973075933e-13,2.6281026381105953e-10,0.8884614999260521,1.7489376899584468,19.76928199997019,0.4354070000545107,0.9363060399755335,17.776302999891413,0.4354070000545107,0.9363060399755335,17.776302999891413,0.4354070000545107,0.9363060399755335,17.776302999891413,0.4354070000545107,0.9363060399755335,17.776302999891413
1d51662afb815f886e6a892a9e4aa57a92f1f105af85fa83950794075ee6f9fd,May2024,400.0,False,180.0,swmpc,2,97.33333333333333,4.390974379353332,18.01168859936297,-6.159366564825177,99.13750101649846,2.9851566539984837,649.9028832694926,0,1750.0810207965997,1749.972193818191,1350.0,1500.0,-0.7402053698897362,0.2627543601721857,35.94570560696711,2.3060904633587636,1.2246194085438179e-14,35.94570560696711,0.0,80372.48874893488,65600.0,8580.682407253615,6041.806341681254,0.0,-8.185452315956354e-12,-1.2732925824820995e-11,0,0,0,0.0,0,0,True,1008,0,8.86757334228605e-12,2.2054871995148547e-13,1.9270418883425691e-10,0.9065635000524708,1.5439867699728895,1.79450799987535,5.1583612806959165,18.01168859936297,-5.808184349909425,65.20964438129982,2.9851566539984837,649.9028832694926,0,1150.635691461791,1151.0786863293722,1390.5628850011776,867.6769445743221,2.286921170540154,0.34494260968761026,35.94570560696711,2.3060904633587636,1.2246194085438179e-14,35.94570560696711,0.0,48325.07565601039,43200.0,5644.112899645972,3.848696791276552,0.0,2.0463630789890885e-12,-9.094947017729282e-13,0,0,0,0.0,0,0,True,1008,0,8.86757334228605e-12,2.2054871995148547e-13,1.9270418883425691e-10,0.9798035000585514,1.560607069925481,1.79450799987535,4.824671909929146,18.01168859936297,-5.808184349909425,72.31868539766204,2.9851566539984837,649.9028832694926,0,1276.230311961946,1276.5672650789675,1350.0,867.6769445743221,2.286921170540154,0.34193058722828873,35.94570560696711,2.3060904633587636,1.2246194085438179e-14,35.94570560696711,0.0,56180.949826408934,50400.0,6259.42418504333,3.848696791276552,0.0,-5.6843418860808015e-12,-1.8189894035458565e-12,0,0,0,0.0,0,0,True,1008,0,8.86757334228605e-12,2.2054871995148547e-13,1.9270418883425691e-10,0.9798035000585514,1.560607069925481,1.79450799987535,2.4552186373682314,7.5863874815404415,-6.159366564825177,26.818815618836425,9.480161757424654,931.2612314114433,0,473.8507088346537,473.4049287392236,867.6769445743221,1500.0,-0.7402053698897362,0.0002226599335281021,0.0,0.0,0.0,0.0,0.0,24191.538922525935,15200.0,2321.2582222102847,6037.957644889977,0.0,4.547473508864641e-12,-9.549694368615746e-12,0,0,0,0.0,0,0,True,1008,0,8.86757334228605e-12,2.2054871995148547e-13,1.9270418883425691e-10,0.9065635000524708,1.5439867699728895,1.79450799987535,0.46792099999493075,0.8216684400713345,1.298659999974916,0.46792099999493075,0.8216684400713345,1.298659999974916,0.46792099999493075,0.8216684400713345,1.298659999974916,0.46792099999493075,0.8216684400713345,1.298659999974916
1d51662afb815f886e6a892a9e4aa57a92f1f105af85fa83950794075ee6f9fd,May2024,400.0,False,180.0,swmpc,3,97.33333333333333,4.314153248460883,19.871866930276155,-6.120107574388385,99.19193295604957,3.057966318956432,645.6602585601493,0,1750.5787759758982,1750.9330247821968,1350.0,1500.0,2.404605846852064,0.26218810281194393,35.898122103874535,1.8256547825170388,1.172078136832395e-14,35.898122103874535,0.0,80402.52709951827,65600.0,8585.393673740167,6067.1334257780945,0.0,-3.637978807091713e-12,-5.4569682106375694e-12,0,0,0,0.0,0,0,True,1008,0,5.9117155615240335e-12,2.8103458882700004e-13,1.9979202484989395e-10,0.8821515000363434,1.3967034000506848,3.629698999930042,5.114735860035758,19.871866930276155,-6.120107574388385,65.23587178479332,3.057966318956432,645.6602585601493,0,1150.5309987615797,1151.54165166902,1382.01822983944,899.3423333317138,3.5020114351063967,0.34526704781254225,35.898122103874535,1.8256547825170388,1.172078136832395e-14,35.898122103874535,0.0,48363.70707266229,43200.0,5646.382969170012,0.0,0.0,-5.5706550483591855e-12,2.4556356947869062e-11,0,0,0,0.0,0,0,True,1008,0,5.9117155615240335e-12,2.8103458882700004e-13,1.9979202484989395e-10,0.9337144999790326,1.4234907799072967,3.629698999930042,4.7936276749154265,19.871866930276155,-6.120107574388385,72.35760444029297,3.057966318956432,645.6602585601493,0,1276.7383679263453,1277.2542628519202,1350.0,899.3423333317138,3.5020114351063967,0.34118445134084874,35.898122103874535,1.8256547825170388,1.172078136832395e-14,35.898122103874535,0.0,56212.13509173012,50400.0,6262.7927583984065,0.0,0.0,3.296918293926865e-12,2.3646862246096134e-11,0,0,0,0.0,0,0,True,1008,0,5.9117155615240335e-12,2.8103458882700004e-13,1.9979202484989395e-10,0.9337144999790326,1.4234907799072967,3.629698999930042,2.0327414804281165,5.363559591583908,-4.641302189789712,26.834328515756596,9.412696454853743,959.770706290576,0,473.84040804955293,473.67876193027655,899.3423333317138,1500.0,2.404605846852064,0.0002528419003121618,0.0,0.0,0.0,0.0,0.0,24190.392007788138,15200.0,2322.600915341761,6067.1334257780945,0.0,3.979039320256561e-12,-2.9103830456733704e-11,0,0,0,0.0,0,0,True,1008,0,5.9117155615240335e-12,2.8103458882700004e-13,1.9979202484989395e-10,0.8821515000363434,1.3967034000506848,3.629698999930042,0.4314714999509306,0.7478166199643961,3.1503449999945587,0.4314714999509306,0.7478166199643961,3.1503449999945587,0.4314714999509306,0.7478166199643961,3.1503449999945587,0.4314714999509306,0.7478166199643961,3.1503449999945587
1d51662afb815f886e6a892a9e4aa57a92f1f105af85fa83950794075ee6f9fd,May2024,400.0,False,180.0,swmpc,4,97.33333333333333,4.385931632090762,17.069570035673678,-7.71417154930532,99.1533215430457,3.1628538856678814,656.5631341723009,0,1750.170263255305,1750.251457278187,1350.0,1500.0,0.5502676349133253,0.2623633231543723,35.92069455837867,2.091570746570031,1.381867269058729e-14,35.92069455837867,0.0,80398.64812505835,65600.0,8582.051726758615,6066.596398299743,0.0,1.1823431123048067e-11,3.637978807091713e-12,0,0,0,0.0,0,0,True,1008,0,8.185452315956354e-12,2.7343177399079436e-13,2.796609124437408e-10,0.8271840000588782,1.2275862700130349,1.5048709999518906,5.08447358823259,17.069570035673678,-7.71417154930532,65.28157256089327,3.1628538856678814,656.5631341723009,0,1151.4223015257708,1152.348360397707,1361.6939570077286,897.966838788097,3.474931310862303,0.3435311721174842,35.92069455837867,2.091570746570031,1.381867269058729e-14,35.92069455837867,0.0,48386.611406027456,43200.0,5650.338524247091,0.0,0.0,3.865352482534945e-12,-1.4551915228366852e-11,0,0,0,0.0,0,0,True,1008,0,8.185452315956354e-12,2.7343177399079436e-13,2.796609124437408e-10,0.8808494999357208,1.2333022201005404,1.5048709999518906,4.785071180478207,17.069570035673678,-7.71417154930532,72.33456049823913,3.1628538856678814,656.5631341723009,0,1276.3355833928524,1276.847491878098,1350.0,897.966838788097,3.474931310862303,0.341408476630747,35.92069455837867,2.091570746570031,1.381867269058729e-14,35.92069455837867,0.0,56208.76506690127,50400.0,6260.798228113179,0.0,0.0,3.183231456205249e-12,-1.546140993013978e-11,0,0,0,0.0,0,0,True,1008,0,8.185452315956354e-12,2.7343177399079436e-13,2.796609124437408e-10,0.8808494999357208,1.2333022201005404,1.5048709999518906,2.664379105427953,7.611363074742258,-7.1250408766791224,26.81876104480658,9.382868474249754,958.9086521292904,0,473.8346798624525,473.40396540008896,897.966838788097,1500.0,0.5502676349133253,0.00026623531165592684,0.0,0.0,0.0,0.0,0.0,24189.883058157076,15200.0,2321.2534986454357,6066.596398299742,0.0,4.092726157978177e-12,1.8189894035458565e-11,0,0,0,0.0,0,0,True,1008,0,8.185452315956354e-12,2.7343177399079436e-13,2.796609124437408e-10,0.8271840000588782,1.2275862700130349,1.5048709999518906,0.40841100008037756,0.6564350199005271,0.820798999939143,0.40841100008037756,0.6564350199005271,0.820798999939143,0.40841100008037756,0.6564350199005271,0.820798999939143,0.40841100008037756,0.6564350199005271,0.820798999939143
1d51662afb815f886e6a892a9e4aa57a92f1f105af85fa83950794075ee6f9fd,May2024,400.0,False,180.0,swmpc_nosw,0,97.33333333333333,3.570758536576276,14.356505618430674,-6.419613666832447,99.14661427653127,3.281577261044183,671.1989995134205,0,1749.6787434437451,1750.1330608109038,1350.0,1500.0,3.084471570327878,0.26320791010357447,35.67309741993001,0.0,1.0533139678340172e-14,35.67309741993001,0.0,80466.753433779,65600.0,8581.47119040063,6135.282243378364,0.0,-3.637978807091713e-12,1.8189894035458565e-11,0,0,0,0.0,0,0,True,1008,0,5.9117155615240335e-12,3.833483345310616e-13,2.4610800692385377e-10,0.9044199999834746,1.5120059200489782,3.0850269999973534,4.09853749023923,14.356505618430674,-6.419613666832447,65.20308565845498,3.281577261044183,671.1989995134205,0,1149.9668265980883,1150.9629119504789,1394.084657709285,940.5017814885313,4.806748217903078,0.34563980825865126,35.67309741993001,0.0,1.0533139678340172e-14,35.67309741993001,0.0,48406.53323512061,43200.0,5643.545220239614,16.570891101748202,0.0,-7.958078640513122e-13,3.9108272176235914e-11,0,0,0,0.0,0,0,True,1008,0,5.9117155615240335e-12,3.833483345310616e-13,2.4610800692385377e-10,0.9459074999540462,1.5553247199591151,3.0850269999973534,3.8788407773919253,14.356505618430674,-6.419613666832447,72.31760478810106,3.281577261044183,671.1989995134205,0,1275.840192711389,1276.5481901914177,1350.0,940.5017814885313,4.806748217903078,0.3425107018568039,35.67309741993001,0.0,1.0533139678340172e-14,35.67309741993001,0.0,56276.5022568079,50400.0,6259.330654670364,26.669820649008898,0.0,4.206412995699793e-12,3.9108272176235914e-11,0,0,0,0.0,0,0,True,1008,0,5.9117155615240335e-12,3.833483345310616e-13,2.4610800692385377e-10,0.9459074999540462,1.5553247199591151,3.0850269999973534,2.2672193874421076,6.203502403572202,-6.203502403572202,26.829009488430202,9.404436424355456,1001.0679919541178,0,473.8385507323562,473.5848706194861,940.5017814885313,1500.0,3.084471570327878,0.000256547974444965,0.0,0.0,0.0,0.0,0.0,24190.251176971095,15200.0,2322.1405357302665,6108.612422729355,0.0,-4.433786671143025e-12,-2.091837814077735e-11,0,0,0,0.0,0,0,True,1008,0,5.9117155615240335e-12,3.833483345310616e-13,2.4610800692385377e-10,0.9044199999834746,1.5120059200489782,3.0850269999973534,0.44193700000505487,0.7848649000720784,1.9994479998786119,0.44193700000505487,0.7848649000720784,1.9994479998786119,0.44193700000505487,0.7848649000720784,1.9994479998786119,0.44193700000505487,0.7848649000720784,1.9994479998786119
1d51662afb815f886e6a892a9e4aa57a92f1f105af85fa83950794075ee6f9fd,May2024,400.0,False,180.0,swmpc_nosw,1,97.33333333333333,3.532391850171174,14.262788615189493,-5.880608964711428,98.96872559798578,3.236117592297844,673.257589237838,0,1747.3832393370342,1746.9929751938892,1350.0,1500.0,-2.651069304905832,0.26390117803294666,35.69829541498083,0.0,1.1868667970663906e-14,35.69829541498083,0.0,80431.68918440575,65600.0,8566.074330092557,6115.614854313186,0.0,-1.0913936421275139e-11,4.18367562815547e-11,0,0,0,0.0,0,0,True,1008,0,5.9117155615240335e-12,2.621745411222885e-13,1.8890317156739065e-10,0.875467000014396,1.513557379989834,5.016265999984171,4.073753471820707,14.262788615189493,-5.880608964711428,65.08216972840225,3.236117592297844,673.257589237838,0,1147.8002220941485,1148.8285075806739,1389.959170271762,933.1869610397623,5.0061643067747355,0.3471264942199115,35.69829541498083,0.0,1.1868667970663906e-14,35.69829541498083,0.0,48386.01202614558,43200.0,5633.079541932967,9.704693444600935,0.0,-1.318767317570746e-11,4.547473508864641e-12,0,0,0,0.0,0,0,True,1008,0,5.9117155615240335e-12,2.621745411222885e-13,1.8890317156739065e-10,0.9229229999618838,1.5213426900800187,5.016265999984171,3.8360157695224,14.262788615189493,-5.880608964711428,72.18901143960072,3.236117592297844,673.257589237838,0,1273.5408984475257,1274.2782642614977,1350.0,933.1869610397623,5.0061643067747355,0.34341579569217995,35.69829541498083,0.0,1.1868667970663906e-14,35.69829541498083,0.0,56241.09212459435,50400.0,6248.200470109969,9.704693444600935,0.0,-1.4551915228366852e-11,4.547473508864641e-12,0,0,0,0.0,0,0,True,1008,0,5.9117155615240335e-12,2.621745411222885e-13,1.8890317156739065e-10,0.9229229999618838,1.5213426900800187,5.016265999984171,2.249361184463202,6.144814133644104,-5.809264363721013,26.77971415838506,9.424732198011297,993.8487888146083,0,473.8423408895085,472.7147109323914,933.1869610397623,1500.0,-2.651069304905832,0.0002474457944366959,0.0,0.0,0.0,0.0,0.0,24190.597059811407,15200.0,2317.8738599825874,6105.910160868585,0.0,2.9558577807620168e-12,3.456079866737127e-11,0,0,0,0.0,0,0,True,1008,0,5.9117155615240335e-12,2.621745411222885e-13,1.8890317156739065e-10,0.875467000014396,1.513557379989834,5.016265999984171,0.42083499999989726,0.8044400599305831,4.391152999914993,0.42083499999989726,0.8044400599305831,4.391152999914993,0.42083499999989726,0.8044400599305831,4.391152999914993,0.42083499999989726,0.8044400599305831,4.391152999914993
1d51662afb815f886e6a892a9e4aa57a92f1f105af85fa83950794075ee6f9fd,May2024,400.0,False,180.0,swmpc_nosw,2,97.33333333333333,3.503688295778477,15.141697107814252,-5.979873989708722,99.07066934365317,3.107234931522357,664.9179851966669,0,1748.8629032470087,1748.792483134106,1350.0,1500.0,-0.4790270095691085,0.26295718297500525,35.661240465792986,0.0,1.2278024925316346e-14,35.661240465792986,0.0,80442.1079670748,65600.0,8574.897902363493,6117.210064711309,0.0,1.8189894035458565e-12,5.4569682106375694e-11,0,0,0,0.0,0,0,True,1008,0,4.092726157978177e-12,2.565910901518078e-13,2.0024905711130677e-10,0.8393370000021605,1.5190680900127518,7.749628000055964,4.0259202911215715,15.141697107814252,-5.979873989708722,65.13076703060196,3.107234931522357,664.9179851966669,0,1149.2787286050964,1149.6863457011898,1390.7875571836478,926.92060445447,2.002252980135381,0.3454900904454392,35.661240465792986,0.0,1.2278024925316346e-14,35.661240465792986,0.0,48385.95422389448,43200.0,5637.285801035255,12.535375588396619,0.0,-4.206412995699793e-12,4.274625098332763e-11,0,0,0,0.0,0,0,True,1008,0,4.092726157978177e-12,2.565910901518078e-13,2.0024905711130677e-10,0.9042355000019597,1.5184473001295373,2.9916559999492165,3.78810675996869,15.141697107814252,-5.979873989708722,72.248806724075,3.107234931522357,664.9179851966669,0,1275.0387904665145,1275.3337688291847,1350.0,926.92060445447,2.002252980135381,0.3421760020428931,35.661240465792986,0.0,1.2278024925316346e-14,35.661240465792986,0.0,56252.90971757114,50400.0,6253.375952044332,22.613161072334606,0.0,-6.707523425575346e-12,4.18367562815547e-11,0,0,0,0.0,0,0,True,1008,0,4.092726157978177e-12,2.565910901518078e-13,2.0024905711130677e-10,0.9042355000019597,1.5184473001295373,2.9916559999492165,2.323606195640583,6.854275781661272,-5.623820156790316,26.82186261957817,9.342829803465534,987.8540479705472,0,473.82411278049426,473.4587143049214,926.92060445447,1500.0,-0.4790270095691085,0.00028425659200903564,0.0,0.0,0.0,0.0,0.0,24189.198249503657,15200.0,2321.5219503191606,6094.596903638975,0.0,8.071765478234738e-12,1.2278178473934531e-11,0,0,0,0.0,0,0,True,1008,0,4.092726157978177e-12,2.565910901518078e-13,2.0024905711130677e-10,0.8393370000021605,1.5190680900127518,7.749628000055964,0.41043449982680613,0.7872205100352401,2.4911900000006426,0.41043449982680613,0.7872205100352401,2.4911900000006426,0.41043449982680613,0.7872205100352401,2.4911900000006426,0.41043449982680613,0.7872205100352401,2.4911900000006426
1d51662afb815f886e6a892a9e4aa57a92f1f105af85fa83950794075ee6f9fd,May2024,400.0,False,180.0,swmpc_nosw,3,97.33333333333333,3.4085214177870693,13.793806187808514,-5.743989313952625,99.12000817049964,3.109148207740299,661.0225320498896,0,1749.2945955636205,1749.6634106254064,1350.0,1500.0,2.5038871662691236,0.26270369855835185,35.801340745360164,0.0,1.2996694787454851e-14,35.801340745360164,0.0,80451.35439563998,65600.0,8579.168342904855,6122.186052735128,0.0,2.7284841053187847e-12,-5.4569682106375694e-12,0,0,0,0.0,0,0,True,1008,0,6.821210263296962e-12,4.153093713194788e-13,2.3286276948865333e-10,0.8109894999961398,1.2382056100000252,2.8843640000104642,3.9657110041973396,13.793806187808514,-5.743989313952625,65.14667150853076,3.109148207740299,661.0225320498896,0,1148.9668434605483,1149.967091068438,1404.9704328320481,956.7516989784291,3.3816224737092853,0.34641918426476226,35.63436727194515,0.0,1.2996694787454851e-14,35.63436727194515,0.0,48390.44365295952,43200.0,5638.662386813149,0.0,0.0,1.1482370609883219e-11,-7.275957614183426e-12,0,0,0,0.0,0,0,True,1008,0,6.821210263296962e-12,4.153093713194788e-13,2.3286276948865333e-10,0.8674900000187336,1.2736804500855212,2.8843640000104642,3.7443509212999877,13.793806187808514,-5.743989313952625,72.28534420454636,3.109148207740299,661.0225320498896,0,1275.4806146704639,1275.9787273383242,1350.0,956.7516989784291,3.3816224737092853,0.3418370703730561,35.801340745360164,0.0,1.2996694787454851e-14,35.801340745360164,0.0,56263.29009220461,50400.0,6256.538393226188,0.0,0.0,7.389644451905042e-12,-9.094947017729282e-12,0,0,0,0.0,0,0,True,1008,0,6.821210263296962e-12,4.153093713194788e-13,2.3286276948865333e-10,0.8674900000187336,1.2736804500855212,2.8843640000104642,1.9112847177825854,5.171588897705078,-4.405737220309675,26.834663965953283,9.276750914927982,1014.8275378842696,0,473.81398089315667,473.6846832870822,956.7516989784291,1500.0,2.5038871662691236,0.0003140972780165674,0.0,0.0,0.0,0.0,0.0,24188.064303435374,15200.0,2322.629949678667,6122.186052735128,0.0,-8.29913915367797e-12,4.547473508864641e-12,0,0,0,0.0,0,0,True,1008,0,6.821210263296962e-12,4.153093713194788e-13,2.3286276948865333e-10,0.8109894999961398,1.2382056100000252,2.8843640000104642,0.3924019999885786,0.6569328098794353,1.2018939999052236,0.3924019999885786,0.6569328098794353,1.2018939999052236,0.3924019999885786,0.6569328098794353,1.2018939999052236,0.3924019999885786,0.6569328098794353,1.2018939999052236
1d51662afb815f886e6a892a9e4aa57a92f1f105af85fa83950794075ee6f9fd,May2024,400.0,False,180.0,swmpc_nosw,4,97.33333333333333,3.545141935326511,13.38931417837739,-7.015014266595244,99.05756237628192,3.1520184065043937,673.4348109274129,0,1748.4534795254986,1748.5611193392829,1350.0,1500.0,0.7302138870581985,0.26327880161491424,35.687558808158414,0.0,1.1401386582932717e-14,35.687558808158414,0.0,80437.37840400325,65600.0,8573.763450484194,6113.61495351907,0.0,1.546140993013978e-11,3.092281986027956e-11,0,0,0,0.0,0,0,True,1008,0,5.002220859751105e-12,2.4723878502490897e-13,2.5928729693287044e-10,0.8297724999692946,1.2777533299163248,2.5715320000472275,3.9995568466341105,13.38931417837739,-6.835108881816268,65.18528150917022,3.1520184065043937,673.4348109274129,0,1149.6970961338968,1150.648633641435,1375.6602777093788,946.5774967375681,3.609402778558433,0.344846785025967,35.687558808158414,0.0,1.1401386582932717e-14,35.687558808158414,0.0,48412.92143057805,43200.0,5642.004211549852,0.0,0.0,-6.707523425575346e-12,0.0,0,0,0,0.0,0,0,True,1008,0,5.002220859751105e-12,2.4723878502490897e-13,2.5928729693287044e-10,0.8928779999450853,1.3137320201121834,2.5715320000472275,3.7988118159995437,13.38931417837739,-6.835108881816268,72.23948783303523,3.1520184065043937,673.4348109274129,0,1274.6376110724714,1275.1692720441106,1350.0,946.5774967375681,3.609402778558433,0.34258694445449167,35.687558808158414,0.0,1.1401386582932717e-14,35.687558808158414,0.0,56249.146867583215,50400.0,6252.569370845651,0.0,0.0,4.433786671143025e-12,1.8189894035458565e-12,0,0,0,0.0,0,0,True,1008,0,5.002220859751105e-12,2.4723878502490897e-13,2.5928729693287044e-10,0.8928779999450853,1.3137320201121834,2.5715320000472275,2.5280258947840055,7.160858490504324,-7.015014266595244,26.818074543246695,9.286480048815624,1005.8854368032181,0,473.8158684530272,473.3918472951723,946.5774967375681,1500.0,0.7302138870581985,0.00030969640999900516,0.0,0.0,0.0,0.0,0.0,24188.23153642004,15200.0,2321.1940796385425,6113.614953519069,0.0,2.8421709430404007e-12,3.001332515850663e-11,0,0,0,0.0,0,0,True,1008,0,5.002220859751105e-12,2.4723878502490897e-13,2.5928729693287044e-10,0.8297724999692946,1.2777533299163248,2.5715320000472275,0.4050965000033102,0.6447146799382606,0.9193469998081127,0.4050965000033102,0.6447146799382606,0.9193469998081127,0.4050965000033102,0.6447146799382606,0.9193469998081127,0.4050965000033102,0.6447146799382606,0.9193469998081127
1d51662afb815f886e6a892a9e4aa57a92f1f105af85fa83950794075ee6f9fd,May2024,400.0,True,0.0,pid_lowdrag_preview,0,96.58333333333333,2.3989952703565294,9.264266363345087,-8.149664088152349,108.0721162393978,7.152640010860226,951.7822306581944,0,1907.0078312190774,1907.6857536943353,1350.0,1500.0,4.603723443113267,0.18291493433963812,0.0,0.0,0.0,0.0,0.0007674597083653108,85259.23000147348,66350.0,9354.003248233304,9405.226753240147,0.0,-2.7284841053187847e-11,-1.0550138540565968e-10,0,0,0,0.0,0,0,True,0,0,,,,0.16416800008300925,0.39897912009564634,1.605293000011443,2.510981852888213,9.264266363345087,-8.149664088152349,74.57966341643375,7.154917552323152,951.7822306581944,0,1316.382888366125,1316.4779812369777,1156.7780028270247,1456.2809351386222,-0.5448342524468899,0.22765950706796334,0.0,0.0,0.0,0.0,0.0011574074074074073,53871.43564764397,44400.0,6455.119397348805,2716.813317983552,0.0,-1.659827830735594e-11,-3.8198777474462986e-11,0,0,0,0.0,0,0,True,0,0,,,,0.16481850002492138,0.40491857002734805,1.605293000011443,2.4406561033440863,9.264266363345087,-8.149664088152349,82.08611401426987,7.152640010860226,951.7822306581944,0,1449.0618343511692,1448.9816219964634,1350.0,1456.2809351386222,-0.5448342524468899,0.23626209924916408,0.0,0.0,0.0,0.0,0.000992063492063492,61959.23000147347,51600.0,7104.827811675808,3148.1212546590286,0.0,-1.2732925824820995e-11,-3.8198777474462986e-11,0,0,0,0.0,0,0,True,0,0,,,,0.16481850002492138,0.40491857002734805,1.605293000011443,2.250830883694866,6.367770061828196,-6.367770061828196,25.986002225127933,8.637300330975656,1120.42164213488,0,457.9459968679082,458.70413169787184,1456.2809351386222,1500.0,4.603723443113267,0.0006303844114955437,0.0,0.0,0.0,0.0,0.0,23300.0,14750.0,2249.1754365574943,6257.105498581119,0.0,-9.094947017729282e-12,-6.957634468562901e-11,0,0,0,0.0,0,0,True,0,0,,,,0.16416800008300925,0.39897912009564634,1.605293000011443,,,,,,,,,,,,
1d51662afb815f886e6a892a9e4aa57a92f1f105af85fa83950794075ee6f9fd,May2024,400.0,True,0.0,pid_lowdrag_preview,1,96.58333333333333,2.4058100243181166,8.13804971985519,-8.13804971985519,108.05622333012421,7.120839149108313,953.1128228774282,0,1907.3425408221076,1907.4052125366607,1350.0,1500.0,0.4254084164276719,0.1829594625266574,0.0,0.0,0.0,0.0,0.0023023791250959325,85255.9931220905,66350.0,9352.627663761403,9403.365458329099,0.0,3.637978807091713e-12,1.2005330063402653e-10,0,0,0,0.0,0,0,True,0,0,,,,0.16367700004593644,0.40573225984644534,0.5784029999631457,2.456929183782278,8.13804971985519,-8.13804971985519,74.59994689935593,7.128306269771107,953.1128228774282,0,1316.6941938136354,1316.8360246690288,1159.8159156041486,1453.5310039262822,-0.05520308669656515,0.22770983059098715,0.0,0.0,0.0,0.0,0.003472222222222222,53855.7229392827,44400.0,6456.875000660306,2705.1328503002505,0.0,-9.322320693172514e-12,6.548361852765083e-11,0,0,0,0.0,0,0,True,0,0,,,,0.16522949999853154,0.4105823200438861,0.5784029999631457,2.373361016931432,8.13804971985519,-8.13804971985519,82.10788611912938,7.120839149108313,953.1128228774282,0,1449.3740482975115,1449.3659425382928,1350.0,1453.5310039262822,-0.05520308669656515,0.2363363550169455,0.0,0.0,0.0,0.0,0.002976190476190476,61955.9931220905,51600.0,7106.712260196617,3145.749857967595,0.0,-4.547473508864641e-12,6.548361852765083e-11,0,0,0,0.0,0,0,True,0,0,,,,0.16522949999853154,0.4105823200438861,0.5784029999631457,2.513527431440677,7.152787700295448,-6.919540248811245,25.948337210994836,8.747439768705725,1116.4481525049189,0,457.96849252459606,458.0392699983679,1453.5310039262822,1500.0,0.4254084164276719,0.0005733349666225962,0.0,0.0,0.0,0.0,0.0,23300.0,14750.0,2245.915403564786,6257.615600361503,0.0,7.275957614183426e-12,5.547917680814862e-11,0,0,0,0.0,0,0,True,0,0,,,,0.16367700004593644,0.40573225984644534,0.5784029999631457,,,,,,,,,,,,
1d51662afb815f886e6a892a9e4aa57a92f1f105af85fa83950794075ee6f9fd,May2024,400.0,True,0.0,pid_lowdrag_preview,2,96.58333333333333,2.4609276455998215,9.271995940245688,-9.222269034013152,108.04838520027374,7.123705767186344,953.6712246035131,0,1906.893003791745,1907.2668541036683,1350.0,1500.0,2.5386859737336636,0.1830345875219559,0.0,0.0,0.0,0.0,0.0023023791250959325,85255.4863660399,66350.0,9351.949247397915,9403.537118641983,0.0,0.0,9.094947017729282e-12,0,0,0,0.0,0,0,True,0,0,,,,0.1686150001205533,0.4476027198870725,3.0698139999003615,2.5292296703535206,9.271995940245688,-9.222269034013152,74.55615975740277,7.123705767186344,953.6712246035131,0,1316.2140934343931,1316.0630953528685,1156.7387175239828,1455.302643785717,-1.5767669323831797,0.22784017682820112,0.0,0.0,0.0,0.0,0.003472222222222222,53855.1430374296,44400.0,6453.085077021125,2703.4940341467404,0.0,-4.092726157978177e-12,-4.001776687800884e-11,0,0,0,0.0,0,0,True,0,0,,,,0.17036700000971905,0.4474945198944623,3.0698139999003615,2.4445213950193163,9.271995940245688,-9.222269034013152,82.07097780311997,7.123705767186344,953.6712246035131,0,1448.946618201352,1448.7144380513269,1350.0,1455.302643785717,-1.5767669323831797,0.23641861675358677,0.0,0.0,0.0,0.0,0.002976190476190476,61955.486366039906,51600.0,7103.517721958044,3146.66600029615,0.0,4.547473508864641e-12,-4.001776687800884e-11,0,0,0,0.0,0,0,True,0,0,,,,0.17036700000971905,0.4474945198944623,3.0698139999003615,2.516179849314563,7.752771048806608,-6.200391537509859,25.97740739715377,8.644260784573651,1118.5909046755305,0,457.946385590393,458.5524160523414,1455.302643785717,1500.0,2.5386859737336636,0.0006240740796369382,0.0,0.0,0.0,0.0,0.0,23300.0,14750.0,2248.4315254398716,6256.871118345834,0.0,-1.1823431123048067e-11,4.956746124662459e-11,0,0,0,0.0,0,0,True,0,0,,,,0.1686150001205533,0.4476027198870725,3.0698139999003615,,,,,,,,,,,,
1d51662afb815f886e6a892a9e4aa57a92f1f105af85fa83950794075ee6f9fd,May2024,400.0,True,0.0,pid_lowdrag_preview,3,96.58333333333333,2.3467519973358537,10.021275086328387,-7.870064560323954,108.00902795008831,6.989127401644456,957.7361694266602,0,1907.071201991723,1906.5721211041202,1350.0,1500.0,-3.3895133147016168,0.18296605205703365,0.0,0.0,0.0,0.0,0.0,85265.18915195261,66350.0,9348.542745712919,9416.646406239708,0.0,1.6370904631912708e-11,5.820766091346741e-11,0,0,0,0.0,0,0,True,0,0,,,,0.16287600010400638,0.393259459997353,0.5494700001236197,2.490657563490294,10.021275086328387,-7.870064560323954,74.57980389026875,7.173049053109236,957.7361694266602,0,1316.1622356217147,1316.4804608769055,1159.6339143850012,1452.922514113542,-0.3274856936186552,0.2279789138975422,0.0,0.0,0.0,0.0,0.0,53848.24794670506,44400.0,6455.131555829285,2699.8277911472424,0.0,1.0686562745831907e-11,2.546585164964199e-11,0,0,0,0.0,0,0,True,0,0,,,,0.1642980000724492,0.3923956099924899,0.5494700001236197,2.4300992211691628,10.021275086328387,-7.870064560323954,82.08937772305781,6.989127401644456,957.7361694266602,0,1449.0874413456545,1449.039232886083,1350.0,1452.922514113542,-0.3274856936186552,0.236355715621404,0.0,0.0,0.0,0.0,0.0,61965.18915195261,51600.0,7105.110296591187,3157.1563412478918,0.0,1.000444171950221e-11,2.546585164964199e-11,0,0,0,0.0,0,0,True,0,0,,,,0.1642980000724492,0.3923956099924899,0.5494700001236197,2.0363767011790816,6.141073520295322,-6.141073520295322,25.919650227030502,8.825366802793996,1118.7535969670412,0,457.9837606460685,457.5328882180372,1452.922514113542,1500.0,-3.3895133147016168,0.0005362863862359291,0.0,0.0,0.0,0.0,0.0,23300.0,14750.0,2243.4324491217303,6259.490064991816,0.0,4.547473508864641e-12,3.1377567211166024e-11,0,0,0,0.0,0,0,True,0,0,,,,0.16287600010400638,0.393259459997353,0.5494700001236197,,,,,,,,,,,,
1d51662afb815f886e6a892a9e4aa57a92f1f105af85fa83950794075ee6f9fd,May2024,400.0,True,0.0,pid_lowdrag_preview,4,96.58333333333333,2.4848934361680595,8.75666921120137,-8.097968007437885,108.04443358446638,7.072967958983883,956.4899726499909,0,1907.0951791748753,1907.1971002999924,1350.0,1500.0,0.6919752489775419,0.1829525481592198,0.0,0.0,0.0,0.0,0.0023023791250959325,85250.25178444851,66350.0,9351.607221828439,9398.644562620051,0.0,-2.1827872842550278e-11,-2.3646862246096134e-11,0,0,0,0.0,0,0,True,0,0,,,,0.1639179999983753,0.3087991800339296,1.5868949999457982,2.475912576209236,8.75666921120137,-8.097968007437885,74.56561156294195,7.149033637815525,956.4899726499909,0,1316.4564009152598,1316.2299383407094,1162.2056292493294,1455.3167609222537,-3.3962205974385142,0.22773461093056258,0.0,0.0,0.0,0.0,0.003472222222222222,53845.99642314963,44400.0,6453.903162414438,2698.9821290622504,0.0,-1.4097167877480388e-11,3.637978807091713e-12,0,0,0,0.0,0,0,True,0,0,,,,0.16430299990588537,0.3143727499582381,1.5868949999457982,2.439397537109206,8.75666921120137,-8.097968007437885,82.06784030673629,7.072967958983883,956.4899726499909,0,1449.159173886481,1448.6590550593046,1350.0,1455.3167609222537,-3.3962205974385142,0.23630224510668352,0.0,0.0,0.0,0.0,0.002976190476190476,61950.2517844485,51600.0,7103.246161148645,3141.688862377583,0.0,-1.546140993013978e-11,4.547473508864641e-12,0,0,0,0.0,0,0,True,0,0,,,,0.16430299990588537,0.3143727499582381,1.5868949999457982,2.6344281630853414,8.02983916271478,-7.929776192642748,25.97659327773009,8.604011714383343,1117.6039046231808,0,457.9360052883942,458.5380452406878,1455.3167609222537,1500.0,0.6919752489775419,0.0006593463861914728,0.0,0.0,0.0,0.0,0.0,23300.0,14750.0,2248.3610606797943,6256.955700242466,0.0,6.366462912410498e-12,-2.7284841053187847e-11,0,0,0,0.0,0,0,True,0,0,,,,0.1639179999983753,0.3087991800339296,1.5868949999457982,,,,,,,,,,,,
1d51662afb815f886e6a892a9e4aa57a92f1f105af85fa83950794075ee6f9fd,May2024,400.0,True,0.0,swmpc,0,96.58333333333333,4.564345315250915,20.95448257960379,-7.193707595579326,99.55710212949936,2.944161979979915,586.6352805980073,0,1756.7008628013325,1757.3789800768375,1350.0,1500.0,4.6038806941360235,0.25766837447134805,47.169317705013434,3.5186046544488025,1.1434658185536493e-14,47.169317705013434,0.0,81028.052764889,66350.0,8617.000287485329,5911.052477403653,0.0,-1.6370904631912708e-11,-3.2741809263825417e-11,0,0,0,0.0,0,0,True,1008,0,7.503331289626658e-12,3.177764317901346e-13,2.666510478546673e-10,0.8043540001381189,1.088699519846159,1.2781100001575396,5.398168364515944,20.95448257960379,-7.193707595579326,66.7263667662205,3.320984009327227,586.6352805980073,0,1177.4935905550249,1177.8518243662993,1159.9237339272922,1073.4316776815697,1.1476401202380657,0.32749632452117095,47.169317705013434,3.5186046544488025,1.1434658185536493e-14,47.169317705013434,0.0,50099.554601924436,44400.0,5775.390296710933,10.656361459220307,0.0,-4.547473508864641e-12,-5.820766091346741e-11,0,0,0,0.0,0,0,True,1008,0,7.503331289626658e-12,3.177764317901346e-13,2.666510478546673e-10,0.8732779998581464,1.1023788598436113,1.2781100001575396,5.044732592606033,20.95448257960379,-7.193707595579326,73.61697177174638,2.944161979979915,586.6352805980073,0,1299.3153944288294,1299.4845772056922,1350.0,1073.4316776815697,1.1476401202380657,0.3324229608509698,47.169317705013434,3.5186046544488025,1.1434658185536493e-14,47.169317705013434,0.0,57728.05276488899,51600.0,6371.795214527149,32.82587268026896,0.0,-3.183231456205249e-12,-5.729816621169448e-11,0,0,0,0.0,0,0,True,1008,0,7.503331289626658e-12,3.177764317901346e-13,2.666510478546673e-10,0.8732779998581464,1.1023788598436113,1.2781100001575396,2.249520327047237,6.367686194367707,-6.367686194367707,25.940130357752977,7.0077744819850984,742.1879940299784,0,457.38546837250306,457.8944028711453,1073.4316776815697,1500.0,4.6038806941360235,0.002235753892843473,0.0,0.0,0.0,0.0,0.0,23300.0,14750.0,2245.2050729581797,5878.226604723384,0.0,-5.6843418860808015e-12,2.3646862246096134e-11,0,0,0,0.0,0,0,True,1008,0,7.503331289626658e-12,3.177764317901346e-13,2.666510478546673e-10,0.8043540001381189,1.088699519846159,1.2781100001575396,0.4087869999693794,0.6013013000460887,0.7334169999921869,0.4087869999693794,0.6013013000460887,0.7334169999921869,0.4087869999693794,0.6013013000460887,0.7334169999921869,0.4087869999693794,0.6013013000460887,0.7334169999921869
1d51662afb815f886e6a892a9e4aa57a92f1f105af85fa83950794075ee6f9fd,May2024,400.0,True,0.0,swmpc,1,96.58333333333333,4.566756015795352,20.097414664924145,-8.271506275050342,99.65769411807567,2.687540617333741,571.5344219936277,0,1759.0917759499757,1759.1546268414497,1350.0,1500.0,0.42560046166181564,0.2563809585045237,47.195752902072236,4.4145782404090275,9.56460343735484e-15,47.195752902072236,0.0,81069.83679854078,66350.0,8625.706860657332,5944.129937883454,0.0,3.637978807091713e-12,-1.0913936421275139e-11,0,0,0,0.0,0,0,True,1008,0,5.9117155615240335e-12,7.459986585086907e-08,3.7874968671046827e-10,0.8395869999731076,1.2945059799449157,1.7560109999976703,5.371500969016432,20.097414664924145,-8.271506275050342,66.86968329232218,3.1329656036842604,571.5344219936277,0,1179.9333436685122,1180.381643385574,1162.2217842175717,1050.7767628847664,1.66121366340667,0.32509367216981344,47.195752902072236,4.4145782404090275,9.56460343735484e-15,47.195752902072236,0.0,50117.75568152087,44400.0,5787.794821553581,41.40588130010474,0.0,6.59383658785373e-12,2.000888343900442e-11,0,0,0,0.0,0,0,True,1008,0,5.9117155615240335e-12,7.459986585086907e-08,3.7874968671046827e-10,0.9003139999776977,1.3050509899130702,1.7560109999976703,5.011015041440946,20.097414664924145,-8.271506275050342,73.75899843435863,2.687540617333741,571.5344219936277,0,1301.746810640821,1301.9916275933479,1350.0,1050.7767628847664,1.66121366340667,0.3307224065785802,47.195752902072236,4.4145782404090275,9.56460343735484e-15,47.195752902072236,0.0,57769.83679854079,51600.0,6384.08809736916,84.97193828685909,0.0,-3.865352482534945e-12,2.000888343900442e-11,0,0,0,0.0,0,0,True,1008,0,5.9117155615240335e-12,7.459986585086907e-08,3.7874968671046827e-10,0.9003139999776977,1.3050509899130702,1.7560109999976703,2.5131859192933064,7.152828966267407,-6.919598930515349,25.898695683717037,6.912393443422679,717.9954559037631,0,457.34496530915476,457.16299924810187,1050.7767628847664,1500.0,0.42560046166181564,0.002360010509103061,0.0,0.0,0.0,0.0,0.0,23300.0,14750.0,2241.618763288172,5859.157999596595,0.0,4.547473508864641e-13,-3.0468072509393096e-11,0,0,0,0.0,0,0,True,1008,0,5.9117155615240335e-12,7.459986585086907e-08,3.7874968671046827e-10,0.8395869999731076,1.2945059799449157,1.7560109999976703,0.4148010000335489,0.7008742201264794,0.9672199998931319,0.4148010000335489,0.7008742201264794,0.9672199998931319,0.4148010000335489,0.7008742201264794,0.9672199998931319,0.4148010000335489,0.7008742201264794,0.9672199998931319
1d51662afb815f886e6a892a9e4aa57a92f1f105af85fa83950794075ee6f9fd,May2024,400.0,True,0.0,swmpc,2,96.58333333333333,4.53561542597826,17.48999397084117,-9.290789937600493,99.54309728104293,2.9790309112110513,581.5759747824424,0,1756.7577372785693,1757.131766912045,1350.0,1500.0,2.5388127472251654,0.258275397543703,47.19881803290329,3.8550780545862624,1.255814661096105e-14,47.19881803290329,0.0,81072.07614676544,66350.0,8615.788120994037,5956.288025771404,0.0,3.637978807091713e-12,3.637978807091713e-12,0,0,0,0.0,0,0,True,1008,0,5.9117155615240335e-12,1.4507507702936955e-07,4.450409030925358e-10,0.8214899999074987,1.1903692000487356,2.1957940000447707,5.327050432202065,17.48999397084117,-9.290789937600493,66.70527634286167,3.1374960464865893,581.5759747824424,0,1177.5582920241013,1177.4795368459086,1159.7124328927346,1087.4384115742382,-1.0997639149427414,0.3281656279926629,47.19881803290329,3.8550780545862624,1.255814661096105e-14,47.19881803290329,0.0,50117.966989933324,44400.0,5773.564850004956,16.676161246864012,0.0,-6.821210263296962e-13,1.4551915228366852e-11,0,0,0,0.0,0,0,True,1008,0,5.9117155615240335e-12,1.4507507702936955e-07,4.450409030925358e-10,0.8869035000316217,1.2221945798955847,2.1957940000447707,4.974014626555615,17.48999397084117,-9.290789937600493,73.60205766670036,2.9790309112110513,581.5759747824424,0,1299.3831056054378,1299.2213138708692,1350.0,1087.4384115742382,-1.0997639149427414,0.3331996715185961,47.19881803290329,3.8550780545862624,1.255814661096105e-14,47.19881803290329,0.0,57772.07614676544,51600.0,6370.504348835871,64.13338635533364,0.0,5.002220859751105e-12,1.3642420526593924e-11,0,0,0,0.0,0,0,True,1008,0,5.9117155615240335e-12,1.4507507702936955e-07,4.450409030925358e-10,0.8869035000316217,1.2221945798955847,2.1957940000447707,2.5152530113189386,7.752728444524109,-6.200262615457177,25.94103961434257,6.986866657267736,754.765980274722,0,457.3746316731315,457.91045304117574,1087.4384115742382,1500.0,2.5388127472251654,0.002262963080339797,0.0,0.0,0.0,0.0,0.0,23300.0,14750.0,2245.2837721581664,5892.1546394160705,0.0,-1.3642420526593924e-12,-1.000444171950221e-11,0,0,0,0.0,0,0,True,1008,0,5.9117155615240335e-12,1.4507507702936955e-07,4.450409030925358e-10,0.8214899999074987,1.1903692000487356,2.1957940000447707,0.4148409999515934,0.6748689200844633,1.6522339999482938,0.4148409999515934,0.6748689200844633,1.6522339999482938,0.4148409999515934,0.6748689200844633,1.6522339999482938,0.4148409999515934,0.6748689200844633,1.6522339999482938
1d51662afb815f886e6a892a9e4aa57a92f1f105af85fa83950794075ee6f9fd,May2024,400.0,True,0.0,swmpc,3,96.58333333333333,4.5042261108191175,17.64691763278097,-9.041638290509582,99.55686890633687,3.130291985584135,582.8972924315443,0,1757.8738027804511,1757.374863228597,1350.0,1500.0,-3.3894466534256935,0.25684765930035836,47.182981097617514,4.4258892980810005,1.1825664810301008e-14,47.182981097617514,0.0,81081.31316563547,66350.0,8616.980101240346,5964.333064395146,0.0,2.4556356947869062e-11,1.4551915228366852e-11,0,0,0,0.0,0,0,True,1008,0,7.503331289626658e-12,2.675861643986517e-09,3.2604385832470854e-10,0.8292109998819797,1.3303073000224688,4.245618999902945,5.333297826208101,17.64691763278097,-9.041638290509582,66.78970508904263,3.130291985584135,582.8972924315443,0,1178.5969237897202,1178.9698705406297,1162.1742742862077,1070.6741801115918,-0.19606389198452234,0.3260761333693608,47.182981097617514,4.4258892980810005,1.1825664810301008e-14,47.182981097617514,0.0,50126.524259351674,44400.0,5780.872440468597,37.1519130576969,0.0,4.092726157978177e-12,-2.546585164964199e-11,0,0,0,0.0,0,0,True,1008,0,7.503331289626658e-12,2.675861643986517e-09,3.2604385832470854e-10,0.898942000048919,1.3620981299004598,4.245618999902945,5.001261410971021,17.64691763278097,-9.041638290509582,73.66161901625618,3.130291985584135,582.8972924315443,0,1300.3013969819344,1300.2726890263855,1350.0,1070.6741801115918,-0.19606389198452234,0.33152673217150275,47.182981097617514,4.4258892980810005,1.1825664810301008e-14,47.182981097617514,0.0,57781.313165635474,51600.0,6375.659582920266,84.97940260362634,0.0,9.777068044058979e-12,-2.546585164964199e-11,0,0,0,0.0,0,0,True,1008,0,7.503331289626658e-12,2.675861643986517e-09,3.2604385832470854e-10,0.898942000048919,1.3620981299004598,4.245618999902945,2.035795140285934,6.140958793461323,-6.140958793461323,25.89524989008069,7.4586166693830975,738.6602269722099,0,457.5724057985167,457.1021742022115,1070.6741801115918,1500.0,-3.3894466534256935,0.0016730645406514144,0.0,0.0,0.0,0.0,0.0,23300.0,14750.0,2241.3205183200785,5879.353661791519,0.0,5.9117155615240335e-12,3.865352482534945e-11,0,0,0,0.0,0,0,True,1008,0,7.503331289626658e-12,2.675861643986517e-09,3.2604385832470854e-10,0.8292109998819797,1.3303073000224688,4.245618999902945,0.413995000030809,0.7005238799570177,3.74079699986396,0.413995000030809,0.7005238799570177,3.74079699986396,0.413995000030809,0.7005238799570177,3.74079699986396,0.413995000030809,0.7005238799570177,3.74079699986396
1d51662afb815f886e6a892a9e4aa57a92f1f105af85fa83950794075ee6f9fd,May2024,400.0,True,0.0,swmpc,4,96.58333333333333,4.559166575511866,17.600022026337683,-9.894776094704866,99.65014359099082,3.2046678522584626,577.1811422305735,0,1758.9192575592936,1759.0213451638342,1350.0,1500.0,0.6920913197100163,0.25653408345676876,47.18775405221356,3.5626775522752077,1.1272458488429316e-14,47.18775405221356,0.0,81097.22090190617,66350.0,8625.053337275513,5972.167564630665,0.0,7.275957614183426e-12,-8.185452315956354e-11,0,0,0,0.0,0,0,True,1008,0,6.139089236967266e-12,2.9058508365397963e-13,2.7111861994443843e-10,0.8066269999744691,1.3499021401048594,3.530890000092768,5.325442469215178,17.600022026337683,-9.894776094704866,66.81257766108656,3.2046678522584626,577.1811422305735,0,1179.0549444206522,1179.3736164961592,1164.144028810161,1073.3336293636644,-0.4035323578864336,0.3264975332033041,47.18775405221356,3.5626775522752077,1.1272458488429316e-14,47.18775405221356,0.0,50137.207957534774,44400.0,5782.852138106053,45.166218875227514,0.0,9.322320693172514e-12,-3.092281986027956e-11,0,0,0,0.0,0,0,True,1008,0,6.139089236967266e-12,2.9058508365397963e-13,2.7111861994443843e-10,0.8750260000169874,1.3803231099404907,3.530890000092768,4.984263167794304,17.600022026337683,-9.894776094704866,73.72313383100614,3.2046678522584626,577.1811422305735,0,1301.41780650323,1301.3585466908946,1350.0,1073.3336293636644,-0.4035323578864336,0.3310597032891449,47.18775405221356,3.5626775522752077,1.1272458488429316e-14,47.18775405221356,0.0,57797.22090190617,51600.0,6380.983895953153,92.90337658936346,0.0,1.0231815394945443e-11,-3.001332515850663e-11,0,0,0,0.0,0,0,True,1008,0,6.139089236967266e-12,2.9058508365397963e-13,2.7111861994443843e-10,0.8750260000169874,1.3803231099404907,3.530890000092768,2.6313207751397543,8.019240537658334,-7.929738733917475,25.927009759984685,7.2795720579008165,740.6046382319051,0,457.5014510560636,457.6627984729396,1073.3336293636644,1500.0,0.6920913197100163,0.0018838299278360893,0.0,0.0,0.0,0.0,0.0,23300.0,14750.0,2244.06944132236,5879.264188041301,0.0,-3.183231456205249e-12,-5.093170329928398e-11,0,0,0,0.0,0,0,True,1008,0,6.139089236967266e-12,2.9058508365397963e-13,2.7111861994443843e-10,0.8066269999744691,1.3499021401048594,3.530890000092768,0.4158130000178062,0.6784935199766543,0.7835229998818249,0.4158130000178062,0.6784935199766543,0.7835229998818249,0.4158130000178062,0.6784935199766543,0.7835229998818249,0.4158130000178062,0.6784935199766543,0.7835229998818249
1d51662afb815f886e6a892a9e4aa57a92f1f105af85fa83950794075ee6f9fd,May2024,400.0,True,0.0,swmpc_nosw,0,96.58333333333333,3.673382549103303,16.691921644844115,-7.6354311453178525,99.57025711426282,2.944161979979915,623.1637097352645,0,1756.9274391315716,1757.6111914732414,1350.0,1500.0,4.6425139950588346,0.2580330885941776,46.73584516267706,0.0,1.108007938625249e-14,46.73584516267706,0.0,81139.60242576749,66350.0,8618.138895430526,6021.463530336961,0.0,0.0,-6.548361852765083e-11,0,0,0,0.0,0,0,True,1008,0,5.229594535194337e-12,2.8380509312214136e-13,2.5457364817007967e-10,0.8111639999697218,1.0969144800947108,1.3799139999264298,4.272817208600946,16.691921644844115,-7.6354311453178525,66.71741348288619,3.336181206560176,623.1637097352645,0,1177.404590148969,1177.6937812774931,1160.0099534907015,1151.4407563966877,0.670637154020369,0.3283254037953216,46.73584516267706,0.0,1.108007938625249e-14,46.73584516267706,0.0,50194.4617768213,44400.0,5774.6153600824655,28.4156138328583,0.0,1.0686562745831907e-11,-4.3655745685100555e-11,0,0,0,0.0,0,0,True,1008,0,5.229594535194337e-12,2.8380509312214136e-13,2.5457364817007967e-10,0.8704890000217347,1.1324798099462887,1.3799139999264298,4.014079784978867,16.691921644844115,-7.6354311453178525,73.61028537436403,2.944161979979915,623.1637097352645,0,1299.2676668104248,1299.366549119703,1350.0,1151.4407563966877,0.670637154020369,0.33313125437903224,46.73584516267706,0.0,1.108007938625249e-14,46.73584516267706,0.0,57839.60242576748,51600.0,6371.21648446237,66.94518490843029,0.0,8.412825991399586e-12,-4.3655745685100555e-11,0,0,0,0.0,0,0,True,1008,0,5.229594535194337e-12,2.8380509312214136e-13,2.5457364817007967e-10,0.8704890000217347,1.1324798099462887,1.3799139999264298,2.131763941674888,6.172280007041991,-6.172280007041991,25.95997173989879,7.733837548730653,818.4449575042562,0,457.6597723211469,458.24464235353844,1151.4407563966877,1500.0,4.6425139950588346,0.0014264746581321708,0.0,0.0,0.0,0.0,0.0,23300.0,14750.0,2246.922410968156,5954.518345428531,0.0,-6.821210263296962e-13,-2.1373125491663814e-11,0,0,0,0.0,0,0,True,1008,0,5.229594535194337e-12,2.8380509312214136e-13,2.5457364817007967e-10,0.8111639999697218,1.0969144800947108,1.3799139999264298,0.3941150000628113,0.5843726299917762,0.7602880000376899,0.3941150000628113,0.5843726299917762,0.7602880000376899,0.3941150000628113,0.5843726299917762,0.7602880000376899,0.3941150000628113,0.5843726299917762,0.7602880000376899
1d51662afb815f886e6a892a9e4aa57a92f1f105af85fa83950794075ee6f9fd,May2024,400.0,True,0.0,swmpc_nosw,1,96.58333333333333,3.668899516099708,17.005018962547183,-8.52512725815177,99.54057962401055,2.687540617333741,592.8236816969418,0,1756.99390408842,1757.0873253056347,1350.0,1500.0,0.6335689118131995,0.2582906527262169,46.80317824175434,0.0,1.1122481081804189e-14,46.80317824175434,0.0,81157.93641449595,66350.0,8615.5702093543,6042.366205141656,0.0,1.8189894035458565e-12,-1.8189894035458565e-12,0,0,0,0.0,0,0,True,1008,0,6.366462912410498e-12,2.898056043018711e-09,4.061826505976359e-10,0.8170739999968646,1.4288535799596502,2.257052000004478,4.233545761511325,17.005018962547183,-8.52512725815177,66.75814313401324,3.2965091600126453,592.8236816969418,0,1178.0242892290346,1178.4127398573028,1162.2594076305043,1127.6723464013835,1.2420264864340425,0.32763270701961456,46.80317824175434,0.0,1.1122481081804189e-14,46.80317824175434,0.0,50208.58165160286,44400.0,5778.140647660825,65.02806517116846,0.0,1.5916157281026244e-11,-7.275957614183426e-12,0,0,0,0.0,0,0,True,1008,0,6.366462912410498e-12,2.898056043018711e-09,4.061826505976359e-10,0.871980500050995,1.464854190151072,2.257052000004478,3.966657713180525,17.005018962547183,-8.52512725815177,73.6222660883978,2.687540617333741,592.8236816969418,0,1299.3950013444285,1299.5780323244107,1350.0,1127.6723464013835,1.2420264864340425,0.33341431922471854,46.80317824175434,0.0,1.1122481081804189e-14,46.80317824175434,0.0,57857.93641449595,51600.0,6372.253455347108,108.01061274746144,0.0,5.4569682106375694e-12,-4.547473508864641e-12,0,0,0,0.0,0,0,True,1008,0,6.366462912410498e-12,2.898056043018711e-09,4.061826505976359e-10,0.871980500050995,1.464854190151072,2.257052000004478,2.3858373274441025,6.569619879126549,-6.514008759520948,25.918313535612754,7.5434793068950885,793.3731655252242,0,457.59890274399163,457.509292981224,1127.6723464013835,1500.0,0.6335689118131995,0.001596904148285394,0.0,0.0,0.0,0.0,0.0,23300.0,14750.0,2243.3167540071936,5934.355592394195,0.0,5.002220859751105e-12,3.183231456205249e-12,0,0,0,0.0,0,0,True,1008,0,6.366462912410498e-12,2.898056043018711e-09,4.061826505976359e-10,0.8170739999968646,1.4288535799596502,2.257052000004478,0.39428050001788506,0.7441275598989701,1.723387000083676,0.39428050001788506,0.7441275598989701,1.723387000083676,0.39428050001788506,0.7441275598989701,1.723387000083676,0.39428050001788506,0.7441275598989701,1.723387000083676
1d51662afb815f886e6a892a9e4aa57a92f1f105af85fa83950794075ee6f9fd,May2024,400.0,True,0.0,swmpc_nosw,2,96.58333333333333,3.648920286276029,13.542116969823837,-9.471968097612262,99.56026661971026,2.9790309112110513,612.1844607294221,0,1757.0307535340685,1757.4348395631246,1350.0,1500.0,2.743292083963752,0.25861322757203564,46.789892306805385,0.0,1.2495276383870329e-14,46.789892306805385,0.0,81167.57967346927,66350.0,8617.274184700831,6050.305488768454,0.0,1.4551915228366852e-11,-3.8198777474462986e-11,0,0,0,0.0,0,0,True,1008,0,5.9117155615240335e-12,3.0287897638241507e-09,2.6601244484585125e-10,0.8274389999769483,1.2576708600545317,3.9687510000021575,4.203321368291581,13.542116969823837,-9.471968097612262,66.71736893325415,3.3157952164023756,612.1844607294221,0,1177.8215284494058,1177.6929948887241,1159.6115452693361,1155.448382972583,-1.4636941375210881,0.32858785496488097,46.789892306805385,0.0,1.2495276383870329e-14,46.789892306805385,0.0,50210.88434101298,44400.0,5774.611504162779,40.43599914695142,0.0,-2.2737367544323206e-13,-2.2737367544323206e-11,0,0,0,0.0,0,0,True,1008,0,5.9117155615240335e-12,3.0287897638241507e-09,2.6601244484585125e-10,0.8914149999554866,1.280044219920455,3.9687510000021575,3.9431484897074585,13.542116969823837,-9.471968097612262,73.6012066388324,2.9790309112110513,612.1844607294221,0,1299.4217319470747,1299.20629155246,1350.0,1155.448382972583,-1.4636941375210881,0.3338412889248533,46.789892306805385,0.0,1.2495276383870329e-14,46.789892306805385,0.0,57867.57967346927,51600.0,6370.430689526492,91.70060097020723,0.0,1.1596057447604835e-11,-2.3646862246096134e-11,0,0,0,0.0,0,0,True,1008,0,5.9117155615240335e-12,3.0287897638241507e-09,2.6601244484585125e-10,0.8914149999554866,1.280044219920455,3.9687510000021575,2.3836601382031306,7.254636442288756,-5.920475669205189,25.959059980877868,7.581555594198773,821.1753342470296,0,457.6090215869938,458.22854801066455,1155.448382972583,1500.0,2.743292083963752,0.0015627670851199316,0.0,0.0,0.0,0.0,0.0,23300.0,14750.0,2246.8434951743375,5958.604887798246,0.0,2.2737367544323206e-13,-1.546140993013978e-11,0,0,0,0.0,0,0,True,1008,0,5.9117155615240335e-12,3.0287897638241507e-09,2.6601244484585125e-10,0.8274389999769483,1.2576708600545317,3.9687510000021575,0.40148100003989384,0.6675860299424129,0.861740999880567,0.40148100003989384,0.6675860299424129,0.861740999880567,0.40148100003989384,0.6675860299424129,0.861740999880567,0.40148100003989384,0.6675860299424129,0.861740999880567
1d51662afb815f886e6a892a9e4aa57a92f1f105af85fa83950794075ee6f9fd,May2024,400.0,True,0.0,swmpc_nosw,3,96.58333333333333,3.6286871708447124,15.807350663468242,-9.157561369240284,99.478808070113,3.161693490488582,607.1236934816603,0,1756.4204820490147,1755.996935689386,1350.0,1500.0,-2.8770915139466524,0.25818276466803525,46.751161798718805,0.0,1.0192694817555828e-14,46.751161798718805,0.0,81156.6729605492,66350.0,8610.223674689103,6046.449285860106,0.0,9.094947017729282e-12,-8.731149137020111e-11,0,0,0,0.0,0,0,True,1008,0,4.774847184307873e-12,3.3013438450025817e-13,3.2604385832470854e-10,0.8105940000859846,1.1960761400632693,2.8371030000471364,4.226922310459757,15.807350663468242,-9.157561369240284,66.71619867375871,3.161693490488582,607.1236934816603,0,1177.3069441025468,1177.67233750323,1162.131751394971,1131.0464879736921,-0.2915210537612438,0.32781151297443734,46.751161798718805,0.0,1.0192694817555828e-14,46.751161798718805,0.0,50199.31934263227,44400.0,5774.510214288021,55.89439176552378,0.0,-2.2737367544323206e-12,3.637978807091713e-12,0,0,0,0.0,0,0,True,1008,0,4.774847184307873e-12,3.3013438450025817e-13,3.2604385832470854e-10,0.8730625000907821,1.2492159299290486,2.8371030000471364,3.992731785701007,15.807350663468242,-9.157561369240284,73.57524248196802,3.161693490488582,607.1236934816603,0,1298.7907912531523,1298.747973034426,1350.0,1131.0464879736921,-0.2915210537612438,0.3332995172340295,46.751161798718805,0.0,1.0192694817555828e-14,46.751161798718805,0.0,57856.67296054921,51600.0,6368.183404879024,107.44306769649393,0.0,2.9558577807620168e-12,2.7284841053187847e-12,0,0,0,0.0,0,0,True,1008,0,4.774847184307873e-12,3.3013438450025817e-13,3.2604385832470854e-10,0.8730625000907821,1.2492159299290486,2.8371030000471364,1.9201355013211092,5.879963723942637,-5.879963723942637,25.903565588144986,7.63751238128511,798.4417921267029,0,457.6296907958624,457.24896265496,1131.0464879736921,1500.0,-2.8770915139466524,0.0015126406459261554,0.0,0.0,0.0,0.0,0.0,23300.0,14750.0,2242.040269810079,5939.006218163612,0.0,-1.1368683772161603e-12,-9.00399754755199e-11,0,0,0,0.0,0,0,True,1008,0,4.774847184307873e-12,3.3013438450025817e-13,3.2604385832470854e-10,0.8105940000859846,1.1960761400632693,2.8371030000471364,0.39941299996826274,0.6143215499378128,0.7397169999876496,0.39941299996826274,0.6143215499378128,0.7397169999876496,0.39941299996826274,0.6143215499378128,0.7397169999876496,0.39941299996826274,0.6143215499378128,0.7397169999876496
1d51662afb815f886e6a892a9e4aa57a92f1f105af85fa83950794075ee6f9fd,May2024,400.0,True,0.0,swmpc_nosw,4,96.58333333333333,3.6972803293105767,14.750392035581172,-9.396965902298689,99.63482682847642,3.2348172417062466,612.2011568862885,0,1758.5941322691071,1758.7509741314614,1350.0,1500.0,1.0642919931560755,0.257358078060659,46.7790759422528,0.0,1.2881567720884204e-14,46.7790759422528,0.0,81198.05103247068,66350.0,8623.727620233165,6074.3234122375325,0.0,1.2732925824820995e-11,2.000888343900442e-11,0,0,0,0.0,0,0,True,1008,0,6.139089236967266e-12,2.6700945191740665e-09,5.045663616257386e-10,0.80027799981508,1.3466580000385877,1.9136690000323142,4.230783089123482,14.750392035581172,-9.396965902298689,66.80318397388278,3.2348172417062466,612.2011568862885,0,1178.8973878158615,1179.2077994114766,1164.0732724834943,1145.2897531315198,-0.4949016608297825,0.3274749783377091,46.7790759422528,0.0,1.2881567720884204e-14,46.7790759422528,0.0,50239.62201990678,44400.0,5782.03908304925,76.36645620951208,0.0,4.320099833421409e-12,5.547917680814862e-11,0,0,0,0.0,0,0,True,1008,0,6.139089236967266e-12,2.6700945191740665e-09,5.045663616257386e-10,0.8668980000265947,1.3502488798621923,1.9136690000323142,3.9830700782979256,14.750392035581172,-9.396965902298689,73.69632686339878,3.2348172417062466,612.2011568862885,0,1300.9581193083177,1300.8853509029268,1350.0,1145.2897531315198,-0.4949016608297825,0.33223889289984665,46.7790759422528,0.0,1.2881567720884204e-14,46.7790759422528,0.0,57898.05103247069,51600.0,6378.663663216064,124.09761612311377,0.0,5.9117155615240335e-12,5.729816621169448e-11,0,0,0,0.0,0,0,True,1008,0,6.139089236967266e-12,2.6700945191740665e-09,5.045663616257386e-10,0.8668980000265947,1.3502488798621923,1.9136690000323142,2.483907530169883,7.823445993475616,-7.823445993475616,25.93849996507764,7.658177891117203,811.8777187299644,0,457.63601296078946,457.86562322853456,1145.2897531315198,1500.0,1.0642919931560755,0.0014941412542153198,0.0,0.0,0.0,0.0,0.0,23300.0,14750.0,2245.0639570170997,5950.225796114419,0.0,-1.3642420526593924e-12,-3.728928277269006e-11,0,0,0,0.0,0,0,True,1008,0,6.139089236967266e-12,2.6700945191740665e-09,5.045663616257386e-10,0.80027799981508,1.3466580000385877,1.9136690000323142,0.3918920001524384,0.6574212099167196,0.7630820000485983,0.3918920001524384,0.6574212099167196,0.7630820000485983,0.3918920001524384,0.6574212099167196,0.7630820000485983,0.3918920001524384,0.6574212099167196,0.7630820000485983
1d51662afb815f886e6a892a9e4aa57a92f1f105af85fa83950794075ee6f9fd,May2024,400.0,True,180.0,pid_lowdrag_preview,0,97.33333333333333,2.3839385913862303,9.898173046298325,-9.060289511457086,109.18323136227419,7.124093841880637,958.9612841546527,0,1926.8468606151305,1927.2991245099129,1350.0,1500.0,3.0712484130635858,0.17775618437461738,0.0,0.0,0.0,0.0,0.001524390243902439,85828.53306494327,66800.0,9450.173979687586,9428.359085255668,0.0,-1.8189894035458565e-11,-3.092281986027956e-11,0,0,0,0.0,0,0,True,0,0,,,,0.15922550005598168,0.2384336601767248,0.437710999904084,2.44420043797982,9.898173046298325,-9.060289511457086,74.74161822236123,7.124093841880637,958.9612841546527,0,1319.106990450094,1319.3368026125675,1467.1393425285833,1241.3213866678575,0.20493131410330534,0.22443392564392062,0.0,0.0,0.0,0.0,0.0023148148148148147,53374.44632657327,44400.0,6469.137127670271,2731.1271547637234,0.0,-1.3642420526593924e-12,-2.637534635141492e-11,0,0,0,0.0,0,0,True,0,0,,,,0.16050199997152959,0.2347726799689545,0.437710999904084,2.390918353593799,9.898173046298325,-9.060289511457086,82.31417274781731,7.124093841880637,958.9612841546527,0,1452.9771073595177,1453.0073079192825,1350.0,1241.3213866678575,0.20493131410330534,0.2313096932463713,0.0,0.0,0.0,0.0,0.001984126984126984,61635.525953337725,51600.0,7124.56705810332,3019.6375085665413,0.0,-5.9117155615240335e-12,-2.546585164964199e-11,0,0,0,0.0,0,0,True,0,0,,,,0.16050199997152959,0.2347726799689545,0.437710999904084,2.3606475124343853,6.548086892813444,-6.548086892813444,26.869058614456875,9.56711568805706,1103.2474536081065,0,473.86975325561275,474.29181659063033,1241.3213866678575,1500.0,3.0712484130635858,0.0001840233788015233,0.0,0.0,0.0,0.0,0.0,24193.00711160554,15200.0,2325.606921584267,6408.721576689126,0.0,-5.002220859751105e-12,-4.547473508864641e-12,0,0,0,0.0,0,0,True,0,0,,,,0.15922550005598168,0.2384336601767248,0.437710999904084,,,,,,,,,,,,
1d51662afb815f886e6a892a9e4aa57a92f1f105af85fa83950794075ee6f9fd,May2024,400.0,True,180.0,pid_lowdrag_preview,1,97.33333333333333,2.3910351026540506,7.582481502555311,-7.582481502555311,109.1444646820698,7.120973541620998,959.8832481366115,0,1927.0680357163728,1926.6148162339564,1350.0,1500.0,-3.078119518235326,0.17775674018615983,0.0,0.0,0.0,0.0,0.001524390243902439,85818.53919065453,66800.0,9446.818593810316,9421.720596844192,0.0,-1.8189894035458565e-11,-4.3655745685100555e-11,0,0,0,0.0,0,0,True,0,0,,,,0.16066199998476804,0.33103771993182873,1.5311709998968581,2.4791361973429087,7.582481502555311,-7.582481502555311,74.75269661934733,7.120973541620998,959.8832481366115,0,1319.2836401012084,1319.5323581438304,1464.0710643830398,1245.7695000659317,0.8919312348589301,0.22451753485516535,0.0,0.0,0.0,0.0,0.0023148148148148147,53364.936122378494,44400.0,6470.09599999555,2713.1416867000453,0.0,-7.048583938740194e-12,1.8189894035458565e-12,0,0,0,0.0,0,0,True,0,0,,,,0.16133849987909343,0.2803634000179045,1.5311709998968581,2.3980495197233367,7.582481502555311,-7.582481502555311,82.33109324567029,7.120973541620998,959.8832481366115,0,1453.174616642399,1453.3059880397846,1350.0,1245.7695000659317,0.8919312348589301,0.2313271192816364,0.0,0.0,0.0,0.0,0.001984126984126984,61623.42755169855,51600.0,7126.03158380513,3001.6264678274806,0.0,-8.412825991399586e-12,3.637978807091713e-12,0,0,0,0.0,0,0,True,0,0,,,,0.16133849987909343,0.2803634000179045,1.5311709998968581,2.367628085284172,6.271503402851522,-5.997027173638344,26.813371436399507,9.693311991179304,1102.2132607171795,0,473.89341907397375,473.30882819417184,1245.7695000659317,1500.0,-3.078119518235326,0.00012864108010612885,0.0,0.0,0.0,0.0,0.0,24195.11163895597,15200.0,2320.787010005185,6420.094129016712,0.0,-2.9558577807620168e-12,-4.729372449219227e-11,0,0,0,0.0,0,0,True,0,0,,,,0.16066199998476804,0.33103771993182873,1.5311709998968581,,,,,,,,,,,,
1d51662afb815f886e6a892a9e4aa57a92f1f105af85fa83950794075ee6f9fd,May2024,400.0,True,180.0,pid_lowdrag_preview,2,97.33333333333333,2.4000270277460083,9.573679096065462,-9.573679096065462,109.15747608478246,7.173136540499724,947.9940960237817,0,1926.9534897719475,1926.8444931243048,1350.0,1500.0,-0.7404315890744328,0.17779743957963123,0.0,0.0,0.0,0.0,0.001524390243902439,85816.8927137668,66800.0,9447.944774248703,9418.947939518082,0.0,-2.1827872842550278e-11,9.094947017729282e-12,0,0,0,0.0,0,0,True,0,0,,,,0.15889999997398263,0.2919265300488423,0.9341310001218517,2.4609308160544643,9.573679096065462,-9.573679096065462,74.73111148187263,7.173136540499724,947.9940960237817,0,1319.2816522694793,1319.1513379446774,1464.0796633797484,1242.6807830399093,-1.8200077023357153,0.22447069265125774,0.0,0.0,0.0,0.0,0.0023148148148148147,53375.90727553957,44400.0,6468.227734127558,2729.0784217518403,0.0,-9.322320693172514e-12,3.637978807091713e-12,0,0,0,0.0,0,0,True,0,0,,,,0.1604020000058881,0.3219046400340628,0.9341310001218517,2.385185798302745,9.573679096065462,-9.573679096065462,82.30395187527787,7.173136540499724,947.9940960237817,0,1453.0948909843426,1452.8268893838547,1350.0,1242.6807830399093,-1.8200077023357153,0.23135731633120948,0.0,0.0,0.0,0.0,0.001984126984126984,61624.65094709394,51600.0,7123.682407388062,3008.287756665962,0.0,-8.640199666842818e-12,1.8189894035458565e-12,0,0,0,0.0,0,0,True,0,0,,,,0.1604020000058881,0.3219046400340628,0.9341310001218517,2.4485938688620563,7.58661353867501,-6.15923048555851,26.853524209504585,9.521696583293991,1101.9219080277412,0,473.85859878760493,474.0176037404501,1242.6807830399093,1500.0,-0.7404315890744328,0.00020416403492506952,0.0,0.0,0.0,0.0,0.0,24192.24176667285,15200.0,2324.2623668606398,6410.660182852122,0.0,9.094947017729282e-13,4.547473508864641e-12,0,0,0,0.0,0,0,True,0,0,,,,0.15889999997398263,0.2919265300488423,0.9341310001218517,,,,,,,,,,,,
1d51662afb815f886e6a892a9e4aa57a92f1f105af85fa83950794075ee6f9fd,May2024,400.0,True,180.0,pid_lowdrag_preview,3,97.33333333333333,2.3013994149867165,9.110498937778175,-6.8680402878671885,109.16146733708428,7.156572410675589,961.6950417866119,0,1926.5608501798417,1926.914946590185,1350.0,1500.0,2.4046301310881972,0.17798946168903051,0.0,0.0,0.0,0.0,0.0038109756097560975,85807.61583331712,66800.0,9448.290230489318,9409.325602827814,0.0,1.2732925824820995e-11,-3.092281986027956e-11,0,0,0,0.0,0,0,True,0,0,,,,0.1622699999188626,0.384336710142181,0.6298309999692719,2.4275300533637,9.110498937778175,-6.8680402878671885,74.72048026489753,7.156572410675589,961.6950417866119,0,1318.6587611846094,1318.9636760215678,1464.2817165164045,1241.6933033138946,-0.29395119193941355,0.22501224600390313,0.0,0.0,0.0,0.0,0.005787037037037037,53359.01374892404,44400.0,6467.30756672843,2714.294595398128,0.0,1.1368683772161603e-11,-9.094947017729282e-13,0,0,0,0.0,0,0,True,0,0,,,,0.16382250009883137,0.3499850500315907,0.6298309999692719,2.3775185467867073,9.110498937778175,-6.8680402878671885,82.29246252060766,7.156572410675589,961.6950417866119,0,1452.6673540264107,1452.624079639895,1350.0,1241.6933033138946,-0.29395119193941355,0.23162991553532997,0.0,0.0,0.0,0.0,0.00496031746031746,61612.51819286652,51600.0,7122.687965300264,2998.136924252366,0.0,6.139089236967266e-12,-1.8189894035458565e-12,0,0,0,0.0,0,0,True,0,0,,,,0.16382250009883137,0.3499850500315907,0.6298309999692719,2.0286704250874785,5.3637231811881065,-4.641317658126354,26.869004816476618,9.692464758445984,1101.203750505748,0,473.893496153431,474.29086695029014,1241.6933033138946,1500.0,2.4046301310881972,0.00012900946182625717,0.0,0.0,0.0,0.0,0.0,24195.0976404506,15200.0,2325.602265189053,6411.188678575447,0.0,4.774847184307873e-12,-3.001332515850663e-11,0,0,0,0.0,0,0,True,0,0,,,,0.1622699999188626,0.384336710142181,0.6298309999692719,,,,,,,,,,,,
1d51662afb815f886e6a892a9e4aa57a92f1f105af85fa83950794075ee6f9fd,May2024,400.0,True,180.0,pid_lowdrag_preview,4,97.33333333333333,2.463585951867161,9.515638531185687,-9.515638531185687,109.17889340631403,7.155924130738203,957.8332581933574,0,1927.1415288060552,1927.2225510414564,1350.0,1500.0,0.5500710550695658,0.17774674418252423,0.0,0.0,0.0,0.0,0.0038109756097560975,85826.8622578651,66800.0,9449.798515085302,9427.0637427798,0.0,3.637978807091713e-12,-2.9103830456733704e-11,0,0,0,0.0,0,0,True,0,0,,,,0.16172949995052477,0.4312068301305796,6.611850000126651,2.419807181741398,9.515638531185687,-9.515638531185687,74.73120865869343,7.155924130738203,957.8332581933574,0,1319.3668559471587,1319.1530533069933,1465.9396104234397,1245.353965898031,-2.5900316052138805,0.22450624916159445,0.0,0.0,0.0,0.0,0.005787037037037037,53363.26022941103,44400.0,6468.236145106492,2715.6097288299306,0.0,-1.9326762412674725e-11,-3.728928277269006e-11,0,0,0,0.0,0,0,True,0,0,,,,0.16281599994272256,0.4059885801871107,6.611850000126651,2.4021531408063876,9.515638531185687,-9.515638531185687,82.3082370399404,7.155924130738203,957.8332581933574,0,1453.2839304924105,1452.9025309819133,1350.0,1245.353965898031,-2.5900316052138805,0.231288771816325,0.0,0.0,0.0,0.0,0.00496031746031746,61634.94305494212,51600.0,7124.05330272687,3015.535786317214,0.0,-7.958078640513122e-12,-3.54702933691442e-11,0,0,0,0.0,0,0,True,0,0,,,,0.16281599994272256,0.4059885801871107,6.611850000126651,2.6571410141713043,7.611361349001527,-7.125146611593664,26.870656366373638,9.502615027099965,1100.3501907829514,0,473.85759831364476,474.32002005954314,1245.353965898031,1500.0,0.5500710550695658,0.00021265255465829913,0.0,0.0,0.0,0.0,0.0,24191.91920292298,15200.0,2325.7452123584317,6411.527956462584,0.0,3.410605131648481e-12,5.4569682106375694e-12,0,0,0,0.0,0,0,True,0,0,,,,0.16172949995052477,0.4312068301305796,6.611850000126651,,,,,,,,,,,,
1d51662afb815f886e6a892a9e4aa57a92f1f105af85fa83950794075ee6f9fd,May2024,400.0,True,180.0,swmpc,0,97.33333333333333,4.659836967628934,19.272190546616912,-7.512559651397169,100.72290151802463,3.2400066016197533,575.2927706236427,0,1777.5051838142965,1777.9576359091373,1350.0,1500.0,3.071356422267854,0.2506373535440005,47.20601653057816,2.351550633295979,1.2775055105355902e-14,47.20601653057816,0.0,81722.65773676202,66800.0,8717.904125094105,6054.753611667893,0.0,-2.1827872842550278e-11,-5.4569682106375694e-12,0,0,0,0.0,0,0,True,1008,0,1.1141310096718371e-11,2.50898570926724e-13,2.7041732507707665e-10,0.8569184999487334,1.4941753501148023,2.2098659999301162,5.496547956832089,19.272190546616912,-7.512559651397169,66.77966950078932,3.2400066016197533,575.2927706236427,0,1177.722343664163,1178.7927226378492,1388.6043958534485,883.6729777434238,5.358545044437051,0.32664305190623055,47.20601653057816,2.351550633295979,1.2775055105355902e-14,47.20601653057816,0.0,49675.07240861817,44400.0,5780.003826728197,0.0,0.0,-3.410605131648481e-13,-2.9103830456733704e-11,0,0,0,0.0,0,0,True,1008,0,1.1141310096718371e-11,2.50898570926724e-13,2.7041732507707665e-10,0.9202644999959375,1.4945399501243624,2.2098659999301162,5.153978813780791,19.272190546616912,-7.512559651397169,73.89686099641708,3.2400066016197533,575.2927706236427,0,1303.6358500879908,1304.4251734029256,1350.0,883.6729777434238,5.358545044437051,0.32617055695919683,47.20601653057816,2.351550633295979,1.2775055105355902e-14,47.20601653057816,0.0,57529.69354111929,51600.0,6396.020563375863,0.0,0.0,-2.8421709430404007e-12,-3.001332515850663e-11,0,0,0,0.0,0,0,True,1008,0,1.1141310096718371e-11,2.50898570926724e-13,2.7041732507707665e-10,0.9202644999959375,1.4945399501243624,2.2098659999301162,2.373696392454528,6.5479718977585435,-6.5479718977585435,26.826040521607553,9.564563128919389,947.32226714667,0,473.86933372630574,473.5324625062117,883.6729777434238,1500.0,3.071356422267854,0.00018515274624397726,0.0,0.0,0.0,0.0,0.0,24192.964195642722,15200.0,2321.8835617182403,6054.753611667893,0.0,-1.261923898709938e-11,2.319211489520967e-11,0,0,0,0.0,0,0,True,1008,0,1.1141310096718371e-11,2.50898570926724e-13,2.7041732507707665e-10,0.8569184999487334,1.4941753501148023,2.2098659999301162,0.4268989999900441,0.7588562599153191,1.2643380000554316,0.4268989999900441,0.7588562599153191,1.2643380000554316,0.4268989999900441,0.7588562599153191,1.2643380000554316,0.4268989999900441,0.7588562599153191,1.2643380000554316
1d51662afb815f886e6a892a9e4aa57a92f1f105af85fa83950794075ee6f9fd,May2024,400.0,True,180.0,swmpc,1,97.33333333333333,4.680196294394563,17.854871560819447,-7.378227104432881,100.65652265947901,3.3714495091306786,594.4638761321688,0,1777.2389706907013,1776.7859182894504,1350.0,1500.0,-3.0779577596113086,0.2500940375137465,47.183192270212665,2.5564757120142336,1.0590917805873892e-14,47.183192270212665,0.0,81714.82438215123,66800.0,8712.158812796642,6052.665569354585,0.0,-1.8189894035458565e-12,5.638867150992155e-11,0,0,0,0.0,0,0,True,1008,0,5.9117155615240335e-12,2.6845035817095046e-13,1.9176234636316242e-10,0.8363020000388133,1.2695303298528426,2.205489000061789,5.53895727503826,17.854871560819447,-7.378227104432881,66.79176435661903,3.3714495091306786,594.4638761321688,0,1177.8725127681591,1179.0062206701111,1368.9408644589928,876.5849544847938,5.762305833399296,0.32590974059448996,47.183192270212665,2.5564757120142336,1.0099147321831484e-14,47.183192270212665,0.0,49688.69476699309,44400.0,5781.050676967275,0.0,0.0,-1.2960299500264227e-11,1.6370904631912708e-11,0,0,0,0.0,0,0,True,1008,0,5.9117155615240335e-12,2.6845035817095046e-13,1.9176234636316242e-10,0.8927124999900116,1.299693180089889,2.205489000061789,5.1766388775061705,17.854871560819447,-7.378227104432881,73.88497237069207,3.3714495091306786,594.4638761321688,0,1303.3665300111409,1304.215315738288,1350.0,876.5849544847938,5.762305833399296,0.3254656350545906,47.183192270212665,2.5564757120142336,1.0590917805873892e-14,47.183192270212665,0.0,57521.57651752725,51600.0,6394.991563042444,0.0,0.0,-1.5916157281026244e-11,1.7280399333685637e-11,0,0,0,0.0,0,0,True,1008,0,5.9117155615240335e-12,2.6845035817095046e-13,1.9176234636316242e-10,0.8927124999900116,1.299693180089889,2.205489000061789,2.3830463557837707,6.210206838324666,-5.99687328748405,26.77155028878694,9.58144866009161,940.3867179573625,0,473.87244067956044,472.57060255116244,876.5849544847938,1500.0,-3.0779577596113086,0.00017768777305315897,0.0,0.0,0.0,0.0,0.0,24193.247864623983,15200.0,2317.167249754198,6052.665569354585,0.0,6.821210263296962e-12,3.956301952712238e-11,0,0,0,0.0,0,0,True,1008,0,5.9117155615240335e-12,2.6845035817095046e-13,1.9176234636316242e-10,0.8363020000388133,1.2695303298528426,2.205489000061789,0.41542249994108715,0.6152905399858353,0.7905929999196815,0.41542249994108715,0.6152905399858353,0.7905929999196815,0.41542249994108715,0.6152905399858353,0.7905929999196815,0.41542249994108715,0.6152905399858353,0.7905929999196815
1d51662afb815f886e6a892a9e4aa57a92f1f105af85fa83950794075ee6f9fd,May2024,400.0,True,180.0,swmpc,2,97.33333333333333,4.62858442817352,18.685694972984493,-6.9296977100893855,100.77105024901421,3.3239550323952916,578.9551212173917,0,1778.9163718311406,1778.8075558640933,1350.0,1500.0,-0.7402422465384007,0.2492959105625877,47.153969383581746,2.6451704174157906,1.2246194085438179e-14,47.153969383581746,0.0,81713.87791894782,66800.0,8722.071558857297,6041.806360090518,0.0,-8.185452315956354e-12,1.8189894035458565e-12,0,0,0,0.0,0,0,True,1008,0,7.048583938740194e-12,2.006800974984642e-07,1.9270418883425691e-10,0.8347450000201206,1.53996834010286,2.5483869999334274,5.464711782614367,18.685694972984493,-6.9296977100893855,66.84319380084655,3.3239550323952916,578.9551212173917,0,1179.4710425894352,1179.9140516767334,1390.5628850011776,867.6769554577019,2.286925100721419,0.3245057046446812,47.153969383581746,2.6451704174157906,1.2246194085438179e-14,47.153969383581746,0.0,49666.464834685605,44400.0,5785.502067437805,3.848696791276552,0.0,7.958078640513122e-13,6.366462912410498e-12,0,0,0,0.0,0,0,True,1008,0,7.048583938740194e-12,2.006800974984642e-07,1.9270418883425691e-10,0.8937090001381875,1.547868909919998,2.5483869999334274,5.105578403757213,18.685694972984493,-6.9296977100893855,73.95223481720876,3.3239550323952916,578.9551212173917,0,1305.06566308959,1305.4026304263286,1350.0,867.6769554577019,2.286925100721419,0.32441324004863537,47.153969383581746,2.6451704174157906,1.2246194085438179e-14,47.153969383581746,0.0,57522.33900508415,51600.0,6400.813352835164,3.848696791276552,0.0,-6.0254023992456496e-12,6.366462912410498e-12,0,0,0,0.0,0,0,True,1008,0,7.048583938740194e-12,2.006800974984642e-07,1.9270418883425691e-10,0.8937090001381875,1.547868909919998,2.5483869999334274,2.4552248218467176,7.586424337700009,-6.159411096945405,26.818815431805447,9.480161246474728,931.2612403886312,0,473.85070874155053,473.40492543776463,867.6769554577019,1500.0,-0.7402422465384007,0.00022266016148231316,0.0,0.0,0.0,0.0,0.0,24191.538913863675,15200.0,2321.258206022134,6037.957663299241,0.0,-1.4779288903810084e-12,-3.637978807091713e-12,0,0,0,0.0,0,0,True,1008,0,7.048583938740194e-12,2.006800974984642e-07,1.9270418883425691e-10,0.8347450000201206,1.53996834010286,2.5483869999334274,0.4142950000414203,0.7917663400621675,1.9755929999973887,0.4142950000414203,0.7917663400621675,1.9755929999973887,0.4142950000414203,0.7917663400621675,1.9755929999973887,0.4142950000414203,0.7917663400621675,1.9755929999973887
1d51662afb815f886e6a892a9e4aa57a92f1f105af85fa83950794075ee6f9fd,May2024,400.0,True,180.0,swmpc,3,97.33333333333333,4.548913531660348,21.64671887177974,-7.309666023589671,100.83057012461,3.270056673191597,575.8687862376768,0,1779.503936138233,1779.858198922511,1350.0,1500.0,2.404609838500619,0.24873418312078266,47.24353973980791,3.7012899953307934,1.3534706655588665e-14,47.24353973980791,0.0,81744.3559926525,66800.0,8727.22320323176,6067.1327894207425,0.0,-1.8189894035458565e-12,3.456079866737127e-11,0,0,0,0.0,0,0,True,1008,0,5.6843418860808015e-12,2.8103458882700004e-13,4.393399565709013e-10,0.8237635000796217,1.5473295898505057,3.1866809999883117,5.41480262147471,21.64671887177974,-7.309666023589671,66.87450875235301,3.270056673191597,575.8687862376768,0,1179.4561587134242,1180.4668222612693,1382.01822983944,899.3416958572453,3.501999673433602,0.3248370217862835,47.24353973980791,3.7012899953307934,1.3534706655588665e-14,47.24353973980791,0.0,49705.53594728206,44400.0,5788.212481264256,0.0,0.0,4.888534022029489e-12,1.8189894035458565e-12,0,0,0,0.0,0,0,True,1008,0,5.6843418860808015e-12,2.8103458882700004e-13,4.393399565709013e-10,0.9077049999177689,1.5568432100349126,3.1866809999883117,5.068240763668361,21.64671887177974,-7.309666023589671,73.99624140785266,3.270056673191597,575.8687862376768,0,1305.6635278781898,1306.1794334441695,1350.0,899.3416958572453,3.501999673433602,0.3236730004611983,47.24353973980791,3.7012899953307934,1.3534706655588665e-14,47.24353973980791,0.0,57553.9639663499,51600.0,6404.622270492651,0.0,0.0,1.1368683772161603e-13,1.8189894035458565e-12,0,0,0,0.0,0,0,True,1008,0,5.6843418860808015e-12,2.8103458882700004e-13,4.393399565709013e-10,0.9077049999177689,1.5568432100349126,3.1866809999883117,2.032749168940624,5.363586467690766,-4.6413138238713145,26.83432871675734,9.41269754109511,959.7700781979231,0,473.8404082600432,473.6787654783416,899.3416958572453,1500.0,2.404609838500619,0.00025284141308923314,0.0,0.0,0.0,0.0,0.0,24190.39202630261,15200.0,2322.6009327391093,6067.1327894207425,0.0,-1.9326762412674725e-12,3.2741809263825417e-11,0,0,0,0.0,0,0,True,1008,0,5.6843418860808015e-12,2.8103458882700004e-13,4.393399565709013e-10,0.8237635000796217,1.5473295898505057,3.1866809999883117,0.4247559999157602,0.811932110004818,1.7993459998706385,0.4247559999157602,0.811932110004818,1.7993459998706385,0.4247559999157602,0.811932110004818,1.7993459998706385,0.4247559999157602,0.811932110004818,1.7993459998706385
1d51662afb815f886e6a892a9e4aa57a92f1f105af85fa83950794075ee6f9fd,May2024,400.0,True,180.0,swmpc,4,97.33333333333333,4.62620737653239,19.131153855472803,-8.68539938237518,100.78327221436362,3.262724507817322,579.0660118569748,0,1778.9420928749298,1779.0232976297834,1350.0,1500.0,0.5502356803044677,0.24900809590229045,47.16214737217118,2.7206510140853717,1.3224506338867638e-14,47.16214737217118,0.0,81739.72512811614,66800.0,8723.129410850494,6066.595717265656,0.0,5.4569682106375694e-12,-4.729372449219227e-11,0,0,0,0.0,0,0,True,1008,0,7.275957614183426e-12,2.7343177399079436e-13,2.796609124437408e-10,0.8545300000832867,1.5860645398584008,2.916341999934957,5.398153233084568,19.131153855472803,-8.68539938237518,66.91152314470756,3.262724507817322,579.0660118569748,0,1180.1941309452593,1181.120199204695,1361.6939570077286,897.9661478398664,3.474908555857837,0.32325101237809883,47.16214737217118,2.7206510140853717,1.3224506338867638e-14,47.16214737217118,0.0,49727.68839159743,44400.0,5791.4162007652985,0.0,0.0,4.092726157978177e-12,-4.547473508864641e-12,0,0,0,0.0,0,0,True,1008,0,7.275957614183426e-12,2.7343177399079436e-13,2.796609124437408e-10,0.9125770000082412,1.601950409988148,2.916341999934957,5.07103065554389,19.131153855472803,-8.68539938237518,73.96451108205342,3.262724507817322,579.0660118569748,0,1305.107412812341,1305.619330685086,1350.0,897.9661478398664,3.474908555857837,0.3240254825684168,47.16214737217118,2.7206510140853717,1.3224506338867638e-14,47.16214737217118,0.0,57549.84205247126,51600.0,6401.875904631388,0.0,0.0,-2.0463630789890885e-12,-4.547473508864641e-12,0,0,0,0.0,0,0,True,1008,0,7.275957614183426e-12,2.7343177399079436e-13,2.796609124437408e-10,0.9125770000082412,1.601950409988148,2.916341999934957,2.6643849328704072,7.611362798139453,-7.125058066099882,26.8187611323102,9.382869498081995,958.9079663722108,0,473.83468006258886,473.40396694469746,897.9661478398664,1500.0,0.5502356803044677,0.0002662348514502755,0.0,0.0,0.0,0.0,0.0,24189.88307564489,15200.0,2321.2535062191055,6066.595717265656,0.0,3.865352482534945e-12,-4.320099833421409e-11,0,0,0,0.0,0,0,True,1008,0,7.275957614183426e-12,2.7343177399079436e-13,2.796609124437408e-10,0.8545300000832867,1.5860645398584008,2.916341999934957,0.4256974999634622,0.8645050300219737,2.4282760000460257,0.4256974999634622,0.8645050300219737,2.4282760000460257,0.4256974999634622,0.8645050300219737,2.4282760000460257,0.4256974999634622,0.8645050300219737,2.4282760000460257
1d51662afb815f886e6a892a9e4aa57a92f1f105af85fa83950794075ee6f9fd,May2024,400.0,True,180.0,swmpc_nosw,0,97.33333333333333,3.685943125782167,15.566214628517628,-7.715810897760093,100.76357029433744,3.2868416177421644,596.3517440734113,0,1778.2211964940493,1778.6755199285394,1350.0,1500.0,3.084458352997899,0.24996692174468993,46.77000983013519,0.0,9.486586134263489e-15,46.77000983013519,0.0,81806.70549506773,66800.0,8721.424143753587,6135.281351314134,0.0,-5.4569682106375694e-12,1.8189894035458565e-12,0,0,0,0.0,0,0,True,1008,0,5.9117155615240335e-12,3.567656558083275e-13,2.4610800692385377e-10,0.8541395000065677,1.6242929899408423,3.504850999888731,4.250560720530601,15.566214628517628,-7.715810897760093,66.82004175570758,3.2868416177421644,596.3517440734113,0,1178.5092793030667,1179.5053724704985,1394.084657709285,940.5008523044161,4.806757606565952,0.3255331225122299,46.77000983013519,0.0,9.486586134263489e-15,46.77000983013519,0.0,49746.485266165786,44400.0,5783.498180468891,16.570891101748202,0.0,-1.5347723092418164e-11,-1.000444171950221e-11,0,0,0,0.0,0,0,True,1008,0,5.9117155615240335e-12,3.567656558083275e-13,2.4610800692385377e-10,0.9223170000041137,1.6564575901179523,3.504850999888731,4.016632948745496,15.566214628517628,-7.715810897760093,73.93456088535366,3.2868416177421644,596.3517440734113,0,1304.3826454163673,1305.0906507114373,1350.0,940.5008523044161,4.806757606565952,0.3252763997884428,46.77000983013519,0.0,9.486586134263489e-15,46.77000983013519,0.0,57616.45428785308,51600.0,6399.283614899643,26.669820649008898,0.0,-9.43600753089413e-12,-9.094947017729282e-12,0,0,0,0.0,0,0,True,1008,0,5.9117155615240335e-12,3.567656558083275e-13,2.4610800692385377e-10,0.9223170000041137,1.6564575901179523,3.504850999888731,2.2672271046989114,6.203526897355914,-6.203526897355914,26.82900940898378,9.404438197672793,1001.0671018142616,0,473.83855107768204,473.5848692171021,940.5008523044161,1500.0,3.084458352997899,0.0002565471785620499,0.0,0.0,0.0,0.0,0.0,24190.251207214642,15200.0,2322.1405288539436,6108.611530665124,0.0,9.208633855450898e-12,9.549694368615746e-12,0,0,0,0.0,0,0,True,1008,0,5.9117155615240335e-12,3.567656558083275e-13,2.4610800692385377e-10,0.8541395000065677,1.6242929899408423,3.504850999888731,0.4227129999208046,0.8326221400488973,1.7033110000284069,0.4227129999208046,0.8326221400488973,1.7033110000284069,0.4227129999208046,0.8326221400488973,1.7033110000284069,0.4227129999208046,0.8326221400488973,1.7033110000284069
1d51662afb815f886e6a892a9e4aa57a92f1f105af85fa83950794075ee6f9fd,May2024,400.0,True,180.0,swmpc_nosw,1,97.33333333333333,3.6739713885404277,14.743276374414563,-7.076694384217262,100.59672075722546,3.335836010026366,630.1430442465246,0,1776.1205515534202,1775.7302969049285,1350.0,1500.0,-2.6510990457609296,0.25049744469390023,46.69671414832342,0.0,1.1811645643426455e-14,46.69671414832342,0.0,81772.59658992584,66800.0,8706.982758071279,6115.61383185457,0.0,4.547473508864641e-12,-4.18367562815547e-11,0,0,0,0.0,0,0,True,1008,0,5.002220859751105e-12,2.3270924228405606e-13,3.2159210303043425e-10,0.842681999870365,1.547583800013399,3.9646650000122463,4.2596666321478605,14.743276374414563,-7.076694384217262,66.71016487285787,3.335836010026366,630.1430442465246,0,1176.537533697953,1177.5658290307474,1389.959170271762,933.1858860004122,5.006184936501086,0.3267726774259919,46.69671414832342,0.0,8.03745144747144e-15,46.69671414832342,0.0,49726.919377805374,44400.0,5773.987968632124,9.704693444600935,0.0,6.821210263296962e-13,-3.3651303965598345e-11,0,0,0,0.0,0,0,True,1008,0,5.002220859751105e-12,2.3270924228405606e-13,3.2159210303043425e-10,0.9008650000623675,1.5666694000401542,3.9646650000122463,4.005369141100258,14.743276374414563,-7.076694384217262,73.81700658405634,3.335836010026366,630.1430442465246,0,1302.2782100513302,1303.0155857115712,1350.0,933.1858860004122,5.006184936501086,0.3259696670116774,46.69671414832342,0.0,1.1811645643426455e-14,46.69671414832342,0.0,57581.99947625415,51600.0,6389.108896809126,9.704693444600935,0.0,-7.048583938740194e-12,-3.2741809263825417e-11,0,0,0,0.0,0,0,True,1008,0,5.002220859751105e-12,2.3270924228405606e-13,3.2159210303043425e-10,0.9008650000623675,1.5666694000401542,3.9646650000122463,2.2493686760440363,6.144812770187855,-5.809285284951329,26.77971417316911,9.424735360822424,993.8477805841546,0,473.84234150209,472.7147111933573,933.1858860004122,1500.0,-2.6510990457609296,0.0002474443770603685,0.0,0.0,0.0,0.0,0.0,24190.597113671705,15200.0,2317.8738612621537,6105.909138409969,0.0,5.4569682106375694e-12,-8.185452315956354e-12,0,0,0,0.0,0,0,True,1008,0,5.002220859751105e-12,2.3270924228405606e-13,3.2159210303043425e-10,0.842681999870365,1.547583800013399,3.9646650000122463,0.41357400004926603,0.8190149299593941,1.7329560000689526,0.41357400004926603,0.8190149299593941,1.7329560000689526,0.41357400004926603,0.8190149299593941,1.7329560000689526,0.41357400004926603,0.8190149299593941,1.7329560000689526
1d51662afb815f886e6a892a9e4aa57a92f1f105af85fa83950794075ee6f9fd,May2024,400.0,True,180.0,swmpc_nosw,2,97.33333333333333,3.6490391814418532,15.231068247929215,-6.671409324742854,100.69637716243356,3.2568934135797325,605.0834091385315,0,1777.5598412348415,1777.489428779952,1350.0,1500.0,-0.4790566982701421,0.24949716673599354,46.7187670842247,0.0,9.397235950658373e-15,46.7187670842247,0.0,81782.81763459378,66800.0,8715.60835337248,6117.209281221314,0.0,1.0913936421275139e-11,-2.9103830456733704e-11,0,0,0,0.0,0,0,True,1008,0,6.366462912410498e-12,3.026066355352061e-13,1.8071953991012046e-10,0.8557065000331932,1.3812104100793483,3.8920049998978357,4.217435181146167,15.231068247929215,-6.671409324742854,66.75647499504177,3.2568934135797325,605.0834091385315,0,1177.9756660654518,1178.3832939182216,1390.7875571836478,926.9197620465336,2.0022598383948207,0.32505080695574184,46.7187670842247,0.0,9.397235950658373e-15,46.7187670842247,0.0,49726.66384510284,44400.0,5777.996264651561,12.535375588396619,0.0,2.7284841053187847e-12,-3.092281986027956e-11,0,0,0,0.0,0,0,True,1008,0,6.366462912410498e-12,3.026066355352061e-13,1.8071953991012046e-10,0.9101085000793319,1.4038482499654488,3.8920049998978357,3.9626942795937175,15.231068247929215,-6.671409324742854,73.87451468851481,3.2568934135797325,605.0834091385315,0,1303.73572792687,1304.0307170462165,1350.0,926.9197620465336,2.0022598383948207,0.3246566161945812,46.7187670842247,0.0,9.397235950658373e-15,46.7187670842247,0.0,57593.61933877951,51600.0,6394.086415660639,22.613161072334606,0.0,1.1368683772161603e-12,-3.001332515850663e-11,0,0,0,0.0,0,0,True,1008,0,6.366462912410498e-12,3.026066355352061e-13,1.8071953991012046e-10,0.9101085000793319,1.4038482499654488,3.8920049998978357,2.3236125983744143,6.854316649958491,-5.623864498920739,26.821862473918756,9.342832507574956,987.8532528299409,0,473.82411330797163,473.4587117337355,926.9197620465336,1500.0,-0.4790566982701421,0.0002842553733083397,0.0,0.0,0.0,0.0,0.0,24189.198295814283,15200.0,2321.5219377118387,6094.596120148979,0.0,1.1368683772161603e-12,0.0,0,0,0,0.0,0,0,True,1008,0,6.366462912410498e-12,3.026066355352061e-13,1.8071953991012046e-10,0.8557065000331932,1.3812104100793483,3.8920049998978357,0.4106799999590294,0.6925574601541483,1.758854999934556,0.4106799999590294,0.6925574601541483,1.758854999934556,0.4106799999590294,0.6925574601541483,1.758854999934556,0.4106799999590294,0.6925574601541483,1.758854999934556
1d51662afb815f886e6a892a9e4aa57a92f1f105af85fa83950794075ee6f9fd,May2024,400.0,True,180.0,swmpc_nosw,3,97.33333333333333,3.5518802362792976,16.29207612387836,-7.017159953713417,100.7488824546514,3.394980270384367,608.0012254717478,0,1778.0474260083126,1778.4162506230402,1350.0,1500.0,2.503890142776072,0.24934641371881217,46.736783808793156,0.0,1.1540991815521132e-14,46.736783808793156,0.0,81792.33797930459,66800.0,8720.152862086194,6122.185117218404,0.0,8.185452315956354e-12,1.2732925824820995e-11,0,0,0,0.0,0,0,True,1008,0,5.002220859751105e-12,3.304898872936908e-13,2.3286276948865333e-10,0.8665130000053978,1.8506910298538084,2.3155960000167397,4.152358978789513,16.29207612387836,-7.017159953713417,66.77554562248031,3.394980270384367,608.0012254717478,0,1177.7196734191666,1178.719928061655,1404.9704328320481,956.7507352859312,3.381613834761083,0.32613590027608486,46.736783808793156,0.0,1.1540991815521132e-14,46.736783808793156,0.0,49731.42719371678,44400.0,5779.646891262902,0.0,0.0,5.115907697472721e-12,-5.4569682106375694e-12,0,0,0,0.0,0,0,True,1008,0,5.002220859751105e-12,3.304898872936908e-13,2.3286276948865333e-10,0.9088419999443431,1.8935660100805753,2.3155960000167397,3.9139398249336685,16.29207612387836,-7.017159953713417,73.91421831849591,3.394980270384367,608.0012254717478,0,1304.2334446290822,1304.7315643315412,1350.0,956.7507352859312,3.381613834761083,0.3244513983827614,46.736783808793156,0.0,1.1540991815521132e-14,46.736783808793156,0.0,57604.273632961864,51600.0,6397.522897675941,0.0,0.0,8.29913915367797e-12,-8.185452315956354e-12,0,0,0,0.0,0,0,True,1008,0,5.002220859751105e-12,3.304898872936908e-13,2.3286276948865333e-10,0.9088419999443431,1.8935660100805753,2.3155960000167397,1.911291811752184,5.171614778228104,-4.405729169026017,26.83466413615548,9.276753410470242,1014.8266073750074,0,473.8139813792304,473.684686291499,956.7507352859312,1500.0,2.503890142776072,0.0003140961488756755,0.0,0.0,0.0,0.0,0.0,24188.064346342726,15200.0,2322.629964410252,6122.185117218404,0.0,-1.0231815394945443e-12,1.9554136088117957e-11,0,0,0,0.0,0,0,True,1008,0,5.002220859751105e-12,3.304898872936908e-13,2.3286276948865333e-10,0.8665130000053978,1.8506910298538084,2.3155960000167397,0.4159279999385035,0.751823470038739,1.7265559999941615,0.4159279999385035,0.751823470038739,1.7265559999941615,0.4159279999385035,0.751823470038739,1.7265559999941615,0.4159279999385035,0.751823470038739,1.7265559999941615
1d51662afb815f886e6a892a9e4aa57a92f1f105af85fa83950794075ee6f9fd,May2024,400.0,True,180.0,swmpc_nosw,4,97.33333333333333,3.6780991437367447,14.314807175658643,-8.519065197557211,100.70169539467477,3.335785351240266,606.344301344494,0,1777.4756594243568,1777.5833060559287,1350.0,1500.0,0.7301888838410378,0.2498001149545943,46.72709117350972,0.0,1.1159334222040715e-14,46.72709117350972,0.0,81779.68274785875,66800.0,8716.068664166716,6113.614083692052,0.0,1.7280399333685637e-11,-1.0913936421275139e-11,0,0,0,0.0,0,0,True,1008,0,4.774847184307873e-12,1.4671135185075504e-08,2.5928729693287044e-10,0.8449705001112306,1.6778776498836159,4.778984000040509,4.177894419915732,14.314807175658643,-8.519065197557211,66.82941443409082,3.335785351240266,606.344301344494,0,1178.7192756352413,1179.6708187081324,1375.6602777093788,946.5766000593385,3.6093874974176288,0.32437915005049534,46.72709117350972,0.0,1.1159334222040715e-14,46.72709117350972,0.0,49755.22573949203,44400.0,5784.309417142073,0.0,0.0,1.5916157281026244e-12,-8.185452315956354e-12,0,0,0,0.0,0,0,True,1008,0,4.774847184307873e-12,1.4671135185075504e-08,2.5928729693287044e-10,0.9201190000567294,1.975634610123491,4.441032999920935,3.9599220659841197,14.314807175658643,-8.519065197557211,73.88362075795582,3.335785351240266,606.344301344494,0,1303.6597905738158,1304.191457110808,1350.0,946.5766000593385,3.6093874974176288,0.3250432573326588,46.72709117350972,0.0,1.1159334222040715e-14,46.72709117350972,0.0,57591.4511764972,51600.0,6394.874576437873,0.0,0.0,1.3642420526593924e-11,-6.366462912410498e-12,0,0,0,0.0,0,0,True,1008,0,4.774847184307873e-12,1.4671135185075504e-08,2.5928729693287044e-10,0.9201190000567294,1.975634610123491,4.441032999920935,2.52803207308926,7.160901226103306,-7.0150311859324574,26.818074636718947,9.286482082173476,1005.884566160328,0,473.81586885054094,473.3918489451207,946.5766000593385,1500.0,0.7301888838410378,0.00030969549048531775,0.0,0.0,0.0,0.0,0.0,24188.23157136156,15200.0,2321.1940877288434,6113.614083692052,0.0,-3.637978807091713e-12,-5.4569682106375694e-12,0,0,0,0.0,0,0,True,1008,0,4.774847184307873e-12,1.4671135185075504e-08,2.5928729693287044e-10,0.8449705001112306,1.6778776498836159,4.778984000040509,0.4210304999787695,0.7774146300084788,3.670580999823869,0.4210304999787695,0.7774146300084788,3.670580999823869,0.4210304999787695,0.7774146300084788,3.670580999823869,0.4210304999787695,0.7774146300084788,3.670580999823869
1d51662afb815f886e6a892a9e4aa57a92f1f105af85fa83950794075ee6f9fd,May2024,550.0,False,0.0,pid_lowdrag_preview,0,97.0,0.9597519582757703,2.935899673961103,-2.935899673961103,12.746950014931182,6.590001866753889,1146.660725580407,0,225.22792766368875,225.0087792550655,1350.0,1500.0,-1.5374590326100588,0.2802747346634278,0.0,0.0,0.0,0.0,0.0,77613.15274439442,65400.0,1103.2911725408412,10959.86157185359,0.0,9.094947017729282e-12,9.094947017729282e-13,0,0,0,0.0,0,0,True,0,0,,,,0.18071799991048465,0.4913429099678982,6.930151000005935,0.9643951614330717,2.877389293164015,-2.6151785664260387,8.662459206950931,6.590001866753889,1146.660725580407,0,152.81613029872568,152.9094700473223,1419.368263410894,1235.9972500287718,0.3072894234210253,0.36368035553122424,0.0,0.0,0.0,0.0,0.0,45192.65375842483,43200.0,749.7648272197835,1426.2599445871765,0.0,8.640199666842818e-12,2.2737367544323206e-13,0,0,0,0.0,0,0,True,0,0,,,,0.1976690000446979,0.504301219878016,6.930151000005935,0.9462991678332373,2.877389293164015,-2.6151785664260387,9.469068456783864,6.590001866753889,1146.660725580407,0,167.10390942254259,167.14771232709572,1350.0,1235.9972500287718,0.3072894234210253,0.3633426823802274,0.0,0.0,0.0,0.0,0.0,52867.90810094813,50400.0,819.5795565462535,1762.3312943731087,0.0,3.410605131648481e-12,1.1368683772161603e-13,0,0,0,0.0,0,0,True,0,0,,,,0.1976690000446979,0.504301219878016,6.930151000005935,1.0036333766994294,2.935899673961103,-2.935899673961103,3.2778815581473175,8.00352266573789,1156.5558286075368,0,58.12401824114616,57.86106692796977,1235.9972500287718,1500.0,-1.5374590326100588,0.0011664303349815386,0.0,0.0,0.0,0.0,0.0,24745.244643446298,15000.0,283.7116159945878,9197.530277480479,0.0,-4.092726157978177e-12,7.958078640513122e-13,0,0,0,0.0,0,0,True,0,0,,,,0.18071799991048465,0.4913429099678982,6.930151000005935,,,,,,,,,,,,
1d51662afb815f886e6a892a9e4aa57a92f1f105af85fa83950794075ee6f9fd,May2024,550.0,False,0.0,pid_lowdrag_preview,1,97.0,0.8800423158859911,2.9697717055678368,-2.662637498229742,12.753484583614291,6.5977243386107185,1146.9845676003615,0,225.24148332138222,225.12412726542394,1350.0,1500.0,-0.823329602368176,0.2802204821752712,0.0,0.0,0.0,0.0,0.0,77603.39871459422,65400.0,1103.856761323735,10949.541953270496,0.0,9.094947017729282e-12,1.000444171950221e-11,0,0,0,0.0,0,0,True,0,0,,,,0.16136399995048123,0.28781332990774905,0.4933750001328008,0.9018822717832066,2.9697717055678368,-2.5862878831103444,8.661405007618425,6.5977243386107185,1146.9845676003615,0,152.83527329980552,152.89086135233222,1419.5152000348874,1236.039937431222,0.2985482634976506,0.36354859011194796,0.0,0.0,0.0,0.0,0.0,45181.20591028549,43200.0,749.6735827404225,1415.0075901487446,0.0,1.0686562745831907e-11,8.071765478234738e-12,0,0,0,0.0,0,0,True,0,0,,,,0.16244500000084372,0.2641675700579062,0.4933750001328008,0.8641716751824318,2.9697717055678368,-2.5862878831103444,9.46975725580468,6.5977243386107185,1146.9845676003615,0,167.1173141109972,167.1598709867486,1350.0,1236.039937431222,0.2985482634976506,0.3632751477923718,0.0,0.0,0.0,0.0,0.0,52858.067034622036,50400.0,819.6391744060969,1752.387922784719,0.0,2.0463630789890885e-12,8.071765478234738e-12,0,0,0,0.0,0,0,True,0,0,,,,0.16244500000084372,0.2641675700579062,0.4933750001328008,0.9313889113144602,2.7240320313721895,-2.662637498229742,3.2837273278096113,8.014548117963011,1156.248659760449,0,58.12416921038502,57.96425627867535,1236.039937431222,1500.0,-0.823329602368176,0.0011568057018126465,0.0,0.0,0.0,0.0,0.0,24745.33167997219,15000.0,284.2175869176383,9197.154030485777,0.0,3.637978807091713e-12,2.1600499167107046e-12,0,0,0,0.0,0,0,True,0,0,,,,0.16136399995048123,0.28781332990774905,0.4933750001328008,,,,,,,,,,,,
1d51662afb815f886e6a892a9e4aa57a92f1f105af85fa83950794075ee6f9fd,May2024,550.0,False,0.0,pid_lowdrag_preview,2,97.0,0.9129096794588091,3.5300377663224936,-2.5230640890076756,12.769014385793119,6.585518218843422,1147.731806926049,0,225.24858388033914,225.39825886758874,1350.0,1500.0,1.050041669048369,0.2802475868683897,0.0,0.0,0.0,0.0,0.0,77625.77299689277,65400.0,1105.2009176619167,10970.572079230877,0.0,2.000888343900442e-11,-1.8189894035458565e-12,0,0,0,0.0,0,0,True,0,0,,,,0.16287599999031954,0.3744174399935226,0.734078000050431,0.9189094421931434,3.2377560259774327,-2.5230640890076756,8.65219224343809,6.585518218843422,1147.731806926049,0,152.83871569325763,152.72823791540202,1419.381623355074,1238.4370014778776,-0.6454586060717702,0.36362269789890356,0.0,0.0,0.0,0.0,0.0,45204.774711945414,43200.0,748.8761871765366,1436.8431466460815,0.0,7.503331289626658e-12,-1.1368683772161603e-12,0,0,0,0.0,0,0,True,0,0,,,,0.16394299996136397,0.3289188200415082,0.7339280000451254,0.8800697441134394,3.2377560259774327,-2.5230640890076756,9.462568438069734,6.585518218843422,1147.731806926049,0,167.1249782820817,167.03297419175396,1350.0,1238.4370014778776,-0.6454586060717702,0.36330482453067636,0.0,0.0,0.0,0.0,0.0,52880.60834634732,50400.0,819.0169581787801,1773.1543866906743,0.0,1.318767317570746e-11,-1.0231815394945443e-12,0,0,0,0.0,0,0,True,0,0,,,,0.16394299996136397,0.3289188200415082,0.7339280000451254,1.0155025091505712,3.5300377663224936,-2.1696730330586433,3.3064459477233843,7.993401420364245,1155.8969498832541,0,58.12360559825743,58.36528467583477,1238.4370014778776,1500.0,1.050041669048369,0.0011752683231059935,0.0,0.0,0.0,0.0,0.0,24745.164650545456,15000.0,286.18395948313645,9197.417692540203,0.0,5.6843418860808015e-12,-9.663381206337363e-13,0,0,0,0.0,0,0,True,0,0,,,,0.16287599999031954,0.3744174399935226,0.734078000050431,,,,,,,,,,,,
1d51662afb815f886e6a892a9e4aa57a92f1f105af85fa83950794075ee6f9fd,May2024,550.0,False,0.0,pid_lowdrag_preview,3,97.0,0.9291939930470804,4.0264302883297205,-3.2275210795924067,12.754959789193059,6.582809009494214,1146.5917529403714,0,225.246312026413,225.15016755004265,1350.0,1500.0,-0.6745105851441622,0.2802458195921482,0.0,0.0,0.0,0.0,0.0,77608.92528168403,65400.0,1103.9844453023093,10954.940836381713,0.0,-9.094947017729282e-12,-1.3642420526593924e-12,0,0,0,0.0,0,0,True,0,0,,,,0.16401300001689378,0.424220540014632,2.3892859999250504,0.9751779244501584,4.0264302883297205,-3.2275210795924067,8.666517978244736,6.582809009494214,1146.908531505045,0,152.84074288536175,152.98111535643665,1419.586470815152,1237.142797871695,0.09808863420039415,0.36359190898493166,0.0,0.0,0.0,0.0,0.0,45188.673424492816,43200.0,750.1161274551006,1421.0009699811612,0.0,-1.1141310096718371e-11,4.547473508864641e-13,0,0,0,0.0,0,0,True,0,0,,,,0.1642029999402439,0.351873349936795,0.5452329999116046,0.9355582102361926,4.0264302883297205,-3.2275210795924067,9.468419406293966,6.582809009494214,1146.5917529403714,0,167.12227322774766,167.13625530731886,1350.0,1237.142797871695,0.09808863420039415,0.3633049392085125,0.0,0.0,0.0,0.0,0.0,52863.687399912524,50400.0,819.5233790547601,1757.021222986066,0.0,-2.7284841053187847e-12,7.958078640513122e-13,0,0,0,0.0,0,0,True,0,0,,,,0.1642029999402439,0.351873349936795,0.5452329999116046,0.9074833579459523,2.8546782908961177,-2.8008689135313034,3.2865403828990924,8.00266669339141,1155.0472764818544,0,58.12403879866534,58.01391224272379,1237.142797871695,1500.0,-0.6745105851441622,0.0011671776811645884,0.0,0.0,0.0,0.0,0.0,24745.237881771507,15000.0,284.46106624754907,9197.919613395647,0.0,-5.6843418860808015e-12,-2.0463630789890885e-12,0,0,0,0.0,0,0,True,0,0,,,,0.16401300001689378,0.424220540014632,2.3892859999250504,,,,,,,,,,,,
1d51662afb815f886e6a892a9e4aa57a92f1f105af85fa83950794075ee6f9fd,May2024,550.0,False,0.0,pid_lowdrag_preview,4,97.0,0.9579891174373227,3.629875364713371,-2.9837174732238054,12.763952275125229,6.584986802858431,1146.8658413755213,0,225.2506165241866,225.30890264194147,1350.0,1500.0,0.40890163369476795,0.2802292676754028,0.0,0.0,0.0,0.0,0.0,77615.97315027089,65400.0,1104.7627750467975,10961.210375224095,0.0,3.637978807091713e-12,-4.092726157978177e-12,0,0,0,0.0,0,0,True,0,0,,,,0.164443000016945,0.45266777012102544,1.3075340000341384,0.9508383187091921,3.629875364713371,-2.9837174732238054,8.664257538832626,6.584986802858431,1147.9917482580413,0,152.84119329343548,152.94121414774813,1419.4727421849427,1237.4692967035244,-0.16364894155412912,0.3635761804259021,0.0,0.0,0.0,0.0,0.0,45194.581600245234,43200.0,749.9204788610073,1426.6645668656404,0.0,-4.547473508864641e-12,4.092726157978177e-12,0,0,0,0.0,0,0,True,0,0,,,,0.16620600013084186,0.45868942986317046,1.3075340000341384,0.9224988292789273,3.629875364713371,-2.9837174732238054,9.46655507218462,6.584986802858431,1146.8658413755213,0,167.12667215011226,167.10334613755157,1350.0,1237.4692967035244,-0.16364894155412912,0.3632826777629665,0.0,0.0,0.0,0.0,0.0,52870.75908644372,50400.0,819.3620146999102,1763.9277750402873,0.0,-6.821210263296962e-13,4.206412995699793e-12,0,0,0,0.0,0,0,True,0,0,,,,0.16620600013084186,0.45868942986317046,1.3075340000341384,1.0686376316268447,2.7406986448913813,-2.733866066671908,3.2973972029406085,7.9996521866101356,1155.5350084040397,0,58.12394437407434,58.205556504389904,1237.4692967035244,1500.0,0.40890163369476795,0.0011698097811889685,0.0,0.0,0.0,0.0,0.0,24745.214063827174,15000.0,285.4007603468872,9197.282600183808,0.0,-3.637978807091713e-12,-8.412825991399586e-12,0,0,0,0.0,0,0,True,0,0,,,,0.164443000016945,0.45266777012102544,1.3075340000341384,,,,,,,,,,,,
1d51662afb815f886e6a892a9e4aa57a92f1f105af85fa83950794075ee6f9fd,May2024,550.0,False,0.0,swmpc,0,97.0,0.9578078582819126,3.1076288605108857,-2.9358416218310595,12.815938372981783,5.224254813667747,1146.5508529471003,0,226.44570820768186,226.22655968172498,1350.0,1500.0,-1.5374584589153528,0.24261390438475805,34.57776219486435,0.0,1.0763787545103843e-14,34.57776219486435,0.0,76352.24854404063,65400.0,1109.2623457513848,9692.986198289242,0.0,-3.637978807091713e-12,-6.821210263296962e-13,0,0,0,0.0,0,0,True,1008,0,9.780321008204531e-11,1.9166449125408735e-13,4.631418248304922e-10,0.7375029999820981,1.193852149792747,3.881098999954702,0.9742191032800418,3.1076288605108857,-2.0826163850724697,8.733911195401348,5.224254813667747,1146.5508529471003,0,154.18420461468688,154.17073840388935,1419.3132787060458,1236.0355627677948,-0.5051296977326274,0.31452260478834093,34.57776219486435,0.0,1.0763787545103843e-14,34.57776219486435,0.0,44172.70656703327,43200.0,755.9492358842449,400.03504708726587,0.0,-7.048583938740194e-12,-2.7284841053187847e-12,0,0,0,0.0,0,0,True,1008,0,9.780321008204531e-11,1.9166449125408735e-13,4.631418248304922e-10,0.7734475000233942,1.1978698600296411,3.881098999954702,0.9432588684198245,3.1076288605108857,-2.0826163850724697,9.53014149927962,5.224254813667747,1146.5508529471003,0,168.29777310958903,168.22577184103952,1350.0,1236.0355627677948,-0.5051296977326274,0.31480817694189656,34.57776219486435,0.0,1.0763787545103843e-14,34.57776219486435,0.0,51602.248544040645,50400.0,824.865632712459,491.347348560369,0.0,-2.2509993868879974e-11,-2.9558577807620168e-12,0,0,0,0.0,0,0,True,1008,0,9.780321008204531e-11,1.9166449125408735e-13,4.631418248304922e-10,0.7734475000233942,1.1978698600296411,3.881098999954702,1.0051511285277508,2.9358416218310595,-2.9358416218310595,3.2857968737021626,9.901243377346006,1156.5533607837353,0,58.14793509809283,58.00078784068546,1236.0355627677948,1500.0,-1.5374584589153528,4.114859277248861e-05,0.0,0.0,0.0,0.0,0.0,24750.0,15000.0,284.3967130389258,9201.638849728872,0.0,3.410605131648481e-12,2.1600499167107046e-12,0,0,0,0.0,0,0,True,1008,0,9.780321008204531e-11,1.9166449125408735e-13,4.631418248304922e-10,0.7375029999820981,1.193852149792747,3.881098999954702,0.29558099981841224,0.5564567999545027,3.3331420002014056,0.29558099981841224,0.5564567999545027,3.3331420002014056,0.29558099981841224,0.5564567999545027,3.3331420002014056,0.29558099981841224,0.5564567999545027,3.3331420002014056
1d51662afb815f886e6a892a9e4aa57a92f1f105af85fa83950794075ee6f9fd,May2024,550.0,False,0.0,swmpc,1,97.0,0.8768876455901838,3.114487459883094,-2.6624806225299835,12.8327737714753,5.214043767241286,1146.6831620271591,0,226.64108931453836,226.52373763086845,1350.0,1500.0,-0.8232977064326406,0.2418045448303141,34.587394266621345,0.0,1.3041189624204074e-14,34.587394266621345,0.0,76394.45483480018,65400.0,1110.7195058188768,9733.735328981309,0.0,1.8189894035458565e-12,-3.183231456205249e-12,0,0,0,0.0,0,0,True,1008,0,6.967229490332101e-11,2.071914261473046e-13,3.787779439989674e-10,0.7160160000694304,1.0574454200559569,2.0943519998581905,0.9009719635961707,3.114487459883094,-2.3499280782416463,8.74125085454639,5.225952063905165,1146.6831620271591,0,154.35373687843028,154.30029784692766,1419.4725807137213,1236.0601453819954,-0.3243351327255368,0.31354527096793294,34.587394266621345,0.0,1.3041189624204074e-14,34.587394266621345,0.0,44201.07997005944,43200.0,756.5845079402843,427.9078974508973,0.0,1.2278178473934531e-11,-1.1368683772161603e-13,0,0,0,0.0,0,0,True,1008,0,6.967229490332101e-11,2.071914261473046e-13,3.787779439989674e-10,0.7418100000222694,1.0850242599371984,2.0943519998581905,0.8601593001142245,3.114487459883094,-2.3499280782416463,9.54267303748735,5.214043767241286,1146.6831620271591,0,168.4932086039186,168.446978177536,1350.0,1236.0601453819954,-0.3243351327255368,0.31375784105139326,34.587394266621345,0.0,1.3041189624204074e-14,34.587394266621345,0.0,51644.454834800184,50400.0,825.9502792723646,532.4444101458291,0.0,4.661160346586257e-12,-1.1368683772161603e-13,0,0,0,0.0,0,0,True,1008,0,6.967229490332101e-11,2.071914261473046e-13,3.787779439989674e-10,0.7418100000222694,1.0850242599371984,2.0943519998581905,0.9308955682274243,2.7241327231749892,-2.6624806225299835,3.2901007339879484,9.900473134028303,1156.2512731168317,0,58.14788071061977,58.07675945333244,1236.0601453819954,1500.0,-0.8232977064326406,4.1469527488180447e-05,0.0,0.0,0.0,0.0,0.0,24750.0,15000.0,284.7692265465123,9201.290918835479,0.0,-4.547473508864641e-12,-2.8990143619012088e-12,0,0,0,0.0,0,0,True,1008,0,6.967229490332101e-11,2.071914261473046e-13,3.787779439989674e-10,0.7160160000694304,1.0574454200559569,2.0943519998581905,0.27722900017579377,0.42720685990616397,0.6645630001003155,0.27722900017579377,0.42720685990616397,0.6645630001003155,0.27722900017579377,0.42720685990616397,0.6645630001003155,0.27722900017579377,0.42720685990616397,0.6645630001003155
1d51662afb815f886e6a892a9e4aa57a92f1f105af85fa83950794075ee6f9fd,May2024,550.0,False,0.0,swmpc,2,97.0,0.9147205642388996,3.530263011343777,-2.357039392925799,12.832889735567921,5.212129055652328,1147.0387876948075,0,226.37610919826528,226.5257846255522,1350.0,1500.0,1.0500476732850075,0.24276776519931043,34.554423378225096,0.0,1.2837389199940037e-14,34.554423378225096,0.0,76370.65287518303,65400.0,1110.7295428990888,9709.923332283966,0.0,2.1827872842550278e-11,-2.2737367544323206e-13,0,0,0,0.0,0,0,True,1008,0,8.68118401148841e-11,2.0895779564565572e-13,4.831095411306499e-10,0.741113999879417,1.3667777200066673,22.437786000182314,0.9285542719623223,3.114484189078212,-2.357039392925799,8.725660491212038,5.22385668702989,1147.0387876948075,0,154.09452713416954,154.02509722106086,1419.2652629339234,1237.2852748773203,-0.6953707244247198,0.3149263412826607,34.554423378225096,0.0,1.2837389199940037e-14,34.554423378225096,0.0,44179.24115707935,43200.0,755.2351098314595,405.98603530449964,0.0,7.617018127348274e-12,4.661160346586257e-12,0,0,0,0.0,0,0,True,1008,0,8.68118401148841e-11,2.0895779564565572e-13,4.831095411306499e-10,0.7755404999443272,1.3943314700441065,4.392861000042103,0.8819240759565079,3.114484189078212,-2.357039392925799,9.524672011008642,5.212129055652328,1147.0387876948075,0,168.2283436245926,168.12922459816485,1350.0,1237.2852748773203,-0.6953707244247198,0.31500855912930725,34.554423378225096,0.0,1.2837389199940037e-14,34.554423378225096,0.0,51620.652875183034,50400.0,824.392230202798,508.97537010292467,0.0,9.208633855450898e-12,4.661160346586257e-12,0,0,0,0.0,0,0,True,1008,0,8.68118401148841e-11,2.0895779564565572e-13,4.831095411306499e-10,0.7755404999443272,1.3943314700441065,4.392861000042103,1.0172006310808237,3.530263011343777,-2.169225787743926,3.308217724559279,9.90712577314668,1155.8928487565317,0,58.14776557367267,58.39656002738735,1237.2852748773203,1500.0,1.0500476732850075,3.8697594522241197e-05,0.0,0.0,0.0,0.0,0.0,24750.0,15000.0,286.33731269629067,9200.947962181039,0.0,9.094947017729282e-12,-4.831690603168681e-12,0,0,0,0.0,0,0,True,1008,0,8.68118401148841e-11,2.0895779564565572e-13,4.831095411306499e-10,0.741113999879417,1.3667777200066673,22.437786000182314,0.30755450006836327,0.6013585799746577,1.5195839998796146,0.30755450006836327,0.6013585799746577,1.5195839998796146,0.30755450006836327,0.6013585799746577,1.5195839998796146,0.30755450006836327,0.6013585799746577,1.5195839998796146
1d51662afb815f886e6a892a9e4aa57a92f1f105af85fa83950794075ee6f9fd,May2024,550.0,False,0.0,swmpc,3,97.0,0.9198837977062186,2.8546000039204955,-2.8340027946978807,12.840223935463476,5.219005664792649,1146.8251365902302,0,226.7513935513427,226.65524770208395,1350.0,1500.0,-0.674518221989274,0.24134572758712747,34.56706761660988,0.0,1.0940805682697441e-14,34.56706761660988,0.0,76388.22149179925,65400.0,1111.3643424388192,9726.857149360438,0.0,3.637978807091713e-12,2.2737367544323206e-12,0,0,0,0.0,0,0,True,1008,0,7.543644931999265e-11,1.8729153326504838e-13,2.806179036542359e-10,0.7553194999445623,1.3427468800568934,18.9776830000028,0.9686593514581473,2.8340027946978807,-2.8340027946978807,8.758673312338015,5.219005664792649,1147.04627039554,0,154.46897893193494,154.6078385491924,1419.483605500113,1236.344955103004,-0.16510456055402756,0.3129001359211535,34.56706761660988,0.0,1.0940805682697441e-14,34.56706761660988,0.0,44200.66870135727,43200.0,758.0924799542163,425.7148718001622,0.0,2.9558577807620168e-12,3.069544618483633e-12,0,0,0,0.0,0,0,True,1008,0,7.543644931999265e-11,1.8729153326504838e-13,2.806179036542359e-10,0.7943494999835821,1.3626021198479061,18.9776830000028,0.9235058090441975,2.8340027946978807,-2.8340027946978807,9.550201132853642,5.219005664792649,1146.8251365902302,0,168.6033982345911,168.57986389109956,1350.0,1236.344955103004,-0.16510456055402756,0.31316285836717117,34.56706761660988,0.0,1.0940805682697441e-14,34.56706761660988,0.0,51638.22149179925,50400.0,826.6018611138235,525.2746755824282,0.0,2.3874235921539366e-12,2.9558577807620168e-12,0,0,0,0.0,0,0,True,1008,0,7.543644931999265e-11,1.8729153326504838e-13,2.806179036542359e-10,0.7943494999835821,1.3626021198479061,18.9776830000028,0.9076079698935998,2.8546000039204955,-2.801034257747233,3.2900228026098333,9.90359640116666,1155.0441585950541,0,58.147995316751576,58.07538381098439,1236.344955103004,1500.0,-0.674518221989274,4.0168166180687415e-05,0.0,0.0,0.0,0.0,0.0,24750.0,15000.0,284.762481324996,9201.58247377801,0.0,2.2737367544323206e-12,-5.684341886080801e-13,0,0,0,0.0,0,0,True,1008,0,7.543644931999265e-11,1.8729153326504838e-13,2.806179036542359e-10,0.7553194999445623,1.3427468800568934,18.9776830000028,0.31635749996894447,0.5812583600686594,10.435552999979336,0.31635749996894447,0.5812583600686594,10.435552999979336,0.31635749996894447,0.5812583600686594,10.435552999979336,0.31635749996894447,0.5812583600686594,10.435552999979336
1d51662afb815f886e6a892a9e4aa57a92f1f105af85fa83950794075ee6f9fd,May2024,550.0,False,0.0,swmpc,4,97.0,0.9780024495744988,3.092717617750168,-2.921064732596278,12.841176812175748,5.215214309448136,1146.981361330864,0,226.61377948796434,226.67206785322253,1350.0,1500.0,0.4089199872687459,0.24201856414857537,34.57589583546106,0.0,1.1170628097182531e-14,34.57589583546106,0.0,76393.12934394521,65400.0,1111.4468171064027,9731.682526838807,0.0,-1.8189894035458565e-12,3.410605131648481e-12,0,0,0,0.0,0,0,True,1008,0,6.46602871089799e-11,1.9209419898936762e-13,4.829258207865423e-10,0.7210679999616332,1.096459430023061,3.4052809999138844,0.9844254355634849,3.092717617750168,-2.921064732596278,8.748716527455752,5.215214309448136,1147.6544797513247,0,154.33442572688676,154.4320816811532,1419.40023566045,1236.477381398576,-0.09229064546525478,0.313817758460077,34.57589583546106,0.0,1.1170628097182531e-14,34.57589583546106,0.0,44206.48295908067,43200.0,757.2306869092399,432.1751264333161,0.0,1.2505552149377763e-11,0.0,0,0,0,0.0,0,0,True,1008,0,6.46602871089799e-11,1.9209419898936762e-13,4.829258207865423e-10,0.7509284999969168,1.1284491300921207,3.4052809999138844,0.9491115142074391,3.092717617750168,-2.921064732596278,9.542996647939182,5.215214309448136,1146.981361330864,0,168.46584533682486,168.4526905395231,1350.0,1236.477381398576,-0.09229064546525478,0.31403566134658345,34.57589583546106,0.0,1.1170628097182531e-14,34.57589583546106,0.0,51643.1293439452,50400.0,825.9782888397067,530.6736737069243,0.0,8.640199666842818e-12,1.1368683772161603e-13,0,0,0,0.0,0,0,True,1008,0,6.46602871089799e-11,1.9209419898936762e-13,4.829258207865423e-10,0.7509284999969168,1.1284491300921207,3.4052809999138844,1.0693739155606874,2.737892225384712,-2.7339925710111856,3.298180164236566,9.901317848156445,1155.5371565574833,0,58.14793415113948,58.219377313699425,1236.477381398576,1500.0,0.4089199872687459,4.111756326818927e-05,0.0,0.0,0.0,0.0,0.0,24750.0,15000.0,285.468528266696,9201.008853131882,0.0,1.5916157281026244e-12,3.240074875066057e-12,0,0,0,0.0,0,0,True,1008,0,6.46602871089799e-11,1.9209419898936762e-13,4.829258207865423e-10,0.7210679999616332,1.096459430023061,3.4052809999138844,0.28382849995978177,0.4945460600424666,0.7920959999410115,0.28382849995978177,0.4945460600424666,0.7920959999410115,0.28382849995978177,0.4945460600424666,0.7920959999410115,0.28382849995978177,0.4945460600424666,0.7920959999410115
1d51662afb815f886e6a892a9e4aa57a92f1f105af85fa83950794075ee6f9fd,May2024,550.0,False,0.0,swmpc_nosw,0,97.0,0.9880558839070658,3.323261560872197,-3.242073357105255,12.839271432484475,5.2243817877033205,1146.6313889936825,0,226.82022526391282,226.6384341480728,1350.0,1500.0,-1.2753717778250575,0.2414153487140004,34.49962425058853,0.0,1.136961678370447e-14,34.49962425058853,0.0,76359.9380587666,65400.0,1111.2819001190996,9698.65615864748,0.0,-1.4551915228366852e-11,0.0,0,0,0,0.0,0,0,True,1008,0,7.393599443388932e-11,1.558862483541645e-13,3.346217836758286e-10,0.7361915000956287,1.250600090079388,3.807087000041065,1.027229793877821,3.323261560872197,-3.242073357105255,8.760515385399268,5.2243817877033205,1146.6313889936825,0,154.5584146331357,154.64035476760603,1419.3206530683037,1236.1268253580115,0.26054874807596207,0.3127129242495329,34.49962425058853,0.0,1.136961678370447e-14,34.49962425058853,0.0,44179.88446896606,43200.0,758.2519175408745,404.8263791354682,0.0,-1.1368683772161603e-11,1.3642420526593924e-12,0,0,0,0.0,0,0,True,1008,0,7.393599443388932e-11,1.558862483541645e-13,3.346217836758286e-10,0.7714145000363715,1.2771090301293944,3.807087000041065,0.9869191690482538,3.323261560872197,-3.242073357105255,9.557541795564498,5.2243817877033205,1146.6313889936825,0,168.67230141590707,168.7094410490504,1350.0,1236.1268253580115,0.26054874807596207,0.3132529955352422,34.49962425058853,0.0,1.136961678370447e-14,34.49962425058853,0.0,51609.93805876661,50400.0,827.2372200318378,496.5740133767463,0.0,-1.3642420526593924e-11,1.5916157281026244e-12,0,0,0,0.0,0,0,True,1008,0,7.393599443388932e-11,1.558862483541645e-13,3.346217836758286e-10,0.7714145000363715,1.2771090301293944,3.807087000041065,0.9918657037344606,2.958476490341127,-2.958476490341127,3.2817296369199767,9.901947052894094,1156.214092521349,0,58.147923848005746,57.92899309902239,1236.1268253580115,1500.0,-1.2753717778250575,4.085539462739263e-05,0.0,0.0,0.0,0.0,0.0,24750.0,15000.0,284.0446800872619,9202.082145270735,0.0,-1.5006662579253316e-11,-1.7053025658242404e-12,0,0,0,0.0,0,0,True,1008,0,7.393599443388932e-11,1.558862483541645e-13,3.346217836758286e-10,0.7361915000956287,1.250600090079388,3.807087000041065,0.2977689999852373,0.5603310001015409,3.1004899999516056,0.2977689999852373,0.5603310001015409,3.1004899999516056,0.2977689999852373,0.5603310001015409,3.1004899999516056,0.2977689999852373,0.5603310001015409,3.1004899999516056
1d51662afb815f886e6a892a9e4aa57a92f1f105af85fa83950794075ee6f9fd,May2024,550.0,False,0.0,swmpc_nosw,1,97.0,0.9079769107390712,3.2352691683918238,-3.2352691683918238,12.836184793417184,5.214811511784889,1146.6639271809333,0,226.68201937691921,226.58394888785944,1350.0,1500.0,-0.6880257576704025,0.24172334366488324,34.506097678500794,0.0,1.12592056463466e-14,34.506097678500794,0.0,76402.72757398055,65400.0,1111.0147411805622,9741.712832799978,0.0,-7.275957614183426e-12,1.4097167877480388e-11,0,0,0,0.0,0,0,True,1008,0,6.813970088007445e-11,1.7060474582868707e-13,4.735715399535567e-10,0.7557704999499038,1.2576953000393587,3.56364999993275,0.9756369889687679,3.2352691683918238,-3.2352691683918238,8.748683538100938,5.228752367529353,1146.6639271809333,0,154.3946407690811,154.43149935405242,1419.482001790268,1236.1410051900361,0.40774288307875395,0.3134275871805303,34.506097678500794,0.0,1.12592056463466e-14,34.506097678500794,0.0,44208.967585803606,43200.0,757.2278315702088,435.0807508336352,0.0,5.9117155615240335e-12,3.751665644813329e-12,0,0,0,0.0,0,0,True,1008,0,6.813970088007445e-11,1.7060474582868707e-13,4.735715399535567e-10,0.7977939999364025,1.3033575199460747,3.56364999993275,0.9275207348495326,3.2352691683918238,-3.2352691683918238,9.550904021510668,5.214811511784889,1146.6639271809333,0,168.5341502461268,168.5922712605865,1350.0,1236.1410051900361,0.40774288307875395,0.313652612523721,34.506097678500794,0.0,1.12592056463466e-14,34.506097678500794,0.0,51652.72757398054,50400.0,826.662698478815,539.9238703116964,0.0,6.59383658785373e-12,3.751665644813329e-12,0,0,0,0.0,0,0,True,1008,0,6.813970088007445e-11,1.7060474582868707e-13,4.735715399535567e-10,0.7977939999364025,1.3033575199460747,3.56364999993275,0.8389815191546355,2.846521832048893,-1.9679813999682665,3.285280771906516,9.901599281948455,1156.1378620224505,0,58.1478691307924,57.991677627272935,1236.1410051900361,1500.0,-0.6880257576704025,4.100029918807646e-05,0.0,0.0,0.0,0.0,0.0,24750.0,15000.0,284.3520427017471,9201.788962488281,0.0,-8.640199666842818e-12,1.0231815394945443e-11,0,0,0,0.0,0,0,True,1008,0,6.813970088007445e-11,1.7060474582868707e-13,4.735715399535567e-10,0.7557704999499038,1.2576953000393587,3.56364999993275,0.30412399985380034,0.6137838299264328,2.956574000108958,0.30412399985380034,0.6137838299264328,2.956574000108958,0.30412399985380034,0.6137838299264328,2.956574000108958,0.30412399985380034,0.6137838299264328,2.956574000108958
1d51662afb815f886e6a892a9e4aa57a92f1f105af85fa83950794075ee6f9fd,May2024,550.0,False,0.0,swmpc_nosw,2,97.0,0.884946040675939,2.70575247798115,-2.70575247798115,12.861859779957115,5.213086940998304,1146.9794275974102,0,226.89565836069033,227.03716298000853,1350.0,1500.0,0.9927283022552729,0.24116684741023287,34.48632965150032,0.0,1.3450757861883115e-14,34.48632965150032,0.0,76379.36249765573,65400.0,1113.2369971689498,9716.125500486814,0.0,3.092281986027956e-11,-5.6843418860808015e-12,0,0,0,0.0,0,0,True,1008,0,9.38228763389882e-11,1.66899854287654e-13,3.8098066838371684e-10,0.7523705000949121,1.2726192499962965,2.9070990001400787,0.9343649155192075,2.70575247798115,-2.70575247798115,8.761040573563772,5.222637857430882,1146.9794275974102,0,154.61643323633058,154.64962537332892,1419.275074245565,1237.199765982772,0.12455607578158379,0.3124688302769414,34.48632965150032,0.0,1.3450757861883115e-14,34.48632965150032,0.0,44187.614898541084,43200.0,758.2973743336781,411.39283247021376,0.0,1.5234036254696548e-11,-7.503331289626658e-12,0,0,0,0.0,0,0,True,1008,0,9.38228763389882e-11,1.66899854287654e-13,3.8098066838371684e-10,0.7926165000071705,1.2923572700879047,2.9070990001400787,0.885716235458928,2.70575247798115,-2.70575247798115,9.560728399673646,5.213086940998304,1146.9794275974102,0,168.74793631725967,168.7656908891857,1350.0,1237.199765982772,0.12455607578158379,0.31293102790810023,34.48632965150032,0.0,1.3450757861883115e-14,34.48632965150032,0.0,51629.36249765573,50400.0,827.5130312792162,514.6497003937716,0.0,2.6830093702301383e-11,-7.617018127348274e-12,0,0,0,0.0,0,0,True,1008,0,9.38228763389882e-11,1.66899854287654e-13,3.8098066838371684e-10,0.7926165000071705,1.2923572700879047,2.9070990001400787,0.8823532618063876,2.4971548272296786,-1.6138934614136815,3.3011313802834685,9.905917750243123,1155.6392156999964,0,58.14772204343066,58.27147209082284,1237.199765982772,1500.0,0.9927283022552729,3.9200937398731206e-05,0.0,0.0,0.0,0.0,0.0,24750.0,15000.0,285.72396588973356,9201.475800093045,0.0,7.275957614183426e-12,1.9326762412674725e-12,0,0,0,0.0,0,0,True,1008,0,9.38228763389882e-11,1.66899854287654e-13,3.8098066838371684e-10,0.7523705000949121,1.2726192499962965,2.9070990001400787,0.30315250000967353,0.5873231201189809,2.3147550000430783,0.30315250000967353,0.5873231201189809,2.3147550000430783,0.30315250000967353,0.5873231201189809,2.3147550000430783,0.30315250000967353,0.5873231201189809,2.3147550000430783
1d51662afb815f886e6a892a9e4aa57a92f1f105af85fa83950794075ee6f9fd,May2024,550.0,False,0.0,swmpc_nosw,3,97.0,0.9452869558502198,3.2263627583160996,-3.2263627583160996,12.841808826889459,5.220840853097677,1146.8898994033884,0,226.75839105068306,226.68322415798514,1350.0,1500.0,-0.5273356754332781,0.24137644804913738,34.499778384797786,0.0,1.0790317826665818e-14,34.499778384797786,0.0,76394.61936031759,65400.0,1111.5015200944547,9733.117840223125,0.0,-1.2732925824820995e-11,-1.1141310096718371e-11,0,0,0,0.0,0,0,True,1008,0,6.789201000005341e-11,1.750750351398974e-13,4.666509442238272e-10,0.7210130000885329,1.0847102999605345,1.4634489998570643,1.03301983898723,3.2263627583160996,-3.2263627583160996,8.763787949101175,5.220840853097677,1147.05305770996,0,154.47522260110262,154.69812196389435,1419.4925815029576,1236.4874153779094,0.5193045055493712,0.31295663150675446,34.499778384797786,0.0,1.0790317826665818e-14,34.499778384797786,0.0,44206.216973270755,43200.0,758.5351688786145,430.68697051717777,0.0,-1.1141310096718371e-11,-3.183231456205249e-12,0,0,0,0.0,0,0,True,1008,0,6.789201000005341e-11,1.750750351398974e-13,4.666509442238272e-10,0.7464770001206489,1.10482698000851,1.4634489998570643,0.982319314778899,3.2263627583160996,-3.2263627583160996,9.55612511863645,5.220840853097677,1146.8898994033884,0,168.61041165408776,168.68443391041595,1350.0,1236.4874153779094,0.5193045055493712,0.3132028667569795,34.499778384797786,0.0,1.0790317826665818e-14,34.499778384797786,0.0,51644.6193603176,50400.0,827.1146019037924,531.0173430358839,0.0,-1.4097167877480388e-11,-3.296918293926865e-12,0,0,0,0.0,0,0,True,1008,0,6.789201000005341e-11,1.750750351398974e-13,4.666509442238272e-10,0.7464770001206489,1.10482698000851,1.4634489998570643,0.808528191478742,2.3007519114762545,-1.607861646451056,3.285683708253009,9.904765142109735,1155.0589980263428,0,58.147979396595304,57.99879024756919,1236.4874153779094,1500.0,-0.5273356754332781,3.968119078767707e-05,0.0,0.0,0.0,0.0,0.0,24750.0,15000.0,284.38691819066236,9202.100497187239,0.0,-7.503331289626658e-12,-8.01492205937393e-12,0,0,0,0.0,0,0,True,1008,0,6.789201000005341e-11,1.750750351398974e-13,4.666509442238272e-10,0.7210130000885329,1.0847102999605345,1.4634489998570643,0.2744490000168298,0.5313014301032113,0.8142699998643366,0.2744490000168298,0.5313014301032113,0.8142699998643366,0.2744490000168298,0.5313014301032113,0.8142699998643366,0.2744490000168298,0.5313014301032113,0.8142699998643366
1d51662afb815f886e6a892a9e4aa57a92f1f105af85fa83950794075ee6f9fd,May2024,550.0,False,0.0,swmpc_nosw,4,97.0,1.0225798294534791,3.851859892718494,-3.851859892718494,12.854272665413887,5.218120754396388,1147.046915819695,0,226.8245306040535,226.90323546170492,1350.0,1500.0,0.5521566849201918,0.24134065400158766,34.49382851934463,0.0,1.1564718101583018e-14,34.49382851934463,0.0,76391.67747469404,65400.0,1112.58030702027,9729.097167673775,0.0,1.0913936421275139e-11,6.821210263296962e-13,0,0,0,0.0,0,0,True,1008,0,9.836556639929689e-11,1.4624130966389552e-13,2.916014088214875e-10,0.8240385000135575,1.2750957200159976,2.324439999938477,1.0953212510764654,3.851859892718494,-3.851859892718494,8.765628490405112,5.220308593463779,1147.621809063405,0,154.54514097681505,154.7306111437762,1419.4094969530536,1236.5359689005284,0.6120555745437741,0.31279769624630815,34.49382851934463,0.0,1.1564718101583018e-14,34.49382851934463,0.0,44204.13370220164,43200.0,758.6944738865577,428.3127563676028,0.0,-2.5011104298755527e-12,7.958078640513122e-13,0,0,0,0.0,0,0,True,1008,0,9.836556639929689e-11,1.4624130966389552e-13,2.916014088214875e-10,0.8905040000399822,1.2853860600239386,2.324439999938477,1.0450721485041203,3.851859892718494,-3.851859892718494,9.56062443482684,5.218120754396388,1147.046915819695,0,168.67661200643522,168.76385570483026,1350.0,1236.5359689005284,0.6120555745437741,0.31315612526693515,34.49382851934463,0.0,1.1564718101583018e-14,34.49382851934463,0.0,51641.67747469405,50400.0,827.504032773888,527.6374730196242,0.0,-9.549694368615746e-12,7.958078640513122e-13,0,0,0,0.0,0,0,True,1008,0,9.836556639929689e-11,1.4624130966389552e-13,2.916014088214875e-10,0.8905040000399822,1.2853860600239386,2.324439999938477,0.9430845031134607,2.6785461781546474,-2.508788541890681,3.2936482305870474,9.902390679951734,1155.471141522014,0,58.147918597618286,58.13937975687466,1236.5359689005284,1500.0,0.5521566849201918,4.0670550020105445e-05,0.0,0.0,0.0,0.0,0.0,24750.0,15000.0,285.07627424638196,9201.459694654153,0.0,6.139089236967266e-12,-2.8421709430404007e-13,0,0,0,0.0,0,0,True,1008,0,9.836556639929689e-11,1.4624130966389552e-13,2.916014088214875e-10,0.8240385000135575,1.2750957200159976,2.324439999938477,0.3402179999056898,0.5967646000271998,0.6625000000894943,0.3402179999056898,0.5967646000271998,0.6625000000894943,0.3402179999056898,0.5967646000271998,0.6625000000894943,0.3402179999056898,0.5967646000271998,0.6625000000894943
1d51662afb815f886e6a892a9e4aa57a92f1f105af85fa83950794075ee6f9fd,May2024,550.0,False,180.0,pid_lowdrag_preview,0,96.25,0.9256280644716727,3.0521929543465376,-2.702489255927503,12.653535335514318,6.6162756980688915,1048.3521852516526,0,223.6235726409798,223.3598261364378,1350.0,1500.0,-1.8503389516845345,0.28124225204420916,0.0,0.0,0.0,0.0,0.0,76712.67235848134,64950.0,1095.2058194904532,10517.46653899087,0.0,-2.1827872842550278e-11,0.0,0,0,0,0.0,0,0,True,0,0,,,,0.1607219999186782,0.2786743400793056,0.534687000026679,0.9263084184088114,3.0521929543465376,-2.2495358353480697,8.68559069038373,6.6162756980688915,1147.2333002507219,0,153.24444624095025,153.31778629893188,1294.848816429652,1413.209895588256,0.306935696862638,0.36318973731446624,0.0,0.0,0.0,0.0,0.0,45508.28131963126,43200.0,751.7669345042141,1438.1533059684307,0.0,-1.5006662579253316e-11,-1.0231815394945443e-12,0,0,0,0.0,0,0,True,0,0,,,,0.16192400005365926,0.28337631001249947,0.534687000026679,0.9029103272315706,3.0521929543465376,-2.2495358353480697,9.45819714368911,6.6162756980688915,1048.3521852516526,0,166.912059735238,166.95581223448485,1350.0,1413.209895588256,0.306935696862638,0.3621533049595771,0.0,0.0,0.0,0.0,0.0,52898.06660925309,50400.0,818.6386080246593,1616.21810564016,0.0,-1.2960299500264227e-11,-1.0231815394945443e-12,0,0,0,0.0,0,0,True,0,0,,,,0.16192400005365926,0.28337631001249947,0.534687000026679,1.0003396073703867,2.702489255927503,-2.702489255927503,3.1953381918252077,8.259520914826963,1155.1960645405927,0,56.71151290574181,56.404013901952936,1413.209895588256,1500.0,-1.8503389516845345,0.0009730378219038327,0.0,0.0,0.0,0.0,0.0,23814.60574922825,14550.0,276.56721146579383,8901.24843335071,0.0,-2.0463630789890885e-12,1.0800249583553523e-12,0,0,0,0.0,0,0,True,0,0,,,,0.1607219999186782,0.2786743400793056,0.534687000026679,,,,,,,,,,,,
1d51662afb815f886e6a892a9e4aa57a92f1f105af85fa83950794075ee6f9fd,May2024,550.0,False,180.0,pid_lowdrag_preview,1,96.25,0.9218151263407739,4.206779072061181,-3.179855185560882,12.661497447270936,6.603351146939445,1048.5041115938952,0,223.65201965835604,223.5003730943034,1350.0,1500.0,-1.0638986332342029,0.281234838230922,0.0,0.0,0.0,0.0,0.0,76725.84131213865,64950.0,1095.8949669026233,10529.946345236047,0.0,1.4551915228366852e-11,-4.547473508864641e-13,0,0,0,0.0,0,0,True,0,0,,,,0.1624849999188882,0.3188156200576485,0.515979000056177,0.9581667442020709,4.206779072061181,-3.179855185560882,8.683869382382722,6.603351146939445,1147.7199737501758,0,153.26990885132128,153.2874018217381,1294.2058539581399,1412.7282795059996,0.42035417910665274,0.3631939734043409,0.0,0.0,0.0,0.0,0.0,45523.859204984285,43200.0,751.6179495375741,1453.7188298988588,0.0,7.958078640513122e-12,-1.0231815394945443e-12,0,0,0,0.0,0,0,True,0,0,,,,0.1632914999163404,0.29293869016100865,0.455418000001373,0.9111477200767278,4.206779072061181,-3.179855185560882,9.460647475926905,6.603351146939445,1048.5041115938952,0,166.939145574414,166.99906542563716,1350.0,1412.7282795059996,0.42035417910665274,0.36214961033260584,0.0,0.0,0.0,0.0,0.0,52910.49726797628,50400.0,818.8506924781625,1628.9182959921336,0.0,1.6143530956469476e-11,-1.1368683772161603e-12,0,0,0,0.0,0,0,True,0,0,,,,0.1632914999163404,0.29293869016100865,0.455418000001373,0.9578480911515133,3.059407769702375,-3.059407769702375,3.200849971344031,8.282283478865546,1155.2938932754057,0,56.71287408394204,56.50130766866624,1412.7282795059996,1500.0,-1.0638986332342029,0.0009527410539552639,0.0,0.0,0.0,0.0,0.0,23815.344044162382,14550.0,277.04427442446087,8901.028049243912,0.0,-8.640199666842818e-12,6.821210263296962e-13,0,0,0,0.0,0,0,True,0,0,,,,0.1624849999188882,0.3188156200576485,0.515979000056177,,,,,,,,,,,,
1d51662afb815f886e6a892a9e4aa57a92f1f105af85fa83950794075ee6f9fd,May2024,550.0,False,180.0,pid_lowdrag_preview,2,96.25,0.9100266987362501,3.2714705988764763,-3.1494238656014204,12.655516707655215,6.608123213901774,1047.639091044631,0,223.64512373857042,223.39480125802785,1350.0,1500.0,-1.7561637675389647,0.28115426629739704,0.0,0.0,0.0,0.0,0.0,76712.78759664453,64950.0,1095.377313878522,10517.410282766015,0.0,9.094947017729282e-12,-1.1368683772161603e-12,0,0,0,0.0,0,0,True,0,0,,,,0.16007199997147836,0.24977227998078885,0.4727929999717162,0.9250005846103108,3.2714705988764763,-3.1494238656014204,8.676634367628134,6.608123213901774,1147.596220976941,0,153.26535780074795,153.1596895583414,1294.5259297903585,1412.4112567467646,-0.7172435773536563,0.3630738941094701,0.0,0.0,0.0,0.0,0.0,45510.89313806986,43200.0,750.9917348036498,1442.0160763098113,0.0,3.865352482534945e-12,-1.4779288903810084e-12,0,0,0,0.0,0,0,True,0,0,,,,0.16099800006941223,0.25183251991848,0.4207859999496577,0.8837149715325333,3.2714705988764763,-3.1494238656014204,9.451192278392842,6.608123213901774,1047.639091044631,0,166.934399114527,166.83216256242267,1350.0,1412.4112567467646,-0.7172435773536563,0.3620375756259877,0.0,0.0,0.0,0.0,0.0,52898.47705780994,50400.0,818.0323134963867,1618.0334875667893,0.0,-9.094947017729282e-13,-1.4779288903810084e-12,0,0,0,0.0,0,0,True,0,0,,,,0.16099800006941223,0.25183251991848,0.4207859999496577,0.9958077993698802,3.1310492856428027,-1.9139846628531814,3.204324429262373,8.250425477113524,1155.4902612309254,0,56.71072462404342,56.56263869560519,1412.4112567467646,1500.0,-1.7561637675389647,0.0009811535715574804,0.0,0.0,0.0,0.0,0.0,23814.310538834594,14550.0,277.34500038213525,8899.376795199227,0.0,2.7284841053187847e-12,3.979039320256561e-13,0,0,0,0.0,0,0,True,0,0,,,,0.16007199997147836,0.24977227998078885,0.4727929999717162,,,,,,,,,,,,
1d51662afb815f886e6a892a9e4aa57a92f1f105af85fa83950794075ee6f9fd,May2024,550.0,False,180.0,pid_lowdrag_preview,3,96.25,0.9210151702342871,3.5034833615645766,-2.8854511212557554,12.666773592961878,6.622418891913322,1047.808136666058,0,223.62810749200446,223.59350745975442,1350.0,1500.0,-0.24274432100355625,0.2812318593447879,0.0,0.0,0.0,0.0,0.0,76718.8410376895,64950.0,1096.351634965095,10522.489402724399,0.0,-1.0913936421275139e-11,-9.549694368615746e-12,0,0,0,0.0,0,0,True,0,0,,,,0.16232500001933658,0.3516380201699575,0.532743999883678,0.9523676906895671,3.5034833615645766,-2.8854511212557554,8.688992204135777,6.622418891913322,1148.5800362818782,0,153.2459090215808,153.37782971763883,1294.3228359837387,1413.4761415543983,0.02699070330709219,0.3631855938903975,0.0,0.0,0.0,0.0,0.0,45515.318872580785,43200.0,752.0613469002362,1444.1042201098892,0.0,0.0,-4.092726157978177e-12,0,0,0,0.0,0,0,True,0,0,,,,0.1634269999613025,0.32588513003474834,0.532743999883678,0.9141630986854697,3.5034833615645766,-2.8854511212557554,9.456167080303624,6.622418891913322,1047.808136666058,0,166.91612966655197,166.91997761650734,1350.0,1413.4761415543983,0.02699070330709219,0.36214176207936755,0.0,0.0,0.0,0.0,0.0,52904.00217679912,50400.0,818.4628992464559,1622.0631359982694,0.0,3.410605131648481e-12,-4.092726157978177e-12,0,0,0,0.0,0,0,True,0,0,,,,0.1634269999613025,0.32588513003474834,0.532743999883678,0.9443658823243553,2.5816181395202875,-2.5816181395202875,3.210606512658254,8.266705594601095,1154.8389834044442,0,56.71197782545249,56.67352984324708,1413.4761415543983,1500.0,-0.24274432100355625,0.0009666292538726973,0.0,0.0,0.0,0.0,0.0,23814.838860890377,14550.0,277.8887357186392,8900.426266726132,0.0,-3.865352482534945e-12,-5.343281372915953e-12,0,0,0,0.0,0,0,True,0,0,,,,0.16232500001933658,0.3516380201699575,0.532743999883678,,,,,,,,,,,,
1d51662afb815f886e6a892a9e4aa57a92f1f105af85fa83950794075ee6f9fd,May2024,550.0,False,180.0,pid_lowdrag_preview,4,96.25,0.9821250182870732,3.5465730680152774,-3.148862723261118,12.671878717203969,6.623477274169361,1048.1088708552659,0,223.63146696795837,223.68362295972352,1350.0,1500.0,0.3658945895731449,0.28121020536353647,0.0,0.0,0.0,0.0,0.0,76710.66413451667,64950.0,1096.7935005489903,10513.870633967672,0.0,-9.094947017729282e-12,6.821210263296962e-12,0,0,0,0.0,0,0,True,0,0,,,,0.1633669999137055,0.3283164801268867,0.5043119999754708,0.9690275807498085,3.148862723261118,-3.148862723261118,8.683238010122032,6.623477274169361,1147.7441022909704,0,153.25185476201992,153.27625685753287,1293.58052946405,1413.203861807655,-0.2861945768818259,0.3631534045526418,0.0,0.0,0.0,0.0,0.0,45510.16647137901,43200.0,751.5633021559678,1438.9798368794343,0.0,-1.5916157281026244e-12,9.094947017729282e-13,0,0,0,0.0,0,0,True,0,0,,,,0.16466800002490345,0.33020382003087423,0.5043119999754708,0.9420635861933933,3.148862723261118,-3.148862723261118,9.45386022860699,6.623477274169361,1048.1088708552659,0,166.9200510002665,166.8792571395628,1350.0,1413.203861807655,-0.2861945768818259,0.3621114619796987,0.0,0.0,0.0,0.0,0.0,52896.12702097886,50400.0,818.2632335138521,1614.659925657351,0.0,-5.4569682106375694e-12,9.094947017729282e-13,0,0,0,0.0,0,0,True,0,0,,,,0.16466800002490345,0.33020382003087423,0.5043119999754708,1.1097694516501884,3.5465730680152774,-2.4619900370016694,3.2180184885969787,8.257405933549446,1155.379927488618,0,56.71141596769186,56.80436582016071,1413.203861807655,1500.0,0.3658945895731449,0.0009749247137372796,0.0,0.0,0.0,0.0,0.0,23814.53711353781,14550.0,278.5302670351382,8899.210708310318,0.0,-7.275957614183426e-12,6.0822458181064576e-12,0,0,0,0.0,0,0,True,0,0,,,,0.1633669999137055,0.3283164801268867,0.5043119999754708,,,,,,,,,,,,
1d51662afb815f886e6a892a9e4aa57a92f1f105af85fa83950794075ee6f9fd,May2024,550.0,False,180.0,swmpc,0,96.25,0.9381958419781582,2.7296061599627137,-2.6934419963508844,12.743839535444181,5.21909911860018,1047.9695279461066,0,225.2176115408441,224.95387316447565,1350.0,1500.0,-1.8502807514742017,0.24084859290802196,34.56026188788519,0.0,1.2084641012100817e-14,34.56026188788519,0.0,75628.79821784719,64950.0,1103.0219501342008,9425.776267712987,0.0,0.0,3.410605131648481e-12,0,0,0,0.0,0,0,True,1008,0,1.0270678789195934e-10,1.8998085943125457e-13,3.9465146117312555e-10,0.710733000005348,0.9121595998294649,3.4049390001200663,0.9495071239816665,2.7296061599627137,-2.646198231726885,8.761071601298413,5.21909911860018,1147.537815290027,0,154.67137874388317,154.65017307397142,1364.3767341776202,1462.622205820783,-0.02533337753266096,0.3143958228901169,34.56026188788519,0.0,1.0392347288458697e-14,34.56026188788519,0.0,44454.72922928051,43200.0,758.3000598879333,398.1836977494072,0.0,-3.524291969370097e-12,1.8189894035458565e-12,0,0,0,0.0,0,0,True,1008,0,1.0270678789195934e-10,1.8998085943125457e-13,3.9465146117312555e-10,0.7404980000274008,0.9496273100194225,3.4049390001200663,0.9200934584259605,2.7296061599627137,-2.646198231726885,9.548416663919996,5.21909911860018,1047.9695279461066,0,168.5519745860805,168.54836449901572,1350.0,1462.622205820783,-0.02533337753266096,0.309898933431186,34.56026188788519,0.0,1.2084641012100817e-14,34.56026188788519,0.0,51839.32287895783,50400.0,826.4474093571389,500.2532637798997,0.0,-6.366462912410498e-12,2.1600499167107046e-12,0,0,0,0.0,0,0,True,1008,0,1.0270678789195934e-10,1.8998085943125457e-13,3.9465146117312555e-10,0.7404980000274008,0.9496273100194225,3.4049390001200663,0.9983665522172654,2.6934419963508844,-2.6934419963508844,3.195422871524185,7.493944550715215,1155.1984070913122,0,56.66563695476361,56.405508665459934,1462.622205820783,1500.0,-1.8502807514742017,0.0016639082092270163,0.0,0.0,0.0,0.0,0.0,23789.47533888937,14550.0,276.574540777062,8925.523003933087,0.0,-2.5011104298755527e-12,1.4210854715202004e-12,0,0,0,0.0,0,0,True,1008,0,1.0270678789195934e-10,1.8998085943125457e-13,3.9465146117312555e-10,0.710733000005348,0.9121595998294649,3.4049390001200663,0.28367849995447614,0.4025622299332099,2.5521630000184814,0.28367849995447614,0.4025622299332099,2.5521630000184814,0.28367849995447614,0.4025622299332099,2.5521630000184814,0.28367849995447614,0.4025622299332099,2.5521630000184814
1d51662afb815f886e6a892a9e4aa57a92f1f105af85fa83950794075ee6f9fd,May2024,550.0,False,180.0,swmpc,1,96.25,0.8995194755624324,3.9929184885695577,-3.059298660606146,12.720477695103456,5.215850671388912,1048.1166925802268,0,224.69313250621997,224.5414906596374,1350.0,1500.0,-1.063862551935017,0.24253782252992773,34.545269514662884,0.0,1.0836272404401696e-14,34.545269514662884,0.0,75567.98210242829,64950.0,1100.9999046886603,9366.982197739639,0.0,1.2732925824820995e-11,3.865352482534945e-12,0,0,0,0.0,0,0,True,1008,0,8.526200188128077e-11,1.9660234457087935e-13,3.98097284281584e-10,0.7335569998758729,1.1466409798913444,3.2014229998367227,0.9353031458032142,3.9929184885695577,-2.698582638055086,8.733167171429605,5.215850671388912,1147.3777951744273,0,154.18937093608648,154.15760491506168,1363.0189307212931,1460.708054397495,0.32125087175518274,0.31645074976264553,34.545269514662884,0.0,1.0635413218313436e-14,34.545269514662884,0.0,44414.410085161,43200.0,755.8848381201399,360.8361233646533,0.0,-3.183231456205249e-12,2.1600499167107046e-12,0,0,0,0.0,0,0,True,1008,0,8.526200188128077e-11,1.9660234457087935e-13,3.98097284281584e-10,0.7620904999612321,1.1690841500717395,3.2014229998367227,0.8824232867402605,3.9929184885695577,-2.698582638055086,9.521564629732751,5.215850671388912,1048.1166925802268,0,168.02858020727783,168.07437319710507,1350.0,1460.708054397495,0.32125087175518274,0.3120710609058919,34.545269514662884,0.0,1.0836272404401696e-14,34.545269514662884,0.0,51779.10736158295,50400.0,824.1232759566903,444.27603122877144,0.0,5.002220859751105e-12,2.2737367544323206e-12,0,0,0,0.0,0,0,True,1008,0,8.526200188128077e-11,1.9660234457087935e-13,3.98097284281584e-10,0.7620904999612321,1.1690841500717395,3.2014229998367227,0.9563794015344355,3.059298660606146,-3.059298660606146,3.1989130653707054,7.475800880422824,1155.2949249128626,0,56.66455229894214,56.467117462532315,1460.708054397495,1500.0,-1.063862551935017,0.0016804194956608898,0.0,0.0,0.0,0.0,0.0,23788.87474084534,14550.0,276.8766287319701,8922.706166510867,0.0,3.865352482534945e-12,1.7053025658242404e-12,0,0,0,0.0,0,0,True,1008,0,8.526200188128077e-11,1.9660234457087935e-13,3.98097284281584e-10,0.7335569998758729,1.1466409798913444,3.2014229998367227,0.2925864999951955,0.5308914200372782,0.6851250000181608,0.2925864999951955,0.5308914200372782,0.6851250000181608,0.2925864999951955,0.5308914200372782,0.6851250000181608,0.2925864999951955,0.5308914200372782,0.6851250000181608
1d51662afb815f886e6a892a9e4aa57a92f1f105af85fa83950794075ee6f9fd,May2024,550.0,False,180.0,swmpc,2,96.25,0.9161429003116047,3.713540241122246,-3.0509574403986335,12.735365230202147,5.225765386931478,1047.650512409457,0,225.0545940317046,224.8042849825718,1350.0,1500.0,-1.7560678264126182,0.2414396051520915,34.562999677135544,0.0,1.1949372097816548e-14,34.562999677135544,0.0,75603.21858831844,64950.0,1102.2884706621671,9400.930117656279,0.0,1.8189894035458565e-12,2.2737367544323206e-13,0,0,0,0.0,0,0,True,1008,0,8.447729007130857e-11,1.4464962561078206e-13,4.0446205130202705e-10,0.7279989999915415,1.1242110001012404,1.9792369998867798,0.9428343888382262,3.713540241122246,-3.0509574403986335,8.751115494201287,5.230460076348615,1147.3689336490543,0,154.54370437058017,154.47442817017694,1364.089324920872,1463.0499557128803,-0.32677752431482077,0.31491646200345624,34.562999677135544,0.0,1.1949372097816548e-14,34.562999677135544,0.0,44438.05171000217,43200.0,757.4383255075326,381.65275370263043,0.0,3.296918293926865e-12,2.9558577807620168e-12,0,0,0,0.0,0,0,True,1008,0,8.447729007130857e-11,1.4464962561078206e-13,4.0446205130202705e-10,0.7590304999212094,1.1564300501140674,1.9792369998867798,0.8930164006204167,3.713540241122246,-3.0509574403986335,9.537029897607994,5.225765386931478,1047.650512409457,0,168.39394463973923,168.34736564168008,1350.0,1463.0499557128803,-0.32677752431482077,0.31063996149046547,34.562999677135544,0.0,1.1949372097816548e-14,34.562999677135544,0.0,51816.33932709067,50400.0,825.4618466349905,477.82752474280096,0.0,4.547473508864641e-12,3.069544618483633e-12,0,0,0,0.0,0,0,True,1008,0,8.447729007130857e-11,1.4464962561078206e-13,4.0446205130202705e-10,0.7590304999212094,1.1564300501140674,1.9792369998867798,0.992091965175969,3.1310395589098334,-1.9120097383856773,3.1983353325941533,7.41555543902995,1155.493068122028,0,56.660649391965364,56.456919340891716,1463.0499557128803,1500.0,-1.7560678264126182,0.0017352780418481428,0.0,0.0,0.0,0.0,0.0,23786.879261227776,14550.0,276.82662402717676,8923.102592913478,0.0,-1.5916157281026244e-12,-2.5579538487363607e-12,0,0,0,0.0,0,0,True,1008,0,8.447729007130857e-11,1.4464962561078206e-13,4.0446205130202705e-10,0.7279989999915415,1.1242110001012404,1.9792369998867798,0.28694299999187933,0.4535006299192901,0.5670759999247821,0.28694299999187933,0.4535006299192901,0.5670759999247821,0.28694299999187933,0.4535006299192901,0.5670759999247821,0.28694299999187933,0.4535006299192901,0.5670759999247821
1d51662afb815f886e6a892a9e4aa57a92f1f105af85fa83950794075ee6f9fd,May2024,550.0,False,180.0,swmpc,3,96.25,0.9684434654626365,3.3830510918051004,-2.8679728396236897,12.744137516625846,5.2151484207607535,1047.5489955502553,0,224.9937229261637,224.95913311935473,1350.0,1500.0,-0.24267008155584335,0.24156574451446766,34.558702978641875,0.0,1.0965895052535494e-14,34.558702978641875,0.0,75591.63236728005,64950.0,1103.0477414024626,9388.584625877578,0.0,-9.094947017729282e-12,6.59383658785373e-12,0,0,0,0.0,0,0,True,1008,0,8.346801375799036e-11,2.0653345700338825e-13,3.917093207118213e-10,0.7497920000787417,1.3454874201079283,5.270144999940385,1.0287423633493205,3.3830510918051004,-2.8679728396236897,8.758188095183995,5.2151484207607535,1147.8822446680053,0,154.4691666122951,154.59927351054597,1361.9620305222813,1462.9791477856174,0.1596539532765746,0.31521000234430274,34.558702978641875,0.0,1.0965895052535494e-14,34.558702978641875,0.0,44433.92269832091,43200.0,758.0504827861025,374.8550982714619,0.0,-7.73070496506989e-12,9.549694368615746e-12,0,0,0,0.0,0,0,True,1008,0,8.346801375799036e-11,2.0653345700338825e-13,3.917093207118213e-10,0.7820309999715391,1.4989627700356294,5.270144999940385,0.9755323258017089,3.3830510918051004,-2.8679728396236897,9.537444771684003,5.2151484207607535,1047.5489955502553,0,168.33193130532422,168.3546889864238,1350.0,1462.9791477856174,0.1596539532765746,0.3108062287071669,34.558702978641875,0.0,1.0965895052535494e-14,34.558702978641875,0.0,51804.28531571371,50400.0,825.4977553743611,465.8084125537198,0.0,-8.640199666842818e-12,9.208633855450898e-12,0,0,0,0.0,0,0,True,1008,0,8.346801375799036e-11,2.0653345700338825e-13,3.917093207118213e-10,0.7820309999715391,1.4989627700356294,5.270144999940385,0.9434765380545833,2.5807957239449024,-2.5807957239449024,3.2066927449418436,7.429673518413039,1154.840109498619,0,56.661791620839494,56.60444413293092,1462.9791477856174,1500.0,-0.24267008155584335,0.0017224178263546275,0.0,0.0,0.0,0.0,0.0,23787.347051566343,14550.0,277.54998602810156,8922.776213323861,0.0,2.2737367544323206e-12,-2.6716406864579767e-12,0,0,0,0.0,0,0,True,1008,0,8.346801375799036e-11,2.0653345700338825e-13,3.917093207118213e-10,0.7497920000787417,1.3454874201079283,5.270144999940385,0.29665750003005087,0.6089683499476445,4.262083999947208,0.29665750003005087,0.6089683499476445,4.262083999947208,0.29665750003005087,0.6089683499476445,4.262083999947208,0.29665750003005087,0.6089683499476445,4.262083999947208
1d51662afb815f886e6a892a9e4aa57a92f1f105af85fa83950794075ee6f9fd,May2024,550.0,False,180.0,swmpc,4,96.25,1.0038083415530619,3.552547578699887,-3.337187262251973,12.758535135853114,5.213914908074029,1047.9111182898612,0,225.16111502465006,225.21327946202283,1350.0,1500.0,0.3659562198445201,0.24106688325081183,34.548518560551145,0.0,1.131378177431762e-14,34.548518560551145,0.0,75598.84102903181,64950.0,1104.293903518127,9394.5471255137,0.0,1.2732925824820995e-11,-7.048583938740194e-12,0,0,0,0.0,0,0,True,1008,0,8.82427687975438e-11,1.9135045567335088e-13,3.693786605427179e-10,0.7103030000052968,0.9815569999091165,2.072347999956037,1.0041479976904721,3.337187262251973,-3.337187262251973,8.764613071545348,5.2223358338018375,1147.6034199515004,0,154.65193625531754,154.71268700052525,1361.6650484556046,1462.1751562986958,0.2574569471180439,0.31434628326632974,34.548518560551145,0.0,1.0472762017626948e-14,34.548518560551145,0.0,44442.15686834128,43200.0,758.6065859868501,383.0401745113361,0.0,3.410605131648481e-13,-5.6843418860808015e-12,0,0,0,0.0,0,0,True,1008,0,8.82427687975438e-11,1.9135045567335088e-13,3.693786605427179e-10,0.7357404999766004,1.0171991299239378,2.072347999956037,0.9709237483516143,3.337187262251973,-3.337187262251973,9.547624658944095,5.213914908074029,1047.9111182898612,0,168.4976850093526,168.5343840509403,1350.0,1462.1751562986958,0.2574569471180439,0.3101705221581982,34.548518560551145,0.0,1.131378177431762e-14,34.548518560551145,0.0,51810.59040494943,50400.0,826.3788586765763,472.0363899741626,0.0,7.275957614183426e-12,-5.6843418860808015e-12,0,0,0,0.0,0,0,True,1008,0,8.82427687975438e-11,1.9135045567335088e-13,3.693786605427179e-10,0.7357404999766004,1.0171991299239378,2.072347999956037,1.1102125780814964,3.552547578699887,-2.4627017667517066,3.210910476909019,7.456952207596287,1155.3827762127428,0,56.66343001529745,56.67889541108252,1462.1751562986958,1500.0,0.3659562198445201,0.0016975773448139053,0.0,0.0,0.0,0.0,0.0,23788.250624082393,14550.0,277.9150448415508,8922.510735539538,0.0,-2.2737367544323206e-13,-1.1368683772161603e-12,0,0,0,0.0,0,0,True,1008,0,8.82427687975438e-11,1.9135045567335088e-13,3.693786605427179e-10,0.7103030000052968,0.9815569999091165,2.072347999956037,0.27960749991962075,0.45606644001509206,0.9237740000571648,0.27960749991962075,0.45606644001509206,0.9237740000571648,0.27960749991962075,0.45606644001509206,0.9237740000571648,0.27960749991962075,0.45606644001509206,0.9237740000571648
1d51662afb815f886e6a892a9e4aa57a92f1f105af85fa83950794075ee6f9fd,May2024,550.0,False,180.0,swmpc_nosw,0,96.25,0.9816587697306871,3.050413097254932,-3.050413097254932,12.753382735421614,5.22096947991895,1047.9695279461066,0,225.35871655050434,225.1223294441791,1350.0,1500.0,-1.6583929331973195,0.240434868486045,34.50605541393777,0.0,1.1993340490070331e-14,34.50605541393777,0.0,75624.90287903734,64950.0,1103.8479460218757,9421.054933015455,0.0,-1.0913936421275139e-11,-9.322320693172514e-12,0,0,0,0.0,0,0,True,1008,0,8.608989404056118e-11,1.8070608709854718e-13,4.578621518305051e-10,0.7288399999652029,1.1948632400435593,2.573835000021063,1.0201523614024302,3.050413097254932,-3.050413097254932,8.775008621684599,5.22096947991895,1147.4848940426011,0,154.81098600588513,154.8961889397169,1364.2816018645858,1461.8829809995436,0.8024209123104811,0.3137812977269453,34.50605541393777,0.0,1.1296515257794915e-14,34.50605541393777,0.0,44449.645299110605,43200.0,759.5063556328378,392.5375643428072,0.0,-2.5011104298755527e-12,-4.320099833421409e-12,0,0,0,0.0,0,0,True,1008,0,8.608989404056118e-11,1.8070608709854718e-13,4.578621518305051e-10,0.7558959998732462,1.2854457499224714,2.573835000021063,0.9794958385741238,3.050413097254932,-3.050413097254932,9.562999277823193,5.22096947991895,1047.9695279461066,0,168.69139713715586,168.80577636215568,1350.0,1461.8829809995436,0.8024209123104811,0.30937317830491984,34.50605541393777,0.0,1.1993340490070331e-14,34.50605541393777,0.0,51834.49418303897,50400.0,827.7095833809675,494.9016186584536,0.0,-7.844391802791506e-12,-4.206412995699793e-12,0,0,0,0.0,0,0,True,1008,0,8.608989404056118e-11,1.8070608709854718e-13,4.578621518305051e-10,0.7558959998732462,1.2854457499224714,2.573835000021063,0.9891144182741947,2.443739148788154,-2.443739148788154,3.1903834575984202,7.522151138362355,1155.0524173540634,0,56.66731941334848,56.316553082023404,1461.8829809995436,1500.0,-1.6583929331973195,0.001638248907261608,0.0,0.0,0.0,0.0,0.0,23790.408695998354,14550.0,276.1383626409082,8926.153314357001,0.0,1.1368683772161603e-11,-5.059064278611913e-12,0,0,0,0.0,0,0,True,1008,0,8.608989404056118e-11,1.8070608709854718e-13,4.578621518305051e-10,0.7288399999652029,1.1948632400435593,2.573835000021063,0.2770484999246037,0.5407244498746862,1.4758580000489019,0.2770484999246037,0.5407244498746862,1.4758580000489019,0.2770484999246037,0.5407244498746862,1.4758580000489019,0.2770484999246037,0.5407244498746862,1.4758580000489019
1d51662afb815f886e6a892a9e4aa57a92f1f105af85fa83950794075ee6f9fd,May2024,550.0,False,180.0,swmpc_nosw,1,96.25,0.9096829169300532,3.0015361914411187,-2.7837441749870777,12.765627353076106,5.218248247492118,1048.1166925802268,0,225.4585782155611,225.33847106767996,1350.0,1500.0,-0.8426254130899906,0.24007231134793316,34.49321006567766,0.0,1.0586367191781445e-14,34.49321006567766,0.0,75564.33557256471,64950.0,1104.9077586479305,9359.427813916787,0.0,5.4569682106375694e-12,4.320099833421409e-12,0,0,0,0.0,0,0,True,1008,0,4.871805178189624e-11,2.00080886676283e-13,3.8782961975107143e-10,0.7484289999410976,1.2095378599678945,4.498159999911877,0.978370309620526,3.0015361914411187,-2.7837441749870777,8.782225707358307,5.218248247492118,1147.3496752228903,0,154.9536730263132,155.0235847195171,1362.8358752763736,1459.8420113229417,1.118992729112506,0.31274897368878996,34.49321006567766,0.0,1.0586367191781445e-14,34.49321006567766,0.0,44409.76077660572,43200.0,760.1310185448276,352.6236220143344,0.0,1.1141310096718371e-11,-1.0231815394945443e-12,0,0,0,0.0,0,0,True,1008,0,4.871805178189624e-11,2.00080886676283e-13,3.8782961975107143e-10,0.783092000006036,1.2596675699592195,4.498159999911877,0.9219927104590782,3.0015361914411187,-2.7837441749870777,9.571302759311502,5.218248247492118,1048.1166925802268,0,168.7928449528774,168.95234916828332,1350.0,1459.8420113229417,1.118992729112506,0.3088989939761124,34.49321006567766,0.0,1.0586367191781445e-14,34.49321006567766,0.0,51774.80388669521,50400.0,828.4282774855744,436.5335978866892,0.0,-6.59383658785373e-12,-7.958078640513122e-13,0,0,0,0.0,0,0,True,1008,0,4.871805178189624e-11,2.00080886676283e-13,3.8782961975107143e-10,0.783092000006036,1.2596675699592195,4.498159999911877,0.8656905682480994,2.7256059190258384,-2.470049805007875,3.1943245937646036,7.495647024567903,1155.1908178365695,0,56.66573326268369,56.38612189939664,1459.8420113229417,1500.0,-0.8426254130899906,0.0016623591513535985,0.0,0.0,0.0,0.0,0.0,23789.53168586951,14550.0,276.479481162356,8922.894216030098,0.0,4.547473508864641e-13,5.229594535194337e-12,0,0,0,0.0,0,0,True,1008,0,4.871805178189624e-11,2.00080886676283e-13,3.8782961975107143e-10,0.7484289999410976,1.2095378599678945,4.498159999911877,0.2881900001057147,0.5746382498818994,1.353913000002649,0.2881900001057147,0.5746382498818994,1.353913000002649,0.2881900001057147,0.5746382498818994,1.353913000002649,0.2881900001057147,0.5746382498818994,1.353913000002649
1d51662afb815f886e6a892a9e4aa57a92f1f105af85fa83950794075ee6f9fd,May2024,550.0,False,180.0,swmpc_nosw,2,96.25,0.8819752185032641,3.0012383805587888,-3.0012383805587888,12.740070009164823,5.225981487635072,1047.650512409457,0,225.1041078053691,224.88733359968072,1350.0,1500.0,-1.5207984196022153,0.24126198676021393,34.512844282660225,0.0,1.1050020647303522e-14,34.512844282660225,0.0,75600.81128891165,64950.0,1102.6956850226456,9398.115603889011,0.0,1.0913936421275139e-11,8.640199666842818e-12,0,0,0,0.0,0,0,True,1008,0,6.306200131804275e-11,1.476180011561467e-13,4.3411328170271825e-10,0.7117850000213366,0.9772797600135162,1.353263000055449,0.9265878520137971,3.0012383805587888,-3.0012383805587888,8.760462004851554,5.23050987483165,1147.3441472893876,0,154.59315548097953,154.63941249578116,1364.0060204340562,1462.252910461998,0.5725291920825839,0.31464406989829163,34.512844282660225,0.0,1.1050020647303522e-14,34.512844282660225,0.0,44435.27384488692,43200.0,758.2472972758713,378.7796575831137,0.0,6.480149750132114e-12,3.524291969370097e-12,0,0,0,0.0,0,0,True,1008,0,6.306200131804275e-11,1.476180011561467e-13,4.3411328170271825e-10,0.735499999905187,0.9890139699814423,1.353263000055449,0.876680240978691,3.0012383805587888,-3.0012383805587888,9.547042689482172,5.225981487635072,1047.650512409457,0,168.44250162461597,168.52411114346032,1350.0,1462.252910461998,0.5725291920825839,0.3104153139913737,34.512844282660225,0.0,1.1050020647303522e-14,34.512844282660225,0.0,51813.396826188284,50400.0,826.3284872725028,474.81542845379045,0.0,7.503331289626658e-12,3.637978807091713e-12,0,0,0,0.0,0,0,True,1008,0,6.306200131804275e-11,1.476180011561467e-13,4.3411328170271825e-10,0.735499999905187,0.9890139699814423,1.353263000055449,0.9000757904364184,2.940008219331503,-1.8544410597532988,3.193027319682651,7.431708258145022,1155.4265662751495,0,56.661606180753125,56.3632224562204,1462.252910461998,1500.0,-1.5207984196022153,0.0017205645986705376,0.0,0.0,0.0,0.0,0.0,23787.41446272336,14550.0,276.36719775014296,8923.300175435219,0.0,2.7284841053187847e-12,5.115907697472721e-12,0,0,0,0.0,0,0,True,1008,0,6.306200131804275e-11,1.476180011561467e-13,4.3411328170271825e-10,0.7117850000213366,0.9772797600135162,1.353263000055449,0.27252649999809364,0.3865362000010464,0.5248620000202209,0.27252649999809364,0.3865362000010464,0.5248620000202209,0.27252649999809364,0.3865362000010464,0.5248620000202209,0.27252649999809364,0.3865362000010464,0.5248620000202209
1d51662afb815f886e6a892a9e4aa57a92f1f105af85fa83950794075ee6f9fd,May2024,550.0,False,180.0,swmpc_nosw,3,96.25,0.9948206580380909,3.2374108200892806,-3.2374108200892806,12.76512229374307,5.217706371294483,1047.5489955502553,0,225.36040224445514,225.3295557754855,1350.0,1500.0,-0.2164045488461852,0.24041684206725056,34.5032085406232,0.0,1.2015523796589683e-14,34.5032085406232,0.0,75586.27955634348,64950.0,1104.8640440728361,9381.41551227066,0.0,1.8189894035458565e-11,1.1823431123048067e-11,0,0,0,0.0,0,0,True,1008,0,6.450741139445508e-11,1.805565674394752e-13,4.471748053671187e-10,0.7221599998956663,1.5743641000653952,2.8410889999577194,1.0976256188054596,3.2374108200892806,-3.2374108200892806,8.784993571312057,5.217706371294483,1147.817370701813,0,154.83452244062744,155.07244297099447,1361.802969689135,1462.1819820780472,0.9993467098101974,0.3134913421271669,34.5032085406232,0.0,1.2015523796589683e-14,34.5032085406232,0.0,44427.46367130304,43200.0,760.3705864307532,366.7140724833812,0.0,5.343281372915953e-12,7.503331289626658e-12,0,0,0,0.0,0,0,True,1008,0,6.450741139445508e-11,1.805565674394752e-13,4.471748053671187e-10,0.7500675001210766,1.5922155600992476,2.8410889999577194,1.0381442740557032,3.2374108200892806,-3.2374108200892806,9.564884201505365,5.217706371294483,1047.5489955502553,0,168.69660031159316,168.83904897844783,1350.0,1462.1819820780472,0.9993467098101974,0.3093344638233543,34.5032085406232,0.0,1.2015523796589683e-14,34.5032085406232,0.0,51797.82184527065,50400.0,827.8727298322494,457.76713336035436,0.0,1.3642420526593924e-12,7.617018127348274e-12,0,0,0,0.0,0,0,True,1008,0,6.450741139445508e-11,1.805565674394752e-13,4.471748053671187e-10,0.7500675001210766,1.5922155600992476,2.8410889999577194,0.8273948557920073,2.0528526306152344,-2.0528526306152344,3.200238092237706,7.463205736289305,1154.7915546337929,0,56.663801932861986,56.49050679703765,1462.1819820780472,1500.0,-0.2164045488461852,0.0016918842316744342,0.0,0.0,0.0,0.0,0.0,23788.457711072842,14550.0,276.9913142405867,8923.648378910304,0.0,2.2737367544323206e-13,4.206412995699793e-12,0,0,0,0.0,0,0,True,1008,0,6.450741139445508e-11,1.805565674394752e-13,4.471748053671187e-10,0.7221599998956663,1.5743641000653952,2.8410889999577194,0.27647199999591976,0.8938153199733271,2.37102899995989,0.27647199999591976,0.8938153199733271,2.37102899995989,0.27647199999591976,0.8938153199733271,2.37102899995989,0.27647199999591976,0.8938153199733271,2.37102899995989
1d51662afb815f886e6a892a9e4aa57a92f1f105af85fa83950794075ee6f9fd,May2024,550.0,False,180.0,swmpc_nosw,4,96.25,1.0390548077570732,3.8758869655430317,-3.8758869655430317,12.765627521631377,5.2143036147461235,1047.9111182898612,0,225.2824093715281,225.33847404301034,1350.0,1500.0,0.3933226251974702,0.24067758835860675,34.50347131831614,0.0,1.2341807345858418e-14,34.50347131831614,0.0,75594.50526240116,64950.0,1104.9077732369456,9389.597489164198,0.0,-1.4551915228366852e-11,-3.183231456205249e-12,0,0,0,0.0,0,0,True,1008,0,8.931637378450148e-11,1.464197652012444e-13,2.282562812284903e-10,0.7377130000350007,1.5883204600049767,4.112637999924118,1.1015399069330434,3.8758869655430317,-3.8758869655430317,8.777734586033969,5.222728598681881,1147.6048037627625,0,154.77210293380404,154.94430758063288,1361.49132923841,1461.6565825018045,1.1133837569504976,0.313761723258966,34.50347131831614,0.0,1.2341807345858418e-14,34.50347131831614,0.0,44436.81707118401,43200.0,759.7422969678091,376.909520952785,0.0,-1.7962520360015333e-11,-3.069544618483633e-12,0,0,0,0.0,0,0,True,1008,0,8.931637378450148e-11,1.464197652012444e-13,2.282562812284903e-10,0.7738330000393034,1.748668539971731,4.112637999924118,1.0538215847841867,3.8758869655430317,-3.8758869655430317,9.561314514573963,5.2143036147461235,1047.9111182898612,0,168.6173328993558,168.776036971823,1350.0,1461.6565825018045,1.1133837569504976,0.30967607307159306,34.50347131831614,0.0,1.2341807345858418e-14,34.50347131831614,0.0,51805.34346510921,50400.0,827.5637614848666,466.1231211225181,0.0,-2.1032064978498966e-11,-2.9558577807620168e-12,0,0,0,0.0,0,0,True,1008,0,8.931637378450148e-11,1.464197652012444e-13,2.282562812284903e-10,0.7738330000393034,1.748668539971731,4.112637999924118,0.9861959172388757,3.0535398786887527,-2.618611733429134,3.2043130070574133,7.484472014894072,1155.0866281989722,0,56.6650764721723,56.56243707118733,1461.6565825018045,1500.0,0.3933226251974702,0.001672527909499566,0.0,0.0,0.0,0.0,0.0,23789.161797291956,14550.0,277.3440117520789,8923.47436804168,0.0,-2.0463630789890885e-12,-2.8421709430404007e-13,0,0,0,0.0,0,0,True,1008,0,8.931637378450148e-11,1.464197652012444e-13,2.282562812284903e-10,0.7377130000350007,1.5883204600049767,4.112637999924118,0.28200000019751315,0.663659149975044,2.692583999987619,0.28200000019751315,0.663659149975044,2.692583999987619,0.28200000019751315,0.663659149975044,2.692583999987619,0.28200000019751315,0.663659149975044,2.692583999987619
1d51662afb815f886e6a892a9e4aa57a92f1f105af85fa83950794075ee6f9fd,May2024,550.0,True,0.0,pid_lowdrag_preview,0,97.0,0.9694499077692845,3.0069017028436065,-2.935900440439582,12.969857253689847,6.590001914949324,985.7796306161104,0,229.16267947220865,228.94353114641547,1350.0,1500.0,-1.5374599862843752,0.26656316990147033,0.0,0.0,0.0,0.0,0.0,79088.75354766546,66600.0,1122.5845398585027,11216.169007806966,0.0,9.094947017729282e-12,4.547473508864641e-12,0,0,0,0.0,0,0,True,0,0,,,,0.16121800001656084,0.23537070012025696,0.37571699999716657,0.9789696618117917,3.0069017028436065,-2.603518252260983,8.885366459970225,6.590001914949324,985.7796306161104,0,156.75088210683708,156.8442221904005,1419.368263410894,1235.9972495231284,0.3072918178513646,0.34292256999574866,0.0,0.0,0.0,0.0,0.0,46668.25456151524,44400.0,769.0581957717482,1682.5673796312717,0.0,1.2960299500264227e-11,2.1600499167107046e-12,0,0,0,0.0,0,0,True,0,0,,,,0.16246050006429869,0.2410995699665361,0.37571699999716657,0.9590409073211321,3.0069017028436065,-2.603518252260983,9.691975709803158,6.590001914949324,985.7796306161104,0,171.038661230654,171.08246447017393,1350.0,1235.9972495231284,0.3072918178513646,0.34555029477839105,0.0,0.0,0.0,0.0,0.0,54343.508904038536,51600.0,838.8729250982183,2018.6387294172039,0.0,1.5006662579253316e-11,2.2737367544323206e-12,0,0,0,0.0,0,0,True,0,0,,,,0.16246050006429869,0.2410995699665361,0.37571699999716657,1.0036337116610559,2.935900440439582,-2.935900440439582,3.2778815438866893,8.003522688604702,1156.5558289146832,0,58.124018241554666,57.861066676241535,1235.9972495231284,1500.0,-1.5374599862843752,0.001166430315016842,0.0,0.0,0.0,0.0,0.0,24745.244643626924,15000.0,283.7116147602845,9197.530278389764,0.0,-3.410605131648481e-12,2.5579538487363607e-12,0,0,0,0.0,0,0,True,0,0,,,,0.16121800001656084,0.23537070012025696,0.37571699999716657,,,,,,,,,,,,
1d51662afb815f886e6a892a9e4aa57a92f1f105af85fa83950794075ee6f9fd,May2024,550.0,True,0.0,pid_lowdrag_preview,1,97.0,0.8891722690178926,2.9690442690625787,-2.686339524574578,12.976062633322114,6.5977244307512315,987.0409472461645,0,229.17042423347152,229.0530683215249,1350.0,1500.0,-0.8233295064419508,0.2665256459045371,0.0,0.0,0.0,0.0,0.0,79077.2028578186,66600.0,1123.1216362276368,11204.081221590955,0.0,-7.275957614183426e-12,5.4569682106375694e-12,0,0,0,0.0,0,0,True,0,0,,,,0.16235000009601208,0.3051703799224017,0.4886879999048688,0.9153386969617181,2.9690442690625787,-2.686339524574578,8.883983046850743,6.5977244307512315,987.0409472461645,0,156.76421421140478,156.81980222351942,1419.5152000348874,1236.039935894111,0.29854804184287786,0.34281612965533925,0.0,0.0,0.0,0.0,0.0,46655.01005328058,44400.0,768.9384567376354,1669.5468606837167,0.0,-5.002220859751105e-12,4.547473508864641e-12,0,0,0,0.0,0,0,True,0,0,,,,0.16391750011734985,0.3074628200965889,0.4886879999048688,0.8762149587292006,2.9690442690625787,-2.686339524574578,9.692335295036997,6.5977244307512315,987.0409472461645,0,171.04625502259645,171.08881185793578,1350.0,1236.039935894111,0.29854804184287786,0.34550446740099283,0.0,0.0,0.0,0.0,0.0,54331.87117761712,51600.0,838.9040484033101,2006.927193319691,0.0,-6.366462912410498e-12,4.888534022029489e-12,0,0,0,0.0,0,0,True,0,0,,,,0.16391750011734985,0.3074628200965889,0.4886879999048688,0.9313894005685952,2.7240335177630186,-2.662639159709215,3.283727338285116,8.01454814702652,1156.2486580992982,0,58.12416921087507,57.96425646358912,1236.039935894111,1500.0,-0.8233295064419508,0.0011568056764457157,0.0,0.0,0.0,0.0,0.0,24745.331680201478,15000.0,284.21758782432676,9197.154028271263,0.0,1.1368683772161603e-12,6.252776074688882e-13,0,0,0,0.0,0,0,True,0,0,,,,0.16235000009601208,0.3051703799224017,0.4886879999048688,,,,,,,,,,,,
1d51662afb815f886e6a892a9e4aa57a92f1f105af85fa83950794075ee6f9fd,May2024,550.0,True,0.0,pid_lowdrag_preview,2,97.0,0.9212446911826632,3.530038674362004,-2.4948638044297695,12.99142982412386,6.585518429540038,987.7135759851246,0,229.1746545361551,229.32432951254052,1350.0,1500.0,1.050042220391333,0.2665593961014554,0.0,0.0,0.0,0.0,0.0,79098.68339614065,66600.0,1124.4517180070777,11224.23167813357,0.0,-3.637978807091713e-12,4.320099833421409e-12,0,0,0,0.0,0,0,True,0,0,,,,0.16031200004817947,0.27233244997205497,0.8988459999272891,0.9314174422416445,3.3930185614153743,-2.4948638044297695,8.874607737298131,6.585518429540038,987.7135759851246,0,156.76478634691082,156.65430954055446,1419.381623355074,1238.436996241126,-0.6454526195302606,0.3429002980234729,0.0,0.0,0.0,0.0,0.0,46677.68511026433,44400.0,768.1269923279413,1690.5027450503346,0.0,1.1368683772161603e-12,1.9326762412674725e-12,0,0,0,0.0,0,0,True,0,0,,,,0.16134849988702626,0.2723324499720546,0.8988459999272891,0.8912689680681442,3.3930185614153743,-2.4948638044297695,9.684983931929775,6.585518429540038,987.7135759851246,0,171.0510489357349,170.9590458169064,1350.0,1238.436996241126,-0.6454526195302606,0.345542767494593,0.0,0.0,0.0,0.0,0.0,54353.51874466623,51600.0,838.2677633301848,2026.8139850949274,0.0,7.048583938740194e-12,2.1600499167107046e-12,0,0,0,0.0,0,0,True,0,0,,,,0.16134849988702626,0.2723324499720546,0.8988459999272891,1.015502491645369,3.530038674362004,-2.169673291966319,3.306445892194086,7.993401537837249,1155.8969488295372,0,58.12360560042018,58.365283695634105,1238.436996241126,1500.0,1.050042220391333,0.0011752682205125042,0.0,0.0,0.0,0.0,0.0,24745.164651474417,15000.0,286.18395467689305,9197.417693038642,0.0,-7.73070496506989e-12,2.2737367544323206e-12,0,0,0,0.0,0,0,True,0,0,,,,0.16031200004817947,0.27233244997205497,0.8988459999272891,,,,,,,,,,,,
1d51662afb815f886e6a892a9e4aa57a92f1f105af85fa83950794075ee6f9fd,May2024,550.0,True,0.0,pid_lowdrag_preview,3,97.0,0.9432461935266065,4.278616409748793,-3.250377317890525,12.977414450079248,6.58280933703076,986.2840105023954,0,229.17307493422263,229.0769305503649,1350.0,1500.0,-0.6745105227455497,0.26655518352992347,0.0,0.0,0.0,0.0,0.0,79082.07969267061,66600.0,1123.238640490875,11208.841052179732,0.0,-1.8189894035458565e-12,4.774847184307873e-12,0,0,0,0.0,0,0,True,0,0,,,,0.16312599996126664,0.3154319300483621,1.3887070001601387,0.9953918199452615,4.278616409748793,-3.250377317890525,8.888972702752637,6.58280933703076,986.2840105023954,0,156.7675057911445,156.90787947980806,1419.586470815152,1237.142786985311,0.09809726849198341,0.34286580720275295,0.0,0.0,0.0,0.0,0.0,46661.82783458703,44400.0,769.3703281503347,1674.9011902665347,0.0,6.821210263296962e-13,2.8421709430404007e-12,0,0,0,0.0,0,0,True,0,0,,,,0.16401300001689378,0.3025128300419052,0.5318120001902571,0.9536307685035397,4.278616409748793,-3.250377317890525,9.690874130801868,6.58280933703076,986.2840105023954,0,171.0490361335304,171.06301943069028,1350.0,1237.142786985311,0.09809726849198341,0.34553970910950205,0.0,0.0,0.0,0.0,0.0,54336.84181000674,51600.0,838.7775797499942,2010.9214432714396,0.0,1.8189894035458565e-12,3.069544618483633e-12,0,0,0,0.0,0,0,True,0,0,,,,0.16401300001689378,0.3025128300419052,0.5318120001902571,0.9074840078631998,2.854680061340332,-2.800870888866484,3.28654031927738,8.002666806350284,1155.0472716874729,0,58.12403880069223,58.01391111967462,1237.142786985311,1500.0,-0.6745105227455497,0.0011671775825394803,0.0,0.0,0.0,0.0,0.0,24745.23788266386,15000.0,284.46106074088084,9197.919608908294,0.0,5.002220859751105e-12,1.7621459846850485e-12,0,0,0,0.0,0,0,True,0,0,,,,0.16312599996126664,0.3154319300483621,1.3887070001601387,,,,,,,,,,,,
1d51662afb815f886e6a892a9e4aa57a92f1f105af85fa83950794075ee6f9fd,May2024,550.0,True,0.0,pid_lowdrag_preview,4,97.0,0.9660383212326469,3.629875364713371,-2.983795224688947,12.986324157134137,6.584986887994912,988.0116303249371,0,229.17591840044244,229.2342044320068,1350.0,1500.0,0.4089012797921896,0.2665440968126299,0.0,0.0,0.0,0.0,0.0,79088.72393705863,66600.0,1124.0098054465702,11214.714131612085,0.0,2.3646862246096134e-11,-6.821210263296962e-13,0,0,0,0.0,0,0,True,0,0,,,,0.16020699990804133,0.271029320069829,0.8503340000061144,0.9630880777910071,3.629875364713371,-2.983795224688947,8.886629443400963,6.584986887994912,988.0116303249371,0,156.76649516883558,156.86651633603188,1419.4727421849427,1237.4692951249008,-0.16364698205143213,0.3428583523283264,0.0,0.0,0.0,0.0,0.0,46667.332386664886,44400.0,769.1675112133676,1680.1683225115694,0.0,8.86757334228605e-12,7.958078640513122e-13,0,0,0,0.0,0,0,True,0,0,,,,0.16109299997424387,0.26401508003118557,0.8503340000061144,0.933327339123821,3.629875364713371,-2.983795224688947,9.688926976752958,6.584986887994912,988.0116303249371,0,171.05197402551235,171.02864832583532,1350.0,1237.4692951249008,-0.16364698205143213,0.3455245393936158,0.0,0.0,0.0,0.0,0.0,54343.509872863375,51600.0,838.6090470522704,2017.4315306862163,0.0,1.2732925824820995e-11,9.094947017729282e-13,0,0,0,0.0,0,0,True,0,0,,,,0.16109299997424387,0.26401508003118557,0.8503340000061144,1.068638024917867,2.740700213238597,-2.7338674860075116,3.2973971803811786,7.999652233189263,1155.5350079500984,0,58.12394437493009,58.205556106171485,1237.4692951249008,1500.0,0.4089012797921896,0.0011698097405167251,0.0,0.0,0.0,0.0,0.0,24745.214064195265,15000.0,285.40075839430006,9197.282600925868,0.0,2.7284841053187847e-12,-1.3642420526593924e-12,0,0,0,0.0,0,0,True,0,0,,,,0.16020699990804133,0.271029320069829,0.8503340000061144,,,,,,,,,,,,
1d51662afb815f886e6a892a9e4aa57a92f1f105af85fa83950794075ee6f9fd,May2024,550.0,True,0.0,swmpc,0,97.0,0.9685693024546963,3.105546535924077,-2.935842248611152,12.993682684342858,5.224254813667747,1051.498730750255,0,229.58324538889073,229.36409693353795,1350.0,1500.0,-1.5374592039734125,0.2332014100842269,45.86994173622313,0.0,1.1300529572616662e-14,45.86994173622313,0.0,77588.70209681355,66600.0,1124.646710596648,9714.055386216896,0.0,-3.637978807091713e-12,2.2737367544323206e-13,0,0,0,0.0,0,0,True,1008,0,9.780321008204531e-11,1.4504286660610428e-13,2.8901729553499265e-10,0.7416694999164974,3.2574366099902456,10.865892000083477,0.9901951800071312,3.105546535924077,-2.2319123540073633,8.911655508729586,5.224254813667747,1051.498730750255,0,157.32174179537682,157.30827569042768,1419.3132787060458,1236.0355664233346,-0.5051295002922416,0.3002731342575198,45.86994173622313,0.0,1.1300529572616662e-14,45.86994173622313,0.0,45409.16011980618,44400.0,771.333600899769,421.1042311891217,0.0,-4.092726157978177e-12,-5.6843418860808015e-12,0,0,0,0.0,0,0,True,1008,0,9.780321008204531e-11,1.4504286660610428e-13,2.8901729553499265e-10,0.77875000010863,3.701986379901404,10.865892000083477,0.9574119019411546,3.105546535924077,-2.2319123540073633,9.70788581260786,5.224254813667747,1051.498730750255,0,171.43531029027898,171.36330912757785,1350.0,1236.0355664233346,-0.5051295002922416,0.3025943450583357,45.86994173622313,0.0,1.1300529572616662e-14,45.86994173622313,0.0,52838.70209681355,51600.0,840.249997727983,512.4165326622249,0.0,-5.115907697472721e-12,-6.0254023992456496e-12,0,0,0,0.0,0,0,True,1008,0,9.780321008204531e-11,1.4504286660610428e-13,2.8901729553499265e-10,0.77875000010863,3.701986379901404,10.865892000083477,1.005151403729314,2.935842248611152,-2.935842248611152,3.2857968717349983,9.901243429067968,1156.5533634721548,0,58.147935098611754,58.0007878059601,1236.0355664233346,1500.0,-1.5374592039734125,4.1148571221616415e-05,0.0,0.0,0.0,0.0,0.0,24750.0,15000.0,284.3967128686651,9201.638853554672,0.0,2.9558577807620168e-12,6.0822458181064576e-12,0,0,0,0.0,0,0,True,1008,0,9.780321008204531e-11,1.4504286660610428e-13,2.8901729553499265e-10,0.7416694999164974,3.2574366099902456,10.865892000083477,0.3065374999096093,0.7703457999446026,8.332106999887401,0.3065374999096093,0.7703457999446026,8.332106999887401,0.3065374999096093,0.7703457999446026,8.332106999887401,0.3065374999096093,0.7703457999446026,8.332106999887401
1d51662afb815f886e6a892a9e4aa57a92f1f105af85fa83950794075ee6f9fd,May2024,550.0,True,0.0,swmpc,1,97.0,0.8878142067414468,3.098796719685197,-2.662481996230781,13.018688590414643,5.214043767241286,1051.2665298159857,0,229.92285201586583,229.80550043734118,1350.0,1500.0,-0.8232976226136088,0.2318150476931078,45.884083856675296,0.0,1.1998159537590165e-14,45.884083856675296,0.0,77630.46526711484,66600.0,1126.811055431926,9753.654211682913,0.0,3.637978807091713e-12,-1.8189894035458565e-12,0,0,0,0.0,0,0,True,1008,0,6.967229490332101e-11,2.2221595720769145e-13,7.521122144439511e-10,0.7352599999421727,1.0459657499336574,2.1161450001727644,0.917028466045991,3.098796719685197,-2.5231430428102612,8.927165624943115,5.225952063905165,1051.2665298159857,0,157.63549957951406,157.58205979652664,1419.4725807137213,1236.0601484873077,-0.3243406945839524,0.2984222822508441,45.884083856675296,0.0,1.1998159537590165e-14,45.884083856675296,0.0,45437.0904023741,44400.0,772.676053351805,447.8267812487086,0.0,-2.2737367544323206e-12,-1.2505552149377763e-12,0,0,0,0.0,0,0,True,1008,0,6.967229490332101e-11,2.2221595720769145e-13,7.521122144439511e-10,0.7636230001253352,1.0633752098442526,2.1161450001727644,0.8745825552084744,3.098796719685197,-2.5231430428102612,9.728587807884075,5.214043767241286,1051.2665298159857,0,171.77497130500237,171.72874012713498,1350.0,1236.0601484873077,-0.3243406945839524,0.3007952792938885,45.884083856675296,0.0,1.1998159537590165e-14,45.884083856675296,0.0,52880.465267114836,51600.0,842.041824683885,552.3632939436404,0.0,-2.8421709430404007e-12,-1.3642420526593924e-12,0,0,0,0.0,0,0,True,1008,0,6.967229490332101e-11,2.2221595720769145e-13,7.521122144439511e-10,0.7636230001253352,1.0633752098442526,2.1161450001727644,0.9308959750030777,2.724133975803852,-2.662481996230781,3.2901007825305673,9.900473165236562,1156.251272317672,0,58.14788071086346,58.0767603102062,1236.0601484873077,1500.0,-0.8232976226136088,4.146951448469327e-05,0.0,0.0,0.0,0.0,0.0,24750.0,15000.0,284.7692307480406,9201.290917739272,0.0,5.4569682106375694e-12,-6.252776074688882e-13,0,0,0,0.0,0,0,True,1008,0,6.967229490332101e-11,2.2221595720769145e-13,7.521122144439511e-10,0.7352599999421727,1.0459657499336574,2.1161450001727644,0.29277750002165703,0.46954615991808163,0.6328450001547026,0.29277750002165703,0.46954615991808163,0.6328450001547026,0.29277750002165703,0.46954615991808163,0.6328450001547026,0.29277750002165703,0.46954615991808163,0.6328450001547026
1d51662afb815f886e6a892a9e4aa57a92f1f105af85fa83950794075ee6f9fd,May2024,550.0,True,0.0,swmpc,2,97.0,0.9266134689451775,3.530264020897448,-2.3523219833150506,13.012581865795969,5.212129055652328,1050.8954168527953,0,229.54802929561,229.6977047175749,1350.0,1500.0,1.0500481305643916,0.23321566709746067,45.874074461793136,0.0,1.1233240222439496e-14,45.874074461793136,0.0,77605.89103889122,66600.0,1126.2824979842992,9729.608540906904,0.0,-1.6370904631912708e-11,-1.5916157281026244e-12,0,0,0,0.0,0,0,True,1008,0,8.68118401148841e-11,1.6697681756712207e-13,6.271336159006044e-10,0.7334520000767952,1.1120151199770592,8.755500999996002,0.9462373888569962,3.113925919868052,-2.3523219833150506,8.905352636534731,5.22385668702989,1050.8954168527953,0,157.26644723131537,157.19701757953268,1419.2652629339234,1237.285275547691,-0.6953695975244045,0.3004655261032999,45.874074461793136,0.0,1.1233240222439496e-14,45.874074461793136,0.0,45414.47932078752,44400.0,770.7880662231582,425.67124195059887,0.0,5.6843418860808015e-12,-3.410605131648481e-13,0,0,0,0.0,0,0,True,1008,0,8.68118401148841e-11,1.6697681756712207e-13,6.271336159006044e-10,0.7627164999348679,1.2301847700541604,8.755500999996002,0.8978898668394495,3.113925919868052,-2.3523219833150506,9.704364156331335,5.212129055652328,1050.8954168527953,0,171.40026372173844,171.30114495663668,1350.0,1237.285275547691,-0.6953695975244045,0.30261357468985517,45.874074461793136,0.0,1.1233240222439496e-14,45.874074461793136,0.0,52855.89103889121,51600.0,839.9451865944968,528.6605767490239,0.0,0.0,-5.684341886080801e-13,0,0,0,0.0,0,0,True,1008,0,8.68118401148841e-11,1.6697681756712207e-13,6.271336159006044e-10,0.7627164999348679,1.2301847700541604,8.755500999996002,1.0172009217614402,3.530264020897448,-2.1692260317504406,3.3082177094646337,9.907125791162061,1155.8928501515243,0,58.14776557387157,58.39655976093823,1237.285275547691,1500.0,1.0500481305643916,3.8697587015912305e-05,0.0,0.0,0.0,0.0,0.0,24750.0,15000.0,286.33731138980227,9200.94796415788,0.0,-9.549694368615746e-12,-1.1368683772161603e-12,0,0,0,0.0,0,0,True,1008,0,8.68118401148841e-11,1.6697681756712207e-13,6.271336159006044e-10,0.7334520000767952,1.1120151199770592,8.755500999996002,0.29517550001401105,0.5505749399981128,3.5653219999858266,0.29517550001401105,0.5505749399981128,3.5653219999858266,0.29517550001401105,0.5505749399981128,3.5653219999858266,0.29517550001401105,0.5505749399981128,3.5653219999858266
1d51662afb815f886e6a892a9e4aa57a92f1f105af85fa83950794075ee6f9fd,May2024,550.0,True,0.0,swmpc,3,97.0,0.9386840588619513,3.1597160138189793,-2.937681356444955,13.023502117826146,5.219005664792649,1050.4784606143346,0,229.98661443744658,229.89046867880558,1350.0,1500.0,-0.6745181484147906,0.23157575244018247,45.86955575437327,0.0,1.0978567128757882e-14,45.86955575437327,0.0,77629.85198253587,66600.0,1127.227682334502,9752.624300201356,0.0,-9.094947017729282e-12,7.73070496506989e-12,0,0,0,0.0,0,0,True,1008,0,7.543644931999265e-11,1.6534812090378565e-13,4.893824156566401e-10,0.7310480000342068,1.1399530001563112,5.261122000092655,0.9955894378141187,3.1597160138189793,-2.937681356444955,8.941951495693917,5.219005664792649,1050.4784606143346,0,157.70419981823608,157.84305954344552,1419.483605500113,1236.3449535112686,-0.16510404273867607,0.2981094790986364,45.86955575437327,0.0,1.0978567128757882e-14,45.86955575437327,0.0,45442.29919209388,44400.0,773.9558199358629,451.4820241468565,0.0,-5.343281372915953e-12,4.661160346586257e-12,0,0,0,0.0,0,0,True,1008,0,7.543644931999265e-11,1.6534812090378565e-13,4.893824156566401e-10,0.7570680000981156,1.1637435798479598,5.261122000092655,0.9477360386345476,3.1597160138189793,-2.937681356444955,9.733479316209545,5.219005664792649,1050.4784606143346,0,171.83861912089225,171.8150848853527,1350.0,1236.3449535112686,-0.16510404273867607,0.3004851525192995,45.86955575437327,0.0,1.0978567128757882e-14,45.86955575437327,0.0,52879.85198253587,51600.0,842.46520109547,551.0418279291225,0.0,-6.0254023992456496e-12,4.433786671143025e-12,0,0,0,0.0,0,0,True,1008,0,7.543644931999265e-11,1.6534812090378565e-13,4.893824156566401e-10,0.7570680000981156,1.1637435798479598,5.261122000092655,0.9076083690130988,2.8546015238389373,-2.801035842858255,3.290022801616601,9.903596381561712,1155.044157666198,0,58.14799531655433,58.075383793452886,1236.3449535112686,1500.0,-0.6745181484147906,4.016817434926434e-05,0.0,0.0,0.0,0.0,0.0,24750.0,15000.0,284.7624812390321,9201.582472272234,0.0,-3.637978807091713e-12,3.183231456205249e-12,0,0,0,0.0,0,0,True,1008,0,7.543644931999265e-11,1.6534812090378565e-13,4.893824156566401e-10,0.7310480000342068,1.1399530001563112,5.261122000092655,0.2914099999316022,0.5601601598709748,0.6786940000438335,0.2914099999316022,0.5601601598709748,0.6786940000438335,0.2914099999316022,0.5601601598709748,0.6786940000438335,0.2914099999316022,0.5601601598709748,0.6786940000438335
1d51662afb815f886e6a892a9e4aa57a92f1f105af85fa83950794075ee6f9fd,May2024,550.0,True,0.0,swmpc,4,97.0,0.9858178672569816,3.0714608700945973,-2.8975710654631257,13.022884510631641,5.215214309448136,1051.7514494165262,0,229.8212783910166,229.87956669513406,1350.0,1500.0,0.40891971345990896,0.23232773450114286,45.894214070261405,0.0,1.1359143682015842e-14,45.894214070261405,0.0,77629.49455671186,66600.0,1127.1742263654182,9752.320330346429,0.0,-9.094947017729282e-12,-1.5916157281026244e-12,0,0,0,0.0,0,0,True,1008,0,7.479655144511966e-11,1.898972851099693e-13,4.829258207865423e-10,0.7346989999632569,1.0604676299658422,2.06269299997075,0.9961568249127148,3.0714608700945973,-2.8975710654631257,8.930424200279953,5.215214309448136,1051.7514494165262,0,157.54192462927708,157.6395800706174,1419.40023566045,1236.4773877192283,-0.09229441918432713,0.2991469191426217,45.894214070261405,0.0,1.1359143682015842e-14,45.894214070261405,0.0,45442.84817184732,44400.0,772.9580939497553,452.81292583878644,0.0,4.547473508864641e-13,3.524291969370097e-12,0,0,0,0.0,0,0,True,1008,0,7.479655144511966e-11,1.898972851099693e-13,4.829258207865423e-10,0.7673234999856504,1.0693673899072564,2.06269299997075,0.959545916017639,3.0714608700945973,-2.8975710654631257,9.724704320763383,5.215214309448136,1051.7514494165262,0,171.67334423921517,171.6601889289873,1350.0,1236.4773877192283,-0.09229441918432713,0.30146065621733587,45.894214070261405,0.0,1.1359143682015842e-14,45.894214070261405,0.0,52879.494556711856,51600.0,841.705695880222,551.3114731123947,0.0,-1.0686562745831907e-11,3.637978807091713e-12,0,0,0,0.0,0,0,True,1008,0,7.479655144511966e-11,1.898972851099693e-13,4.829258207865423e-10,0.7673234999856504,1.0693673899072564,2.06269299997075,1.0693743197115486,2.7378919953480363,-2.733993806876242,3.2981801898682583,9.90131791663772,1155.537158896193,0,58.14793415180142,58.21937776614675,1236.4773877192283,1500.0,0.40891971345990896,4.1117534734236294e-05,0.0,0.0,0.0,0.0,0.0,24750.0,15000.0,285.4685304851961,9201.008857234032,0.0,-9.094947017729282e-13,-5.4569682106375694e-12,0,0,0,0.0,0,0,True,1008,0,7.479655144511966e-11,1.898972851099693e-13,4.829258207865423e-10,0.7346989999632569,1.0604676299658422,2.06269299997075,0.29989749998549087,0.5261882999479888,1.550230000020747,0.29989749998549087,0.5261882999479888,1.550230000020747,0.29989749998549087,0.5261882999479888,1.550230000020747,0.29989749998549087,0.5261882999479888,1.550230000020747
1d51662afb815f886e6a892a9e4aa57a92f1f105af85fa83950794075ee6f9fd,May2024,550.0,True,0.0,swmpc_nosw,0,97.0,0.9950598268098892,3.588148851878941,-3.588148851878941,13.027921987304753,5.2243817877033205,1051.4463541728921,0,230.1502804090666,229.96848808224306,1350.0,1500.0,-1.2753800638020039,0.2312355411354351,45.781837959896286,0.0,1.136961678370447e-14,45.781837959896286,0.0,77601.42720259388,66600.0,1127.6102368258653,9723.816965768008,0.0,-1.0913936421275139e-11,-2.9558577807620168e-12,0,0,0,0.0,0,0,True,1008,0,7.553117978955758e-11,1.9471613716218696e-13,5.65662200219311e-10,0.7612295000853919,1.2229570600425177,2.238608999959979,1.0374133240739891,3.588148851878941,-3.588148851878941,8.949165696186068,5.2243817877033205,1051.4463541728921,0,157.88846982055344,157.97040439410497,1419.3206530683037,1236.1265092324131,0.2605110537260771,0.29730182610093037,45.781837959896286,0.0,1.136961678370447e-14,45.781837959896286,0.0,45421.37361279333,44400.0,774.5802331257279,429.98752350349037,0.0,-2.1600499167107046e-12,2.2737367544323206e-13,0,0,0,0.0,0,0,True,1008,0,7.553117978955758e-11,1.9471613716218696e-13,5.65662200219311e-10,0.8008689999314811,1.2418211098815843,2.238608999959979,0.9960076202275985,3.588148851878941,-3.588148851878941,9.746192106351298,5.2243817877033205,1051.4463541728921,0,172.0023566033248,172.03949067554936,1350.0,1236.1265092324131,0.2605110537260771,0.30004348283644,45.781837959896286,0.0,1.136961678370447e-14,45.781837959896286,0.0,52851.42720259388,51600.0,843.565535616691,521.7351577447685,0.0,-4.547473508864641e-12,3.410605131648481e-13,0,0,0,0.0,0,0,True,1008,0,7.553117978955758e-11,1.9471613716218696e-13,5.65662200219311e-10,0.8008689999314811,1.2418211098815843,2.238608999959979,0.991868607047319,2.958625172264874,-2.958625172264874,3.2817298809534545,9.901943151859605,1156.2137962247436,0,58.14792380574178,57.928997406693696,1236.1265092324131,1500.0,-1.2753800638020039,4.085702005851566e-05,0.0,0.0,0.0,0.0,0.0,24750.0,15000.0,284.04470120917426,9202.081808023238,0.0,-1.1368683772161603e-12,-3.296918293926865e-12,0,0,0,0.0,0,0,True,1008,0,7.553117978955758e-11,1.9471613716218696e-13,5.65662200219311e-10,0.7612295000853919,1.2229570600425177,2.238608999959979,0.30067349996443227,0.5693697801075357,0.9966339998754847,0.30067349996443227,0.5693697801075357,0.9966339998754847,0.30067349996443227,0.5693697801075357,0.9966339998754847,0.30067349996443227,0.5693697801075357,0.9966339998754847
1d51662afb815f886e6a892a9e4aa57a92f1f105af85fa83950794075ee6f9fd,May2024,550.0,True,0.0,swmpc_nosw,1,97.0,0.9152228968350412,3.5867596259340644,-3.5867596259340644,13.024839621713724,5.214811511784889,1051.1826177120322,0,230.0121497454821,229.914078257304,1350.0,1500.0,-0.6880320254713297,0.23150941471306596,45.78587722651135,0.0,1.1436973495813148e-14,45.78587722651135,0.0,77644.9059148627,66600.0,1127.343447770985,9767.562467091737,0.0,2.3646862246096134e-11,-2.2737367544323206e-13,0,0,0,0.0,0,0,True,1008,0,8.672683360050202e-11,2.332006180751687e-13,6.733259641538553e-10,0.7277485000258821,1.0955109999122215,1.3507689998277783,0.9858265327214797,3.5867596259340644,-3.5867596259340644,8.937335731099507,5.228752367529353,1051.1826177120322,0,157.72477115956775,157.7615822052975,1419.482001790268,1236.1409772837333,0.4074109038338065,0.29796483341650115,45.78587722651135,0.0,1.1436973495813148e-14,45.78587722651135,0.0,45451.14592668577,44400.0,773.5563100667839,460.9306411255311,0.0,9.322320693172514e-12,-1.8189894035458565e-12,0,0,0,0.0,0,0,True,1008,0,8.672683360050202e-11,2.332006180751687e-13,6.733259641538553e-10,0.7605430000694469,1.1144770299824807,1.3507689998277783,0.9367101629237435,3.5867596259340644,-3.5867596259340644,9.739556214509237,5.214811511784889,1051.1826177120322,0,171.86428063661347,171.92235411183157,1350.0,1236.1409772837333,0.4074109038338065,0.30039882358312453,45.78587722651135,0.0,1.1436973495813148e-14,45.78587722651135,0.0,52894.905914862706,51600.0,842.9911769753903,565.7737606035923,0.0,1.0231815394945443e-11,-1.4779288903810084e-12,0,0,0,0.0,0,0,True,1008,0,8.672683360050202e-11,2.332006180751687e-13,6.733259641538553e-10,0.7605430000694469,1.1144770299824807,1.3507689998277783,0.839004495431675,2.8470823280513287,-1.9680004455149174,3.2852834072044867,9.901597816794157,1156.1376657225974,0,58.14786910886863,57.99172414547243,1236.1409772837333,1500.0,-0.6880320254713297,4.100090966918657e-05,0.0,0.0,0.0,0.0,0.0,24750.0,15000.0,284.3522707955948,9201.788706488143,0.0,4.547473508864641e-12,1.3642420526593924e-12,0,0,0,0.0,0,0,True,1008,0,8.672683360050202e-11,2.332006180751687e-13,6.733259641538553e-10,0.7277485000258821,1.0955109999122215,1.3507689998277783,0.27631700004349113,0.5155630800868491,0.6699719999687659,0.27631700004349113,0.5155630800868491,0.6699719999687659,0.27631700004349113,0.5155630800868491,0.6699719999687659,0.27631700004349113,0.5155630800868491,0.6699719999687659
1d51662afb815f886e6a892a9e4aa57a92f1f105af85fa83950794075ee6f9fd,May2024,550.0,True,0.0,swmpc_nosw,2,97.0,0.8923961875582953,2.9093030309304595,-2.9093030309304595,13.05014450001677,5.213086940998304,1051.1476223087527,0,230.21925503860635,230.36075920996038,1350.0,1500.0,0.9927268251776695,0.23100660607798829,45.7828579305341,0.0,1.1848281212110307e-14,45.7828579305341,0.0,77620.82569894925,66600.0,1129.5336696531808,9741.292029296086,0.0,1.6370904631912708e-11,-1.1368683772161603e-12,0,0,0,0.0,0,0,True,1008,0,9.38228763389882e-11,1.7316814648893337e-13,4.893976425301749e-10,0.7131664999633358,1.0141324799610631,1.1104859997885796,0.9450306220685629,2.9093030309304595,-2.9093030309304595,8.949324711736658,5.222637857430882,1051.1476223087527,0,157.94002992679685,157.97321133183357,1419.275074245565,1237.1997291234836,0.1244818177074194,0.2970873536590335,45.7828579305341,0.0,1.1848281212110307e-14,45.7828579305341,0.0,45429.07809983459,44400.0,774.5939964536655,436.55944850301967,0.0,1.6484591469634324e-11,0.0,0,0,0,0.0,0,0,True,1008,0,9.38228763389882e-11,1.7316814648893337e-13,4.893976425301749e-10,0.7371174999661889,1.0222059301145237,1.1104859997885796,0.8953629141346,2.9093030309304595,-2.9093030309304595,9.749012537846532,5.213086940998304,1051.1476223087527,0,172.07153300772595,172.08927684769034,1350.0,1237.1997291234836,0.1244818177074194,0.2997469050927505,45.7828579305341,0.0,1.1848281212110307e-14,45.7828579305341,0.0,52870.82569894925,51600.0,843.8096533992036,539.8163164265775,0.0,1.3642420526593924e-11,0.0,0,0,0,0.0,0,0,True,1008,0,9.38228763389882e-11,1.7316814648893337e-13,4.893976425301749e-10,0.7371174999661889,1.0222059301145237,1.1104859997885796,0.8823549246043023,2.4970153840258718,-1.6139001939445734,3.3011319621702384,9.905916667870708,1155.639148281538,0,58.1477220308804,58.271482362270035,1237.1997291234836,1500.0,0.9927268251776695,3.92013883872e-05,0.0,0.0,0.0,0.0,0.0,24750.0,15000.0,285.72401625397725,9201.47571286951,0.0,2.0463630789890885e-12,-1.1368683772161603e-12,0,0,0,0.0,0,0,True,1008,0,9.38228763389882e-11,1.7316814648893337e-13,4.893976425301749e-10,0.7131664999633358,1.0141324799610631,1.1104859997885796,0.2716349999900558,0.46950968003329707,0.5814280000322469,0.2716349999900558,0.46950968003329707,0.5814280000322469,0.2716349999900558,0.46950968003329707,0.5814280000322469,0.2716349999900558,0.46950968003329707,0.5814280000322469
1d51662afb815f886e6a892a9e4aa57a92f1f105af85fa83950794075ee6f9fd,May2024,550.0,True,0.0,swmpc_nosw,3,97.0,0.9548946882504995,3.4638668848201632,-3.4638668848201632,13.029916900321092,5.220840853097677,1050.5823533378277,0,230.07887025216723,230.0037022269604,1350.0,1500.0,-0.5273428382351995,0.23122817608121005,45.78218798897594,0.0,1.1347544103457569e-14,45.78218798897594,0.0,77636.98748486342,66600.0,1127.7829032220168,9759.204581641368,0.0,-3.637978807091713e-11,3.637978807091713e-12,0,0,0,0.0,0,0,True,1008,0,6.789201000005341e-11,1.6476597863857015e-13,5.959702706423423e-10,0.7154954998895846,0.9611865500573915,1.1272110000390967,1.0463057296606773,3.4638668848201632,-3.4638668848201632,8.951894880173322,5.220840853097677,1050.5823533378277,0,157.7957018399463,158.01857986797287,1419.4925815029576,1236.487189687856,0.5191563693806529,0.29759327485631437,45.78218798897594,0.0,1.1347544103457569e-14,45.78218798897594,0.0,45448.58509781657,44400.0,774.8164531311313,456.7740365005202,0.0,-1.9099388737231493e-11,2.3874235921539366e-12,0,0,0,0.0,0,0,True,1008,0,6.789201000005341e-11,1.6476597863857015e-13,5.959702706423423e-10,0.7411684999851786,0.9945231698679877,1.1272110000390967,0.9942989494679265,3.4638668848201632,-3.4638668848201632,9.744232049708597,5.220840853097677,1050.5823533378277,0,171.93089089293144,172.00489181449447,1350.0,1236.487189687856,0.5191563693806529,0.30003427534231664,45.78218798897594,0.0,1.1347544103457569e-14,45.78218798897594,0.0,52886.987484863406,51600.0,843.3958861563091,557.1044090192263,0.0,-1.48929757415317e-11,2.1600499167107046e-12,0,0,0,0.0,0,0,True,1008,0,6.789201000005341e-11,1.6476597863857015e-13,5.959702706423423e-10,0.7411684999851786,0.9945231698679877,1.1272110000390967,0.8085504975955217,2.300739954225719,-1.6078643761575222,3.285684850612496,9.90476184665909,1155.0587511423328,0,58.14797935923579,57.99881041246593,1236.487189687856,1500.0,-0.5273428382351995,3.9682563891974e-05,0.0,0.0,0.0,0.0,0.0,24750.0,15000.0,284.3870170657075,9202.100172622144,0.0,-3.865352482534945e-12,1.4210854715202004e-12,0,0,0,0.0,0,0,True,1008,0,6.789201000005341e-11,1.6476597863857015e-13,5.959702706423423e-10,0.7154954998895846,0.9611865500573915,1.1272110000390967,0.2743489999375015,0.4351534599891231,0.6136069998774474,0.2743489999375015,0.4351534599891231,0.6136069998774474,0.2743489999375015,0.4351534599891231,0.6136069998774474,0.2743489999375015,0.4351534599891231,0.6136069998774474
1d51662afb815f886e6a892a9e4aa57a92f1f105af85fa83950794075ee6f9fd,May2024,550.0,True,0.0,swmpc_nosw,4,97.0,1.0326949973873223,4.280549405142665,-4.280549405142665,13.043040474470692,5.218120754396388,1051.6638960975615,0,230.15665477290926,230.23535916414318,1350.0,1500.0,0.5521549275144935,0.23114429091497612,45.79512285737024,0.0,1.1401656007593823e-14,45.79512285737024,0.0,77633.38472420277,66600.0,1128.9187924735227,9754.465931729243,0.0,-3.637978807091713e-12,4.320099833421409e-12,0,0,0,0.0,0,0,True,1008,0,7.030096943511456e-11,1.8105633374789253e-13,3.770987144359291e-10,0.742355500051417,1.2769403099241583,4.621326000005865,1.1095938822821307,4.280549405142665,-4.280549405142665,8.95439530908617,5.220308593463779,1051.6638960975615,0,157.87726515419672,158.0627173641317,1419.4094969530536,1236.535988050055,0.6119311582297087,0.2973615353742114,45.79512285737024,0.0,1.1401656007593823e-14,45.79512285737024,0.0,45445.84095171035,44400.0,775.0328736194788,453.68158699388687,0.0,1.7053025658242404e-11,7.16227077646181e-12,0,0,0,0.0,0,0,True,1008,0,7.030096943511456e-11,1.8105633374789253e-13,3.770987144359291e-10,0.77413849999175,1.3174919699463308,4.621326000005865,1.0578988752834846,4.280549405142665,-4.280549405142665,9.749391253507898,5.218120754396388,1051.6638960975615,0,172.00873618381686,172.09596192518575,1350.0,1236.535988050055,0.6119311582297087,0.2999251302337095,45.79512285737024,0.0,1.1401656007593823e-14,45.79512285737024,0.0,52883.38472420276,51600.0,843.8424325068092,553.0063036459082,0.0,1.0231815394945443e-11,7.389644451905042e-12,0,0,0,0.0,0,0,True,1008,0,7.030096943511456e-11,1.8105633374789253e-13,3.770987144359291e-10,0.77413849999175,1.3174919699463308,4.621326000005865,0.9430890484816412,2.6785505479201674,-2.508803511969745,3.2936492209627932,9.902390070323317,1155.471096826571,0,58.1479185890924,58.13939723895743,1236.535988050055,1500.0,0.5521549275144935,4.067080403202805e-05,0.0,0.0,0.0,0.0,0.0,24750.0,15000.0,285.0763599667134,9201.459628083334,0.0,-7.73070496506989e-12,-3.183231456205249e-12,0,0,0,0.0,0,0,True,1008,0,7.030096943511456e-11,1.8105633374789253e-13,3.770987144359291e-10,0.742355500051417,1.2769403099241583,4.621326000005865,0.2978300000222589,0.5807348801067734,1.6552489998957753,0.2978300000222589,0.5807348801067734,1.6552489998957753,0.2978300000222589,0.5807348801067734,1.6552489998957753,0.2978300000222589,0.5807348801067734,1.6552489998957753
1d51662afb815f886e6a892a9e4aa57a92f1f105af85fa83950794075ee6f9fd,May2024,550.0,True,180.0,pid_lowdrag_preview,0,96.25,0.9299821926586022,2.997067868709564,-2.702489122748375,12.875339900078817,6.616276824303823,981.7101078867354,0,227.53886007295526,227.2751136559928,1350.0,1500.0,-1.8503398885950446,0.26756874972674793,0.0,0.0,0.0,0.0,0.0,78164.17653336516,66150.0,1114.4037466672703,10749.772786697864,0.0,-2.1827872842550278e-11,-7.73070496506989e-12,0,0,0,0.0,0,0,True,0,0,,,,0.17031700008374173,0.45562184014215745,1.983354000003601,0.9328421042781875,2.997067868709564,-2.2502465285360813,8.907395160862396,6.616276824303823,981.7101078867354,0,157.1597337027617,157.23307215768904,1294.848816429652,1413.2098796215444,0.30692473612725735,0.3426320062477838,0.0,0.0,0.0,0.0,0.0,46959.78551091903,44400.0,770.9648535375968,1670.4595941895157,0.0,-2.2964741219766438e-11,4.547473508864641e-13,0,0,0,0.0,0,0,True,0,0,,,,0.1728510000020833,0.4531581398373416,1.983354000003601,0.9086577263936934,2.997067868709564,-2.2502465285360813,9.680001614167777,6.616276824303823,981.7101078867354,0,170.82734719704945,170.871098093242,1350.0,1413.2098796215444,0.30692473612725735,0.3445323926167063,0.0,0.0,0.0,0.0,0.0,54349.57080054087,51600.0,837.8365270580421,1848.524393861245,0.0,-3.54702933691442e-11,4.547473508864641e-13,0,0,0,0.0,0,0,True,0,0,,,,0.1728510000020833,0.4531581398373416,1.983354000003601,1.0003400465436825,2.702489122748375,-2.702489122748375,3.19533828591104,8.259520409323036,1155.1960633767455,0,56.71151287590581,56.4040155627508,1413.2098796215444,1500.0,-1.8503398885950446,0.0009730382728714293,0.0,0.0,0.0,0.0,0.0,23814.605732824304,14550.0,276.5672196092284,8901.248392836616,0.0,-2.9558577807620168e-12,-7.901235221652314e-12,0,0,0,0.0,0,0,True,0,0,,,,0.17031700008374173,0.45562184014215745,1.983354000003601,,,,,,,,,,,,
1d51662afb815f886e6a892a9e4aa57a92f1f105af85fa83950794075ee6f9fd,May2024,550.0,True,180.0,pid_lowdrag_preview,1,96.25,0.9343734572213901,4.712331315502524,-3.1798208691179752,12.882816063755415,6.6033524547220654,981.8983007354927,0,227.55872917738304,227.4070826729288,1350.0,1500.0,-1.0638993280008435,0.2675837003194227,0.0,0.0,0.0,0.0,0.0,78175.31728966598,66150.0,1115.0508336472353,10760.266456018762,0.0,1.6370904631912708e-11,-2.5011104298755527e-12,0,0,0,0.0,0,0,True,0,0,,,,0.16129400000863825,0.43065118012691517,1.6890399999738293,0.9762836697801637,4.712331315502524,-3.1798208691179752,8.90518789569184,6.6033524547220654,981.8983007354927,0,157.17661838754333,157.19410957911612,1294.2058539581399,1412.7282672495107,0.4203418465331197,0.3426698666648593,0.0,0.0,0.0,0.0,0.0,46973.335191995924,44400.0,770.7738073520151,1684.0389713525478,0.0,9.549694368615746e-12,-1.2505552149377763e-12,0,0,0,0.0,0,0,True,0,0,,,,0.1625050000484407,0.3803129500261085,1.6890399999738293,0.9274857672927921,4.712331315502524,-3.1798208691179752,9.681965989236023,6.6033524547220654,981.8983007354927,0,170.84585511063605,170.90577318301519,1350.0,1412.7282672495107,0.4203418465331197,0.34455751884162156,0.0,0.0,0.0,0.0,0.0,54359.97325498792,51600.0,838.0065502926035,1859.2384374458227,0.0,1.7962520360015333e-11,-1.3642420526593924e-12,0,0,0,0.0,0,0,True,0,0,,,,0.1625050000484407,0.3803129500261085,1.6890399999738293,0.9578490073048355,3.0594088891521096,-3.0594088891521096,3.2008500745193924,8.282283186305078,1155.2938918141026,0,56.71287406674699,56.50130948991361,1412.7282672495107,1500.0,-1.0638993280008435,0.0009527413146924735,0.0,0.0,0.0,0.0,0.0,23815.344034678063,14550.0,277.04428335463183,8901.028018572939,0.0,-3.183231456205249e-12,-1.0800249583553523e-12,0,0,0,0.0,0,0,True,0,0,,,,0.16129400000863825,0.43065118012691517,1.6890399999738293,,,,,,,,,,,,
1d51662afb815f886e6a892a9e4aa57a92f1f105af85fa83950794075ee6f9fd,May2024,550.0,True,180.0,pid_lowdrag_preview,2,96.25,0.9214123974195736,3.437634026631713,-3.143574433401227,12.877813689780748,6.608123213901774,979.39784249146,0,227.5691031895873,227.31878091760223,1350.0,1500.0,-1.7561641801148653,0.2674570255424594,0.0,0.0,0.0,0.0,0.0,78166.63713008628,66150.0,1114.6178614427938,10752.019268643502,0.0,1.4551915228366852e-11,7.503331289626658e-12,0,0,0,0.0,0,0,True,0,0,,,,0.16060199982348422,0.2941977999580556,1.7548289999922417,0.9417940936589858,3.437634026631713,-3.143574433401227,8.898931289279517,6.608123213901774,979.39784249146,0,157.18933727291957,157.08366815042493,1294.5259297903585,1412.4112443740844,-0.7172507075592875,0.34248047300564943,0.0,0.0,0.0,0.0,0.0,46964.742683141216,44400.0,770.2322771336776,1676.6250914238292,0.0,1.6825651982799172e-11,3.069544618483633e-12,0,0,0,0.0,0,0,True,0,0,,,,0.162089500008733,0.3340326199145224,1.7548289999922417,0.8987900800762597,3.437634026631713,-3.143574433401227,9.673489200044225,6.608123213901774,979.39784249146,0,170.85837858669862,170.7561411545062,1350.0,1412.4112443740844,-0.7172507075592875,0.34438607182271297,0.0,0.0,0.0,0.0,0.0,54352.3266028813,51600.0,837.2728558264146,1852.6425026808072,0.0,4.774847184307873e-12,3.183231456205249e-12,0,0,0,0.0,0,0,True,0,0,,,,0.162089500008733,0.3340326199145224,1.7548289999922417,0.9958088291397614,3.1310495967045426,-1.9139861082658172,3.204324489736523,8.25042511887412,1155.4902591066975,0,56.71072460288869,56.56263976309603,1412.4112443740844,1500.0,-1.7561641801148653,0.0009811538912718465,0.0,0.0,0.0,0.0,0.0,23814.310527204983,14550.0,277.34500561637935,8899.376765962696,0.0,7.958078640513122e-12,4.490630090003833e-12,0,0,0,0.0,0,0,True,0,0,,,,0.16060199982348422,0.2941977999580556,1.7548289999922417,,,,,,,,,,,,
1d51662afb815f886e6a892a9e4aa57a92f1f105af85fa83950794075ee6f9fd,May2024,550.0,True,180.0,pid_lowdrag_preview,3,96.25,0.931214930821617,3.503207706846297,-2.8853418100625277,12.888242903307406,6.6224191794741385,985.2901579084848,0,227.53747699202728,227.50287708189606,1350.0,1500.0,-0.2427435889840126,0.2675763041164696,0.0,0.0,0.0,0.0,0.0,78169.05444201182,66150.0,1115.5205447675783,10753.533897244222,0.0,-2.3646862246096134e-11,-5.4569682106375694e-12,0,0,0,0.0,0,0,True,0,0,,,,0.17245000003640598,0.4659070799334584,4.0645659998972405,0.9671649580184992,3.503207706846297,-2.8853418100625277,8.91046147628069,6.6224191794741385,985.2901579084848,0,157.15527852585544,157.28719866546263,1294.3228359837387,1413.4761364065434,0.02698691003024578,0.3426548459038782,0.0,0.0,0.0,0.0,0.0,46965.53227924902,44400.0,771.2302533963245,1675.1487254298781,0.0,-1.1368683772161603e-11,-3.979039320256561e-12,0,0,0,0.0,0,0,True,0,0,,,,0.17684699992059905,0.5076460999998744,4.0645659998972405,0.9273835871098262,3.503207706846297,-2.8853418100625277,9.677636352448536,6.6224191794741385,985.2901579084848,0,170.82549917082662,170.82934656433113,1350.0,1413.4761364065434,0.02698691003024578,0.3445439780909223,0.0,0.0,0.0,0.0,0.0,54354.21558346736,51600.0,837.6318057425443,1853.1076413182584,0.0,-1.5234036254696548e-11,-3.865352482534945e-12,0,0,0,0.0,0,0,True,0,0,,,,0.17684699992059905,0.5076460999998744,4.0645659998972405,0.9443662217204755,2.581618431955576,-2.581618431955576,3.21060655085887,8.26670552228685,1154.8389830345545,0,56.71197782120066,56.67353051756493,1413.4761364065434,1500.0,-0.2427435889840126,0.0009666293183653307,0.0,0.0,0.0,0.0,0.0,23814.83885854446,14550.0,277.8887390250341,8900.426255925962,0.0,-5.4569682106375694e-12,-1.5347723092418164e-12,0,0,0,0.0,0,0,True,0,0,,,,0.17245000003640598,0.4659070799334584,4.0645659998972405,,,,,,,,,,,,
1d51662afb815f886e6a892a9e4aa57a92f1f105af85fa83950794075ee6f9fd,May2024,550.0,True,180.0,pid_lowdrag_preview,4,96.25,0.990238038490942,3.5465710991993546,-3.208780334331095,12.893544236359626,6.629564383060435,982.7321726042451,0,227.54430003807053,227.59645605389198,1350.0,1500.0,0.3658949723467231,0.26754295417308327,0.0,0.0,0.0,0.0,0.0,78161.54508657893,66150.0,1115.9793928804545,10745.565693698496,0.0,1.8189894035458565e-11,-4.547473508864641e-13,0,0,0,0.0,0,0,True,0,0,,,,0.1599409999926138,0.28372960010074166,0.5434499998955289,0.9813624020358009,3.2980432230979204,-3.208780334331095,8.904903448900855,6.629564383060435,982.7321726042451,0,157.16468785693917,157.1890885328933,1293.58052946405,1413.2038468374637,-0.28620487824082375,0.3426050719073096,0.0,0.0,0.0,0.0,0.0,46961.04743708733,44400.0,770.749187530552,1670.6749321833738,0.0,1.2505552149377763e-11,-2.5011104298755527e-12,0,0,0,0.0,0,0,True,0,0,,,,0.1617039999928238,0.28822283001773025,0.5434499998955289,0.9529452745698316,3.2980432230979204,-3.208780334331095,9.675525667385813,6.629564383060435,982.7321726042451,0,170.83288409518576,170.79208881492323,1350.0,1413.2038468374637,-0.28620487824082375,0.34449860542655675,0.0,0.0,0.0,0.0,0.0,54347.00798668718,51600.0,837.4491188884365,1846.3550209612906,0.0,8.86757334228605e-12,-2.2737367544323206e-12,0,0,0,0.0,0,0,True,0,0,,,,0.1617039999928238,0.28822283001773025,0.5434499998955289,1.1097702301866146,3.5465710991993546,-2.4619912272319198,3.2180185689738128,8.257405513070903,1155.3799271271866,0,56.71141594288477,56.80436723896875,1413.2038468374637,1500.0,0.3658949723467231,0.0009749250888864136,0.0,0.0,0.0,0.0,0.0,23814.537099891757,14550.0,278.53027399201807,8899.210672737207,0.0,4.774847184307873e-12,1.9895196601282805e-12,0,0,0,0.0,0,0,True,0,0,,,,0.1599409999926138,0.28372960010074166,0.5434499998955289,,,,,,,,,,,,
1d51662afb815f886e6a892a9e4aa57a92f1f105af85fa83950794075ee6f9fd,May2024,550.0,True,180.0,swmpc,0,96.25,0.9480330376014021,2.7296377727761865,-2.693442165851593,12.92372238525656,5.21909911860018,1040.3484632510354,0,228.392898124031,228.12915983287436,1350.0,1500.0,-1.8502815105021,0.23107539801271104,45.935082133861975,0.0,1.2084641012100817e-14,45.935082133861975,0.0,76858.46393589163,66150.0,1118.5914126375312,9439.872523254116,0.0,1.6370904631912708e-11,-1.1596057447604835e-11,0,0,0,0.0,0,0,True,1008,0,1.0065870849497437e-10,1.6910553250487418e-13,3.9465146117312555e-10,0.7194960001015716,1.0118846798604861,2.0838259999891307,0.9640854746931158,2.7296377727761865,-2.652044783346355,8.940954390851617,5.21909911860018,1040.3484632510354,0,157.8466653612097,157.82545867867955,1364.3767341776202,1462.6222498501932,-0.02534057106822729,0.29970209566881656,45.935082133861975,0.0,1.1052003684795766e-14,45.935082133861975,0.0,45684.394966099295,44400.0,773.8695171756369,412.27993325109446,0.0,9.549694368615746e-12,-6.59383658785373e-12,0,0,0,0.0,0,0,True,1008,0,1.0065870849497437e-10,1.6910553250487418e-13,3.9465146117312555e-10,0.7460959999434635,1.0596048000729736,2.0838259999891307,0.9329971635082898,2.7296377727761865,-2.652044783346355,9.7282994534732,5.21909911860018,1040.3484632510354,0,171.727261203407,171.72365010372386,1350.0,1462.6222498501932,-0.02534057106822729,0.2973043100986429,45.935082133861975,0.0,1.2084641012100817e-14,45.935082133861975,0.0,53068.988615776616,51600.0,842.0168666448424,514.349499281587,0.0,6.59383658785373e-12,-6.480149750132114e-12,0,0,0,0.0,0,0,True,1008,0,1.0065870849497437e-10,1.6910553250487418e-13,3.9465146117312555e-10,0.7460959999434635,1.0596048000729736,2.0838259999891307,0.9983668607357171,2.693442165851593,-2.693442165851593,3.1954229317833605,7.4939439834728185,1155.1984063516109,0,56.665636920623996,56.40550972915051,1462.6222498501932,1500.0,-1.8502815105021,0.0016639087253602636,0.0,0.0,0.0,0.0,0.0,23789.475320115023,14550.0,276.57454599268885,8925.523023972528,0.0,6.821210263296962e-13,-5.002220859751105e-12,0,0,0,0.0,0,0,True,1008,0,1.0065870849497437e-10,1.6910553250487418e-13,3.9465146117312555e-10,0.7194960001015716,1.0118846798604861,2.0838259999891307,0.28662300007908925,0.44439495005008195,1.3697069998670486,0.28662300007908925,0.44439495005008195,1.3697069998670486,0.28662300007908925,0.44439495005008195,1.3697069998670486,0.28662300007908925,0.44439495005008195,1.3697069998670486
1d51662afb815f886e6a892a9e4aa57a92f1f105af85fa83950794075ee6f9fd,May2024,550.0,True,180.0,swmpc,1,96.25,0.9177046559335595,4.76209560316056,-3.0592995434999466,12.898806072275175,5.215850671388912,1041.0184693717515,0,227.84097959516413,227.68933782361657,1350.0,1500.0,-1.0638631042093039,0.2329634040651425,45.94145556725735,0.0,1.1457722628585292e-14,45.94145556725735,0.0,76798.70143489813,66150.0,1116.4348223839859,9382.266612514146,0.0,0.0,-1.1596057447604835e-11,0,0,0,0.0,0,0,True,1008,0,8.526200188128077e-11,1.6130838504303081e-13,3.98097284281584e-10,0.7473580001260416,2.093035759935446,9.092755999972724,0.9614967950898279,4.76209560316056,-2.698456604965031,8.911495437419434,5.215850671388912,1041.0184693717515,0,157.3372180619874,157.30545011646342,1363.0189307212931,1460.708203236151,0.32123726420104504,0.30205587736867356,45.94145556725735,0.0,1.1457722628585292e-14,45.94145556725735,0.0,45645.1294379603,44400.0,771.3197461923071,376.1204192531329,0.0,-9.094947017729282e-13,-7.275957614183426e-12,0,0,0,0.0,0,0,True,1008,0,8.526200188128077e-11,1.6130838504303081e-13,3.98097284281584e-10,0.7780199999842807,2.5859326898762265,9.092755999972724,0.9062324420669284,4.76209560316056,-2.698456604965031,9.69989289572258,5.215850671388912,1041.0184693717515,0,171.17642733317874,171.2222183985068,1350.0,1460.708203236151,0.32123726420104504,0.29973259885391557,45.94145556725735,0.0,1.1457722628585292e-14,45.94145556725735,0.0,53009.82671438226,51600.0,839.5581840288573,459.56032711725106,0.0,-2.2737367544323206e-13,-7.389644451905042e-12,0,0,0,0.0,0,0,True,1008,0,8.526200188128077e-11,1.6130838504303081e-13,3.98097284281584e-10,0.7780199999842807,2.5859326898762265,9.092755999972724,0.9563801085059174,3.0592995434999466,-3.0592995434999466,3.198913176552594,7.475800266371035,1155.2949238666308,0,56.66455226198539,56.46711942510976,1460.708203236151,1500.0,-1.0638631042093039,0.0016804200545464942,0.0,0.0,0.0,0.0,0.0,23788.874720515865,14550.0,276.8766383551284,8922.706285396895,0.0,6.821210263296962e-12,-4.376943252282217e-12,0,0,0,0.0,0,0,True,1008,0,8.526200188128077e-11,1.6130838504303081e-13,3.98097284281584e-10,0.7473580001260416,2.093035759935446,9.092755999972724,0.30516100002841995,0.6116073298585414,8.617379000043002,0.30516100002841995,0.6116073298585414,8.617379000043002,0.30516100002841995,0.6116073298585414,8.617379000043002,0.30516100002841995,0.6116073298585414,8.617379000043002
1d51662afb815f886e6a892a9e4aa57a92f1f105af85fa83950794075ee6f9fd,May2024,550.0,True,180.0,swmpc,2,96.25,0.9328889617204613,4.30705073941499,-3.075191667303443,12.913591871409496,5.225765386931478,1040.797000750429,0,228.20064514628504,227.9503363063637,1350.0,1500.0,-1.7560681523755193,0.23176455875539725,45.9433155423065,0.0,1.1949372097816548e-14,45.9433155423065,0.0,76833.48592519565,66150.0,1117.7145827694012,9415.771342426273,0.0,2.1827872842550278e-11,-2.2737367544323206e-12,0,0,0,0.0,0,0,True,1008,0,8.447729007130857e-11,1.6467893715343957e-13,4.749389578468614e-10,0.7186350001120445,1.0746108999683202,2.2697670001434744,0.967207163677965,4.30705073941499,-3.075191667303443,8.929342080863174,5.230460076348615,1040.797000750429,0,157.68975550693204,157.62047853113398,1364.089324920872,1463.0499852174282,-0.32678376976400614,0.300370298386306,45.9433155423065,0.0,1.1949372097816548e-14,45.9433155423065,0.0,45668.31905886836,44400.0,772.8644328936708,396.4939656781578,0.0,2.7398527890909463e-11,-3.296918293926865e-12,0,0,0,0.0,0,0,True,1008,0,8.447729007130857e-11,1.6467893715343957e-13,4.749389578468614e-10,0.7473829999753434,1.0856779300274861,2.2697670001434744,0.9150851731321005,4.30705073941499,-3.075191667303443,9.715256484269881,5.225765386931478,1040.797000750429,0,171.5399957760911,171.49341600263713,1350.0,1463.0499852174282,-0.32678376976400614,0.2981718212471939,45.9433155423065,0.0,1.1949372097816548e-14,45.9433155423065,0.0,53046.60667595686,51600.0,840.887954021129,492.6687367183283,0.0,2.887645678129047e-11,-3.069544618483633e-12,0,0,0,0.0,0,0,True,1008,0,8.447729007130857e-11,1.6467893715343957e-13,4.749389578468614e-10,0.7473829999753434,1.0856779300274861,2.2697670001434744,0.9920927176422534,3.131039807572961,-1.9120108196511865,3.1983353871396147,7.415555077236439,1155.4930665269262,0,56.66064937019394,56.45692030372658,1463.0499852174282,1500.0,-1.7560681523755193,0.0017352783714419395,0.0,0.0,0.0,0.0,0.0,23786.879249238795,14550.0,276.82662874827236,8923.102605707943,0.0,-6.59383658785373e-12,8.526512829121202e-13,0,0,0,0.0,0,0,True,1008,0,8.447729007130857e-11,1.6467893715343957e-13,4.749389578468614e-10,0.7186350001120445,1.0746108999683202,2.2697670001434744,0.28676800002358505,0.4876580398854448,0.6526649999614165,0.28676800002358505,0.4876580398854448,0.6526649999614165,0.28676800002358505,0.4876580398854448,0.6526649999614165,0.28676800002358505,0.4876580398854448,0.6526649999614165
1d51662afb815f886e6a892a9e4aa57a92f1f105af85fa83950794075ee6f9fd,May2024,550.0,True,180.0,swmpc,3,96.25,0.9875643909753158,4.003741895779967,-2.9606508696451783,12.922672069162706,5.2151484207607535,1039.3921473884384,0,228.1452093411647,228.11061968469951,1350.0,1500.0,-0.24266949016600847,0.2319120553461379,45.96271247832252,0.0,1.2659190782782343e-14,45.96271247832252,0.0,76823.06563565813,66150.0,1118.5005042654748,9404.565131392676,0.0,1.8189894035458565e-11,2.9558577807620168e-12,0,0,0,0.0,0,0,True,1008,0,8.346801375799036e-11,2.1813695650662312e-13,5.385322811933382e-10,0.7929669998247846,1.312681000190423,3.306551000150648,1.0557185071690125,4.003741895779967,-2.9606508696451783,8.936722600901746,5.2151484207607535,1039.3921473884384,0,157.62065305162383,157.7507592494389,1361.9620305222813,1462.979164003443,0.15964886266738176,0.3006959487140414,45.96271247832252,0.0,1.2659190782782343e-14,45.96271247832252,0.0,45665.35598005968,44400.0,773.5032415967587,390.8356049817803,0.0,2.2964741219766438e-11,4.547473508864641e-13,0,0,0,0.0,0,0,True,1008,0,8.346801375799036e-11,2.1813695650662312e-13,5.385322811933382e-10,0.837283999999272,1.4067874200395631,3.306551000150648,0.9999305353134986,4.003741895779967,-2.9606508696451783,9.715979277401754,5.2151484207607535,1039.3921473884384,0,171.48341774465294,171.50617472531673,1350.0,1462.979164003443,0.15964886266738176,0.2983656113097999,45.96271247832252,0.0,1.2659190782782343e-14,45.96271247832252,0.0,53035.718597452484,51600.0,840.9505141850174,481.7889192640382,0.0,1.48929757415317e-11,3.410605131648481e-13,0,0,0,0.0,0,0,True,1008,0,8.346801375799036e-11,2.1813695650662312e-13,5.385322811933382e-10,0.837283999999272,1.4067874200395631,3.306551000150648,0.943476802448849,2.580795930698514,-2.580795930698514,3.2066927917609522,7.4296731151396305,1154.8401091332612,0,56.66179159651176,56.60444495938279,1462.979164003443,1500.0,-0.24266949016600847,0.0017224181936592586,0.0,0.0,0.0,0.0,0.0,23787.347038205648,14550.0,277.54999008045746,8922.776212128638,0.0,4.320099833421409e-12,2.7284841053187847e-12,0,0,0,0.0,0,0,True,1008,0,8.346801375799036e-11,2.1813695650662312e-13,5.385322811933382e-10,0.7929669998247846,1.312681000190423,3.306551000150648,0.3281150000020716,0.5914559800817178,1.8254550000165182,0.3281150000020716,0.5914559800817178,1.8254550000165182,0.3281150000020716,0.5914559800817178,1.8254550000165182,0.3281150000020716,0.5914559800817178,1.8254550000165182
1d51662afb815f886e6a892a9e4aa57a92f1f105af85fa83950794075ee6f9fd,May2024,550.0,True,180.0,swmpc,4,96.25,1.0167626867966861,3.6884694574400783,-3.431668068282306,12.934332851073359,5.213914908074029,1041.5055183776003,0,228.26429096442115,228.31645545716123,1350.0,1500.0,0.36595652252435684,0.2315498836144556,45.92358855087332,0.0,1.265350584589633e-14,45.92358855087332,0.0,76828.3893416466,66150.0,1119.509783954485,9408.87955769213,0.0,1.2732925824820995e-11,-6.821210263296962e-13,0,0,0,0.0,0,0,True,1008,0,6.096049998336979e-11,1.8577672733499634e-13,2.968232122923392e-10,0.7195759999376605,1.0004762400012621,2.476978999993662,1.0235557688839352,3.6884694574400783,-3.431668068282306,8.940410732425086,5.2223358338018375,1041.5055183776003,0,157.75511223123334,157.8158620364466,1361.6650484556046,1462.1751943742365,0.25745020527392626,0.3000377384901648,45.92358855087332,0.0,1.265350584589633e-14,45.92358855087332,0.0,45671.70520082854,44400.0,773.8224617198548,397.37259319005807,0.0,5.6843418860808015e-12,0.0,0,0,0,0.0,0,0,True,1008,0,6.096049998336979e-11,1.8577672733499634e-13,2.968232122923392e-10,0.7486549999384806,1.0130489101561577,2.476978999993662,0.9881418160431107,3.6884694574400783,-3.431668068282306,9.723422319823834,5.213914908074029,1041.5055183776003,0,171.6008609852684,171.63755908686164,1350.0,1462.1751943742365,0.25745020527392626,0.2979060552071996,45.92358855087332,0.0,1.265350584589633e-14,45.92358855087332,0.0,53040.138737436704,51600.0,841.5947344095813,486.3688086528846,0.0,-1.7053025658242404e-12,0.0,0,0,0,0.0,0,0,True,1008,0,6.096049998336979e-11,1.8577672733499634e-13,2.968232122923392e-10,0.7486549999384806,1.0130489101561577,2.476978999993662,1.1102131628353693,3.5525461537763476,-2.4627026868984103,3.2109105312495245,7.4569516075243,1155.382775974461,0,56.66342997915274,56.67889637029958,1462.1751943742365,1500.0,0.36595652252435684,0.001697577891136448,0.0,0.0,0.0,0.0,0.0,23788.250604209912,14550.0,277.91504954490387,8922.510749039244,0.0,-1.8189894035458565e-12,-6.252776074688882e-13,0,0,0,0.0,0,0,True,1008,0,6.096049998336979e-11,1.8577672733499634e-13,2.968232122923392e-10,0.7195759999376605,1.0004762400012621,2.476978999993662,0.2898579999737194,0.44070149017443283,0.7660359999590582,0.2898579999737194,0.44070149017443283,0.7660359999590582,0.2898579999737194,0.44070149017443283,0.7660359999590582,0.2898579999737194,0.44070149017443283,0.7660359999590582
1d51662afb815f886e6a892a9e4aa57a92f1f105af85fa83950794075ee6f9fd,May2024,550.0,True,180.0,swmpc_nosw,0,96.25,0.9861170161608354,3.187715613283217,-3.187715613283217,12.939244186686915,5.22096947991895,1041.2736786123712,0,228.6395386785829,228.40315020607298,1350.0,1500.0,-1.6584024522453547,0.23020051493374982,45.801167539429706,0.0,1.1993340490070331e-14,45.801167539429706,0.0,76859.73165955351,66150.0,1119.9348764841884,9439.796783069298,0.0,-2.1827872842550278e-11,1.3642420526593924e-12,0,0,0,0.0,0,0,True,1008,0,8.608989404056118e-11,1.6188083227067008e-13,3.65629461326152e-10,0.7562020000477787,1.280787280065851,2.088051999862728,1.0265845072801807,3.187715613283217,-3.187715613283217,8.960867558331742,5.22096947991895,1041.2736786123712,0,158.0918061457103,158.17696531364726,1364.2816018645858,1461.8879459250443,0.8021156964823604,0.29839424148625204,45.801167539429706,0.0,1.1296515257794915e-14,45.801167539429706,0.0,45684.47299556772,44400.0,775.5930684465349,411.2735830607144,0.0,-9.890754881780595e-12,5.7980287238024175e-12,0,0,0,0.0,0,0,True,1008,0,8.608989404056118e-11,1.6188083227067008e-13,3.65629461326152e-10,0.8054454999637528,1.3287580498354141,2.088051999862728,0.9852392128067612,3.187715613283217,-3.187715613283217,9.748858214470337,5.22096947991895,1041.2736786123712,0,171.97221727698104,172.08655273608605,1350.0,1461.8879459250443,0.8021156964823604,0.2961842729557542,45.801167539429706,0.0,1.1993340490070331e-14,45.801167539429706,0.0,53069.32187949608,51600.0,843.7962961946646,513.6376373763608,0.0,-7.958078640513122e-12,5.7980287238024175e-12,0,0,0,0.0,0,0,True,1008,0,8.608989404056118e-11,1.6188083227067008e-13,3.65629461326152e-10,0.8054454999637528,1.3287580498354141,2.088051999862728,0.9891516319836448,2.443663281388581,-2.443663281388581,3.1903859722165784,7.522183906780645,1155.0522960061128,0,56.66732140160187,56.31659746998693,1461.8879459250443,1500.0,-1.6584024522453547,0.0016382191049505446,0.0,0.0,0.0,0.0,0.0,23790.409780057424,14550.0,276.1385802895238,8926.159145692938,0.0,-5.9117155615240335e-12,-4.433786671143025e-12,0,0,0,0.0,0,0,True,1008,0,8.608989404056118e-11,1.6188083227067008e-13,3.65629461326152e-10,0.7562020000477787,1.280787280065851,2.088051999862728,0.3099880001400379,0.5604398301261426,0.9606409998923482,0.3099880001400379,0.5604398301261426,0.9606409998923482,0.3099880001400379,0.5604398301261426,0.9606409998923482,0.3099880001400379,0.5604398301261426,0.9606409998923482
1d51662afb815f886e6a892a9e4aa57a92f1f105af85fa83950794075ee6f9fd,May2024,550.0,True,180.0,swmpc_nosw,1,96.25,0.9159014696851099,3.0202484782785177,-2.942930104210973,12.950747807483578,5.218248247492118,1041.7083830910435,0,228.72632029202535,228.6062117752662,1350.0,1500.0,-0.8426346099004149,0.22988228147219625,45.77753404382308,0.0,1.0818344104387917e-14,45.77753404382308,0.0,76802.86667758768,66150.0,1120.9305533529575,9381.936124234697,0.0,-2.3646862246096134e-11,2.0463630789890885e-12,0,0,0,0.0,0,0,True,1008,0,9.842648315557398e-11,1.372832747547882e-13,8.28371584128773e-10,0.7182740000644117,1.055673740020211,1.5140059999794175,0.98703903131207,3.0202484782785177,-2.942930104210973,8.967342424038408,5.218248247492118,1041.7083830910435,0,158.22141197915315,158.29125944885325,1362.8358752763736,1459.847166563524,1.1185439676046371,0.2974285626151484,45.77753404382308,0.0,1.0818344104387917e-14,45.77753404382308,0.0,45648.29017650919,44400.0,776.1534897370468,375.1253954849774,0.0,-1.3642420526593924e-11,-1.4779288903810084e-12,0,0,0,0.0,0,0,True,1008,0,9.842648315557398e-11,1.372832747547882e-13,8.28371584128773e-10,0.7482595000283254,1.061054830095145,1.4379500000814005,0.9298785962614978,3.0202484782785177,-2.942930104210973,9.756419475991603,5.218248247492118,1041.7083830910435,0,172.06058390571735,172.22002389761948,1350.0,1459.847166563524,1.1185439676046371,0.2957672130558483,45.77753404382308,0.0,1.0818344104387917e-14,45.77753404382308,0.0,53013.33328659867,51600.0,844.4507486777936,459.0353713573322,0.0,-1.6825651982799172e-11,-1.4779288903810084e-12,0,0,0,0.0,0,0,True,1008,0,9.842648315557398e-11,1.372832747547882e-13,8.28371584128773e-10,0.7482595000283254,1.061054830095145,1.4379500000814005,0.8657429916024325,2.726065071299672,-2.470074317418039,3.1943283314919757,7.495698543959188,1155.1906901583964,0,56.665736386308,56.386187877646705,1459.847166563524,1500.0,-0.8426346099004149,0.0016623122752162933,0.0,0.0,0.0,0.0,0.0,23789.533390989007,14550.0,276.4798046751639,8922.900752877362,0.0,-5.229594535194337e-12,3.353761712787673e-12,0,0,0,0.0,0,0,True,1008,0,9.842648315557398e-11,1.372832747547882e-13,8.28371584128773e-10,0.7182740000644117,1.055673740020211,1.5140059999794175,0.2741389999982857,0.47351118991855395,0.5767210000158229,0.2741389999982857,0.47351118991855395,0.5767210000158229,0.2741389999982857,0.47351118991855395,0.5767210000158229,0.2741389999982857,0.47351118991855395,0.5767210000158229
1d51662afb815f886e6a892a9e4aa57a92f1f105af85fa83950794075ee6f9fd,May2024,550.0,True,180.0,swmpc_nosw,2,96.25,0.8900118216266304,3.07509776763618,-3.07509776763618,12.926762532198705,5.225981487635072,1041.4762628677547,0,228.39960088606736,228.18282441549732,1350.0,1500.0,-1.5208146004006267,0.23097687051953286,45.780336075096756,0.0,1.1050020647303522e-14,45.780336075096756,0.0,76834.75764988255,66150.0,1118.854547527113,9415.90310235542,0.0,-1.8189894035458565e-11,3.410605131648481e-12,0,0,0,0.0,0,0,True,1008,0,5.7341351972281686e-11,1.7587562226158562e-13,5.371691229073878e-10,0.7680200001232151,1.2757537000925365,5.922720999933517,0.9380368991691537,3.07509776763618,-3.07509776763618,8.947152667533793,5.23050987483165,1041.4762628677547,0,157.88864903516065,157.93487047272694,1364.0060204340562,1462.2567795985267,0.572280790656805,0.2991806808660271,45.780336075096756,0.0,1.1050020647303522e-14,45.780336075096756,0.0,45669.220471761815,44400.0,774.4059987606814,396.5637138366599,0.0,-3.296918293926865e-12,-1.1368683772161603e-13,0,0,0,0.0,0,0,True,1008,0,5.7341351972281686e-11,1.7587562226158562e-13,5.371691229073878e-10,0.8235485000795961,1.3020196300089992,5.922720999933517,0.887055061479695,3.07509776763618,-3.07509776763618,9.733733352164412,5.225981487635072,1041.4762628677547,0,171.7379951787971,171.8195691204061,1350.0,1462.2567795985267,0.572280790656805,0.29716098053514683,45.780336075096756,0.0,1.1050020647303522e-14,45.780336075096756,0.0,53047.34345306318,51600.0,842.4871887573128,492.5994847073366,0.0,-2.3874235921539366e-12,-2.2737367544323206e-13,0,0,0,0.0,0,0,True,1008,0,5.7341351972281686e-11,1.7587562226158562e-13,5.371691229073878e-10,0.8235485000795961,1.3020196300089992,5.922720999933517,0.9001787123626469,2.941101746633649,-1.8544538645073771,3.1930291800342925,7.4317002319703365,1155.426367233284,0,56.66160570727027,56.36325529509122,1462.2567795985267,1500.0,-1.5208146004006267,0.0017205719087463045,0.0,0.0,0.0,0.0,0.0,23787.414196819358,14550.0,276.36735876980026,8923.303617648084,0.0,-1.5916157281026244e-12,3.467448550509289e-12,0,0,0,0.0,0,0,True,1008,0,5.7341351972281686e-11,1.7587562226158562e-13,5.371691229073878e-10,0.7680200001232151,1.2757537000925365,5.922720999933517,0.32889150008941215,0.583903899841971,5.423876999884669,0.32889150008941215,0.583903899841971,5.423876999884669,0.32889150008941215,0.583903899841971,5.423876999884669,0.32889150008941215,0.583903899841971,5.423876999884669
1d51662afb815f886e6a892a9e4aa57a92f1f105af85fa83950794075ee6f9fd,May2024,550.0,True,180.0,swmpc_nosw,3,96.25,1.0064136072400909,3.4066693894565105,-3.4066693894565105,12.951734628783083,5.217706371294483,1040.4400306760324,0,228.65447888395215,228.62363111524283,1350.0,1500.0,-0.21641279198229313,0.2301351233273169,45.79125676840616,0.0,1.2232238641612461e-14,45.79125676840616,0.0,76826.25073765859,66150.0,1121.0159660381464,9405.234771620444,0.0,5.4569682106375694e-12,1.1823431123048067e-11,0,0,0,0.0,0,0,True,1008,0,6.450741139445508e-11,1.80859940203319e-13,5.143635411680185e-10,0.7562509999843314,2.236287620030447,14.593559999866557,1.1133971420939606,3.4066693894565105,-3.4066693894565105,8.97160371414314,5.217706371294483,1040.4400306760324,0,158.1285997647929,158.36647961394416,1361.802969689135,1462.183975172028,0.999063041061163,0.29803306008687824,45.79125676840616,0.0,1.2232238641612461e-14,45.79125676840616,0.0,45667.43523257257,44400.0,776.5223186530437,390.5319084366274,0.0,-6.0254023992456496e-12,5.343281372915953e-12,0,0,0,0.0,0,0,True,1008,0,6.450741139445508e-11,1.80859940203319e-13,5.143635411680185e-10,0.8009894999077005,2.8366305100826046,14.593559999866557,1.0524415096114152,3.4066693894565105,-3.4066693894565105,9.751494344336447,5.217706371294483,1040.4400306760324,0,171.99067763575863,172.13308562139753,1350.0,1462.183975172028,0.999063041061163,0.2960845077888212,45.79125676840616,0.0,1.2232238641612461e-14,45.79125676840616,0.0,53037.79340654017,51600.0,844.0244620545402,481.5849693136006,0.0,-2.5011104298755527e-12,5.6843418860808015e-12,0,0,0,0.0,0,0,True,1008,0,6.450741139445508e-11,1.80859940203319e-13,5.143635411680185e-10,0.8009894999077005,2.8366305100826046,14.593559999866557,0.8274122059472567,2.053011336363852,-2.053011336363852,3.200240284446636,7.463194262024558,1154.7914366625826,0,56.66380124819352,56.4905454938453,1462.183975172028,1500.0,-0.21641279198229313,0.0016918946771570242,0.0,0.0,0.0,0.0,0.0,23788.457331118418,14550.0,276.99150398360644,8923.649802306843,0.0,4.547473508864641e-12,6.366462912410498e-12,0,0,0,0.0,0,0,True,1008,0,6.450741139445508e-11,1.80859940203319e-13,5.143635411680185e-10,0.7562509999843314,2.236287620030447,14.593559999866557,0.30945699995754694,0.6066611899336748,14.085261999980503,0.30945699995754694,0.6066611899336748,14.085261999980503,0.30945699995754694,0.6066611899336748,14.085261999980503,0.30945699995754694,0.6066611899336748,14.085261999980503
1d51662afb815f886e6a892a9e4aa57a92f1f105af85fa83950794075ee6f9fd,May2024,550.0,True,180.0,swmpc_nosw,4,96.25,1.047393389677452,4.077120928093791,-4.077120928093791,12.951969644696876,5.2143036147461235,1042.1225793956983,0,228.57171705780112,228.6277796090993,1350.0,1500.0,0.3933089431375265,0.23041761443639674,45.79171480816377,0.0,1.2341807345858418e-14,45.79171480816377,0.0,76827.51996585741,66150.0,1121.0363074517904,9406.48365840562,0.0,-3.637978807091713e-12,6.821210263296962e-13,0,0,0,0.0,0,0,True,1008,0,7.279562001742217e-11,1.483499958887099e-13,3.7439879655012e-10,0.7547689999682916,1.345965440045802,5.825393000122858,1.1133322205669036,4.077120928093791,-4.077120928093791,8.96407553211701,5.222728598681881,1042.1225793956983,0,158.06140899242678,158.23359237066256,1361.49132923841,1461.6592645171809,1.1132362503558397,0.2983361456743546,45.79171480816377,0.0,1.2341807345858418e-14,45.79171480816377,0.0,45669.83088815944,44400.0,775.8707293108822,393.79222356976265,0.0,-2.6261659513693303e-11,-1.2505552149377763e-12,0,0,0,0.0,0,0,True,1008,0,7.279562001742217e-11,1.483499958887099e-13,3.7439879655012e-10,0.79556099990441,1.3674101699984924,5.825393000122858,1.0643905250435663,4.077120928093791,-4.077120928093791,9.747655460657004,5.2143036147461235,1042.1225793956983,0,171.90663895797854,172.0653217618527,1350.0,1461.6592645171809,1.1132362503558397,0.2964541494276406,45.79171480816377,0.0,1.2341807345858418e-14,45.79171480816377,0.0,53038.35728208463,51600.0,843.6921938279397,483.0058237394958,0.0,-1.4779288903810084e-11,-1.0231815394945443e-12,0,0,0,0.0,0,0,True,1008,0,7.279562001742217e-11,1.483499958887099e-13,3.7439879655012e-10,0.79556099990441,1.3674101699984924,5.825393000122858,0.9862545803940712,3.053215810097754,-2.618619996123016,3.2043141840398714,7.48449879472474,1155.0864571458953,0,56.66507809982258,56.562457847246606,1461.6592645171809,1500.0,0.3933089431375265,0.0016725035388927,0.0,0.0,0.0,0.0,0.0,23789.16268377278,14550.0,277.3441136238507,8923.477834666122,0.0,1.0459189070388675e-11,1.8189894035458565e-12,0,0,0,0.0,0,0,True,1008,0,7.279562001742217e-11,1.483499958887099e-13,3.7439879655012e-10,0.7547689999682916,1.345965440045802,5.825393000122858,0.3085460000420426,0.5640977600205588,5.336956000064674,0.3085460000420426,0.5640977600205588,5.336956000064674,0.3085460000420426,0.5640977600205588,5.336956000064674,0.3085460000420426,0.5640977600205588,5.336956000064674
