event,h_km,payload,phase_deg,ctrl,seed,sunlight_fraction,terminal_upper_bound_Wh,full_rms,full_maxabs,full_min_x,full_fuel_g,full_minA,full_minE,full_n_floor_viol,full_drag_imp,full_thr_imp,full_E_start_Wh,full_E_end_Wh,full_x_end,full_mean_gen_loss,full_max_slack,full_max_slack_x_m,full_max_slack_E_Wh,full_max_slack_T_mN,full_u_sat_frac,full_n_area_floor_viol,full_forced_fallback_steps,full_missing_measurement_steps,full_unserved_bus_Wh,full_n_energy_floor_viol,full_n_physical_battery_floor,full_powered_regime_valid,full_qp_attempts_all,full_qp_failures_all,full_max_qp_violation,full_max_kkt_scaled,full_max_complementarity,full_loop_med_ms,full_loop_p99_ms,full_loop_max_ms,event_window_rms,event_window_maxabs,event_window_min_x,event_window_fuel_g,event_window_minA,event_window_minE,event_window_n_floor_viol,event_window_drag_imp,event_window_thr_imp,event_window_E_start_Wh,event_window_E_end_Wh,event_window_x_end,event_window_mean_gen_loss,event_window_max_slack,event_window_max_slack_x_m,event_window_max_slack_E_Wh,event_window_max_slack_T_mN,event_window_u_sat_frac,event_window_n_area_floor_viol,event_window_forced_fallback_steps,event_window_missing_measurement_steps,event_window_unserved_bus_Wh,event_window_n_energy_floor_viol,event_window_n_physical_battery_floor,event_window_powered_regime_valid,event_window_qp_attempts_all,event_window_qp_failures_all,event_window_max_qp_violation,event_window_max_kkt_scaled,event_window_max_complementarity,event_window_loop_med_ms,event_window_loop_p99_ms,event_window_loop_max_ms,full_solve_med_ms,full_solve_p99_ms,full_solve_max_ms,event_window_solve_med_ms,event_window_solve_p99_ms,event_window_solve_max_ms
Feb2022,400.0,False,0.0,pid_lowdrag_preview,0,0.6122685185185185,1220.0,1.2024456362502571,4.862896836362779,-3.874679444357753,20.52212461166556,6.8655445686569845,1132.7824305601941,0,362.2453923499967,362.2559279813795,1350.0,1211.6639396371193,1.1135952891781926,0.3157141907415658,0.0,0.0,0.0,0.0,0.0,0,0,0,0.0,0,0,True,0,0,,,,0.2028620001510717,0.9767168198777637,3.4376570001768414,1.229037047238136,4.862896836362779,-3.874679444357753,17.9883732150097,6.8655445686569845,1132.7824305601941,0,317.49642658539165,317.53022434015236,1284.316185548499,1211.6639396371193,1.1135952891781926,0.3147895453841828,0.0,0.0,0.0,0.0,0.0,0,0,0,0.0,0,0,True,0,0,,,,0.2028620001510717,0.9767168198777637,3.4376570001768414,,,,,,
Feb2022,400.0,False,0.0,pid_lowdrag_preview,1,0.6122685185185185,1220.0,1.2342671447080866,5.449440533295274,-4.782492750324309,20.5388385769711,6.854847557384661,1130.4833577595223,0,362.3438734285083,362.55096239553876,1350.0,1210.3842387165735,0.18600530549883842,0.3156289074059567,0.0,0.0,0.0,0.0,0.0,0,0,0,0.0,0,0,True,0,0,,,,0.1995704997170833,0.8003577795716398,2.768825999737601,1.2805178250871598,5.449440533295274,-4.782492750324309,18.00253659126848,6.860907134131881,1130.4833577595223,0,317.5732734573415,317.7802358329756,1284.1811990541576,1210.3842387165735,0.18600530549883842,0.3146534650600119,0.0,0.0,0.0,0.0,0.0,0,0,0,0.0,0,0,True,0,0,,,,0.1995704997170833,0.8003577795716398,2.768825999737601,,,,,,
Feb2022,400.0,False,0.0,pid_lowdrag_preview,2,0.6122685185185185,1220.0,1.2555018263243918,4.318999737501144,-4.318999737501144,20.516438713640333,6.847836211420066,1131.6059404390542,0,362.3661429385121,362.1555606800183,1350.0,1215.3963961238157,-0.5581606030464172,0.31563001428611126,0.0,0.0,0.0,0.0,0.0,0,0,0,0.0,0,0,True,0,0,,,,0.20475000019359868,1.0335880898855965,3.566319999663392,1.2837487515744794,4.318999737501144,-4.318999737501144,17.9799097482425,6.847836211420066,1131.6059404390542,0,317.59646983232324,317.3808274786847,1283.4898380538805,1215.3963961238157,-0.5581606030464172,0.31467416866746223,0.0,0.0,0.0,0.0,0.0,0,0,0,0.0,0,0,True,0,0,,,,0.20475000019359868,1.0335880898855965,3.566319999663392,,,,,,
Feb2022,400.0,False,0.0,swmpc,0,0.6122685185185185,1220.0,1.1407848279101755,4.537740183994174,-3.211755059659481,20.93686081317428,6.3349439521706685,1127.2106538364567,0,369.52202603262083,369.5768389683295,1350.0,1209.679599454406,0.9475497184321284,0.26178603789323096,34.465759242712046,0.0,1.1685210515418642e-14,34.465759242712046,0.0,0,0,0,0.0,0,0,True,1008,36,3.781512528467083e-11,1.975105059833735e-13,1.3035360223463422e-10,0.9615085000405088,3.4133626793664003,5.678966999766999,1.1561280575868553,4.537740183994174,-3.211755059659481,18.358599351735602,6.348087624042414,1127.2106538364567,0,324.1372617281703,324.0654449988577,1327.1244483037008,1209.679599454406,0.9475497184321284,0.26115010715687326,34.44133066325516,0.0,1.0558282102875404e-14,34.44133066325516,0.0,0,0,0,0.0,0,0,True,1008,36,3.781512528467083e-11,1.975105059833735e-13,1.3035360223463422e-10,0.9615085000405088,3.4133626793664003,5.678966999766999,0.2873935000025085,1.3563834004162174,3.4185410004283767,0.2873935000025085,1.3563834004162174,3.4185410004283767
Feb2022,400.0,False,0.0,swmpc,1,0.6122685185185185,1220.0,1.1100606409736693,3.6154278498142958,-3.394866599701345,20.948621528559556,6.377007801072036,1127.7656870471144,0,369.55615910139386,369.7844387634885,1350.0,1209.5159666616526,1.863152532838285,0.2617421240700548,34.4786828309099,0.0,1.4332152337934725e-14,34.4786828309099,0.0,0,0,0,0.0,0,0,True,1008,36,2.2441350099225917e-11,1.5184752420906899e-13,1.2221339330037422e-10,0.9625664997656713,3.046089560111785,6.417027000679809,1.1544910477834784,3.6154278498142958,-3.394866599701345,18.362303064656988,6.401930326630563,1127.7656870471144,0,324.0536208276973,324.1308228282344,1325.6365804295428,1209.5159666616526,1.863152532838285,0.26158700098982657,34.42520028358729,0.0,1.4332152337934725e-14,34.42520028358729,0.0,0,0,0,0.0,0,0,True,1008,36,2.2441350099225917e-11,1.5184752420906899e-13,1.2221339330037422e-10,0.9625664997656713,3.046089560111785,6.417027000679809,0.2858520001609577,1.003877249640934,2.727897000113444,0.2858520001609577,1.003877249640934,2.727897000113444
Feb2022,400.0,False,0.0,swmpc,2,0.6122685185185185,1220.0,1.1059855687121822,3.956386244855821,-3.0067465398460627,20.947900568856294,6.288292766024657,1127.767488545201,0,369.72039619653276,369.77171240443334,1350.0,1210.9701607327038,1.1114077297970653,0.2611222182378051,34.46725653323536,0.0,1.1865496165831401e-14,34.46725653323536,0.0,0,0,0,0.0,0,0,True,1008,36,3.119582905000012e-11,1.7137295226347993e-13,1.3853296710440914e-10,0.947360500049399,2.0181851200777574,9.398002999660093,1.1391216081621243,3.956386244855821,-3.0067465398460627,18.365598431780384,6.288292766024657,1127.767488545201,0,324.2696690578544,324.18899254983353,1327.9491932470394,1210.9701607327038,1.1114077297970653,0.260579793371048,34.437065841319175,0.0,1.1865496165831401e-14,34.437065841319175,0.0,0,0,0,0.0,0,0,True,1008,36,3.119582905000012e-11,1.7137295226347993e-13,1.3853296710440914e-10,0.947360500049399,2.0181851200777574,9.398002999660093,0.2830344997164502,0.7690510107204301,1.5173809997577337,0.2830344997164502,0.7690510107204301,1.5173809997577337
Feb2022,400.0,False,180.0,pid_lowdrag_preview,0,0.611574074074074,1500.0,1.2202434045776143,4.8632746282964945,-4.503624730743468,20.565676782961646,6.8767177366741175,1128.4059915442529,0,362.94703114343105,363.0247096025394,1350.0,1424.7010488280466,1.8016224959865212,0.3148796153431087,0.0,0.0,0.0,0.0,0.0,0,0,0,0.0,0,0,True,0,0,,,,0.2026664997174521,0.7668881096651571,2.4794549999569426,1.2133854920804767,4.8632746282964945,-4.503624730743468,17.975989768205334,6.896816238906515,1128.4059915442529,0,317.17318499029096,317.3116321086713,1418.427544583651,1424.7010488280466,1.8016224959865212,0.3134635136029589,0.0,0.0,0.0,0.0,0.0,0,0,0,0.0,0,0,True,0,0,,,,0.2026664997174521,0.7668881096651571,2.4794549999569426,,,,,,
Feb2022,400.0,False,180.0,pid_lowdrag_preview,1,0.611574074074074,1500.0,1.1796191578301434,5.016155214980245,-5.016155214980245,20.568871076402633,6.886687856898224,1130.2686621267312,0,362.9508662508052,363.08109517452584,1350.0,1426.2067574210178,-0.7062506042420864,0.31475263697554035,0.0,0.0,0.0,0.0,0.0,0,0,0,0.0,0,0,True,0,0,,,,0.2043135000349139,0.8780144302181674,1.8197720000898698,1.2159484070059408,5.016155214980245,-5.016155214980245,17.974514297827866,6.905932977122735,1130.2686621267312,0,317.2232402632071,317.28558714982756,1418.1889013272485,1426.2067574210178,-0.7062506042420864,0.31330670827171625,0.0,0.0,0.0,0.0,0.0,0,0,0,0.0,0,0,True,0,0,,,,0.2043135000349139,0.8780144302181674,1.8197720000898698,,,,,,
Feb2022,400.0,False,180.0,pid_lowdrag_preview,2,0.611574074074074,1500.0,1.222845778969948,4.305702628567815,-4.305702628567815,20.550532795677583,6.869975929545333,1130.6161489939918,0,362.96332858430975,362.75738839331984,1350.0,1423.5141064614263,-0.9466093303635716,0.31471849300883825,0.0,0.0,0.0,0.0,0.0,0,0,0,0.0,0,0,True,0,0,,,,0.2042304995484301,0.6965520496305536,1.0123660003955592,1.2395360530841064,4.305702628567815,-4.305702628567815,17.957346650698454,6.896109114253762,1130.6161489939918,0,317.21158403783534,316.98254435773254,1418.7525186089645,1423.5141064614263,-0.9466093303635716,0.3132472653589615,0.0,0.0,0.0,0.0,0.0,0,0,0,0.0,0,0,True,0,0,,,,0.2042304995484301,0.6965520496305536,1.0123660003955592,,,,,,
Feb2022,400.0,False,180.0,swmpc,0,0.611574074074074,1500.0,1.1360997007647828,3.777448414824903,-3.777448414824903,20.70878698059533,5.852457370643339,1127.7642019868952,0,365.32092496873247,365.55088651786116,1350.0,1449.996123083381,1.5909706819802523,0.2729662525204497,34.85228522175754,0.0,1.4173359569812913e-14,34.85228522175754,0.0,0,0,0,0.0,0,0,True,1008,1,3.3805678974457184e-11,1.9245913409214843e-13,2.696075536689859e-10,0.9713759995975124,2.2179886397589144,4.142484000112745,1.1587835974902112,3.777448414824903,-3.777448414824903,18.125265877502624,6.389794507221746,1127.7642019868952,0,319.65432165271056,319.94664951170176,1418.1911056729239,1449.996123083381,1.5909706819802523,0.27126680380182955,34.85228522175754,0.0,1.2101853401080542e-14,34.85228522175754,0.0,0,0,0,0.0,0,0,True,1008,1,3.3805678974457184e-11,1.9245913409214843e-13,2.696075536689859e-10,0.9713759995975124,2.2179886397589144,4.142484000112745,0.2831915003298491,0.730847960358005,1.7604499998924439,0.2831915003298491,0.730847960358005,1.7604499998924439
Feb2022,400.0,False,180.0,swmpc,1,0.611574074074074,1500.0,1.1225548572104067,3.673515509814024,-3.673515509814024,20.704107613385226,5.883982931230673,1129.656858702823,0,365.22683819441284,365.4682864682451,1350.0,1449.079586866263,1.3309154296293855,0.2733534563891522,34.836871215763544,0.0,1.3308028008508539e-14,34.836871215763544,0.0,0,0,0,0.0,0,0,True,1008,1,3.4206839544066514e-11,1.8183918727037061e-13,2.817305197445052e-10,0.9663275004641037,2.352116669371752,4.3998139999530395,1.1478476261646555,3.673515509814024,-3.673515509814024,18.123428521140948,6.490504620288437,1129.656858702823,0,319.6605202455842,319.9142165523218,1418.2396537027876,1449.079586866263,1.3309154296293855,0.27128504945395093,34.836871215763544,0.0,1.29572164104459e-14,34.836871215763544,0.0,0,0,0,0.0,0,0,True,1008,1,3.4206839544066514e-11,1.8183918727037061e-13,2.817305197445052e-10,0.9663275004641037,2.352116669371752,4.3998139999530395,0.28508050036180066,0.8286963202590413,3.7557800005743047,0.28508050036180066,0.8286963202590413,3.7557800005743047
Feb2022,400.0,False,180.0,swmpc,2,0.611574074074074,1500.0,1.1697678002130534,3.629216382279992,-3.629216382279992,20.691866372034163,5.940275401069895,1128.249361132845,0,365.28581924661364,365.2522044431577,1350.0,1449.5046090414066,0.09168368857353926,0.2730020023188823,34.817455722973335,0.0,1.2021957230993299e-14,34.817455722973335,0.0,0,0,0,0.0,0,0,True,1008,1,4.0890428713323274e-11,1.5014601300145807e-13,3.2810672738206474e-10,0.9714494999570888,2.5667144196540868,5.9135649999007,1.1985443220603011,3.629216382279992,-3.629216382279992,18.10500750047138,6.4166241729039815,1128.249361132845,0,319.6169672831693,319.5890492480974,1417.9734725305143,1449.5046090414066,0.09168368857353926,0.2713969181408389,34.817455722973335,0.0,1.0660572636162772e-14,34.817455722973335,0.0,0,0,0,0.0,0,0,True,1008,1,4.0890428713323274e-11,1.5014601300145807e-13,3.2810672738206474e-10,0.9714494999570888,2.5667144196540868,5.9135649999007,0.28942049993929686,1.0115316702831436,4.658410000047297,0.28942049993929686,1.0115316702831436,4.658410000047297
Feb2022,400.0,True,0.0,pid_lowdrag_preview,0,0.6122685185185185,1220.0,1.209615884486903,4.862906296737492,-3.8747941311448812,20.963058371072748,6.8655445686569845,995.4494819579131,0,370.0287419178349,370.03927747442344,1350.0,1211.66394040399,1.1135960584506392,0.2968274662512643,0.0,0.0,0.0,0.0,0.0,0,0,0,0.0,0,0,True,0,0,,,,0.20324649995018262,0.7496116492075079,1.8957840002258308,1.2372185161322717,4.862906296737492,-3.8747941311448812,18.42930697441689,6.8655445686569845,995.4494819579131,0,325.2797761532299,325.3135738331963,1284.316185548499,1211.66394040399,1.1135960584506392,0.29275503347883125,0.0,0.0,0.0,0.0,0.0,0,0,0,0.0,0,0,True,0,0,,,,0.20324649995018262,0.7496116492075079,1.8957840002258308,,,,,,
Feb2022,400.0,True,0.0,pid_lowdrag_preview,1,0.6122685185185185,1220.0,1.2472529810594455,5.449603767134249,-4.771696045063436,20.9793586415715,6.854847557384661,996.6860815734659,0,370.1199205390878,370.32700936025805,1350.0,1210.3842406524489,0.18600551038980484,0.29674601084469343,0.0,0.0,0.0,0.0,0.0,0,0,0,0.0,0,0,True,0,0,,,,0.2049964996331255,0.698211510034525,0.9227689997715061,1.295114390185055,5.449603767134249,-4.771696045063436,18.443056655868887,6.860907134131881,996.6860815734659,0,325.349320567921,325.5562827976949,1284.1811990541576,1210.3842406524489,0.18600551038980484,0.2926234190718715,0.0,0.0,0.0,0.0,0.0,0,0,0,0.0,0,0,True,0,0,,,,0.2049964996331255,0.698211510034525,0.9227689997715061,,,,,,
Feb2022,400.0,True,0.0,pid_lowdrag_preview,2,0.6122685185185185,1220.0,1.267490481330785,4.301905450411141,-4.301905450411141,20.957555300372398,6.847836211420066,993.1314390282937,0,370.15271953617616,369.94213743551586,1350.0,1215.3963934246217,-0.5581623455509543,0.29673087869366055,0.0,0.0,0.0,0.0,0.0,0,0,0,0.0,0,0,True,0,0,,,,0.2068800004053628,0.7358866303093233,11.510697999256081,1.2974202694537111,4.301905450411141,-4.301905450411141,18.421026334974563,6.847836211420066,993.1314390282937,0,325.3830464299873,325.16740423418224,1283.4898380538805,1215.3963934246217,-0.5581623455509543,0.29262517714293645,0.0,0.0,0.0,0.0,0.0,0,0,0,0.0,0,0,True,0,0,,,,0.2068800004053628,0.7358866303093233,11.510697999256081,,,,,,
Feb2022,400.0,True,0.0,swmpc,0,0.6122685185185185,1220.0,1.144585744809113,4.537740183994174,-3.2117767902091146,21.27230638927389,6.3349439521706685,1023.0106189459738,0,375.44330129888147,375.4981142142696,1350.0,1209.6795998265386,0.9475501514971256,0.2493462404637138,45.7860116435297,0.0,1.1866117002599004e-14,45.7860116435297,0.0,0,0,0,0.0,0,0,True,1008,36,3.781512528467083e-11,1.798845182847277e-13,2.1757650107838638e-10,0.9427595000488509,2.0512127202891843,4.215859999931126,1.1605026237690153,4.537740183994174,-3.2117767902091146,18.69404492783521,6.348087624042414,1023.0106189459738,0,330.05853699443094,329.98672024479777,1327.1244483037008,1209.6795998265386,0.9475501514971256,0.2466370101557699,45.7860116435297,0.0,1.1866117002599004e-14,45.7860116435297,0.0,0,0,0,0.0,0,0,True,1008,36,3.781512528467083e-11,1.798845182847277e-13,2.1757650107838638e-10,0.9427595000488509,2.0512127202891843,4.215859999931126,0.28235550053068437,0.8303044398780902,2.537164999921515,0.28235550053068437,0.8303044398780902,2.537164999921515
Feb2022,400.0,True,0.0,swmpc,1,0.6122685185185185,1220.0,1.122925727343268,4.029853269457817,-3.3946241373196244,21.286202794165472,6.377007801072036,1020.124937260597,0,375.5151337981951,375.74341313652593,1350.0,1209.515966337849,1.863151928409934,0.24920161743284097,45.773587258908414,0.0,1.1419405826211784e-14,45.773587258908414,0.0,0,0,0,0.0,0,0,True,1008,36,2.2441350099225917e-11,1.6918483811764263e-13,2.3997021360639865e-10,0.955982500272512,2.3064112792690126,8.406323000599514,1.1689161941664097,4.029853269457817,-3.3946241373196244,18.699884330262904,6.401930326630563,1020.124937260597,0,330.0125955244985,330.08979720127184,1325.6365804295428,1209.515966337849,1.863151928409934,0.2469564099130771,45.773587258908414,0.0,1.1419405826211784e-14,45.773587258908414,0.0,0,0,0,0.0,0,0,True,1008,36,2.2441350099225917e-11,1.6918483811764263e-13,2.3997021360639865e-10,0.955982500272512,2.3064112792690126,8.406323000599514,0.2783705003821524,0.8986570097931675,6.9916590000502765,0.2783705003821524,0.8986570097931675,6.9916590000502765
Feb2022,400.0,True,0.0,swmpc,2,0.6122685185185185,1220.0,1.115417639007106,3.956386244855821,-3.006750871427357,21.28267588012866,6.288292766024657,1019.8491195144196,0,375.62984005347874,375.6811561557544,1350.0,1210.9701604922077,1.111407769843936,0.248722550562543,45.78313309364654,0.0,1.7254650723839807e-14,45.78313309364654,0.0,0,0,0,0.0,0,0,True,1008,36,2.327099693532836e-11,1.7137295226347993e-13,4.341143562339309e-10,1.5051899999889429,3.1094926993046066,5.9324610001567635,1.149801087692362,3.956386244855821,-3.006750871427357,18.70037374305275,6.288292766024657,1019.8491195144196,0,330.1791129148004,330.0984363011546,1327.9491932470394,1210.9701604922077,1.111407769843936,0.2461135144165757,45.78313309364654,0.0,1.7254650723839807e-14,45.78313309364654,0.0,0,0,0,0.0,0,0,True,1008,36,2.327099693532836e-11,1.7137295226347993e-13,4.341143562339309e-10,1.5051899999889429,3.1094926993046066,5.9324610001567635,0.4703579998022178,1.2351292999665016,2.137008000318019,0.4703579998022178,1.2351292999665016,2.137008000318019
Feb2022,400.0,True,180.0,pid_lowdrag_preview,0,0.611574074074074,1500.0,1.2317690009127702,4.8632746282964945,-4.504192928783596,21.005399199299596,6.8767177366741175,921.996553856592,0,370.70899840396214,370.78667650405987,1350.0,1424.7010481737618,1.801623652689159,0.2960298346235415,0.0,0.0,0.0,0.0,0.0,0,0,0,0.0,0,0,True,0,0,,,,0.4094534997420851,1.2465246200190403,2.21594000049663,1.2268966576087832,4.8632746282964945,-4.504192928783596,18.415712184543285,6.896816238906515,921.996553856592,0,324.93515225082206,325.07359901019174,1418.427544583651,1424.7010481737618,1.801623652689159,0.2914721027634639,0.0,0.0,0.0,0.0,0.0,0,0,0,0.0,0,0,True,0,0,,,,0.4094534997420851,1.2465246200190403,2.21594000049663,,,,,,
Feb2022,400.0,True,180.0,pid_lowdrag_preview,1,0.611574074074074,1500.0,1.1918541510606087,5.016160006634891,-5.016160006634891,21.007201909705554,6.886687856898224,926.6794418289809,0,370.68826895088955,370.8184978940671,1350.0,1426.2067629192886,-0.7062550475820899,0.2959554759592933,0.0,0.0,0.0,0.0,0.0,0,0,0,0.0,0,0,True,0,0,,,,0.4096525003660645,1.2691280794660975,2.433335000205261,1.2297891343752978,5.016160006634891,-5.016160006634891,18.412845131130787,6.905932977122735,926.6794418289809,0,324.9606429632915,325.0229898693688,1418.1889013272485,1426.2067629192886,-0.7062550475820899,0.29137668708609465,0.0,0.0,0.0,0.0,0.0,0,0,0,0.0,0,0,True,0,0,,,,0.4096525003660645,1.2691280794660975,2.433335000205261,,,,,,
Feb2022,400.0,True,180.0,pid_lowdrag_preview,2,0.611574074074074,1500.0,1.2321399589711126,4.3477005092427135,-4.3477005092427135,20.98957679896224,6.869975929545333,927.6401590120321,0,370.71331965472694,370.50737996797886,1350.0,1423.51410855399,-0.9466098891571164,0.29589674208558026,0.0,0.0,0.0,0.0,0.0,0,0,0,0.0,0,0,True,0,0,,,,0.4114325001864927,1.9171721899328984,4.4525639996209065,1.2502278003636618,4.3477005092427135,-4.3477005092427135,18.39639065398311,6.896109114253762,927.6401590120321,0,324.96157510825253,324.73253593239156,1418.7525186089645,1423.51410855399,-0.9466098891571164,0.291288555948494,0.0,0.0,0.0,0.0,0.0,0,0,0,0.0,0,0,True,0,0,,,,0.4114325001864927,1.9171721899328984,4.4525639996209065,,,,,,
Feb2022,400.0,True,180.0,swmpc,0,0.611574074074074,1500.0,1.146305855700792,3.7648959131911397,-3.7648959131911397,21.045562148559036,5.852457370643339,1006.6823023488566,0,371.2656700037514,371.49563167949833,1350.0,1449.9961228256827,1.5909722857177258,0.2603280100400247,45.77042195364826,0.0,1.42174636585276e-14,45.77042195364826,0.0,0,0,0,0.0,0,0,True,1008,1,3.3498086004793984e-11,1.5131131254629042e-13,2.9542625452082704e-10,1.5631650003342656,3.9972282804046664,7.000051999966672,1.170451383585752,3.7648959131911397,-3.7648959131911397,18.46204104546633,6.389794507221746,1006.6823023488566,0,325.5990666877295,325.89139467333894,1418.1911056729239,1449.9961228256827,1.5909722857177258,0.25652218757466705,45.77042195364826,0.0,1.42174636585276e-14,45.77042195364826,0.0,0,0,0,0.0,0,0,True,1008,1,3.3498086004793984e-11,1.5131131254629042e-13,2.9542625452082704e-10,1.5631650003342656,3.9972282804046664,7.000051999966672,0.4755134996230481,1.5697915901546324,4.370520000520628,0.4755134996230481,1.5697915901546324,4.370520000520628
Feb2022,400.0,True,180.0,swmpc,1,0.611574074074074,1500.0,1.13495938932864,3.673518585972488,-3.673518585972488,21.037123876854647,5.883982931230673,1008.7506453241126,0,371.1052311712422,371.346679560521,1350.0,1449.0795865566467,1.330916197039187,0.2608883995492872,45.79308093247172,0.0,1.3308028008508539e-14,45.79308093247172,0.0,0,0,0,0.0,0,0,True,1008,1,2.2067299740504508e-11,1.8182858022709245e-13,2.762121195348272e-10,1.56587950004905,3.3994824996898387,5.991729000015766,1.161991745036724,3.673518585972488,-3.673518585972488,18.45644478461037,6.490503640062864,1008.7506453241126,0,325.5389132224136,325.79260964459775,1418.2396537027876,1449.0795865566467,1.330916197039187,0.2567424831407751,45.79308093247172,0.0,1.3016219884311664e-14,45.79308093247172,0.0,0,0,0,0.0,0,0,True,1008,1,2.2067299740504508e-11,1.8182858022709245e-13,2.762121195348272e-10,1.56587950004905,3.3994824996898387,5.991729000015766,0.47429599953829893,1.151521819283514,2.3754609992465703,0.47429599953829893,1.151521819283514,2.3754609992465703
Feb2022,400.0,True,180.0,swmpc,2,0.611574074074074,1500.0,1.1839624787524579,4.0384977934882045,-3.629216382279992,21.027580387008726,5.940275401069895,1008.3341087821298,0,371.21183282528693,371.1782181640649,1350.0,1449.5046090148487,0.09168171137571335,0.2603696975134576,45.781958005696985,0.0,1.2021957230993299e-14,45.781958005696985,0.0,0,0,0,0.0,0,0,True,1008,1,4.0890428713323274e-11,1.6992577737499922e-13,2.488530991766709e-10,1.5492384995923203,3.424035580292179,5.757040999924357,1.2146963999566978,4.0384977934882045,-3.629216382279992,18.440721515445944,6.4166241729039815,1008.3341087821298,0,325.5429808618426,325.5150629690046,1417.9734725305143,1449.5046090148487,0.09168171137571335,0.2566592292011768,45.781958005696985,0.0,1.018019703626539e-14,45.781958005696985,0.0,0,0,0,0.0,0,0,True,1008,1,4.0890428713323274e-11,1.6992577737499922e-13,2.488530991766709e-10,1.5492384995923203,3.424035580292179,5.757040999924357,0.4880474994024553,1.3516232900838066,4.5964740002091276,0.4880474994024553,1.3516232900838066,4.5964740002091276
Feb2022,550.0,False,0.0,pid_lowdrag_preview,0,0.6326388888888889,1365.0,0.5596334343457212,1.8475274676457047,-1.300213124603033,1.5698280027103335,6.631581394706343,1139.4018079997281,0,27.637009485512518,27.710556809002906,1350.0,1247.85280829253,0.5190854044631124,0.3611139521712985,0.0,0.0,0.0,0.0,0.0,0,0,0,0.0,0,0,True,0,0,,,,0.4021995000584866,1.1288156101363702,3.8238799997998285,0.5656407517381238,1.8475274676457047,-1.160070144571364,1.3875150480819571,6.646086447137078,1139.4018079997281,0,24.337748302344323,24.49237400329144,1179.512882307988,1247.85280829253,0.5190854044631124,0.3605386453634397,0.0,0.0,0.0,0.0,0.0,0,0,0,0.0,0,0,True,0,0,,,,0.4021995000584866,1.1288156101363702,3.8238799997998285,,,,,,
Feb2022,550.0,False,0.0,pid_lowdrag_preview,1,0.6326388888888889,1365.0,0.5529614893468923,1.770299594849348,-1.4575255196541548,1.5708975285502629,6.624661534515649,1139.274673679278,0,27.63387119087947,27.729436047043677,1350.0,1247.7884153681832,0.5734750414267182,0.36109727652442414,0.0,0.0,0.0,0.0,0.0,0,0,0,0.0,0,0,True,0,0,,,,0.39827599948694115,1.1529334201350137,2.836472999661055,0.5807192993611154,1.770299594849348,-1.4575255196541548,1.3819075065244237,6.624661534515649,1139.274673679278,0,24.33424798606687,24.393389847944224,1179.5749503308318,1247.7884153681832,0.5734750414267182,0.36051909958532913,0.0,0.0,0.0,0.0,0.0,0,0,0,0.0,0,0,True,0,0,,,,0.39827599948694115,1.1529334201350137,2.836472999661055,,,,,,
Feb2022,550.0,False,0.0,pid_lowdrag_preview,2,0.6326388888888889,1365.0,0.47492618005951653,1.2929649716243148,-1.0037218863144517,1.568002936171018,6.623402675839676,1138.9775296763512,0,27.63844615158533,27.678340789202757,1350.0,1247.3510180082415,0.498190407641232,0.3610580937405844,0.0,0.0,0.0,0.0,0.0,0,0,0,0.0,0,0,True,0,0,,,,0.38658549965475686,1.4157809999051085,4.655611000089266,0.4778123192745846,1.2619683668017387,-0.9952684417366982,1.3829356661109213,6.623402675839676,1138.9775296763512,0,24.339004388738864,24.411538890120028,1179.4531465827238,1247.3510180082415,0.498190407641232,0.3604767676058045,0.0,0.0,0.0,0.0,0.0,0,0,0,0.0,0,0,True,0,0,,,,0.38658549965475686,1.4157809999051085,4.655611000089266,,,,,,
Feb2022,550.0,False,0.0,swmpc,0,0.6326388888888889,1365.0,0.615723368762418,2.017429456114769,-1.3652048697695136,1.606395011003547,5.204178641606932,1139.2508779997509,0,28.085245858451703,28.35603654238441,1350.0,1240.7442430281374,1.863980196416378,0.28945122217685304,34.20288584459361,0.0,1.2226735110573271e-14,34.20288584459361,0.0,0,0,0,0.0,0,0,True,1008,36,6.528641007657366e-11,1.399775243037477e-13,3.508758068623973e-10,1.5551384999525908,3.560796579731681,6.012713000018266,0.6210457666312355,2.017429456114769,-1.1142240706831217,1.4206588304082435,5.2055385707550315,1139.2508779997509,0,24.72957154807868,25.077427054601536,1179.5358277340558,1240.7442430281374,1.863980196416378,0.29075838849409497,34.20288584459361,0.0,1.2226735110573271e-14,34.20288584459361,0.0,0,0,0,0.0,0,0,True,1008,36,6.528641007657366e-11,1.399775243037477e-13,3.508758068623973e-10,1.5551384999525908,3.560796579731681,6.012713000018266,0.48455149999426794,1.23686668001028,3.269679999903019,0.48455149999426794,1.23686668001028,3.269679999903019
Feb2022,550.0,False,0.0,swmpc,1,0.6326388888888889,1365.0,0.5675853207342044,1.5970522575080395,-1.3534754607826471,1.5987154730631903,5.199999999999999,1139.1083982919117,0,28.102761600387232,28.220477569047084,1350.0,1242.4122991261647,0.7644286947324872,0.2897284281127869,34.1654427354191,0.0,1.1217138567062974e-14,34.1654427354191,0.0,0,0,0,0.0,0,0,True,1008,36,6.830165833891073e-11,1.2134357882382132e-13,3.511414754766762e-10,1.5578164993712562,3.4096784005760017,4.605090000040946,0.5958702616357606,1.5970522575080395,-1.3534754607826471,1.4076704519579806,5.199999999999999,1139.1083982919117,0,24.74750050916158,24.848156587848543,1179.4230233101837,1242.4122991261647,0.7644286947324872,0.29102374030754685,34.1654427354191,0.0,1.1217138567062974e-14,34.1654427354191,0.0,0,0,0,0.0,0,0,True,1008,36,6.830165833891073e-11,1.2134357882382132e-13,3.511414754766762e-10,1.5578164993712562,3.4096784005760017,4.605090000040946,0.48444899994137813,1.3762040707024399,3.091305999987526,0.48444899994137813,1.3762040707024399,3.091305999987526
Feb2022,550.0,False,0.0,swmpc,2,0.6326388888888889,1365.0,0.4668610668554973,1.1748691517859697,-0.897755267098546,1.5971136438463198,5.203042159373124,1139.3282767124265,0,28.075629454510203,28.192202127766073,1350.0,1240.3147453315705,0.8792452625930309,0.28942328840094655,34.17825630757819,0.0,1.1709613982643642e-14,34.17825630757819,0.0,0,0,0,0.0,0,0,True,1008,36,6.225525622568027e-11,1.2112039676338653e-13,3.1843888130664294e-10,1.5441099999407015,2.936908290394055,12.754637999933038,0.475522884844753,1.1748691517859697,-0.8697062395513058,1.4097632650402894,5.203042159373124,1139.3282767124265,0,24.720643536791197,24.885098861593388,1179.4346100955909,1240.3147453315705,0.8792452625930309,0.29071376291476614,34.17825630757819,0.0,1.1709613982643642e-14,34.17825630757819,0.0,0,0,0,0.0,0,0,True,1008,36,6.225525622568027e-11,1.2112039676338653e-13,3.1843888130664294e-10,1.5441099999407015,2.936908290394055,12.754637999933038,0.49916049965759157,1.1739603007845285,11.6545569999289,0.49916049965759157,1.1739603007845285,11.6545569999289
Feb2022,550.0,False,180.0,pid_lowdrag_preview,0,0.6328703703703704,1470.0,0.5514637355369447,1.8097796384245157,-1.716539004817605,1.5782279421739198,6.621142020245783,1139.0719200086965,0,27.75088318967773,27.85883228841583,1350.0,1469.9590660299734,0.8152842875570059,0.3613552063015689,0.0,0.0,0.0,0.0,0.0,0,0,0,0.0,0,0,True,0,0,,,,0.39956000000529457,1.1376740997548036,11.51619899974321,0.5598200501144254,1.8097796384245157,-1.1469241036102176,1.3919174104108827,6.621142020245783,1139.0719200086965,0,24.378959609886206,24.57008437105065,1454.1154133111213,1469.9590660299734,0.8152842875570059,0.3609403603996475,0.0,0.0,0.0,0.0,0.0,0,0,0,0.0,0,0,True,0,0,,,,0.39956000000529457,1.1376740997548036,11.51619899974321,,,,,,
Feb2022,550.0,False,180.0,pid_lowdrag_preview,1,0.6328703703703704,1470.0,0.5722997372136733,1.8036720901727676,-1.405438014306128,1.5800191365689227,6.633422468439286,1138.778346350615,0,27.75491345489625,27.890450398140356,1350.0,1469.8759765842149,0.8108900748193264,0.36135777144979353,0.0,0.0,0.0,0.0,0.0,0,0,0,0.0,0,0,True,0,0,,,,0.4022900002382812,1.142452450048949,2.332153000679682,0.607226625615251,1.8036720901727676,-1.405438014306128,1.3894124341461014,6.634302304480806,1138.778346350615,0,24.383384436058506,24.52586660517378,1454.0323566262002,1469.8759765842149,0.8108900748193264,0.36093756360717055,0.0,0.0,0.0,0.0,0.0,0,0,0,0.0,0,0,True,0,0,,,,0.4022900002382812,1.142452450048949,2.332153000679682,,,,,,
Feb2022,550.0,False,180.0,pid_lowdrag_preview,2,0.6328703703703704,1470.0,0.45624744971701636,1.5156468767672777,-1.0688860667869449,1.5734128194267405,6.624168073261126,1139.214462830802,0,27.751388583669563,27.77383588613642,1350.0,1470.0,0.3129990631714463,0.36136628528413284,0.0,0.0,0.0,0.0,0.0,0,0,0,0.0,0,0,True,0,0,,,,0.37820350007677916,1.08565300986811,2.2126690000732196,0.4681472937224224,1.5156468767672777,-1.0688860667869449,1.3851306591158057,6.624168073261126,1139.214462830802,0,24.379466152814167,24.45028484079261,1454.0342186194453,1470.0,0.3129990631714463,0.36095300602988545,0.0,0.0,0.0,0.0,0.0,0,0,0,0.0,0,0,True,0,0,,,,0.37820350007677916,1.08565300986811,2.2126690000732196,,,,,,
Feb2022,550.0,False,180.0,swmpc,0,0.6328703703703704,1470.0,0.5347484889143085,1.6847563097253442,-1.57221254799515,1.5964280464432428,5.199999999999999,1138.8228987575837,0,28.095493262930084,28.180099982974937,1350.0,1469.9221671660061,0.5526308612897992,0.29103076279853124,34.335823122573714,0.0,1.1356156110800856e-14,34.335823122573714,0.0,0,0,0,0.0,0,0,True,1008,0,7.691983488472749e-11,1.1703178044188372e-13,3.381661045543083e-10,0.9555535002618853,2.2593917995618535,10.03381200007425,0.5352320816236232,1.6847563097253442,-1.2145511331036687,1.4097952476888105,5.199999999999999,1138.8228987575837,0,24.72144828937632,24.88566341834566,1499.4554350025176,1469.9221671660061,0.5526308612897992,0.29045872366763215,34.335823122573714,0.0,1.1356156110800856e-14,34.335823122573714,0.0,0,0,0,0.0,0,0,True,1008,0,7.691983488472749e-11,1.1703178044188372e-13,3.381661045543083e-10,0.9555535002618853,2.2593917995618535,10.03381200007425,0.2862225001081242,0.7794890296372614,1.5716260004410287,0.2862225001081242,0.7794890296372614,1.5716260004410287
Feb2022,550.0,False,180.0,swmpc,1,0.6328703703703704,1470.0,0.5374561082687176,1.6285519218072295,-1.2833078112453222,1.5953238099398275,5.199999999999999,1138.8137556607521,0,28.068169023441147,28.1606080333433,1350.0,1469.904812022663,0.5660525299608707,0.29181980573311705,34.41044932131727,0.0,1.3069933374494335e-14,34.41044932131727,0.0,0,0,0,0.0,0,0,True,1008,0,8.494169468983829e-11,1.3815976111900117e-13,3.442589892409926e-10,0.9572335002303589,2.2123559002375255,9.107224000217684,0.5647219084335282,1.6285519218072295,-1.2833078112453222,1.4044894049231578,5.199999999999999,1138.8137556607521,0,24.69428247653733,24.792004841021196,1499.6095944004487,1469.904812022663,0.5660525299608707,0.2914347423076684,34.41044932131727,0.0,1.3069933374494335e-14,34.41044932131727,0.0,0,0,0,0.0,0,0,True,1008,0,8.494169468983829e-11,1.3815976111900117e-13,3.442589892409926e-10,0.9572335002303589,2.2123559002375255,9.107224000217684,0.28759999986505136,0.9341634998054342,8.067710999966948,0.28759999986505136,0.9341634998054342,8.067710999966948
Feb2022,550.0,False,180.0,swmpc,2,0.6328703703703704,1470.0,0.4486844872943789,1.3007697751745582,-1.0097491797059774,1.5950966965699676,5.199999999999999,1139.2582445163293,0,28.114339067100598,28.156599034952208,1350.0,1469.9816008109867,0.39706348814070225,0.2906648873494142,34.284349328883074,0.0,1.6060968196281757e-14,34.284349328883074,0.0,0,0,0,0.0,0,0,True,1008,0,7.85224145083421e-11,1.382170516666732e-13,2.8626533776661944e-10,0.9521049996692454,2.319082640597115,4.579514000397467,0.4558830443376747,1.3007697751745582,-1.0097491797059774,1.407470405750703,5.199999999999999,1139.2582445163293,0,24.73932928103438,24.844625378199297,1499.6411437785812,1469.9816008109867,0.39706348814070225,0.29010301443322417,34.2801533933474,0.0,1.6060968196281757e-14,34.2801533933474,0.0,0,0,0,0.0,0,0,True,1008,0,7.85224145083421e-11,1.382170516666732e-13,2.8626533776661944e-10,0.9521049996692454,2.319082640597115,4.579514000397467,0.28429399981177994,0.7584410805338831,1.9646490000013728,0.28429399981177994,0.7584410805338831,1.9646490000013728
Feb2022,550.0,True,0.0,pid_lowdrag_preview,0,0.6326388888888889,1365.0,0.5627245984534859,1.850477907806635,-1.300213124603033,1.6042143945291067,6.631581394706343,1010.2116867164789,0,28.2452153631966,28.317544365795946,1350.0,1247.8610040946296,0.5101481629535556,0.34317590832529665,0.0,0.0,0.0,0.0,0.0,0,0,0,0.0,0,0,True,0,0,,,,0.20060449969605543,0.7175517301129727,2.086362999762059,0.5692074182918109,1.850477907806635,-1.160070144571364,1.4219014399007304,6.646086447137078,1010.2116867164789,0,24.94595418002841,25.099361560084482,1179.512882307988,1247.8610040946296,0.5101481629535556,0.3396109275431043,0.0,0.0,0.0,0.0,0.0,0,0,0,0.0,0,0,True,0,0,,,,0.20060449969605543,0.7175517301129727,2.086362999762059,,,,,,
Feb2022,550.0,True,0.0,pid_lowdrag_preview,1,0.6326388888888889,1365.0,0.5557003975061393,1.7534224931150675,-1.4575255196541548,1.6053809694125292,6.624661534515649,1009.8172661849026,0,28.241752027312074,28.338136710641074,1350.0,1247.78310799076,0.579597907140851,0.34315330056721727,0.0,0.0,0.0,0.0,0.0,0,0,0,0.0,0,0,True,0,0,,,,0.19898450000255252,0.841870969934461,3.305436999653466,0.5837615223012769,1.7534224931150675,-1.4575255196541548,1.41639094738669,6.624661534515649,1009.8172661849026,0,24.942128822499473,25.00209051154162,1179.5749503308318,1247.78310799076,0.579597907140851,0.33958446096858785,0.0,0.0,0.0,0.0,0.0,0,0,0,0.0,0,0,True,0,0,,,,0.19898450000255252,0.841870969934461,3.305436999653466,,,,,,
Feb2022,550.0,True,0.0,pid_lowdrag_preview,2,0.6326388888888889,1365.0,0.4781233371374951,1.3182999733835459,-1.0037218863144517,1.602482426014807,6.623402675839676,1009.0587565905466,0,28.24661473465793,28.286971709540378,1350.0,1247.3480114028662,0.5028604585677385,0.343108936725955,0.0,0.0,0.0,0.0,0.0,0,0,0,0.0,0,0,True,0,0,,,,0.19903199972759467,0.7080476996634377,1.0348169998906087,0.4815179155148053,1.3182999733835459,-0.9985121227800846,1.4174151559547103,6.623402675839676,1009.0587565905466,0,24.94717297181146,25.020169810457652,1179.4531465827238,1247.3480114028662,0.5028604585677385,0.3395360844220703,0.0,0.0,0.0,0.0,0.0,0,0,0,0.0,0,0,True,0,0,,,,0.19903199972759467,0.7080476996634377,1.0348169998906087,,,,,,
Feb2022,550.0,True,0.0,swmpc,0,0.6326388888888889,1365.0,0.614297868706489,2.02059012837708,-1.3652048697695136,1.6339238425946163,5.204178641606932,1032.4311522568485,0,28.57143342940574,28.841974651765046,1350.0,1240.7185213427367,1.862677689641714,0.2772032040790535,45.50770635168088,0.0,1.1933994772804204e-14,45.50770635168088,0.0,0,0,0,0.0,0,0,True,1008,36,6.528641007657366e-11,1.399775243037477e-13,4.100960800666301e-10,0.93033099983586,1.8031367804724137,5.742234000535973,0.6193966551012677,2.02059012837708,-1.1142240706831217,1.4481876619993128,5.2055385707550315,1032.4311522568485,0,25.215759119032718,25.563365163982173,1179.5358277340558,1240.7185213427367,1.862677689641714,0.27646903404666223,45.50770635168088,0.0,1.1933994772804204e-14,45.50770635168088,0.0,0,0,0,0.0,0,0,True,1008,36,6.528641007657366e-11,1.399775243037477e-13,4.100960800666301e-10,0.93033099983586,1.8031367804724137,5.742234000535973,0.2806554998642241,0.7194885200624411,1.5823350004211534,0.2806554998642241,0.7194885200624411,1.5823350004211534
Feb2022,550.0,True,0.0,swmpc,1,0.6326388888888889,1365.0,0.5702260433526861,1.5969339907169342,-1.3534754607826471,1.6261293029570296,5.201220117157321,1032.652258127324,0,28.586453355143334,28.704385671918068,1350.0,1242.3963760366132,0.7668962506577373,0.2775283825803815,45.500874023808095,0.0,1.6462022495674252e-14,45.500874023808095,0.0,0,0,0,0.0,0,0,True,1008,36,6.584564575656197e-11,1.2134357882382132e-13,3.706216025649344e-10,0.9304540003540751,2.0495523901718107,5.0967389997822465,0.598804464696697,1.5969339907169342,-1.3534754607826471,1.43508428185182,5.201220117157321,1032.652258127324,0,25.23119226391768,25.332064690719527,1179.4230233101837,1242.3963760366132,0.7668962506577373,0.2767903538530737,45.500874023808095,0.0,1.6462022495674252e-14,45.500874023808095,0.0,0,0,0,0.0,0,0,True,1008,36,6.584564575656197e-11,1.2134357882382132e-13,3.706216025649344e-10,0.9304540003540751,2.0495523901718107,5.0967389997822465,0.2832410000337404,0.7420003995957807,2.8338850006548455,0.2832410000337404,0.7420003995957807,2.8338850006548455
Feb2022,550.0,True,0.0,swmpc,2,0.6326388888888889,1365.0,0.4690620396257551,1.1977888848632574,-0.897755267098546,1.6246080531595202,5.203042159373124,1032.3734191165113,0,28.56032203275565,28.677532616130293,1350.0,1240.3343820947184,0.8856903780251741,0.2772434430766699,45.50490265855467,0.0,1.1400276406301556e-14,45.50490265855467,0.0,0,0,0,0.0,0,0,True,1008,36,6.225525622568027e-11,1.2438460748484586e-13,4.676503366026295e-10,0.9456699999645934,2.1280828602175452,7.279813999957696,0.47804317674128566,1.1977888848632574,-0.8742955466732383,1.4372576743534897,5.203042159373124,1032.3734191165113,0,25.205336115036644,25.370429349957607,1179.4346100955909,1240.3343820947184,0.8856903780251741,0.2765039433697767,45.50490265855467,0.0,1.1400276406301556e-14,45.50490265855467,0.0,0,0,0,0.0,0,0,True,1008,36,6.225525622568027e-11,1.2438460748484586e-13,4.676503366026295e-10,0.9456699999645934,2.1280828602175452,7.279813999957696,0.281917500160489,0.8663432900357282,2.468841999871074,0.281917500160489,0.8663432900357282,2.468841999871074
Feb2022,550.0,True,180.0,pid_lowdrag_preview,0,0.6328703703703704,1470.0,0.5523835374855841,1.8138940231874585,-1.716539004817605,1.6120780587143706,6.621142020245783,953.5230709718682,0,28.349269309560626,28.456353530084293,1350.0,1469.9578770530754,0.8063846426084638,0.3437000129076482,0.0,0.0,0.0,0.0,0.0,0,0,0,0.0,0,0,True,0,0,,,,0.2038465004261525,0.7168193296456582,1.8546579995017964,0.5608770181851798,1.8138940231874585,-1.1469241036102176,1.4257675269513335,6.621142020245783,953.5230709718682,0,24.9773457297691,25.167605612719115,1454.1154133111213,1469.9578770530754,0.8063846426084638,0.34034263477340665,0.0,0.0,0.0,0.0,0.0,0,0,0,0.0,0,0,True,0,0,,,,0.2038465004261525,0.7168193296456582,1.8546579995017964,,,,,,
Feb2022,550.0,True,180.0,pid_lowdrag_preview,1,0.6328703703703704,1470.0,0.5764149596859099,1.815258577466011,-1.405735987238586,1.6139120480708433,6.633422468439286,954.0768814617803,0,28.353273872717782,28.4887270551848,1350.0,1469.876053816029,0.8104864303022623,0.3437163998696534,0.0,0.0,0.0,0.0,0.0,0,0,0,0.0,0,0,True,0,0,,,,0.19953599985456094,0.5994697999449268,1.5318490004574414,0.6117509794135455,1.815258577466011,-1.405735987238586,1.423305345648022,6.634302304480806,954.0768814617803,0,24.981744853880038,25.124143262218222,1454.0323566262002,1469.876053816029,0.8104864303022623,0.34035596343034047,0.0,0.0,0.0,0.0,0.0,0,0,0,0.0,0,0,True,0,0,,,,0.19953599985456094,0.5994697999449268,1.5318490004574414,,,,,,
Feb2022,550.0,True,180.0,pid_lowdrag_preview,2,0.6328703703703704,1470.0,0.46034819930294746,1.5992313921451569,-1.0688860667869449,1.6073014407412418,6.624168073261126,954.6397292802787,0,28.349687749877877,28.37203681292111,1350.0,1470.0,0.31230868864804506,0.3437236518647333,0.0,0.0,0.0,0.0,0.0,0,0,0,0.0,0,0,True,0,0,,,,0.20668900015152758,0.7423217302948614,4.410771000038949,0.4728076487528275,1.5992313921451569,-1.0688860667869449,1.419019280430307,6.624168073261126,954.6397292802787,0,24.97776531902248,25.048485767577297,1454.0342186194453,1470.0,0.31230868864804506,0.34036993370725266,0.0,0.0,0.0,0.0,0.0,0,0,0,0.0,0,0,True,0,0,,,,0.20668900015152758,0.7423217302948614,4.410771000038949,,,,,,
Feb2022,550.0,True,180.0,swmpc,0,0.6328703703703704,1470.0,0.5362309687621686,1.686981444247067,-1.57221254799515,1.6242911873270536,5.199999999999999,1044.2067734238312,0,28.587994799653412,28.67193930996174,1350.0,1469.9216726542277,0.5468067266047001,0.27869731194306946,45.50334987530663,0.0,1.1231450123618118e-14,45.50334987530663,0.0,0,0,0,0.0,0,0,True,1008,0,9.00399754755199e-11,1.0409344159268183e-13,4.707252457475793e-10,0.9497689998170245,2.1291385693348253,5.763558000580815,0.5369596858609413,1.686981444247067,-1.2145511331036687,1.4376583885726213,5.199999999999999,1044.2067734238312,0,25.213949826099647,25.377502745332464,1499.4554350025176,1469.9216726542277,0.5468067266047001,0.27606969766959366,45.50334987530663,0.0,1.1231450123618118e-14,45.50334987530663,0.0,0,0,0,0.0,0,0,True,1008,0,9.00399754755199e-11,1.0409344159268183e-13,4.707252457475793e-10,0.9497689998170245,2.1291385693348253,5.763558000580815,0.2832300001500698,0.7983501500439116,1.414020999618515,0.2832300001500698,0.7983501500439116,1.414020999618515
Feb2022,550.0,True,180.0,swmpc,1,0.6328703703703704,1470.0,0.5378610301807619,1.54092753585428,-1.2853637672960758,1.6232344787481867,5.200000000000003,1044.6849019703734,0,28.56109477612071,28.653286321828535,1350.0,1469.9047957493003,0.5642776899039745,0.2793271651409137,45.54257376660574,0.0,1.1446812888926153e-14,45.54257376660574,0.0,0,0,0,0.0,0,0,True,1008,0,8.494169468983829e-11,2.0145434489197574e-13,3.442589892409926e-10,0.9290934999626188,1.9921440998859885,2.8857269999207347,0.5651714989704635,1.54092753585428,-1.2853637672960758,1.432400073731517,5.200000000000003,1044.6849019703734,0,25.187208229216896,25.28468312950643,1499.6095944004487,1469.9047957493003,0.5642776899039745,0.27685999495009794,45.54257376660574,0.0,1.1446812888926153e-14,45.54257376660574,0.0,0,0,0,0.0,0,0,True,1008,0,8.494169468983829e-11,2.0145434489197574e-13,3.442589892409926e-10,0.9290934999626188,1.9921440998859885,2.8857269999207347,0.28226500035088975,0.8008279301611763,1.2845759993069805,0.28226500035088975,0.8008279301611763,1.2845759993069805
Feb2022,550.0,True,180.0,swmpc,2,0.6328703703703704,1470.0,0.4528312470520523,1.4139032261446118,-1.009981601499021,1.6229178737496521,5.199999999999999,1044.9620698437989,0,28.606114280588002,28.6476976198926,1350.0,1469.9820198712575,0.3933147294446826,0.2783515717589864,45.51413213377639,0.0,1.1905932838885786e-14,45.51413213377639,0.0,0,0,0,0.0,0,0,True,1008,0,7.85224145083421e-11,1.4852417252631935e-13,4.54654988500748e-10,0.9446210005989997,2.182760699970455,5.302393000420125,0.4606417054617392,1.4139032261446118,-1.009981601499021,1.4352915829303876,5.199999999999999,1044.9620698437989,0,25.231104494521784,25.335723963139685,1499.6411437785812,1469.9820198712575,0.3933147294446826,0.275737479577725,45.51413213377639,0.0,1.1905932838885786e-14,45.51413213377639,0.0,0,0,0,0.0,0,0,True,1008,0,7.85224145083421e-11,1.4852417252631935e-13,4.54654988500748e-10,0.9446210005989997,2.182760699970455,5.302393000420125,0.2808859999277047,1.2550055801602704,3.452967000157514,0.2808859999277047,1.2550055801602704,3.452967000157514
Mar2015,400.0,False,0.0,pid_lowdrag_preview,0,0.611574074074074,1310.0,1.5106578610812043,6.266471682116389,-4.567944163456559,29.64551960291646,6.9720125759948886,1117.5857179699121,0,523.2609681675264,523.3018226650919,1350.0,1301.1745787052175,1.7988863214850426,0.29902418311106393,0.0,0.0,0.0,0.0,0.0,0,0,0,0.0,0,0,True,0,0,,,,0.1986194997698476,0.7682264494542319,1.6209390005315072,1.5330323082507358,6.266471682116389,-4.567944163456559,26.291822862471655,6.978888562215903,1117.5857179699121,0,464.06114576587987,464.10246841366256,1203.6225842797471,1301.1745787052175,1.7988863214850426,0.29822303868711353,0.0,0.0,0.0,0.0,0.0,0,0,0,0.0,0,0,True,0,0,,,,0.1986194997698476,0.7682264494542319,1.6209390005315072,,,,,,
Mar2015,400.0,False,0.0,pid_lowdrag_preview,1,0.611574074074074,1310.0,1.5389122433134477,6.890524913556874,-4.968404181301594,29.677654031324902,6.9584215833970395,1119.257698560961,0,523.5089205446967,523.869058631321,1350.0,1299.1800453434357,0.4066310590133071,0.2988012166108326,0.0,0.0,0.0,0.0,0.0,0,0,0,0.0,0,0,True,0,0,,,,0.20187899963275413,0.7378603901179296,2.710611000111385,1.5936754177355632,6.890524913556874,-4.968404181301594,26.318485409250336,6.9584215833970395,1119.257698560961,0,464.2859974727438,464.5731148895193,1204.1127751249921,1299.1800453434357,0.4066310590133071,0.2979364076881251,0.0,0.0,0.0,0.0,0.0,0,0,0,0.0,0,0,True,0,0,,,,0.20187899963275413,0.7378603901179296,2.710611000111385,,,,,,
Mar2015,400.0,False,0.0,pid_lowdrag_preview,2,0.611574074074074,1310.0,1.5884216155576136,5.530224934220314,-5.530224934220314,29.644209614712043,6.9549984239168925,1116.983908978447,0,523.4943547034012,523.2786987926072,1350.0,1301.679951312218,-0.5813667634502053,0.2988004591570582,0.0,0.0,0.0,0.0,0.0,0,0,0,0.0,0,0,True,0,0,,,,0.20987849984521745,0.7654489499418557,2.288581000357226,1.624513362404935,5.530224934220314,-5.530224934220314,26.28403175956101,6.9678525298808776,1116.983908978447,0,464.2479799004852,463.96494009881684,1203.7513600747168,1301.679951312218,-0.5813667634502053,0.2979932624930586,0.0,0.0,0.0,0.0,0.0,0,0,0,0.0,0,0,True,0,0,,,,0.20987849984521745,0.7654489499418557,2.288581000357226,,,,,,
Mar2015,400.0,False,0.0,swmpc,0,0.611574074074074,1310.0,1.3156485419817114,5.496764372102916,-3.7202554028481245,29.487999633857964,5.108846999466934,1117.5971683641872,0,520.6849371605882,520.5212848968708,1350.0,1299.7117222818204,-0.6953365579247475,0.27887954100370205,34.621653485371816,0.0,9.877844854052501e-15,34.621653485371816,0.0,0,0,0,0.0,0,0,True,1008,36,1.781543774722496e-11,2.1066152578218381e-13,1.3066196280620163e-10,0.9348319999844534,2.0488571903933916,6.99973599967052,1.3346282152168885,5.496764372102916,-3.7202554028481245,26.131722404722975,5.586405568767356,1117.5971683641872,0,461.58654290810637,461.2763799364969,1233.4325174747628,1299.7117222818204,-0.6953365579247475,0.27940077786983175,34.621653485371816,0.0,9.877844854052501e-15,34.621653485371816,0.0,0,0,0,0.0,0,0,True,1008,36,1.781543774722496e-11,2.1066152578218381e-13,1.3066196280620163e-10,0.9348319999844534,2.0488571903933916,6.99973599967052,0.2846434999810299,0.8486462999917417,5.568835000303807,0.2846434999810299,0.8486462999917417,5.568835000303807
Mar2015,400.0,False,0.0,swmpc,1,0.611574074074074,1310.0,1.2250881336166115,4.73136939574033,-3.750711780972779,29.503838336590817,4.956280968470475,1118.3706739771828,0,520.8146169481485,520.800869202352,1350.0,1299.1038200043304,-0.030607539229094982,0.278374724638505,34.65049894387399,0.0,1.2456288218748028e-14,34.65049894387399,0.0,0,0,0,0.0,0,0,True,1008,36,1.4067767358900257e-11,2.263807987755147e-13,1.7219649453003292e-10,0.9580175001246971,2.312095559618676,6.77456900029938,1.2797001244800539,4.73136939574033,-3.750711780972779,26.14253834955042,5.615388700735151,1118.3706739771828,0,461.62018781910183,461.46730267011463,1234.359280472172,1299.1038200043304,-0.030607539229094982,0.27899765566925594,34.596126247038654,0.0,1.2456288218748028e-14,34.596126247038654,0.0,0,0,0,0.0,0,0,True,1008,36,1.4067767358900257e-11,2.263807987755147e-13,1.7219649453003292e-10,0.9580175001246971,2.312095559618676,6.77456900029938,0.28567699973791605,0.7350272003077405,1.7857240000012098,0.28567699973791605,0.7350272003077405,1.7857240000012098
Mar2015,400.0,False,0.0,swmpc,2,0.611574074074074,1310.0,1.3444291142672762,4.733852580189705,-3.800093344412744,29.488476620295526,5.135851902019699,1117.70928383185,0,520.7268710224007,520.5297046471599,1350.0,1300.980279698689,-0.7615790404379368,0.27855277892059704,34.610386044103905,0.0,1.3184910211572925e-14,34.610386044103905,0.0,0,0,0,0.0,0,0,True,1008,36,1.6893660614143263e-11,2.456988358336662e-13,1.7895536963231537e-10,0.9322764999524225,1.969694999670537,2.484739000465197,1.3864211387093672,4.733852580189705,-3.800093344412744,26.123219510212735,5.135851902019699,1117.70928383185,0,461.526133369347,461.12628709769183,1233.4992529377478,1300.980279698689,-0.7615790404379368,0.279224830541282,34.610386044103905,0.0,1.3184910211572925e-14,34.610386044103905,0.0,0,0,0,0.0,0,0,True,1008,36,1.6893660614143263e-11,2.456988358336662e-13,1.7895536963231537e-10,0.9322764999524225,1.969694999670537,2.484739000465197,0.282594499822153,0.7841416104474765,1.3787409998258227,0.282594499822153,0.7841416104474765,1.3787409998258227
Mar2015,400.0,False,180.0,pid_lowdrag_preview,0,0.6069444444444444,1500.0,1.513944180362715,5.765238787978888,-5.765238787978888,29.62130286915508,6.963062378272438,1119.0353860930375,0,522.8203183602091,522.8743496072402,1350.0,1357.8758990435824,1.8733920380473137,0.2986858201145771,0.0,0.0,0.0,0.0,0.0,0,0,0,0.0,0,0,True,0,0,,,,0.20234749990777345,0.7628083898634898,1.4428810000026715,1.508140381910866,5.765238787978888,-5.765238787978888,26.242408067214875,6.98552864443702,1119.0353860930375,0,463.06625030585025,463.2301999302359,1500.0,1357.8758990435824,1.8733920380473137,0.2974927564708578,0.0,0.0,0.0,0.0,0.0,0,0,0,0.0,0,0,True,0,0,,,,0.20234749990777345,0.7628083898634898,1.4428810000026715,,,,,,
Mar2015,400.0,False,180.0,pid_lowdrag_preview,1,0.6069444444444444,1500.0,1.4976400957739233,5.7985532730817795,-5.7985532730817795,29.633189735817943,6.984943437396013,1117.3143979310273,0,522.9536728089454,523.0841762209653,1350.0,1360.25275154879,-1.0569802867248654,0.2984133023878137,0.0,0.0,0.0,0.0,0.0,0,0,0,0.0,0,0,True,0,0,,,,0.19909899947379017,0.623164880162221,1.5459409996765316,1.5431859182376344,5.7985532730817795,-5.7985532730817795,26.254253220553437,6.994258298212289,1117.3143979310273,0,463.25419571227843,463.43929022161194,1500.0,1360.25275154879,-1.0569802867248654,0.29717057140674397,0.0,0.0,0.0,0.0,0.0,0,0,0,0.0,0,0,True,0,0,,,,0.19909899947379017,0.623164880162221,1.5459409996765316,,,,,,
Mar2015,400.0,False,180.0,pid_lowdrag_preview,2,0.6069444444444444,1500.0,1.5802741793499657,5.590777917765081,-5.590777917765081,29.615018965577374,6.973152189121472,1116.6135124216687,0,523.0168974774181,522.7634263298017,1350.0,1353.6777403759943,-1.237636774778366,0.29828125845160125,0.0,0.0,0.0,0.0,0.0,0,0,0,0.0,0,0,True,0,0,,,,0.1992219999920053,0.6931446701037199,1.4951409993955167,1.6025262476625204,5.590777917765081,-5.590777917765081,26.230635390034568,6.977079597564492,1116.6135124216687,0,463.26527815293827,463.0223889858274,1500.0,1353.6777403759943,-1.237636774778366,0.29706631993603994,0.0,0.0,0.0,0.0,0.0,0,0,0,0.0,0,0,True,0,0,,,,0.1992219999920053,0.6931446701037199,1.4951409993955167,,,,,,
Mar2015,400.0,False,180.0,swmpc,0,0.6069444444444444,1500.0,1.3164711736333377,4.297698210924864,-4.297698210924864,29.524944616758116,5.332353158912532,1115.9705015851848,0,520.8108239642082,521.1734366266738,1350.0,1449.8462694857694,2.6115089301019907,0.275374739931473,35.1158714010057,0.0,1.0902915280724414e-14,35.1158714010057,0.0,0,0,0,0.0,0,0,True,1008,1,3.2786484395524575e-11,2.757685864543695e-13,3.417669072214252e-10,0.954467999690678,2.8184876199702544,6.8852599997626385,1.3363239223333403,4.297698210924864,-4.297698210924864,26.14739307447031,5.332353158912532,1115.9705015851848,0,461.07770057464273,461.5529981287558,1499.9999999999995,1449.8462694857694,2.6115089301019907,0.2752921288927289,35.1158714010057,0.0,1.0902915280724414e-14,35.1158714010057,0.0,0,0,0,0.0,0,0,True,1008,1,3.2786484395524575e-11,2.757685864543695e-13,3.417669072214252e-10,0.954467999690678,2.8184876199702544,6.8852599997626385,0.29038049979135394,0.8483682098994888,5.573372000071686,0.29038049979135394,0.8483682098994888,5.573372000071686
Mar2015,400.0,False,180.0,swmpc,1,0.6069444444444444,1500.0,1.2781972350516015,4.0497290678322315,-3.5762572018429637,29.504228326369013,5.519818845175999,1115.985010462261,0,520.4677618171905,520.8077532902165,1350.0,1448.6340450611658,1.933244762942195,0.27642013047810965,35.1520936887313,0.0,1.2150160180096218e-14,35.1520936887313,0.0,0,0,0,0.0,0,0,True,1008,1,1.706036596028236e-11,2.6145346494448066e-13,3.2966239503466124e-10,0.980005000201345,2.163791300126829,3.5694050002348376,1.318072699288243,4.0497290678322315,-3.5762572018429637,26.131456169980936,5.519818845175999,1115.985010462261,0,460.8388732534672,461.2716803688187,1499.9999999999995,1448.6340450611658,1.933244762942195,0.27616920281079604,35.1520936887313,0.0,1.2150160180096218e-14,35.1520936887313,0.0,0,0,0,0.0,0,0,True,1008,1,1.706036596028236e-11,2.6145346494448066e-13,3.2966239503466124e-10,0.980005000201345,2.163791300126829,3.5694050002348376,0.29273849986566347,0.7988991103320578,1.5310879998651217,0.29273849986566347,0.7988991103320578,1.5310879998651217
Mar2015,400.0,False,180.0,swmpc,2,0.6069444444444444,1500.0,1.3872811731504828,4.612367718480527,-3.6946604549884796,29.471676306794706,5.479065776953755,1115.7725182320846,0,520.2716394774883,520.2331460172493,1350.0,1449.2878371963993,0.2712084390223026,0.27665699962471624,35.20840308673093,0.0,1.2460388301377278e-14,35.20840308673093,0.0,0,0,0,0.0,0,0,True,1008,1,3.3951519473817205e-11,2.0698131719783902e-13,3.294690293934036e-10,0.9518735000710876,2.050667009807509,2.796335999846633,1.4287450715325751,4.612367718480527,-3.6946604549884796,26.08852426678708,5.479065776953755,1115.7725182320846,0,460.562892818187,460.5138477015959,1499.9999999999995,1449.2878371963993,0.2712084390223026,0.2767631959513326,35.20840308673093,0.0,1.1147291054096934e-14,35.20840308673093,0.0,0,0,0,0.0,0,0,True,1008,1,3.3951519473817205e-11,2.0698131719783902e-13,3.294690293934036e-10,0.9518735000710876,2.050667009807509,2.796335999846633,0.28949249963261536,0.7318874798693285,1.2447019998944597,0.28949249963261536,0.7318874798693285,1.2447019998944597
Mar2015,400.0,True,0.0,pid_lowdrag_preview,0,0.611574074074074,1310.0,1.5211991771326683,6.2664848593994975,-4.555707100778818,30.22480033425586,6.9720125759948886,987.9953010591423,0,533.486414621761,533.5272687562727,1350.0,1301.1745828500734,1.7988869594410062,0.2800688706195692,0.0,0.0,0.0,0.0,0.0,0,0,0,0.0,0,0,True,0,0,,,,0.19713550000233226,0.8076767599959552,2.218213000560354,1.5451454457796823,6.2664848593994975,-4.555707100778818,26.871103593811057,6.978888562215903,987.9953010591423,0,474.2865922201145,474.3279145048434,1203.6225842797471,1301.1745828500734,1.7988869594410062,0.2761085074470363,0.0,0.0,0.0,0.0,0.0,0,0,0,0.0,0,0,True,0,0,,,,0.19713550000233226,0.8076767599959552,2.218213000560354,,,,,,
Mar2015,400.0,True,0.0,pid_lowdrag_preview,1,0.611574074074074,1310.0,1.5520385947030695,6.89055535569787,-4.961829900741577,30.256143468613978,6.9584215833970395,990.6527622693957,0,533.7203995538312,534.080536823668,1350.0,1299.180053311298,0.40662933327257633,0.27986914967190746,0.0,0.0,0.0,0.0,0.0,0,0,0,0.0,0,0,True,0,0,,,,0.19482600009723683,0.7465718396542786,1.733019000312197,1.6084577691255832,6.89055535569787,-4.961829900741577,26.89697484653941,6.9584215833970395,990.6527622693957,0,474.49747648187827,474.7845930818663,1204.1127751249921,1299.180053311298,0.40662933327257633,0.275848996259379,0.0,0.0,0.0,0.0,0.0,0,0,0,0.0,0,0,True,0,0,,,,0.19482600009723683,0.7465718396542786,1.733019000312197,,,,,,
Mar2015,400.0,True,0.0,pid_lowdrag_preview,2,0.611574074074074,1310.0,1.598098475115865,5.530226603150368,-5.530226603150368,30.222361669431557,6.9549984239168925,990.9539641249365,0,533.699876906215,533.4842215179527,1350.0,1301.6799460985478,-0.5813656458631158,0.27988382065895423,0.0,0.0,0.0,0.0,0.0,0,0,0,0.0,0,0,True,0,0,,,,0.19610199979069876,1.0570132198426996,2.588371999991068,1.635548355525453,5.530226603150368,-5.530226603150368,26.862183814280524,6.9678525298808776,990.9539641249365,0,474.45350210329894,474.17046282416237,1203.7513600747168,1301.6799460985478,-0.5813656458631158,0.2759238509119373,0.0,0.0,0.0,0.0,0.0,0,0,0,0.0,0,0,True,0,0,,,,0.19610199979069876,1.0570132198426996,2.588371999991068,,,,,,
Mar2015,400.0,True,0.0,swmpc,0,0.611574074074074,1310.0,1.3232862598051347,5.488072833046317,-3.7195133436471224,29.904061344804358,5.108846999466934,1004.0949734573064,0,528.0292456448402,527.8655937366456,1350.0,1299.7117220511936,-0.6953359376639128,0.2674460988577456,45.88758456512601,0.0,1.2130313458087145e-14,45.88758456512601,0.0,0,0,0,0.0,0,0,True,1008,36,3.417518836031854e-11,2.4028811105859795e-13,4.937021160734895e-10,0.9285670003009727,2.0345034306046696,6.418859999939741,1.3434087807211001,5.488072833046317,-3.7195133436471224,26.54778411566937,5.586405968033528,1004.0949734573064,0,468.93085139235836,468.6206887762716,1233.4325174747628,1299.7117220511936,-0.6953359376639128,0.2660617620328828,45.88758456512601,0.0,1.2130313458087145e-14,45.88758456512601,0.0,0,0,0,0.0,0,0,True,1008,36,3.417518836031854e-11,2.4028811105859795e-13,4.937021160734895e-10,0.9285670003009727,2.0345034306046696,6.418859999939741,0.2852994998647773,0.7356989604431871,2.807334000863193,0.2852994998647773,0.7356989604431871,2.807334000863193
Mar2015,400.0,True,0.0,swmpc,1,0.611574074074074,1310.0,1.2369724483775237,4.731379984878004,-3.7541194930672646,29.933250915158094,4.956280968470475,1001.7356462737089,0,528.394594889219,528.3808471568437,1350.0,1299.1038191545622,-0.030608009546995163,0.2664328519632977,45.90672429476897,0.0,1.4746469702841138e-14,45.90672429476897,0.0,0,0,0,0.0,0,0,True,1008,36,1.4067767358900257e-11,2.4306785051424993e-13,1.72196494869967e-10,0.9775914995771018,2.5770867498795265,6.019911999828764,1.2929690491257948,4.731379984878004,-3.7541194930672646,26.571950928117698,5.615431609149566,1001.7356462737089,0,469.20016576017235,469.04728062460634,1234.359280472172,1299.1038191545622,-0.030608009546995163,0.2650654708815142,45.90672429476897,0.0,1.4746469702841138e-14,45.90672429476897,0.0,0,0,0,0.0,0,0,True,1008,36,1.4067767358900257e-11,2.4306785051424993e-13,1.72196494869967e-10,0.9775914995771018,2.5770867498795265,6.019911999828764,0.29278100009832997,1.1212159900878702,3.4444270004314603,0.29278100009832997,1.1212159900878702,3.4444270004314603
Mar2015,400.0,True,0.0,swmpc,2,0.611574074074074,1310.0,1.3499988006387247,4.733852580189705,-3.800099945627153,29.91445405593942,5.135869107874963,1001.1909213311264,0,528.2462119708433,528.0490455618171,1350.0,1300.980278265587,-0.7615812746807933,0.26667434874286045,45.8897918062167,0.0,1.3184910211572925e-14,45.8897918062167,0.0,0,0,0,0.0,0,0,True,1008,36,1.6893660614143263e-11,2.8714759278484397e-13,2.31841987032698e-10,0.9376835000693973,2.504954349806205,7.616783999765175,1.3927210340562692,4.733852580189705,-3.800099945627153,26.54919694585663,5.135869107874963,1001.1909213311264,0,469.0454743177896,468.6456280123491,1233.4992529377478,1300.980278265587,-0.7615812746807933,0.26536666200058934,45.8897918062167,0.0,1.3184910211572925e-14,45.8897918062167,0.0,0,0,0,0.0,0,0,True,1008,36,1.6893660614143263e-11,2.8714759278484397e-13,2.31841987032698e-10,0.9376835000693973,2.504954349806205,7.616783999765175,0.2870739999707439,0.9354108400111715,2.147741000044334,0.2870739999707439,0.9354108400111715,2.147741000044334
Mar2015,400.0,True,180.0,pid_lowdrag_preview,0,0.6069444444444444,1500.0,1.5245514245678635,5.760053345933557,-5.760053345933557,30.192885384056744,6.963062378272438,933.6880572558393,0,532.9098764047371,532.9639070128088,1350.0,1357.8758967625595,1.8733920780941844,0.2799864269232645,0.0,0.0,0.0,0.0,0.0,0,0,0,0.0,0,0,True,0,0,,,,0.19546349949450814,0.5750568196435768,1.5277060001608334,1.5205555412187297,5.760053345933557,-5.760053345933557,26.81399058211654,6.98552864443702,933.6880572558393,0,473.1558083503783,473.3197573358045,1500.0,1357.8758967625595,1.8733920780941844,0.27567679774765974,0.0,0.0,0.0,0.0,0.0,0,0,0,0.0,0,0,True,0,0,,,,0.19546349949450814,0.5750568196435768,1.5277060001608334,,,,,,
Mar2015,400.0,True,180.0,pid_lowdrag_preview,1,0.6069444444444444,1500.0,1.5100917710847264,5.798561446368694,-5.798561446368694,30.201392368335295,6.984943437396013,936.3677107324759,0,532.9835685992982,533.1140720440852,1350.0,1360.2527545956473,-1.0569878593087196,0.2798147731825913,0.0,0.0,0.0,0.0,0.0,0,0,0,0.0,0,0,True,0,0,,,,0.2006684999287245,0.6936185499580461,1.9150369998897077,1.5572783830494223,5.798561446368694,-5.798561446368694,26.82245585307079,6.9946272402269924,936.3677107324759,0,473.28409150263127,473.4691860447318,1500.0,1360.2527545956473,-1.0569878593087196,0.2754722873339843,0.0,0.0,0.0,0.0,0.0,0,0,0,0.0,0,0,True,0,0,,,,0.2006684999287245,0.6936185499580461,1.9150369998897077,,,,,,
Mar2015,400.0,True,180.0,pid_lowdrag_preview,2,0.6069444444444444,1500.0,1.5877700535810608,5.590777917765081,-5.590777917765081,30.185830970641867,6.973152189121472,935.5570224309279,0,533.0928530359552,532.8393827188444,1350.0,1353.6777464473328,-1.2376375328749418,0.2796105395510332,0.0,0.0,0.0,0.0,0.0,0,0,0,0.0,0,0,True,0,0,,,,0.19642200004454935,0.653162349817648,2.114362000611436,1.6111472659042319,5.590777917765081,-5.590777917765081,26.80144739509906,6.977079597564492,935.5570224309279,0,473.34123371147535,473.09834537487,1500.0,1353.6777464473328,-1.2376375328749418,0.27528381455204376,0.0,0.0,0.0,0.0,0.0,0,0,0,0.0,0,0,True,0,0,,,,0.19642200004454935,0.653162349817648,2.114362000611436,,,,,,
Mar2015,400.0,True,180.0,swmpc,0,0.6069444444444444,1500.0,1.3237020235518318,4.29842493776232,-4.29842493776232,29.961323691469634,5.331930573172995,1013.8798601574182,0,528.513774574659,528.876386962107,1350.0,1449.8462689804494,2.6115112844854593,0.2630462036907224,45.91874353964508,0.0,1.162070269372857e-14,45.91874353964508,0.0,0,0,0,0.0,0,0,True,1008,1,3.2786484395524575e-11,2.59894539820299e-13,3.417669072214252e-10,0.9714180000628403,2.10841219995018,3.7075919999551843,1.3446315868070777,4.29842493776232,-4.29842493776232,26.583772149181826,5.331930573172995,1013.8798601574182,0,468.7806511850935,469.2559484641889,1499.9999999999995,1449.8462689804494,2.6115112844854593,0.2609088366118534,45.91874353964508,0.0,1.162070269372857e-14,45.91874353964508,0.0,0,0,0,0.0,0,0,True,1008,1,3.2786484395524575e-11,2.59894539820299e-13,3.417669072214252e-10,0.9714180000628403,2.10841219995018,3.7075919999551843,0.2935779994004406,0.7455929506159005,1.19516900031158,0.2935779994004406,0.7455929506159005,1.19516900031158
Mar2015,400.0,True,180.0,swmpc,1,0.6069444444444444,1500.0,1.2897262975520312,4.0497325183823705,-3.5762593541294336,29.93426705352708,5.5204943031677995,1019.0159090647526,0,528.0587925568682,528.3987840008466,1350.0,1448.6340444344908,1.9332469487562776,0.26437850810924035,45.92746120139879,0.0,1.3529101616246097e-14,45.92746120139879,0.0,0,0,0,0.0,0,0,True,1008,1,2.2282620193436742e-11,3.430687907784454e-13,2.776815732956593e-10,0.9425514995200501,1.9416828103203423,8.363803000065673,1.331110695370596,4.0497325183823705,-3.5762593541294336,26.561494897139003,5.5204943031677995,1019.0159090647526,0,468.4299039931449,468.8627110794488,1499.9999999999995,1448.6340444344908,1.9332469487562776,0.2621206433804486,45.92746120139879,0.0,1.3529101616246097e-14,45.92746120139879,0.0,0,0,0,0.0,0,0,True,1008,1,2.2282620193436742e-11,3.430687907784454e-13,2.776815732956593e-10,0.9425514995200501,1.9416828103203423,8.363803000065673,0.2840620004462835,0.7035711794105736,2.158302999305306,0.2840620004462835,0.7035711794105736,2.158302999305306
Mar2015,400.0,True,180.0,swmpc,2,0.6069444444444444,1500.0,1.3990125334088281,5.025213779881597,-3.694254077039659,29.913208117559236,5.47905657114579,1017.419773472819,0,528.0655455555642,528.0270522949115,1350.0,1449.287837009097,0.27120688185095787,0.2641863989546266,45.94636336074677,0.0,1.2460388301377278e-14,45.94636336074677,0.0,0,0,0,0.0,0,0,True,1008,1,3.3951519473817205e-11,2.5852702236488495e-13,2.111276437749133e-10,0.9554150001349626,2.1350524695662885,5.469345999699726,1.4420288938027674,5.025213779881597,-3.694254077039659,26.53005607755161,5.47905657114579,1017.419773472819,0,468.3567988962629,468.30775397925817,1499.9999999999995,1449.287837009097,0.27120688185095787,0.2622141618362279,45.94636336074677,0.0,1.1426533934956935e-14,45.94636336074677,0.0,0,0,0,0.0,0,0,True,1008,1,3.3951519473817205e-11,2.5852702236488495e-13,2.111276437749133e-10,0.9554150001349626,2.1350524695662885,5.469345999699726,0.2894955000556365,0.7350449899149674,3.2761009997557267,0.2894955000556365,0.7350449899149674,3.2761009997557267
Mar2015,550.0,False,0.0,pid_lowdrag_preview,0,0.6261574074074074,1240.0,0.5955207035549119,2.208284261636436,-1.6909954454749823,2.394221773910911,6.701492712633291,1138.3914523564492,0,42.19481954961142,42.26273092642251,1350.0,1188.8903393543153,0.5013497518375516,0.3545708290736006,0.0,0.0,0.0,0.0,0.0,0,0,0,0.0,0,0,True,0,0,,,,0.19306749982206384,0.6899514098313372,1.8044590005956707,0.6039429824018273,2.208284261636436,-1.6909954454749823,2.1440921084849025,6.703402355480895,1138.3914523564492,0,37.73464489622664,37.84744957621257,1279.708362745608,1188.8903393543153,0.5013497518375516,0.35462595551211606,0.0,0.0,0.0,0.0,0.0,0,0,0,0.0,0,0,True,0,0,,,,0.19306749982206384,0.6899514098313372,1.8044590005956707,,,,,,
Mar2015,550.0,False,0.0,pid_lowdrag_preview,1,0.6261574074074074,1240.0,0.6377510938092388,2.0511388080194592,-1.8882419932633638,2.3962025382430983,6.698983399874131,1137.932696411782,0,42.192299620014325,42.297695318990755,1350.0,1189.0456792341975,0.5705114929005504,0.3545299691725078,0.0,0.0,0.0,0.0,0.0,0,0,0,0.0,0,0,True,0,0,,,,0.1920230001815071,0.6318788697353737,1.8420480000713724,0.6642387105209404,2.0511388080194592,-1.8882419932633638,2.1380646320385086,6.698983399874131,1137.932696411782,0,37.73180817375747,37.741052742804534,1279.7074496153473,1189.0456792341975,0.5705114929005504,0.35456095022246303,0.0,0.0,0.0,0.0,0.0,0,0,0,0.0,0,0,True,0,0,,,,0.1920230001815071,0.6318788697353737,1.8420480000713724,,,,,,
Mar2015,550.0,False,0.0,pid_lowdrag_preview,2,0.6261574074074074,1240.0,0.5797140333780523,1.7466734983026981,-1.4655470876023173,2.3939575468501437,6.7008588629713834,1138.4568489696069,0,42.20011808872447,42.25806679827255,1350.0,1189.2176091799433,0.6240113759413362,0.3545275870743485,0.0,0.0,0.0,0.0,0.0,0,0,0,0.0,0,0,True,0,0,,,,0.19691299985424848,0.7845987103155465,1.9751199997699587,0.5990366327673841,1.7466734983026981,-1.4655470876023173,2.1406243919359813,6.704760204963579,1138.4568489696069,0,37.739963474032365,37.78623754772241,1279.3819904766656,1189.2176091799433,0.6240113759413362,0.3545559480738457,0.0,0.0,0.0,0.0,0.0,0,0,0,0.0,0,0,True,0,0,,,,0.19691299985424848,0.7845987103155465,1.9751199997699587,,,,,,
Mar2015,550.0,False,0.0,swmpc,0,0.6261574074074074,1240.0,0.5733003002042725,2.079281543381512,-1.464087976142764,2.4602093494298707,5.1999999999999975,1137.8413958827284,0,43.31682818454834,43.42754162985557,1350.0,1207.9580628376523,0.7594945011660457,0.2853419280113434,34.23864896495039,0.0,1.021828028368562e-14,34.23864896495039,0.0,0,0,0,0.0,0,0,True,1008,36,6.509202584929965e-11,1.515178342941691e-13,2.9293946793772695e-10,0.941140000577434,2.2255330599000414,3.741270999853441,0.574681718554623,2.079281543381512,-1.464087976142764,2.2059913433786833,5.204863889967534,1137.8413958827284,0,38.798657926188156,38.94009301358016,1279.5447452062788,1207.9580628376523,0.7594945011660457,0.2849749390719375,34.23864896495039,0.0,1.021828028368562e-14,34.23864896495039,0.0,0,0,0,0.0,0,0,True,1008,36,6.509202584929965e-11,1.515178342941691e-13,2.9293946793772695e-10,0.941140000577434,2.2255330599000414,3.741270999853441,0.2860834997591155,0.8758562897673982,2.946992000033788,0.2860834997591155,0.8758562897673982,2.946992000033788
Mar2015,550.0,False,0.0,swmpc,1,0.6261574074074074,1240.0,0.6164686238735132,2.2118178885430098,-1.7734588515013456,2.453124463108877,5.199999999999999,1138.0479743038227,0,43.301230795561274,43.302479429063986,1350.0,1208.2387493923704,-0.0315497787669301,0.28614533595772507,34.2443238142058,0.0,1.1552199065517997e-14,34.2443238142058,0.0,0,0,0,0.0,0,0,True,1008,36,8.062694746663351e-11,9.868563164745108e-14,3.5098298376126847e-10,0.9562699997331947,2.289360920040051,3.9472879998356802,0.6521928587074235,2.2118178885430098,-1.7734588515013456,2.193356074767402,5.199999999999999,1138.0479743038227,0,38.78406475569595,38.717055631111926,1279.6562330162265,1208.2387493923704,-0.0315497787669301,0.285809782674866,34.2443238142058,0.0,1.1552199065517997e-14,34.2443238142058,0.0,0,0,0,0.0,0,0,True,1008,36,8.062694746663351e-11,9.868563164745108e-14,3.5098298376126847e-10,0.9562699997331947,2.289360920040051,3.9472879998356802,0.2915705003943003,0.8907047000775483,1.8829310001819977,0.2915705003943003,0.8907047000775483,1.8829310001819977
Mar2015,550.0,False,0.0,swmpc,2,0.6261574074074074,1240.0,0.5240061344483765,1.9566057063639164,-1.3078949050977826,2.4516733018731864,5.202300705435876,1138.4809938181202,0,43.31419661306131,43.27686357446662,1350.0,1207.8851581230595,-0.19474175944924355,0.28514636650683567,34.26952101967528,0.0,1.093628320682124e-14,34.26952101967528,0.0,0,0,0,0.0,0,0,True,1008,36,5.77170218140692e-11,1.7143815694467916e-13,2.6033795990294986e-10,0.9179759995276981,1.7371569896658907,2.367907000007108,0.5536351083257373,1.9566057063639164,-1.3078949050977826,2.1958251734847303,5.202300705435876,1138.4809938181202,0,38.79561761951068,38.760640087597444,1279.3909643467514,1207.8851581230595,-0.19474175944924355,0.2848243599622523,34.26952101967528,0.0,1.093628320682124e-14,34.26952101967528,0.0,0,0,0,0.0,0,0,True,1008,36,5.77170218140692e-11,1.7143815694467916e-13,2.6033795990294986e-10,0.9179759995276981,1.7371569896658907,2.367907000007108,0.28425400023479597,0.7321763706841011,1.175065999632352,0.28425400023479597,0.7321763706841011,1.175065999632352
Mar2015,550.0,False,180.0,pid_lowdrag_preview,0,0.6298611111111111,1500.0,0.6276443980374514,2.235172023065388,-1.7753558214753866,2.398726737788427,6.700101032516973,1138.5978654432377,0,42.267797449716255,42.34225241363961,1350.0,1498.0795397388295,0.6466442514210939,0.35514010361391113,0.0,0.0,0.0,0.0,0.0,0,0,0,0.0,0,0,True,0,0,,,,0.19792249986494426,0.8102800902270222,1.415452999935951,0.6239958582933123,2.235172023065388,-1.5051257591694593,2.1517909343294965,6.700101032516973,1138.5978654432377,0,37.88778788965692,37.983349019056654,1381.38462159007,1498.0795397388295,0.6466442514210939,0.3555204571104129,0.0,0.0,0.0,0.0,0.0,0,0,0,0.0,0,0,True,0,0,,,,0.19792249986494426,0.8102800902270222,1.415452999935951,,,,,,
Mar2015,550.0,False,180.0,pid_lowdrag_preview,1,0.6298611111111111,1500.0,0.6703357725532848,2.76220001000911,-1.6259525204077363,2.4000011947135107,6.687079259283083,1138.8132418850373,0,42.273644245531734,42.36474908904712,1350.0,1498.4966840889476,0.5376018527895212,0.35518582293233536,0.0,0.0,0.0,0.0,0.0,0,0,0,0.0,0,0,True,0,0,,,,0.2052865002042381,0.7609223603049022,1.6736289999244036,0.7107162131931782,2.76220001000911,-1.6259525204077363,2.148382944979316,6.687079259283083,1138.8402676369458,0,37.89476877787711,37.92319129328661,1380.8637537752763,1498.4966840889476,0.5376018527895212,0.3555736363118993,0.0,0.0,0.0,0.0,0.0,0,0,0,0.0,0,0,True,0,0,,,,0.2052865002042381,0.7609223603049022,1.6736289999244036,,,,,,
Mar2015,550.0,False,180.0,pid_lowdrag_preview,2,0.6298611111111111,1500.0,0.5564938840486431,1.7410142868757248,-1.5742262843996286,2.393070812827472,6.697337522710053,1138.0594984753955,0,42.26575637283508,42.24241419590609,1350.0,1498.0865427930742,0.11486631166189909,0.35509008506633,0.0,0.0,0.0,0.0,0.0,0,0,0,0.0,0,0,True,0,0,,,,0.20002799965368467,0.7464006402551603,2.032151000094018,0.5790029950120769,1.7410142868757248,-1.5742262843996286,2.1441274338792047,6.697337522710053,1138.0594984753955,0,37.88626667111093,37.84807313901266,1381.1563239700095,1498.0865427930742,0.11486631166189909,0.3554704255556357,0.0,0.0,0.0,0.0,0.0,0,0,0,0.0,0,0,True,0,0,,,,0.20002799965368467,0.7464006402551603,2.032151000094018,,,,,,
Mar2015,550.0,False,180.0,swmpc,0,0.6298611111111111,1500.0,0.5672147285321835,1.8624447425827384,-1.5858471356332302,2.442433491868404,5.199999999999999,1138.1257001912993,0,43.082370128541356,43.11376272545635,1350.0,1500.0,0.22415268328040838,0.28966808676989486,34.37052159652592,0.0,1.1285157971549417e-14,34.37052159652592,0.0,0,0,0,0.0,0,0,True,1008,0,7.859113620117971e-11,1.8099299196601702e-13,3.969065476703609e-10,0.9408234996044484,2.106632759932835,4.693112000495603,0.563054244553489,1.8624447425827384,-1.4388164337724447,2.1905336247549982,5.199999999999999,1138.1257001912993,0,38.639435041562706,38.66723382816653,1450.7590293311443,1500.0,0.22415268328040838,0.2910874642400698,34.37052159652592,0.0,1.1285157971549417e-14,34.37052159652592,0.0,0,0,0,0.0,0,0,True,1008,0,7.859113620117971e-11,1.8099299196601702e-13,3.969065476703609e-10,0.9408234996044484,2.106632759932835,4.693112000495603,0.2828450001288729,0.8529323098719025,2.524195999285439,0.2828450001288729,0.8529323098719025,2.524195999285439
Mar2015,550.0,False,180.0,swmpc,1,0.6298611111111111,1500.0,0.6179864518585345,2.5346037559211254,-1.5925826653838158,2.4436325742812826,5.202854042810031,1138.5120716799813,0,43.07563100779887,43.134928892235706,1350.0,1500.0,0.3331874003633857,0.2899238994512334,34.41172853428591,0.0,1.232969672841203e-14,34.41172853428591,0.0,0,0,0,0.0,0,0,True,1008,0,8.98789078566643e-11,9.65976710081827e-14,3.722774965774991e-10,0.9719834997667931,2.1937962698757425,4.355111000222678,0.6563329837026923,2.5346037559211254,-1.5925826653838158,2.1874346094691934,5.202854042810031,1138.5120716799813,0,38.63327289235432,38.61253010331167,1452.0713686033246,1500.0,0.3331874003633857,0.2913746206253225,34.41172853428591,0.0,1.1532504723998551e-14,34.41172853428591,0.0,0,0,0,0.0,0,0,True,1008,0,8.98789078566643e-11,9.65976710081827e-14,3.722774965774991e-10,0.9719834997667931,2.1937962698757425,4.355111000222678,0.29351700004554004,0.7919649604627901,1.3475760006258497,0.29351700004554004,0.7919649604627901,1.3475760006258497
Mar2015,550.0,False,180.0,swmpc,2,0.6298611111111111,1500.0,0.5244249886161393,1.6587699064984918,-1.2561970762908459,2.441740299327978,5.199999999999999,1137.948269537172,0,43.09627932607102,43.10152651152816,1350.0,1500.0,0.21272014919668436,0.28954311200197147,34.32868030588446,0.0,1.0991571347447674e-14,34.32868030588446,0.0,0,0,0,0.0,0,0,True,1008,0,6.958689437380713e-11,1.0103729729874499e-13,4.352120948811408e-10,0.9306179999839514,1.8795284903353568,4.128941999624658,0.5532511094138549,1.6587699064984918,-1.2561970762908459,2.1889187528955527,5.199999999999999,1137.948269537172,0,38.652740119477016,38.63872815854936,1452.9984676727834,1500.0,0.21272014919668436,0.29097866033894493,34.303450266150485,0.0,1.0991571347447674e-14,34.303450266150485,0.0,0,0,0,0.0,0,0,True,1008,0,6.958689437380713e-11,1.0103729729874499e-13,4.352120948811408e-10,0.9306179999839514,1.8795284903353568,4.128941999624658,0.2822585001922562,0.8058211101342748,1.7027379999490222,0.2822585001922562,0.8058211101342748,1.7027379999490222
Mar2015,550.0,True,0.0,pid_lowdrag_preview,0,0.6261574074074074,1240.0,0.5991926165470526,2.222081011161208,-1.6909954454749823,2.44076778112283,6.701492712633291,1005.5842659808488,0,43.016719955526405,43.08435964934673,1350.0,1188.8920500893328,0.4994510728865862,0.33642815462928033,0.0,0.0,0.0,0.0,0.0,0,0,0,0.0,0,0,True,0,0,,,,0.19672799953696085,0.6334259803134045,1.5044579995446838,0.6081654023219127,2.222081011161208,-1.6909954454749823,2.1906381156968218,6.703402355480895,1005.5842659808488,0,38.55654530214163,38.669078299136785,1279.708362745608,1188.8920500893328,0.4994510728865862,0.3334595019937425,0.0,0.0,0.0,0.0,0.0,0,0,0,0.0,0,0,True,0,0,,,,0.19672799953696085,0.6334259803134045,1.5044579995446838,,,,,,
Mar2015,550.0,True,0.0,pid_lowdrag_preview,1,0.6261574074074074,1240.0,0.6416822849199021,2.043410900980234,-1.8882419932633638,2.442810297314942,6.698983399874131,1003.0743940374302,0,43.01505259989569,43.12041408389457,1350.0,1189.0459050161667,0.5705959312617779,0.33636320931334074,0.0,0.0,0.0,0.0,0.0,0,0,0,0.0,0,0,True,0,0,,,,0.20052250010849093,0.6163963206654443,2.7695929993569735,0.6686411926690267,2.043410900980234,-1.8882419932633638,2.184672391110353,6.698983399874131,1003.0743940374302,0,38.55456115363883,38.56377150770835,1279.7074496153473,1189.0459050161667,0.5705959312617779,0.33336639705343485,0.0,0.0,0.0,0.0,0.0,0,0,0,0.0,0,0,True,0,0,,,,0.20052250010849093,0.6163963206654443,2.7695929993569735,,,,,,
Mar2015,550.0,True,0.0,pid_lowdrag_preview,2,0.6261574074074074,1240.0,0.5846490770582073,1.7466734983026981,-1.458010139875114,2.44054770303609,6.7008588629713834,1003.4224088851056,0,43.022481748716835,43.080474837562235,1350.0,1189.217741335285,0.6243221713230014,0.33637120190635283,0.0,0.0,0.0,0.0,0.0,0,0,0,0.0,0,0,True,0,0,,,,0.19572749988583382,0.6193750498368896,0.9975869998015696,0.6046062911860721,1.7466734983026981,-1.458010139875114,2.1872145481219274,6.705080573131486,1003.4224088851056,0,38.56232713402473,38.60864558701209,1279.3819904766656,1189.217741335285,0.6243221713230014,0.33337349871118405,0.0,0.0,0.0,0.0,0.0,0,0,0,0.0,0,0,True,0,0,,,,0.19572749988583382,0.6193750498368896,0.9975869998015696,,,,,,
Mar2015,550.0,True,0.0,swmpc,0,0.6261574074074074,1240.0,0.5751444370958875,2.087559654377401,-1.464087976142764,2.4973337667201654,5.1999999999999975,1018.7947395888588,0,43.97226077231035,44.08286073013143,1350.0,1207.9572884107654,0.7586659006774426,0.2727313654385418,45.55117228320898,0.0,1.5473192803603235e-14,45.55117228320898,0.0,0,0,0,0.0,0,0,True,1008,36,7.06998875505299e-11,1.515178342941691e-13,3.0609090255957956e-10,0.9598960004950641,2.1307091100698012,3.976125999543001,0.5768274859091501,2.087559654377401,-1.464087976142764,2.243115760668978,5.204760573947091,1018.7947395888588,0,39.45409051395016,39.59541211385602,1279.5447452062788,1207.9572884107654,0.7586659006774426,0.2702626160703355,45.55117228320898,0.0,1.5473192803603235e-14,45.55117228320898,0.0,0,0,0,0.0,0,0,True,1008,36,7.06998875505299e-11,1.515178342941691e-13,3.0609090255957956e-10,0.9598960004950641,2.1307091100698012,3.976125999543001,0.29098549975969945,0.7934045992988096,2.081104000353662,0.29098549975969945,0.7934045992988096,2.081104000353662
Mar2015,550.0,True,0.0,swmpc,1,0.6261574074074074,1240.0,0.6189423442524857,2.185642847791314,-1.7734588515013456,2.4902201998448734,5.199999999999999,1018.7100269147063,0,43.955967439403686,43.957292261055926,1350.0,1208.2398183584942,-0.030746744945645332,0.2735104949089989,45.54443694061145,0.0,1.130478658649038e-14,45.54443694061145,0.0,0,0,0,0.0,0,0,True,1008,36,5.852910639363251e-11,9.868563164745108e-14,4.111118254599778e-10,0.957032999394869,2.075061819705289,4.4894279999425635,0.6549205522697116,2.185642847791314,-1.7734588515013456,2.2304518115033987,5.199999999999999,1018.7100269147063,0,39.43880139953836,39.371868463103866,1279.6562330162265,1208.2398183584942,-0.030746744945645332,0.27106913478468564,45.54443694061145,0.0,1.130478658649038e-14,45.54443694061145,0.0,0,0,0,0.0,0,0,True,1008,36,5.852910639363251e-11,9.868563164745108e-14,4.111118254599778e-10,0.957032999394869,2.075061819705289,4.4894279999425635,0.28572299970619497,0.8257854196290275,1.1375220001355046,0.28572299970619497,0.8257854196290275,1.1375220001355046
Mar2015,550.0,True,0.0,swmpc,2,0.6261574074074074,1240.0,0.5283744874690058,1.9436599873006344,-1.3252440709620714,2.4888380148114733,5.202300705435876,1018.6151472606572,0,43.97004604847186,43.93289397231172,1350.0,1207.8865934730288,-0.19310720544308424,0.2725141301384363,45.545984990775466,0.0,1.2437226582890454e-14,45.545984990775466,0.0,0,0,0,0.0,0,0,True,1008,36,6.90551275325852e-11,1.7143815694467916e-13,2.741680515747142e-10,1.0001069999816536,3.36699623005188,5.306871000357205,0.5584578750907623,1.9436599873006344,-1.3252440709620714,2.232989886423017,5.202300705435876,1018.6151472606572,0,39.451467054921224,39.416670485442545,1279.3909643467514,1207.8865934730288,-0.19310720544308424,0.2700867508657865,45.545984990775466,0.0,1.2437226582890454e-14,45.545984990775466,0.0,0,0,0,0.0,0,0,True,1008,36,6.90551275325852e-11,1.7143815694467916e-13,2.741680515747142e-10,1.0001069999816536,3.36699623005188,5.306871000357205,0.2916660000664706,1.4728061004188742,4.431047000252875,0.2916660000664706,1.4728061004188742,4.431047000252875
Mar2015,550.0,True,180.0,pid_lowdrag_preview,0,0.6298611111111111,1500.0,0.6286107496651168,2.2353528179228306,-1.7753558214753866,2.44435206713718,6.700122480512779,946.1438383370821,0,43.07328319406323,43.147629358543405,1350.0,1498.078276429366,0.6454279208555818,0.3373705640470259,0.0,0.0,0.0,0.0,0.0,0,0,0,0.0,0,0,True,0,0,,,,0.2113655004905013,0.7563277596818803,2.000605999455729,0.6251297034016837,2.2353528179228306,-1.4929552180692554,2.1974162636782495,6.700122480512779,946.1438383370821,0,38.693273634003894,38.788725963960445,1381.38462159007,1498.078276429366,0.6454279208555818,0.33478932761571367,0.0,0.0,0.0,0.0,0.0,0,0,0,0.0,0,0,True,0,0,,,,0.2113655004905013,0.7563277596818803,2.000605999455729,,,,,,
Mar2015,550.0,True,180.0,pid_lowdrag_preview,1,0.6298611111111111,1500.0,0.6740633682620599,2.750774499028921,-1.6258927695453167,2.4455502121543975,6.687076877779214,948.0216890278255,0,43.077650009401495,43.16877897844301,1350.0,1498.4968572775417,0.5377761060371995,0.3374475151873635,0.0,0.0,0.0,0.0,0.0,0,0,0,0.0,0,0,True,0,0,,,,0.19938099967475864,0.7578232699052019,4.286467999918386,0.714817558244899,2.750774499028921,-1.6258927695453167,2.1939319624202027,6.687076877779214,948.0216890278255,0,38.69877454174687,38.72722118268249,1380.8637537752763,1498.4968572775417,0.5377761060371995,0.3348789439427654,0.0,0.0,0.0,0.0,0.0,0,0,0,0.0,0,0,True,0,0,,,,0.19938099967475864,0.7578232699052019,4.286467999918386,,,,,,
Mar2015,550.0,True,180.0,pid_lowdrag_preview,2,0.6298611111111111,1500.0,0.5605800015473401,1.7804982922971249,-1.5625387653708458,2.4386762772600012,6.697327406665128,948.124042641633,0,43.07073142510702,43.04744048590514,1350.0,1498.0876488308907,0.11560147348791361,0.3373359550052333,0.0,0.0,0.0,0.0,0.0,0,0,0,0.0,0,0,True,0,0,,,,0.19878099965353613,0.7517400299548155,1.7931700003828155,0.5835835095135099,1.7804982922971249,-1.5625387653708458,2.189732898311734,6.697327406665128,948.124042641633,0,38.69124172338287,38.65309942901171,1381.1563239700095,1498.0876488308907,0.11560147348791361,0.3347572738176896,0.0,0.0,0.0,0.0,0.0,0,0,0,0.0,0,0,True,0,0,,,,0.19878099965353613,0.7517400299548155,1.7931700003828155,,,,,,
Mar2015,550.0,True,180.0,swmpc,0,0.6298611111111111,1500.0,0.5688479816140913,1.8729120884090662,-1.5858471356332302,2.4789036409255902,5.199999999999999,1042.0034508541037,0,43.72628248034251,43.757532702509465,1350.0,1500.0,0.22290522884577513,0.27717084212616083,45.54420351454184,0.0,1.1350482277878788e-14,45.54420351454184,0.0,0,0,0,0.0,0,0,True,1008,0,8.371071410051735e-11,1.650853264654069e-13,3.2221020125881806e-10,0.9464254999329569,1.9208636001530965,5.010723999475886,0.564973279503304,1.8729120884090662,-1.4388164337724447,2.2270037738121844,5.199999999999999,1042.0034508541037,0,39.28334739336386,39.31100380521965,1450.7590293311443,1500.0,0.22290522884577513,0.27650734548904665,45.54420351454184,0.0,1.1350482277878788e-14,45.54420351454184,0.0,0,0,0,0.0,0,0,True,1008,0,8.371071410051735e-11,1.650853264654069e-13,3.2221020125881806e-10,0.9464254999329569,1.9208636001530965,5.010723999475886,0.28677099999185884,0.8334549295705074,4.40064699978393,0.28677099999185884,0.8334549295705074,4.40064699978393
Mar2015,550.0,True,180.0,swmpc,1,0.6298611111111111,1500.0,0.6214815307947134,2.515007515437901,-1.568555391393602,2.480895573823199,5.202857928608211,1042.890935193733,0,43.73350204319026,43.79269424225981,1350.0,1500.0,0.33245648443698883,0.27699526983547196,45.616128452641654,0.0,1.3481259551674384e-14,45.616128452641654,0.0,0,0,0,0.0,0,0,True,1008,0,7.477072593158515e-11,1.3843402437377205e-13,3.329153231407102e-10,0.9809874995880818,2.615388310014168,4.376548000436742,0.6601719702779657,2.515007515437901,-1.568555391393602,2.22469760901111,5.202857928608211,1042.890935193733,0,39.291143927745715,39.27029545333578,1452.0713686033246,1500.0,0.33245648443698883,0.27629121940693413,45.616128452641654,0.0,1.3481259551674384e-14,45.616128452641654,0.0,0,0,0,0.0,0,0,True,1008,0,7.477072593158515e-11,1.3843402437377205e-13,3.329153231407102e-10,0.9809874995880818,2.615388310014168,4.376548000436742,0.2960685001198726,0.8845959698555802,2.708244000132254,0.2960685001198726,0.8845959698555802,2.708244000132254
Mar2015,550.0,True,180.0,swmpc,2,0.6298611111111111,1500.0,0.530102289126726,1.7335661090910435,-1.266824965365231,2.478079438225555,5.199999999999999,1042.7769080097053,0,43.73792416022059,43.742983901173986,1350.0,1500.0,0.21176612842828035,0.2771290004851037,45.561474459877296,0.0,1.2266544751415778e-14,45.561474459877296,0.0,0,0,0,0.0,0,0,True,1008,0,7.478540110260083e-11,9.251087060106902e-14,4.4094532152784974e-10,0.9539799998492526,2.4253113597660536,5.520814999727008,0.5595278989428599,1.7335661090910435,-1.266824965365231,2.2252578917931296,5.199999999999999,1042.7769080097053,0,39.29438495362658,39.28018554819519,1452.9984676727834,1500.0,0.21176612842828035,0.27649553023593265,45.561474459877296,0.0,1.2266544751415778e-14,45.561474459877296,0.0,0,0,0,0.0,0,0,True,1008,0,7.478540110260083e-11,9.251087060106902e-14,4.4094532152784974e-10,0.9539799998492526,2.4253113597660536,5.520814999727008,0.28495499964265036,1.0063661200365412,2.8942389999428997,0.28495499964265036,1.0063661200365412,2.8942389999428997
May2024,400.0,False,0.0,pid_lowdrag_preview,0,0.6277777777777778,1460.0,2.4169171779696894,9.268796895630658,-8.149639647454023,80.49590814895325,7.152640007812751,1102.0191854744173,0,1420.9915638322443,1420.9113557680664,1350.0,1456.2809391881092,3.253931438550353,0.25455684505183096,0.0,0.0,0.0,0.0,0.000992063492063492,0,0,0,0.0,0,0,True,0,0,,,,0.20006749991807737,0.7083603703085812,4.502487999161531,2.4840485745102376,9.268796895630658,-8.149639647454023,72.98945754822186,7.154917545371489,1102.0191854744173,0,1288.3126177935262,1288.4077149574741,1156.7780028113214,1456.2809391881092,3.253931438550353,0.24900337723859833,0.0,0.0,0.0,0.0,0.0011574074074074073,0,0,0,0.0,0,0,True,0,0,,,,0.20006749991807737,0.7083603703085812,4.502487999161531,,,,,,
May2024,400.0,False,0.0,pid_lowdrag_preview,1,0.6277777777777778,1460.0,2.3434194480763755,8.138017584569752,-8.138017584569752,80.51222541148638,7.120839144913677,1102.039938821798,0,1421.207490714436,1421.1993875968071,1350.0,1453.5310342261919,-0.8639422925189137,0.2546721439555889,0.0,0.0,0.0,0.0,0.002976190476190476,0,0,0,0.0,0,0,True,0,0,,,,0.20361899987619836,0.7088984599613439,0.9538640006212518,2.423166359731747,8.138017584569752,-8.138017584569752,73.00428618895754,7.128306262725981,1102.039938821798,0,1288.527636182055,1288.6694696789045,1159.8159156288423,1453.5310342261919,-0.8639422925189137,0.2491015844108737,0.0,0.0,0.0,0.0,0.003472222222222222,0,0,0,0.0,0,0,True,0,0,,,,0.20361899987619836,0.7088984599613439,0.9538640006212518,,,,,,
May2024,400.0,False,0.0,pid_lowdrag_preview,2,0.6277777777777778,1460.0,2.4213269672409714,9.272011679597199,-9.222238466143608,80.48122809961745,7.12370576063022,1100.5003185398107,0,1420.8844026241295,1420.6522239775952,1350.0,1455.3026399882147,0.5383989429101348,0.2547148528728884,0.0,0.0,0.0,0.0,0.002976190476190476,0,0,0,0.0,0,0,True,0,0,,,,0.20659150004576077,0.9022846997868309,3.314394999506476,2.5030645264635627,9.272011679597199,-9.222238466143608,72.96641005208254,7.12370576063022,1100.5003185398107,0,1288.1518778228112,1288.0008812470505,1156.7387175195956,1455.3026399882147,0.5383989429101348,0.24918578568123528,0.0,0.0,0.0,0.0,0.003472222222222222,0,0,0,0.0,0,0,True,0,0,,,,0.20659150004576077,0.9022846997868309,3.314394999506476,,,,,,
May2024,400.0,False,0.0,swmpc,0,0.6277777777777778,1460.0,4.897632651568732,20.46059000492096,-7.181825320236385,72.49919287390765,2.9441614723504825,645.8370349312726,0,1279.5077221225063,1279.753577634431,1350.0,1450.1550169490515,4.05347547121346,0.34356651249756265,36.99013400587156,3.034097244958015,1.1661641797983792e-14,36.99013400587156,0.0,0,0,0,0.0,0,0,True,1008,0,1.4551915228366852e-11,2.669229292389793e-13,4.673208858978341e-10,1.0827880005308543,2.1096212195061503,3.724070999851392,5.237742523227202,20.46059000492096,-7.181825320236385,65.60858790749512,3.1229627056430873,645.8370349312726,0,1157.6859189551928,1158.1208254854657,1159.9237347577473,1450.1550169490515,4.05347547121346,0.3404971342860307,36.99013400587156,3.034097244958015,1.1337862348252331e-14,36.99013400587156,0.0,0,0,0,0.0,0,0,True,1008,0,1.4551915228366852e-11,2.669229292389793e-13,4.673208858978341e-10,1.0827880005308543,2.1096212195061503,3.724070999851392,0.41875150009218487,1.081009340068703,2.991710000060266,0.41875150009218487,1.081009340068703,2.991710000060266
May2024,400.0,False,0.0,swmpc,1,0.6277777777777778,1460.0,4.869636606372763,20.02924699895084,-8.10873215738684,72.6983997079861,2.6875401035529958,645.8373595484945,0,1282.9347900557912,1283.269970693379,1350.0,1450.4990644527566,4.1023848513141274,0.34120493882180203,36.57112555462148,2.610890395474062,1.2688474279756511e-14,36.57112555462148,0.0,0,0,0,0.0,0,0,True,1008,0,1.6825651982799172e-11,2.627647892912273e-13,5.012939125990969e-10,1.1135664999528672,2.6197282500470465,5.300711999552732,5.217594559416731,20.02924699895084,-8.10873215738684,65.80908429184504,3.1329267106893695,645.8373595484945,0,1161.1213181878798,1161.6599816471194,1162.221779827318,1450.4990644527566,4.1023848513141274,0.3373232995886086,36.57112555462148,2.610890395474062,1.1795203625506228e-14,36.57112555462148,0.0,0,0,0,0.0,0,0,True,1008,0,1.6825651982799172e-11,2.627647892912273e-13,5.012939125990969e-10,1.1135664999528672,2.6197282500470465,5.300711999552732,0.42054249979628366,0.9932820002359203,2.0786490003956715,0.42054249979628366,0.9932820002359203,2.0786490003956715
May2024,400.0,False,0.0,swmpc,2,0.6277777777777778,1460.0,4.834243557688245,16.91725334711373,-9.40445131342858,72.53101154862823,2.979030417734922,656.3879516656712,0,1280.4277409853003,1280.3152399260389,1350.0,1450.0000000000002,1.1513850009068847,0.34367400469853915,36.48353153326177,2.7215745626230756,1.1987688996373833e-14,36.48353153326177,0.0,0,0,0,0.0,0,0,True,1008,0,7.73070496506989e-12,1.4529907272180691e-07,2.652962736302014e-10,1.1035745001208852,3.1244905600397015,11.091978999502317,5.174753167932618,16.91725334711373,-9.40445131342858,65.63423015251533,3.137461106165185,656.3879516656712,0,1158.6029261190195,1158.573461625296,1159.712427879215,1450.0000000000002,1.1513850009068847,0.34038568532173774,36.48353153326177,2.7215745626230756,1.1987688996373833e-14,36.48353153326177,0.0,0,0,0,0.0,0,0,True,1008,0,7.73070496506989e-12,1.4529907272180691e-07,2.652962736302014e-10,1.1035745001208852,3.1244905600397015,11.091978999502317,0.42255450034645037,1.3611670701447955,5.075902999124082,0.42255450034645037,1.3611670701447955,5.075902999124082
May2024,400.0,False,180.0,pid_lowdrag_preview,0,0.6185185185185185,1375.0,2.3672532763066703,9.900901869870722,-8.991094907745719,80.73367218013024,7.124093833646718,1028.734158577298,0,1425.078156326222,1425.108359313495,1350.0,1241.3213852427111,2.1617791103199124,0.24948173800550955,0.0,0.0,0.0,0.0,0.001984126984126984,0,0,0,0.0,0,0,True,0,0,,,,0.20700249979199725,1.0898784606706606,3.236102000300889,2.4171773062654043,9.900901869870722,-8.991094907745719,73.16111765010936,7.124093833646718,1088.9960330702854,0,1291.208039343013,1291.4378539262023,1467.1393431045635,1241.3213852427111,2.1617791103199124,0.24563464461514928,0.0,0.0,0.0,0.0,0.0023148148148148147,0,0,0,0.0,0,0,True,0,0,,,,0.20700249979199725,1.0898784606706606,3.236102000300889,,,,,,
May2024,400.0,False,180.0,pid_lowdrag_preview,1,0.6185185185185185,1375.0,2.3748532457220537,7.987213767133653,-7.582970465533435,80.76529402509634,7.120973532499091,1029.5478411076567,0,1425.535174117842,1425.6665471721692,1350.0,1245.7695350985034,-0.6448968732729554,0.2493422012950003,0.0,0.0,0.0,0.0,0.000992063492063492,0,0,0,0.0,0,0,True,0,0,,,,0.20328350001364015,0.7135890798326717,5.808665000586188,2.452947289592489,7.987213767133653,-7.582970465533435,73.18689739371234,7.120973532499091,1087.9312433649466,0,1291.6441975076468,1291.892917186878,1464.0710648171166,1245.7695350985034,-0.6448968732729554,0.24553513062040366,0.0,0.0,0.0,0.0,0.0011574074074074073,0,0,0,0.0,0,0,True,0,0,,,,0.20328350001364015,0.7135890798326717,5.808665000586188,,,,,,
May2024,400.0,False,180.0,pid_lowdrag_preview,2,0.6185185185185185,1375.0,2.3616066293294518,9.517438321374357,-9.517438321374357,80.71572463684636,7.173136532823003,1029.5076611432944,0,1425.0595528038023,1424.7915498178588,1350.0,1242.6808049291003,-0.893981073051691,0.2495817806821694,0.0,0.0,0.0,0.0,0.001984126984126984,0,0,0,0.0,0,0,True,0,0,,,,0.20354849993964308,0.8266547796756599,2.0747600001413957,2.434255691095683,9.517438321374357,-9.517438321374357,73.14288424113357,7.173136532823003,1087.736021195119,0,1291.246314032957,1291.1159983379482,1464.0796638480842,1242.6808049291003,-0.893981073051691,0.24573256779323183,0.0,0.0,0.0,0.0,0.0023148148148148147,0,0,0,0.0,0,0,True,0,0,,,,0.20354849993964308,0.8266547796756599,2.0747600001413957,,,,,,
May2024,400.0,False,180.0,swmpc,0,0.6185185185185185,1375.0,5.023068033996541,18.635853176005185,-6.753433135338128,72.7231823929304,3.0998719322684325,652.5104765743213,0,1282.9050028207366,1283.7074339045396,1350.0,1060.5188688573437,5.636978207156062,0.3381506932618259,35.901759941589816,2.2672409879763213,1.0751534364383561e-14,35.901759941589816,0.0,0,0,0,0.0,0,0,True,1008,36,8.185452315956354e-12,2.1509951088355671e-13,2.654743152312438e-10,1.136660500378639,2.657185740008562,6.879802000185009,5.3532893301154605,18.635853176005185,-6.753433135338128,65.60599117599044,3.0998719322684325,652.5104765743213,0,1156.9915013084053,1158.0749880588519,1388.603894536969,1060.5188688573437,5.636978207156062,0.3406198725346462,35.901759941589816,2.2672409879763213,1.0751534364383561e-14,35.901759941589816,0.0,0,0,0,0.0,0,0,True,1008,36,8.185452315956354e-12,2.1509951088355671e-13,2.654743152312438e-10,1.136660500378639,2.657185740008562,6.879802000185009,0.431096999818692,1.2763962000281024,2.9532979997384246,0.431096999818692,1.2763962000281024,2.9532979997384246
May2024,400.0,False,180.0,swmpc,1,0.6185185185185185,1375.0,5.035352280437094,17.74614828824997,-5.954580185003579,72.65355211489516,3.0013270021776592,653.98719475291,0,1281.5521029212896,1282.4783223255572,1350.0,1027.6887849658026,5.973811829462647,0.338262875776164,35.928959916054005,1.4323266875238014,1.1879555587484774e-14,35.928959916054005,0.0,0,0,0,0.0,0,0,True,1008,36,5.4569682106375694e-12,2.28877413578377e-13,2.4820969962103053e-10,1.0872409993680776,2.6229017907189696,7.9532769996149,5.384864025250016,17.74614828824997,-5.954580185003579,65.56034434729615,3.0013270021776592,653.98719475291,0,1156.058090034421,1157.2692316081325,1368.9405298964962,1027.6887849658026,5.973811829462647,0.34083985042220155,35.928959916054005,1.4323266875238014,1.1879555587484774e-14,35.928959916054005,0.0,0,0,0,0.0,0,0,True,1008,36,5.4569682106375694e-12,2.28877413578377e-13,2.4820969962103053e-10,1.0872409993680776,2.6229017907189696,7.9532769996149,0.41589849979573046,1.2046532300428212,3.687168000396923,0.41589849979573046,1.2046532300428212,3.687168000396923
May2024,400.0,False,180.0,swmpc,2,0.6185185185185185,1375.0,4.951658245952313,18.011689103208482,-5.8081846376881,72.69909544416839,2.9851565305681813,649.902877734387,0,1282.6862118593344,1283.28225180761,1350.0,1020.1164257885528,4.669270188547671,0.3377589875349989,35.94570579381104,2.3060920289923863,1.3110603990809063e-14,35.94570579381104,0.0,0,0,0,0.0,0,0,True,1008,36,6.59383658785373e-12,2.3124208651416255e-13,2.890444738522369e-10,1.1286114995527896,2.3178623598323607,5.150902999957907,5.296891679675242,18.011689103208482,-5.8081846376881,65.59005443980107,2.9851565305681813,649.902877734387,0,1157.0915915855182,1157.7936732697476,1390.562807887236,1020.1164257885528,4.669270188547671,0.34007574296541654,35.94570579381104,2.3060920289923863,1.3110603990809063e-14,35.94570579381104,0.0,0,0,0,0.0,0,0,True,1008,36,6.59383658785373e-12,2.3124208651416255e-13,2.890444738522369e-10,1.1286114995527896,2.3178623598323607,5.150902999957907,0.42380949980724836,1.0215740194507814,1.9896989997505443,0.42380949980724836,1.0215740194507814,1.9896989997505443
May2024,400.0,True,0.0,pid_lowdrag_preview,0,0.6277777777777778,1460.0,2.440656183782903,9.264266803860664,-8.149664456024766,82.08611405272985,7.152640007812751,951.7822305224269,0,1449.0618350729649,1448.9816226753621,1350.0,1456.2809352450895,3.253913185559213,0.23626209876404136,0.0,0.0,0.0,0.0,0.000992063492063492,0,0,0,0.0,0,0,True,0,0,,,,0.20062549992871936,0.7106926000960787,5.115476999890234,2.5109819347241875,9.264266803860664,-8.149664456024766,74.57966345199847,7.154917545371489,951.7822305224269,0,1316.3828890342468,1316.4779818647698,1156.7780028113214,1456.2809352450895,3.253913185559213,0.2276595065695104,0.0,0.0,0.0,0.0,0.0011574074074074073,0,0,0,0.0,0,0,True,0,0,,,,0.20062549992871936,0.7106926000960787,5.115476999890234,,,,,,
May2024,400.0,True,0.0,pid_lowdrag_preview,1,0.6277777777777778,1460.0,2.373361099336084,8.138050024397671,-8.138050024397671,82.10788615631884,7.120839144913677,953.1128224503348,0,1449.3740489863935,1449.3659431947524,1350.0,1453.5310038163034,-0.8640144979581237,0.23633635456182334,0.0,0.0,0.0,0.0,0.002976190476190476,0,0,0,0.0,0,0,True,0,0,,,,0.1985475000765291,0.7133067697395743,1.3430230001176824,2.456929270083154,8.138050024397671,-8.138050024397671,74.59994693379,7.128306262725981,953.1128224503348,0,1316.6941944540124,1316.8360252768498,1159.8159156288423,1453.5310038163034,-0.8640144979581237,0.22770983011814705,0.0,0.0,0.0,0.0,0.003472222222222222,0,0,0,0.0,0,0,True,0,0,,,,0.1985475000765291,0.7133067697395743,1.3430230001176824,,,,,,
May2024,400.0,True,0.0,pid_lowdrag_preview,2,0.6277777777777778,1460.0,2.444521470370105,9.27199604921043,-9.222269230522215,82.07097783902334,7.12370576063022,953.6712246951714,0,1448.9466188538754,1448.7144386850966,1350.0,1455.3026438426932,0.5383955938741565,0.23641861631167338,0.0,0.0,0.0,0.0,0.002976190476190476,0,0,0,0.0,0,0,True,0,0,,,,0.20366299986562808,0.7234792294184442,3.1154720008998993,2.529229747687557,9.27199604921043,-9.222269230522215,74.55615979148843,7.12370576063022,953.6712246951714,0,1316.2140940525571,1316.063095954552,1156.7387175195956,1455.3026438426932,0.5383955938741565,0.2278401763598178,0.0,0.0,0.0,0.0,0.003472222222222222,0,0,0,0.0,0,0,True,0,0,,,,0.20366299986562808,0.7234792294184442,3.1154720008998993,,,,,,
May2024,400.0,True,0.0,swmpc,0,0.6277777777777778,1460.0,5.0905379093879475,20.954483155161142,-7.193707515485585,74.0542792597881,2.9441614723504825,586.635269770756,0,1306.9580474740587,1307.203915865397,1350.0,1450.155015762344,4.053517781198025,0.3270127056451868,47.16931785499651,3.5186059388574535,1.1661641797983792e-14,47.16931785499651,0.0,0,0,0,0.0,0,0,True,1008,0,1.77351466845721e-11,2.669229292389793e-13,3.5603254179072655e-10,1.1215669997000077,2.6216092601498517,5.102580000311718,5.448104789101135,20.954483155161142,-7.193707515485585,67.16367429337558,3.3209840117221203,586.635269770756,0,1185.1362443067453,1185.5711637164318,1159.9237347577473,1450.155015762344,4.053517781198025,0.3211843596249253,47.16931785499651,3.5186059388574535,1.1337862348252331e-14,47.16931785499651,0.0,0,0,0,0.0,0,0,True,1008,0,1.77351466845721e-11,2.669229292389793e-13,3.5603254179072655e-10,1.1215669997000077,2.6216092601498517,5.102580000311718,0.4325874997448409,1.28722357027982,2.255710000099498,0.4325874997448409,1.28722357027982,2.255710000099498
May2024,400.0,True,0.0,swmpc,1,0.6277777777777778,1460.0,5.052647114673776,20.09741521347314,-8.271506382152438,74.24172695963054,2.6875401035529958,571.5344183187531,0,1310.1775432840655,1310.5127370396015,1350.0,1450.4992323567978,4.102426074445248,0.32471476904651453,47.195753037909775,4.414579754785152,1.2688474279756511e-14,47.195753037909775,0.0,0,0,0,0.0,0,0,True,1008,0,1.9554136088117957e-11,7.459978399448893e-08,3.182844127983451e-10,1.1237619996791182,2.205158500146353,3.08808499994484,5.4168092273003845,20.09741521347314,-8.271506382152438,67.35241154348948,3.132965568911315,571.5344183187531,0,1188.364071416154,1188.9027479933418,1162.221779827318,1450.4992323567978,4.102426074445248,0.3180847681841066,47.195753037909775,4.414579754785152,1.1795203625506228e-14,47.195753037909775,0.0,0,0,0,0.0,0,0,True,1008,0,1.9554136088117957e-11,7.459978399448893e-08,3.182844127983451e-10,1.1237619996791182,2.205158500146353,3.08808499994484,0.4249405001246487,1.0287274204711099,2.1837350004716427,0.4249405001246487,1.0287274204711099,2.1837350004716427
May2024,400.0,True,0.0,swmpc,2,0.6277777777777778,1460.0,5.018340205722318,17.48999454639852,-9.2907894263044,74.06194867756224,2.979030417734922,581.5759552588623,0,1307.4517826372658,1307.3392961978766,1350.0,1450.0000000000002,1.151417065411806,0.327373040505645,47.19881817589599,3.8550800088923967,1.0730922098200269e-14,47.19881817589599,0.0,0,0,0,0.0,0,0,True,1008,0,1.2505552149377763e-11,1.450750716928161e-07,5.134723457821292e-10,1.1047255002267775,2.4196376194777196,5.109241999889491,5.375332789874561,17.48999454639852,-9.2907894263044,67.16516728144934,3.137496025826513,581.5759552588623,0,1185.626967770985,1185.5975178971337,1159.712427879215,1450.0000000000002,1.151417065411806,0.32136789376336117,47.19881817589599,3.8550800088923967,1.0730922098200269e-14,47.19881817589599,0.0,0,0,0,0.0,0,0,True,1008,0,1.2505552149377763e-11,1.450750716928161e-07,5.134723457821292e-10,1.1047255002267775,2.4196376194777196,5.109241999889491,0.4235390001667838,1.1832088800656486,3.041756999664358,0.4235390001667838,1.1832088800656486,3.041756999664358
May2024,400.0,True,180.0,pid_lowdrag_preview,0,0.6185185185185185,1375.0,2.3909184598453352,9.898173644207418,-9.060290224850178,82.31417279885129,7.124093833646718,958.9612839530616,0,1452.9771082849504,1453.007308820145,1350.0,1241.3213866669207,2.161776976659894,0.2313096926140653,0.0,0.0,0.0,0.0,0.001984126984126984,0,0,0,0.0,0,0,True,0,0,,,,0.19642400002339855,0.6650628499664888,1.2459720001061214,2.4442005452246387,9.898173644207418,-9.060290224850178,74.74161826883041,7.124093833646718,958.9612839530616,0,1319.1069913017416,1319.3368034328523,1467.1393431045635,1241.3213866669207,2.161776976659894,0.2244339249917977,0.0,0.0,0.0,0.0,0.0023148148148148147,0,0,0,0.0,0,0,True,0,0,,,,0.19642400002339855,0.6650628499664888,1.2459720001061214,,,,,,
May2024,400.0,True,180.0,pid_lowdrag_preview,1,0.6185185185185185,1375.0,2.3980496248960876,7.582482095807791,-7.582482095807791,82.33109329823121,7.120973532499091,959.883248532106,0,1453.1746175803526,1453.3059889675817,1350.0,1245.769500066665,-0.6449242867529392,0.23132711866037015,0.0,0.0,0.0,0.0,0.001984126984126984,0,0,0,0.0,0,0,True,0,0,,,,0.20565100021485705,1.0870934402100774,2.140605000022333,2.479136304117111,7.582482095807791,-7.582482095807791,74.75269666684721,7.120973532499091,959.883248532106,0,1319.2836409701574,1319.5323589822906,1464.0710648171166,1245.769500066665,-0.6449242867529392,0.22451753421333498,0.0,0.0,0.0,0.0,0.0023148148148148147,0,0,0,0.0,0,0,True,0,0,,,,0.20565100021485705,1.0870934402100774,2.140605000022333,,,,,,
May2024,400.0,True,180.0,pid_lowdrag_preview,2,0.6185185185185185,1375.0,2.385185899127942,9.573679284192622,-9.573679284192622,82.30395192679586,7.173136532823003,947.9940961211105,0,1453.0948919053246,1452.8268902932398,1350.0,1242.680782916534,-0.8939829161390662,0.2313573157156097,0.0,0.0,0.0,0.0,0.001984126984126984,0,0,0,0.0,0,0,True,0,0,,,,0.2036654996118159,0.6282652099616824,1.75623499944777,2.4609309190403272,9.573679284192622,-9.573679284192622,74.73111153108307,7.173136532823003,947.9940961211105,0,1319.2816531344793,1319.1513388133292,1464.0796638480842,1242.680782916534,-0.8939829161390662,0.22447069199891212,0.0,0.0,0.0,0.0,0.0023148148148148147,0,0,0,0.0,0,0,True,0,0,,,,0.2036654996118159,0.6282652099616824,1.75623499944777,,,,,,
May2024,400.0,True,180.0,swmpc,0,0.6185185185185185,1375.0,5.273230068030001,19.27219093684107,-7.512559285387397,74.32435381945223,3.2400065983894164,575.2927593289826,0,1311.1688216695281,1311.9712638903543,1350.0,1060.5182318239074,5.636982843279839,0.32105866284546325,47.2060166697604,2.351552395031999,1.375962065292874e-14,47.2060166697604,0.0,0,0,0,0.0,0,0,True,1008,36,6.366462912410498e-12,2.342683351655035e-13,2.654743152312438e-10,1.123203000133799,2.707083239838536,5.544429999645217,5.626965435073818,19.27219093684107,-7.512559285387397,67.20716260251227,3.2400065983894164,575.2927593289826,0,1185.2553201571968,1186.3388180446668,1388.603894536969,1060.5182318239074,5.636982843279839,0.32067917038222316,47.2060166697604,2.351552395031999,1.375962065292874e-14,47.2060166697604,0.0,0,0,0,0.0,0,0,True,1008,36,6.366462912410498e-12,2.342683351655035e-13,2.654743152312438e-10,1.123203000133799,2.707083239838536,5.544429999645217,0.4264865001459839,1.0319863000950125,2.6100740005858825,0.4264865001459839,1.0319863000950125,2.6100740005858825
May2024,400.0,True,180.0,swmpc,1,0.6185185185185185,1375.0,5.312958065739736,17.854872254654765,-7.378226867876947,74.26776458459067,3.371449534954545,594.4638635079915,0,1310.0461211929787,1310.9723524142482,1350.0,1027.6888492688354,5.9738159058615565,0.32101957175609863,47.18319242047206,2.556477817406863,1.447409466681641e-14,47.18319242047206,0.0,0,0,0,0.0,0,0,True,1008,36,7.275957614183426e-12,2.5787536721618925e-13,1.709186173872503e-10,1.1163320000378008,2.319757680343172,4.535854999630828,5.6875568739139055,17.854872254654765,-7.378226867876947,67.17455681699165,3.371449534954545,594.4638635079915,0,1184.55210830611,1185.7632616968235,1368.9405298964962,1027.6888492688354,5.9738159058615565,0.320722662398792,47.18319242047206,2.556477817406863,1.447409466681641e-14,47.18319242047206,0.0,0,0,0,0.0,0,0,True,1008,36,7.275957614183426e-12,2.5787536721618925e-13,1.709186173872503e-10,1.1163320000378008,2.319757680343172,4.535854999630828,0.4341774997556058,1.1170244806726253,3.241442999751598,0.4341774997556058,1.1170244806726253,3.241442999751598
May2024,400.0,True,180.0,swmpc,2,0.6185185185185185,1375.0,5.225742878872167,18.685694366693497,-6.929697462357581,74.33264331506321,3.3239547830201417,578.9551059187799,0,1311.521540125845,1312.11758981818,1350.0,1020.1160383599129,4.6692553125321865,0.3202416545125164,47.15396953432921,2.645172600024509,1.0663887392323586e-14,47.15396953432921,0.0,0,0,0,0.0,0,0,True,1008,36,5.9117155615240335e-12,2.0068011153277936e-07,2.890444738522369e-10,1.1144595000587287,2.508474620226476,3.634018000411743,5.595662807879365,18.685694366693497,-6.929697462357581,67.22360231069588,3.3239547830201417,578.9551059187799,0,1185.9269198520287,1186.6290112803176,1390.562807887236,1020.1160383599129,4.6692553125321865,0.31963885443918705,47.15396953432921,2.645172600024509,1.0663887392323586e-14,47.15396953432921,0.0,0,0,0,0.0,0,0,True,1008,36,5.9117155615240335e-12,2.0068011153277936e-07,2.890444738522369e-10,1.1144595000587287,2.508474620226476,3.634018000411743,0.4238389997226477,0.933508080315732,2.4497260001226095,0.4238389997226477,0.933508080315732,2.4497260001226095
May2024,550.0,False,0.0,pid_lowdrag_preview,0,0.6405092592592593,1240.0,0.9462994626430539,2.87739091552794,-2.6151815615594387,9.469068475366575,6.590001860204539,1146.6607246433239,0,167.1039096035212,167.14771265511527,1350.0,1235.9972500583574,0.4615421388298273,0.36334268149106974,0.0,0.0,0.0,0.0,0.0,0,0,0,0.0,0,0,True,0,0,,,,0.19483899995975662,0.621886059761891,1.683175999460218,0.9643954477032467,2.87739091552794,-2.6151815615594387,8.662459223424957,6.590001860204539,1146.6607246433239,0,152.81613046058845,152.90947033811938,1419.36826357018,1235.9972500583574,0.4615421388298273,0.3636803546612766,0.0,0.0,0.0,0.0,0.0,0,0,0,0.0,0,0,True,0,0,,,,0.19483899995975662,0.621886059761891,1.683175999460218,,,,,,
May2024,550.0,False,0.0,pid_lowdrag_preview,1,0.6405092592592593,1240.0,0.8641719031540288,2.9697732515633106,-2.5862885946407914,9.469757275549979,6.5977243483356585,1146.984567231225,0,167.11731430869781,167.15987133528867,1350.0,1236.039937251667,0.20538141764700413,0.36327514685955464,0.0,0.0,0.0,0.0,0.0,0,0,0,0.0,0,0,True,0,0,,,,0.19709400021383772,0.6715964602426527,0.9561050001138938,0.9018825143606788,2.9697732515633106,-2.5862885946407914,8.661405029458447,6.5977243483356585,1146.984567231225,0,152.83527348599452,152.89086173784833,1419.51520013157,1236.039937251667,0.20538141764700413,0.36354858915729216,0.0,0.0,0.0,0.0,0.0,0,0,0,0.0,0,0,True,0,0,,,,0.19709400021383772,0.6715964602426527,0.9561050001138938,,,,,,
May2024,550.0,False,0.0,pid_lowdrag_preview,2,0.6405092592592593,1240.0,0.8800700567073432,3.237756684422493,-2.523065305314958,9.462568447452965,6.585518212499451,1147.7318073894367,0,167.12497846812195,167.03297435738403,1350.0,1238.4370031615942,-0.3483040062710643,0.363304823624945,0.0,0.0,0.0,0.0,0.0,0,0,0,0.0,0,0,True,0,0,,,,0.19887500002369052,0.6974296498265168,0.9406560002389597,0.9189097608877371,3.237756684422493,-2.523065305314958,8.652192248374778,6.585518212499451,1147.7318073894367,0,152.83871586181374,152.72823800254184,1419.3816234989874,1238.4370031615942,-0.3483040062710643,0.3636226970072861,0.0,0.0,0.0,0.0,0.0,0,0,0,0.0,0,0,True,0,0,,,,0.19887500002369052,0.6974296498265168,0.9406560002389597,,,,,,
May2024,550.0,False,0.0,swmpc,0,0.6405092592592593,1240.0,0.9660672258097162,3.107628758996725,-2.082616246305406,9.623072514629923,5.2242548082836855,1146.5508520554636,0,170.04379165462527,169.86618733607145,1350.0,1236.1399136977195,-1.1227875174954534,0.3067615451347512,34.577762302773415,0.0,1.1563435487759962e-14,34.577762302773415,0.0,0,0,0,0.0,0,0,True,1008,36,8.441979926581472e-11,1.7330002978845225e-13,3.002122545577324e-10,0.9981739999602723,2.8118684704804746,5.34017199970549,0.999954761011706,3.107628758996725,-2.082616246305406,8.826842211735176,5.2242548082836855,1146.5508520554636,0,155.93022322915067,155.8111539162825,1419.313278743038,1236.1399136977195,-1.1227875174954534,0.30513486709963056,34.577762302773415,0.0,1.1563435487759962e-14,34.577762302773415,0.0,0,0,0,0.0,0,0,True,1008,36,8.441979926581472e-11,1.7330002978845225e-13,3.002122545577324e-10,0.9981739999602723,2.8118684704804746,5.34017199970549,0.3067130000999896,0.9503093299099417,3.549911999471078,0.3067130000999896,0.9503093299099417,3.549911999471078
May2024,550.0,False,0.0,swmpc,1,0.6405092592592593,1240.0,0.8889976931352207,3.1144882971420884,-2.349927766248584,9.634844671200511,5.214043756784501,1146.6831620640673,0,170.22764139558046,170.0739890906904,1350.0,1236.0803021571578,-1.0424936395138502,0.3057909021289926,34.58739438325401,0.0,1.1565999317301842e-14,34.58739438325401,0.0,0,0,0,0.0,0,0,True,1008,36,8.225434004941767e-11,1.9802552054620897e-13,3.9871362675298584e-10,0.9959795006579952,1.9834636899395264,4.355116999249731,0.9330597694493037,3.1144882971420884,-2.349927766248584,8.83342249061854,5.225952058683838,1146.6831620640673,0,156.08816971332712,155.9273088017229,1419.4725808436583,1236.0803021571578,-1.0424936395138502,0.3042505083043566,34.58739438325401,0.0,8.469999370766348e-15,34.58739438325401,0.0,0,0,0,0.0,0,0,True,1008,36,8.225434004941767e-11,1.9802552054620897e-13,3.9871362675298584e-10,0.9959795006579952,1.9834636899395264,4.355116999249731,0.3076844996030559,0.8708233700235695,3.3906839998962823,0.3076844996030559,0.8708233700235695,3.3906839998962823
May2024,550.0,False,0.0,swmpc,2,0.6405092592592593,1240.0,0.8950580040593459,3.114484339952469,-2.3570384262129664,9.614074737458681,5.212129039044026,1147.0387879684824,0,169.95627791406847,169.7073588433768,1350.0,1236.7830967358523,-1.539375408552587,0.30706773847044444,34.55442346812305,0.0,1.1187644622298796e-14,34.55442346812305,0.0,0,0,0,0.0,0,0,True,1008,36,6.30055760951421e-11,1.93067875503698e-13,4.3740999190427544e-10,0.9633624999878521,2.5909407896506176,16.749651999816706,0.9431021250653143,3.114484339952469,-2.3570384262129664,8.815063213152213,5.223856675446901,1147.0387879684824,0,155.82246140574773,155.60323138666476,1419.2652628992962,1236.7830967358523,-1.539375408552587,0.3056620508243414,34.55442346812305,0.0,1.1187644622298796e-14,34.55442346812305,0.0,0,0,0,0.0,0,0,True,1008,36,6.30055760951421e-11,1.93067875503698e-13,4.3740999190427544e-10,0.9633624999878521,2.5909407896506176,16.749651999816706,0.30654950023745187,1.0816957496899642,2.4893220006561023,0.30654950023745187,1.0816957496899642,2.4893220006561023
May2024,550.0,False,180.0,pid_lowdrag_preview,0,0.6446759259259259,1500.0,0.9029106926359605,3.0521941035985947,-2.2495391499251127,9.458197171208479,6.616275716371984,1048.3521838456863,0,166.91205999685826,166.9558127202564,1350.0,1413.2098970644788,0.5418420601636171,0.3621533036841199,0.0,0.0,0.0,0.0,0.0,0,0,0,0.0,0,0,True,0,0,,,,0.20148600060565514,0.633181600614989,1.0778139994727098,0.9263087394304272,3.0521941035985947,-2.2495391499251127,8.685590712617227,6.616275716371984,1147.2332986904155,0,153.24444648824928,153.31778669139737,1294.8488169388725,1413.2098970644788,0.5418420601636171,0.36318973600744,0.0,0.0,0.0,0.0,0.0,0,0,0,0.0,0,0,True,0,0,,,,0.20148600060565514,0.633181600614989,1.0778139994727098,,,,,,
May2024,550.0,False,180.0,pid_lowdrag_preview,1,0.6446759259259259,1500.0,0.9111480814478101,4.206779517233372,-3.1798556465655565,9.460647502556606,6.603351141962083,1048.504110106419,0,166.93914587145426,166.99906589570554,1350.0,1412.7282807688266,0.27448851242661476,0.3621496090112487,0.0,0.0,0.0,0.0,0.0,0,0,0,0.0,0,0,True,0,0,,,,0.2066369997919537,1.7251059098180042,9.576585000104387,0.9581671239589492,4.206779517233372,-3.1798556465655565,8.68386940968813,6.603351141962083,1147.7199738781599,0,153.2699091299304,153.28740230373398,1294.205854472659,1412.7282807688266,0.27448851242661476,0.36319397202574144,0.0,0.0,0.0,0.0,0.0,0,0,0,0.0,0,0,True,0,0,,,,0.2066369997919537,1.7251059098180042,9.576585000104387,,,,,,
May2024,550.0,False,180.0,pid_lowdrag_preview,2,0.6446759259259259,1500.0,0.883715403491351,3.2714686123654246,-3.1494282791391015,9.45119229163926,6.608123203115418,1047.639089464069,0,166.934399402727,166.83216279624773,1350.0,1412.4112575443405,-0.20424547139555216,0.36203757426213135,0.0,0.0,0.0,0.0,0.0,0,0,0,0.0,0,0,True,0,0,,,,0.2019775001826929,0.6844561900834375,0.8745030008867616,0.9250010184549635,3.2714686123654246,-3.1494282791391015,8.676634377562534,6.608123203115418,1147.5962205537883,0,153.2653580712786,153.1596897337028,1294.5259303098953,1412.4112575443405,-0.20424547139555216,0.3630738927027216,0.0,0.0,0.0,0.0,0.0,0,0,0,0.0,0,0,True,0,0,,,,0.2019775001826929,0.6844561900834375,0.8745030008867616,,,,,,
May2024,550.0,False,180.0,swmpc,0,0.6446759259259259,1500.0,0.9194329840728206,2.7296052891761065,-2.6461984226480126,9.548298908350025,5.219099105472543,1047.9695254451815,0,168.54617922489822,168.54628588122563,1350.0,1462.555404389226,0.1383963953703642,0.3101303925332781,34.744294623637316,0.0,1.3934843788076225e-14,34.744294623637316,0.0,0,0,0,0.0,0,0,True,1008,0,6.148726450157033e-11,2.0961953054246715e-13,3.198065692245855e-10,1.0068715000670636,2.602575019982389,5.270857999676082,0.9487603392623885,2.7296052891761065,-2.6461984226480126,8.760953839215151,5.219099105472543,1147.537815992423,0,154.66558335715567,154.64809434120895,1364.376731893353,1462.555404389226,0.1383963953703642,0.3146658584371572,34.744294623637316,0.0,1.3934843788076225e-14,34.744294623637316,0.0,0,0,0,0.0,0,0,True,1008,0,6.148726450157033e-11,2.0961953054246715e-13,3.198065692245855e-10,1.0068715000670636,2.602575019982389,5.270857999676082,0.30786950037509087,0.9344369004884344,4.343014000369294,0.30786950037509087,0.9344369004884344,4.343014000369294
May2024,550.0,False,180.0,swmpc,1,0.6446759259259259,1500.0,0.882472686253859,3.992917346768081,-2.6985837956890464,9.52143767061835,5.215850653838963,1048.1166900152846,0,168.02417149403826,168.0721321186239,1350.0,1460.6560974817098,0.3095131339505315,0.312278013165571,34.726841111708296,0.0,1.2028312810621687e-14,34.726841111708296,0.0,0,0,0,0.0,0,0,True,1008,0,9.567165383891401e-11,1.4347631982462548e-13,4.679637531829308e-10,1.009027999771206,2.3937650602601845,6.794889000047988,0.9353575532943159,3.992917346768081,-2.6985837956890464,8.733040212918416,5.215850653838963,1147.3777951511443,0,154.18496223413055,154.15536384722841,1363.0189220478817,1460.6560974817098,0.3095131339505315,0.31669219381240077,34.726841111708296,0.0,1.2028312810621687e-14,34.726841111708296,0.0,0,0,0,0.0,0,0,True,1008,0,9.567165383891401e-11,1.4347631982462548e-13,4.679637531829308e-10,1.009027999771206,2.3937650602601845,6.794889000047988,0.315024999963498,0.9781969901632646,2.06765999973868,0.315024999963498,0.9781969901632646,2.06765999973868
May2024,550.0,False,180.0,swmpc,2,0.6446759259259259,1500.0,0.8930609906131219,3.7135388925671577,-3.05095645878464,9.536185209656697,5.225765386614743,1047.6505100361953,0,168.37650106286696,168.33245523530297,1350.0,1463.0142473446615,0.09847280476242304,0.3108860165524957,34.72690905467379,0.0,1.1246728522914131e-14,34.72690905467379,0.0,0,0,0,0.0,0,0,True,1008,0,8.696753594892565e-11,2.1544729996300382e-13,2.638778922793567e-10,0.9886900002129551,2.6326584998605504,3.897456000231614,0.9428836815071922,3.7135388925671577,-3.05095645878464,8.750270802950805,5.230460082095876,1147.368933426451,0,154.52626077124793,154.45951770556277,1364.0893221445197,1463.0142473446615,0.09847280476242304,0.31520352637318816,34.72690905467379,0.0,1.1246728522914131e-14,34.72690905467379,0.0,0,0,0,0.0,0,0,True,1008,0,8.696753594892565e-11,2.1544729996300382e-13,2.638778922793567e-10,0.9886900002129551,2.6326584998605504,3.897456000231614,0.30940499982534675,0.9424520400443714,2.8209699994476978,0.30940499982534675,0.9424520400443714,2.8209699994476978
May2024,550.0,True,0.0,pid_lowdrag_preview,0,0.6405092592592593,1240.0,0.959041196423707,3.006901572458446,-2.603521203622222,9.691975728101708,6.590001908407127,985.7796305221058,0,171.03866140832073,171.0824647931795,1350.0,1235.9972495525049,0.46154495142400265,0.34555029390186565,0.0,0.0,0.0,0.0,0.0,0,0,0,0.0,0,0,True,0,0,,,,0.2004885000133072,0.9656996797639293,3.765731999919808,0.9789699417737889,3.006901572458446,-2.603521203622222,8.88536647616009,6.590001908407127,985.7796305221058,0,156.750882265388,156.8442224761836,1419.36826357018,1235.9972495525049,0.46154495142400265,0.34292256914053854,0.0,0.0,0.0,0.0,0.0,0,0,0,0.0,0,0,True,0,0,,,,0.2004885000133072,0.9656996797639293,3.765731999919808,,,,,,
May2024,550.0,True,0.0,pid_lowdrag_preview,1,0.6405092592592593,1240.0,0.8762151874318438,2.96904581412673,-2.6863424805924296,9.692335313496887,6.597724440536592,987.0409504841009,0,171.04625520565614,171.08881218378787,1350.0,1236.0399357134065,0.20538071636110544,0.34550446652022015,0.0,0.0,0.0,0.0,0.0,0,0,0,0.0,0,0,True,0,0,,,,0.1978290001716232,0.6898222596828406,1.9484209997244761,0.9153389402888595,2.96904581412673,-2.6863424805924296,8.883983067405355,6.597724440536592,987.0409504841009,0,156.76421438295284,156.81980258634752,1419.51520013157,1236.0399357134065,0.20538071636110544,0.342816128761402,0.0,0.0,0.0,0.0,0.0,0,0,0,0.0,0,0,True,0,0,,,,0.1978290001716232,0.6898222596828406,1.9484209997244761,,,,,,
May2024,550.0,True,0.0,pid_lowdrag_preview,2,0.6405092592592593,1240.0,0.8912692805206794,3.3930191388353705,-2.494865057989955,9.684983940724003,6.585518423203196,987.7135787677122,0,171.0510491075338,170.95904597214212,1350.0,1238.4369979240512,-0.3482980588451028,0.34554276663961536,0.0,0.0,0.0,0.0,0.0,0,0,0,0.0,0,0,True,0,0,,,,0.20318149972808897,0.8162275602808209,3.2469329999003094,0.9314177608836823,3.3930191388353705,-2.494865057989955,8.874607741645816,6.585518423203196,987.7135787677122,0,156.7647865012256,156.65430961729993,1419.3816234989874,1238.4369979240512,-0.3482980588451028,0.3429002971910682,0.0,0.0,0.0,0.0,0.0,0,0,0,0.0,0,0,True,0,0,,,,0.20318149972808897,0.8162275602808209,3.2469329999003094,,,,,,
May2024,550.0,True,0.0,swmpc,0,0.6405092592592593,1240.0,0.9798908715276504,3.1055464446544647,-2.231912144459784,9.800816825713158,5.2242548082836855,1051.4987301657352,0,173.18132862694242,173.0037245829836,1350.0,1236.1399160585304,-1.1227854043245316,0.2945477148814092,45.86994179459904,0.0,1.242851784098509e-14,45.86994179459904,0.0,0,0,0,0.0,0,0,True,1008,36,1.0224191973512582e-10,2.0600973776127295e-13,6.270555736202504e-10,1.027929999963817,4.595247149982238,9.268673999940802,1.0155260370580221,3.1055464446544647,-2.231912144459784,9.00458652281841,5.2242548082836855,1051.4987301657352,0,159.06776020146782,158.94869116319467,1419.313278743038,1236.1399160585304,-1.1227854043245316,0.29088539847073147,45.86994179459904,0.0,1.242851784098509e-14,45.86994179459904,0.0,0,0,0,0.0,0,0,True,1008,36,1.0224191973512582e-10,2.0600973776127295e-13,6.270555736202504e-10,1.027929999963817,4.595247149982238,9.268673999940802,0.3165920002174971,1.5079825901466377,3.071230000387004,0.3165920002174971,1.5079825901466377,3.071230000387004
May2024,550.0,True,0.0,swmpc,1,0.6405092592592593,1240.0,0.9029604904835697,3.098797562532127,-2.5231428034603596,9.82075941494648,5.214043756784501,1051.266530753693,0,173.5094040042124,173.3557505698522,1350.0,1236.0803074750743,-1.0425018919631839,0.292828341390141,45.8840839635941,0.0,1.2292735415445147e-14,45.8840839635941,0.0,0,0,0,0.0,0,0,True,1008,36,8.225434004941767e-11,1.6336176855702429e-13,3.409314102984704e-10,1.024562000111473,2.859448840354159,5.032110999309225,0.9485733536044907,3.098797562532127,-2.5231428034603596,9.019337234364508,5.225952058683838,1051.266530753693,0,159.36993232195906,159.2090702808847,1419.4725808436583,1236.0803074750743,-1.0425018919631839,0.28912752077569637,45.8840839635941,0.0,1.2292735415445147e-14,45.8840839635941,0.0,0,0,0,0.0,0,0,True,1008,36,8.225434004941767e-11,1.6336176855702429e-13,3.409314102984704e-10,1.024562000111473,2.859448840354159,5.032110999309225,0.31115899992073537,1.2066484897059075,2.6084690007337485,0.31115899992073537,1.2066484897059075,2.6084690007337485
May2024,550.0,True,0.0,swmpc,2,0.6405092592592593,1240.0,0.9107935453788697,3.1139260744675994,-2.352321325801313,9.793766904275843,5.212129039044026,1050.895416425047,0,173.12819809083896,172.87927958126866,1350.0,1236.7830960921156,-1.539372525177896,0.294672754040433,45.87407451990774,0.0,1.0833331493257269e-14,45.87407451990774,0.0,0,0,0,0.0,0,0,True,1008,36,6.30055760951421e-11,1.5480534655018337e-13,4.3740999190427544e-10,0.9664684998824669,2.3757027496048946,5.125116999806778,0.9605174015019239,3.1139260744675994,-2.352321325801313,8.994755379969375,5.223856675446901,1050.895416425047,0,158.99438158251823,158.77515212455663,1419.2652628992962,1236.7830960921156,-1.539372525177896,0.29120123565599476,45.87407451990774,0.0,1.0833331493257269e-14,45.87407451990774,0.0,0,0,0,0.0,0,0,True,1008,36,6.30055760951421e-11,1.5480534655018337e-13,4.3740999190427544e-10,0.9664684998824669,2.3757027496048946,5.125116999806778,0.30693450025864877,0.8910071094578591,4.32511000053637,0.30693450025864877,0.8910071094578591,4.32511000053637
May2024,550.0,True,180.0,pid_lowdrag_preview,0,0.6446759259259259,1500.0,0.9086580857297493,2.997069082222879,-2.250249844044447,9.68000164081277,6.6162768425932095,981.7101084004019,0,170.82734744757215,170.87109856357858,1350.0,1413.2098810999253,0.5418381113559008,0.34453239138284764,0.0,0.0,0.0,0.0,0.0,0,0,0,0.0,0,0,True,0,0,,,,0.19850350054184673,0.6320880999282955,1.5698770002927631,0.9328424187817077,2.997069082222879,-2.250249844044447,8.907395182221519,6.6162768425932095,981.7101084004019,0,157.15973393896317,157.23307253471955,1294.8488169388725,1413.2098810999253,0.5418381113559008,0.3426320049892889,0.0,0.0,0.0,0.0,0.0,0,0,0,0.0,0,0,True,0,0,,,,0.19850350054184673,0.6320880999282955,1.5698770002927631,,,,,,
May2024,550.0,True,180.0,pid_lowdrag_preview,1,0.6446759259259259,1500.0,0.92748612063451,4.712331141345203,-3.1798213301226497,9.681966014808538,6.60335244974074,981.8983003884622,0,170.84585538976083,170.9057736344197,1350.0,1412.728268514238,0.27448056917637587,0.3445575175829333,0.0,0.0,0.0,0.0,0.0,0,0,0,0.0,0,0,True,0,0,,,,0.2043440003944852,0.7720722602789456,1.5942709997034399,0.9762840406459571,4.712331141345203,-3.1798213301226497,8.905187921940062,6.60335244974074,981.8983003884622,0,157.17661864823697,157.19411004244813,1294.205854472659,1412.728268514238,0.27448056917637587,0.34266986535937316,0.0,0.0,0.0,0.0,0.0,0,0,0,0.0,0,0,True,0,0,,,,0.2043440003944852,0.7720722602789456,1.5942709997034399,,,,,,
May2024,550.0,True,180.0,pid_lowdrag_preview,2,0.6446759259259259,1500.0,0.8987905013454435,3.43763127643615,-3.1435788748785853,9.67348921320336,6.608123203115418,979.397837982749,0,170.85837887640182,170.7561413867899,1350.0,1412.4112451725478,-0.20424698572605848,0.3443860704556724,0.0,0.0,0.0,0.0,0.0,0,0,0,0.0,0,0,True,0,0,,,,0.20129350014030933,0.6574061806441018,1.6333710000253632,0.9417945159324568,3.43763127643615,-3.1435788748785853,8.898931299126636,6.608123203115418,979.397837982749,0,157.18933754495342,157.08366832424497,1294.5259303098953,1412.4112451725478,-0.20424698572605848,0.34248047159518635,0.0,0.0,0.0,0.0,0.0,0,0,0,0.0,0,0,True,0,0,,,,0.20129350014030933,0.6574061806441018,1.6333710000253632,,,,,,
May2024,550.0,True,180.0,swmpc,0,0.6446759259259259,1500.0,0.9323457840412678,2.7296369029209018,-2.652044943533838,9.728181697151635,5.219099105472543,1040.3484634020685,0,171.72146577560548,171.72157147267117,1350.0,1462.5554487728932,0.13839411921799183,0.2975357707251889,45.93508231719381,0.0,1.1429125898623825e-14,45.93508231719381,0.0,0,0,0,0.0,0,0,True,1008,0,6.148726450157033e-11,1.8881330725960213e-13,3.2330376210684216e-10,0.9910065000440227,2.3759914599395415,4.301232999750937,0.9633499390039095,2.7296369029209018,-2.652044943533838,8.940836628016761,5.219099105472543,1040.3484634020685,0,157.84086990786292,157.8233799326545,1364.376731893353,1462.5554487728932,0.13839411921799183,0.2999721329943864,45.93508231719381,0.0,1.1429125898623825e-14,45.93508231719381,0.0,0,0,0,0.0,0,0,True,1008,0,6.148726450157033e-11,1.8881330725960213e-13,3.2330376210684216e-10,0.9910065000440227,2.3759914599395415,4.301232999750937,0.30892600034349016,0.8351623306862166,2.0158130000709207,0.30892600034349016,0.8351623306862166,2.0158130000709207
May2024,550.0,True,180.0,swmpc,1,0.6446759259259259,1500.0,0.9062804974697019,4.762094609439373,-2.698457761667669,9.699765913766559,5.215850653838963,1041.0184699924762,0,171.17201821258186,171.2199769168293,1350.0,1460.6562126074093,0.30950272269546986,0.2999395536223244,45.94145587721948,0.0,1.1679428975154123e-14,45.94145587721948,0.0,0,0,0,0.0,0,0,True,1008,0,9.567165383891401e-11,1.815923532007674e-13,4.2094228624956596e-10,0.9886704997370543,1.9807535697782432,5.423683999651985,0.9615496695263306,4.762094609439373,-2.698457761667669,8.911368456066624,5.215850653838963,1041.0184699924762,0,157.33280895267416,157.3032086454338,1363.0189220478817,1460.6562126074093,0.30950272269546986,0.30229732434527967,45.94145587721948,0.0,1.1566121974494842e-14,45.94145587721948,0.0,0,0,0,0.0,0,0,True,1008,0,9.567165383891401e-11,1.815923532007674e-13,4.2094228624956596e-10,0.9886704997370543,1.9807535697782432,5.423683999651985,0.3081774993916042,0.8519264002188717,1.4956340000935597,0.3081774993916042,0.8519264002188717,1.4956340000935597
May2024,550.0,True,180.0,swmpc,2,0.6446759259259259,1500.0,0.9151286481301852,4.307048884220421,-3.0751903746277094,9.71441178704665,5.225765386614743,1040.7970015175815,0,171.52255198475677,171.4785054325937,1350.0,1463.014276216415,0.09847100172191858,0.29841787836832434,45.943315730184885,0.0,1.22146509593721e-14,45.943315730184885,0.0,0,0,0,0.0,0,0,True,1008,0,8.696753594892565e-11,1.7603930262656413e-13,6.922366754537165e-10,1.0102549999828625,2.306324929968466,3.9930849998199847,0.9672551704721944,4.307048884220421,-3.0751903746277094,8.928497380340758,5.230460082095876,1040.7970015175815,0,157.67231169313774,157.6055679028535,1364.0893221445197,1463.014276216415,0.09847100172191858,0.30065736515832164,45.943315730184885,0.0,1.22146509593721e-14,45.943315730184885,0.0,0,0,0,0.0,0,0,True,1008,0,8.696753594892565e-11,1.7603930262656413e-13,6.922366754537165e-10,1.0102549999828625,2.306324929968466,3.9930849998199847,0.3115075001005607,0.7777158898625196,3.184568999131443,0.3115075001005607,0.7777158898625196,3.184568999131443
