case,event,h_km,seed,capacity_Wh,completion_event_h,resource_matched,raw_saving_pct,E_difference_Wh,x_difference_m,pi_full_fuel_g,pi_full_rms,pi_full_minE,pi_full_E_end_Wh,pi_full_qp_failures_all,pi_full_n_floor_viol,pi_full_n_energy_floor_viol,pi_full_unserved_bus_Wh,pi_event_window_fuel_g,pi_event_window_rms,pi_event_window_minE,pi_event_window_E_end_Wh,pi_event_window_qp_failures_all,pi_event_window_n_floor_viol,pi_event_window_n_energy_floor_viol,pi_event_window_unserved_bus_Wh,pi_after_event_fuel_g,pi_after_event_rms,pi_after_event_minE,pi_after_event_E_end_Wh,pi_after_event_qp_failures_all,pi_after_event_n_floor_viol,pi_after_event_n_energy_floor_viol,pi_after_event_unserved_bus_Wh,mpc_full_fuel_g,mpc_full_rms,mpc_full_minE,mpc_full_E_end_Wh,mpc_full_qp_failures_all,mpc_full_n_floor_viol,mpc_full_n_energy_floor_viol,mpc_full_unserved_bus_Wh,mpc_event_window_fuel_g,mpc_event_window_rms,mpc_event_window_minE,mpc_event_window_E_end_Wh,mpc_event_window_qp_failures_all,mpc_event_window_n_floor_viol,mpc_event_window_n_energy_floor_viol,mpc_event_window_unserved_bus_Wh,mpc_after_event_fuel_g,mpc_after_event_rms,mpc_after_event_minE,mpc_after_event_E_end_Wh,mpc_after_event_qp_failures_all,mpc_after_event_n_floor_viol,mpc_after_event_n_energy_floor_viol,mpc_after_event_unserved_bus_Wh
baseline,Feb2022,400.0,0,1500.0,96.16666666666667,True,-0.6114575297963726,0.0,1.3327226042747498e-06,28.493157133094353,1.2402806430263877,1126.6208050263438,1500.0,0,0,0,0.0,17.98837331557321,1.2290381433099438,1132.782434566555,1211.6639387400019,0,0,0,0.0,7.971032405086742,1.3636451666354765,1126.6208050263438,1500.0,0,0,0,0.0,28.66738068786137,1.1966830286653283,1126.6208191351845,1500.0,0,0,0,0.0,18.11462317223406,1.1600054665036201,1129.3666172076632,1210.5961257825725,0,0,0,0.0,7.9744960472485005,1.363617225402539,1126.6208191351845,1500.0,0,0,0,0.0
baseline,Feb2022,400.0,1,1500.0,96.16666666666667,True,-0.600875012865199,0.0,2.3078173398971558e-06,28.50097148995334,1.2671947616746435,1125.9435495316961,1500.0,0,0,0,0.0,18.002536702341366,1.2805190466848269,1130.4833577394284,1210.384236477752,0,0,0,0.0,7.96213279231365,1.3755253340950686,1125.9435495316961,1500.0,0,0,0,0.0,28.672226706060304,1.152804279761461,1125.9557685282937,1500.0,0,0,0,0.0,18.111382764802833,1.1220969961224705,1129.8378830755148,1210.4677574081784,0,0,0,0.0,7.974525473942791,1.372906887690729,1125.9557685282937,1500.0,0,0,0,0.0
baseline,Feb2022,400.0,2,1500.0,96.16666666666667,True,-0.6372643223722857,0.0,7.692724466323853e-07,28.499703707067415,1.2670701091135987,1126.6974236415676,1500.0,0,0,0,0.0,17.97990982669584,1.2837500956035257,1131.6059421460955,1215.3963982686182,0,0,0,0.0,7.983264890327799,1.3064787939724836,1126.6974236415676,1500.0,0,0,0,0.0,28.681322150774367,1.142113652975345,1126.6974251218285,1500.0,0,0,0,0.0,18.115709992760298,1.1200107780299586,1129.130145118421,1212.8789496594204,0,0,0,0.0,7.983310004890871,1.3097178118791373,1126.6974251218285,1500.0,0,0,0,0.0
baseline,Feb2022,550.0,0,1500.0,96.58333333333333,True,-1.1536943366786985,0.0,0.005289905704557896,2.214337173862378,0.572787363064649,1138.846380415506,1500.0,0,0,0,0.0,1.3875150489708028,0.5656407063889904,1139.4018080979165,1247.8528084820448,0,0,0,0.0,0.6445091712355049,0.6156162449813739,1138.846380415506,1500.0,0,0,0,0.0,2.2398838564321992,0.5676062555700738,1138.8367769211334,1500.0,0,0,0,0.0,1.4096467256338936,0.5463615558709644,1139.2686798824302,1311.7187929478998,0,0,0,0.0,0.644500951474557,0.6188496914471443,1138.8367769211334,1500.0,0,0,0,0.0
baseline,Feb2022,550.0,1,1500.0,96.58333333333333,True,-1.176922276944467,0.0,0.011366109363734722,2.2136041792967034,0.5424058628760318,1138.9427733398434,1500.0,0,0,0,0.0,1.3819075082125716,0.5807192091758844,1139.2746737684242,1247.7884152512686,0,0,0,0.0,0.642706653174097,0.5046748287461381,1138.9427733398434,1500.0,0,0,0,0.0,2.23965658000622,0.5441256598647045,1138.8517440228818,1500.0,0,0,0,0.0,1.40621207112651,0.5834829555475008,1138.8517440228818,1309.9293538370237,0,0,0,0.0,0.6423994894516871,0.4997443224957985,1138.9308880016447,1500.0,0,0,0,0.0
baseline,Feb2022,550.0,2,1500.0,96.58333333333333,True,-1.1216757169105183,0.0,0.0024474533274769783,2.2140567265201714,0.49305477153793736,1138.9775300738606,1500.0,0,0,0,0.0,1.3829356683949179,0.4778122373834178,1138.9775300738606,1247.3510181002528,0,0,0,0.0,0.6460537898645802,0.55051263875876,1139.062236698611,1500.0,0,0,0,0.0,2.238891263180172,0.4738864384221635,1138.890575778508,1500.0,0,0,0,0.0,1.405835524883068,0.45155375714056056,1138.890575778508,1311.1760133151329,0,0,0,0.0,0.6457053603466485,0.5587779384811657,1139.0527256572116,1500.0,0,0,0,0.0
baseline,Mar2015,400.0,0,1500.0,96.33333333333333,True,0.5757023962218496,0.0,1.798383891582489e-06,40.70725691801898,1.541308945745775,1117.5857176624536,1500.0,0,0,0,0.0,26.291822969535634,1.5330331674251594,1117.5857176624536,1301.1745792910856,0,0,0,0.0,11.061737198505387,1.642726525874867,1119.4763460275483,1500.0,0,0,0,0.0,40.47290426450576,1.3954869922687971,1117.5971698908495,1500.0,0,0,0,0.0,26.05356147435958,1.3340838902397105,1117.5971698908495,1300.7318006368696,0,0,0,0.0,11.063065635039525,1.6428293673954053,1119.476348362819,1500.0,0,0,0,0.0
baseline,Mar2015,400.0,1,1500.0,96.33333333333333,True,0.602562500161079,0.0,7.040798664093018e-07,40.71799721761308,1.5855172798785684,1119.257698816919,1500.0,0,0,0,0.0,26.318485530553822,1.5936763948714603,1119.257698816919,1299.1800459199806,0,0,0,0.0,11.040343063001963,1.7368140430326935,1119.7707729285423,1500.0,0,0,0,0.0,40.472645835563114,1.3669479054127875,1118.370682681025,1500.0,0,0,0,0.0,26.056001756824077,1.2982866745013044,1118.370682681025,1300.21201438205,0,0,0,0.0,11.0553441414303,1.7309268309791452,1119.7707744616148,1500.0,0,0,0,0.0
baseline,Mar2015,400.0,2,1500.0,96.33333333333333,True,0.5900250847127023,0.0,2.739951014518738e-06,40.737902833977664,1.6110307997392384,1116.734277768488,1500.0,0,0,0,0.0,26.284031870534342,1.6245142839105626,1116.9839076122962,1301.679950211266,0,0,0,0.0,11.093693096866758,1.6867488329616596,1116.734277768488,1500.0,0,0,0,0.0,40.49753898827131,1.433316995124693,1116.7416814081382,1500.0,0,0,0,0.0,26.035676139594628,1.3933953304730082,1117.7092951472314,1302.402431592868,0,0,0,0.0,11.096605777397187,1.6880082950073667,1116.7416814081382,1500.0,0,0,0,0.0
baseline,Mar2015,550.0,0,1500.0,96.75,True,-1.4928757479415495,0.0,0.001592358574271202,3.331495940056293,0.6471820175544228,1137.8562178381533,1500.0,0,0,0,0.0,2.144092109542965,0.6039430380466259,1138.3914523272988,1188.8903392596349,0,0,0,0.0,0.9372741652886774,0.7979561856978955,1137.8562178381533,1500.0,0,0,0,0.0,3.381231034989051,0.6225002730003519,1137.8413957669807,1500.0,0,0,0,0.0,2.1880978824987856,0.558965900977334,1137.8413957669807,1221.3345457762273,0,0,0,0.0,0.938915146613164,0.7993824779923085,1137.8507698782416,1500.0,0,0,0,0.0
baseline,Mar2015,550.0,1,1500.0,96.75,True,-1.4588059334458656,0.0,0.003364723175764084,3.328536488409586,0.6351407301807498,1137.9326962208365,1500.0,0,0,0,0.0,2.1380646326854613,0.6642387473224728,1137.9326962208365,1189.045679266678,0,0,0,0.0,0.9323339488297111,0.6262000425607689,1138.7979821321608,1500.0,0,0,0,0.0,3.3770933761994155,0.6191001210744584,1138.0479742194668,1500.0,0,0,0,0.0,2.1829897278886854,0.6531434914263401,1138.0479742194668,1221.949887887449,0,0,0,0.0,0.9343352600451493,0.6250680757667417,1138.8211956391738,1500.0,0,0,0,0.0
baseline,Mar2015,550.0,2,1500.0,96.75,True,-1.4845308040848106,0.0,0.0027677668258547783,3.3329863367435486,0.6109415785455306,1138.45684885204,1500.0,0,0,0,0.0,2.1406243930392916,0.5990366885157367,1138.45684885204,1189.2176092110203,0,0,0,0.0,0.9390287886865933,0.7067108910075596,1138.966764233597,1500.0,0,0,0,0.0,3.3824655456084445,0.5770632967764961,1138.48099373626,1500.0,0,0,0,0.0,2.1865717945377985,0.5616281171251537,1138.48099373626,1223.2306229553699,0,0,0,0.0,0.9400456228794507,0.710874215119209,1138.9564944643864,1500.0,0,0,0,0.0
baseline,May2024,400.0,0,1500.0,96.58333333333333,True,7.963694199246271,0.0,0.00015659630298614502,106.4819105635536,2.3803282816757676,1102.019185760844,1500.0,0,0,0,0.0,72.98945751048056,2.484048492790168,1102.019185760844,1456.2809390820403,0,0,0,0.0,25.986002455236914,2.2508222772046738,1120.4216416459235,1500.0,0,0,0,0.0,98.00201682875728,4.39803274090427,645.837040330187,1500.0,0,0,0,0.0,65.17128108829803,5.18578093868438,645.837040330187,1073.4323503532314,0,0,0,0.0,25.940130734933362,2.2495120153813137,742.1886741315969,1500.0,0,0,0,0.0
baseline,May2024,400.0,1,1500.0,96.58333333333333,True,7.839707109755199,0.0,0.00019084475934505463,106.46056270404536,2.382993915568487,1102.0399390759899,1500.0,0,0,0,0.0,73.00428615299299,2.423166273874802,1102.0399390759899,1453.5310343376195,0,0,0,0.0,25.94833733127892,2.513520552302623,1116.4481972947171,1500.0,0,0,0,0.0,98.11436640065092,4.410270860274867,645.8373641418156,1500.0,0,0,0,0.0,65.32635564371556,5.170541115483499,645.8373641418156,1050.7772097346192,0,0,0,0.0,25.898695614898912,2.51317940066355,717.9959295097275,1500.0,0,0,0,0.0
baseline,May2024,400.0,2,1500.0,96.58333333333333,True,7.934043724524223,0.0,0.00012589525431394577,106.45863567826655,2.443122798525845,1100.5003188986468,1500.0,0,0,0,0.0,72.96641001518388,2.5030644492573497,1100.5003188986468,1455.30263993087,0,0,0,0.0,25.977407617365458,2.5161739512029437,1118.5908972318775,1500.0,0,0,0,0.0,98.01216097502093,4.378198874279879,656.3879572082436,1500.0,0,0,0,0.0,65.17433966991561,5.1245814190392,656.3879572082436,1087.4393222954602,0,0,0,0.0,25.941039981266627,2.5152473932546453,754.7668739768118,1500.0,0,0,0,0.0
baseline,May2024,550.0,0,1500.0,97.0,True,-0.541214627575945,0.0,5.736947059631348e-07,12.746950014931182,0.9597519582757703,1146.660725580407,1500.0,0,0,0,0.0,8.662459206950931,0.9643951614330717,1146.660725580407,1235.9972500287718,0,0,0,0.0,3.2778815581473175,1.0036333766994294,1156.5558286075368,1500.0,0,0,0,0.0,12.815938372981783,0.9578078582819126,1146.5508529471003,1500.0,0,0,0,0.0,8.733911195401348,0.9742191032800418,1146.5508529471003,1236.0355627677948,0,0,0,0.0,3.2857968737021626,1.0051511285277508,1156.5533607837353,1500.0,0,0,0,0.0
baseline,May2024,550.0,1,1500.0,97.0,True,-0.6217060705344698,0.0,3.189593553543091e-05,12.753484583614291,0.8800423158859911,1146.9845676003615,1500.0,0,0,0,0.0,8.661405007618425,0.9018822717832066,1146.9845676003615,1236.039937431222,0,0,0,0.0,3.2837273278096113,0.9313889113144602,1156.248659760449,1500.0,0,0,0,0.0,12.8327737714753,0.8768876455901838,1146.6831620271591,1500.0,0,0,0,0.0,8.74125085454639,0.9009719635961707,1146.6831620271591,1236.0601453819954,0,0,0,0.0,3.2901007339879484,0.9308955682274243,1156.2512731168317,1500.0,0,0,0,0.0
baseline,May2024,550.0,2,1500.0,97.0,True,-0.5002371196783242,0.0,6.00423663854599e-06,12.769014385793119,0.9129096794588091,1147.731806926049,1500.0,0,0,0,0.0,8.65219224343809,0.9189094421931434,1147.731806926049,1238.4370014778776,0,0,0,0.0,3.3064459477233843,1.0155025091505712,1155.8969498832541,1500.0,0,0,0,0.0,12.832889735567921,0.9147205642388996,1147.0387876948075,1500.0,0,0,0,0.0,8.725660491212038,0.9285542719623223,1147.0387876948075,1237.2852748773203,0,0,0,0.0,3.308217724559279,1.0172006310808237,1155.8928487565317,1500.0,0,0,0,0.0
delay6,Feb2022,400.0,0,1500.0,96.16666666666667,True,-0.6633705083502612,0.0,9.862706065177917e-07,27.976297252031515,1.2331629265141428,1126.623413730231,1500.0,0,0,0,0.0,17.98837331557321,1.2290381433099438,1132.782434566555,1211.6639387400019,0,0,0,0.0,7.454172524023903,1.3344397250037543,1126.623413730231,1500.0,0,0,0,0.0,28.161883757329896,1.1693334146418641,1126.623474837675,1500.0,0,0,0,0.0,18.11462317223406,1.1600054665036201,1129.3666172076632,1210.5961257825725,0,0,0,0.0,7.4689991167170255,1.2529247902082028,1126.623474837675,1500.0,0,0,0,0.0
delay6,Feb2022,400.0,1,1500.0,96.16666666666667,True,-0.6511069203876685,0.0,3.6973506212234497e-07,27.983092821174267,1.2588938207582916,1126.1778629646872,1500.0,0,0,0,0.0,18.002536702341366,1.2805190466848269,1130.4833577394284,1210.384236477752,0,0,0,0.0,7.444254123534577,1.3409757591268032,1126.1778629646872,1500.0,0,0,0,0.0,28.165292675071438,1.1520882046656074,1126.1778862378712,1500.0,0,0,0,0.0,18.111382764802833,1.1220969961224705,1129.8378830755148,1210.4677574081784,0,0,0,0.0,7.467591442953925,1.3702138588070285,1126.1778862378712,1500.0,0,0,0,0.0
delay6,Feb2022,400.0,2,1500.0,96.16666666666667,True,-0.6931518304637715,0.0,3.0044466257095337e-06,27.982286801877947,1.2571393057497673,1126.6974093967538,1500.0,0,0,0,0.0,17.97990982669584,1.2837500956035257,1131.6059421460955,1215.3963982686182,0,0,0,0.0,7.465847985138332,1.2628097607580118,1126.6974093967538,1500.0,0,0,0,0.0,28.176246535050787,1.1240619402510155,1126.6974291635086,1500.0,0,0,0,0.0,18.115709992760298,1.1200107780299586,1129.130145118421,1212.8789496594204,0,0,0,0.0,7.478234389167291,1.2378451482881367,1126.6974291635086,1500.0,0,0,0,0.0
delay6,Feb2022,550.0,0,1500.0,96.58333333333333,True,-1.2227638620354329,0.0,0.006075054407119751,2.164657031996562,0.5718134145813172,1138.803565414371,1500.0,0,0,0,0.0,1.3875150489708028,0.5656407063889904,1139.4018080979165,1247.8528084820448,0,0,0,0.0,0.594829029369689,0.6116039771202895,1138.803565414371,1500.0,0,0,0,0.0,2.1911256759208246,0.5659896609830447,1138.7989751745204,1500.0,0,0,0,0.0,1.4096467256338936,0.5463615558709644,1139.2686798824302,1311.7187929478998,0,0,0,0.0,0.5957427709631824,0.6122749334088166,1138.7989751745204,1500.0,0,0,0,0.0
delay6,Feb2022,550.0,1,1500.0,96.58333333333333,True,-1.247080872643315,0.0,0.004001381807029247,2.1639911330524373,0.5398585730787926,1138.9100887786178,1500.0,0,0,0,0.0,1.3819075082125716,0.5807192091758844,1139.2746737684242,1247.7884152512686,0,0,0,0.0,0.5930936069298309,0.4924630499478342,1138.9100887786178,1500.0,0,0,0,0.0,2.1909778525584316,0.539422287623875,1138.8517440228818,1500.0,0,0,0,0.0,1.40621207112651,0.5834829555475008,1138.8517440228818,1309.9293538370237,0,0,0,0.0,0.5937207620038987,0.4766908435422263,1138.913531443079,1500.0,0,0,0,0.0
delay6,Feb2022,550.0,2,1500.0,96.58333333333333,True,-1.1760041296801544,0.0,0.00510663166642189,2.1644921593759037,0.48741311452562947,1138.9775300738606,1500.0,0,0,0,0.0,1.3829356683949179,0.4778122373834178,1138.9775300738606,1247.3510181002528,0,0,0,0.0,0.5964892227203125,0.52785601474754,1139.0589646008832,1500.0,0,0,0,0.0,2.1899466765567674,0.46108935724079875,1138.890575778508,1500.0,0,0,0,0.0,1.405835524883068,0.45155375714056056,1138.890575778508,1311.1760133151329,0,0,0,0.0,0.5967607737232439,0.5092977120296907,1139.059216113299,1500.0,0,0,0,0.0
delay6,Mar2015,400.0,0,1500.0,96.33333333333333,True,0.6219093340136972,0.0,1.911073923110962e-06,40.02154974015206,1.5340346529562594,1117.5857176624536,1500.0,0,0,0,0.0,26.291822969535634,1.5330331674251594,1117.5857176624536,1301.1745792910856,0,0,0,0.0,10.37603002063847,1.6121270870040707,1119.477191433555,1500.0,0,0,0,0.0,39.77265198670112,1.3632202813484369,1117.5971698908495,1500.0,0,0,0,0.0,26.05356147435958,1.3340838902397105,1117.5971698908495,1300.7318006368696,0,0,0,0.0,10.362813357234888,1.5174291743134396,1119.4775585648254,1500.0,0,0,0,0.0
delay6,Mar2015,400.0,1,1500.0,96.33333333333333,True,0.6814597378532676,0.0,7.813796401023865e-07,40.02787730929652,1.5759220863968844,1119.257698816919,1500.0,0,0,0,0.0,26.318485530553822,1.5936763948714603,1119.257698816919,1299.1800459199806,0,0,0,0.0,10.350223154685402,1.6974897993742317,1119.769355302412,1500.0,0,0,0,0.0,39.75510344151636,1.3477081899128174,1118.370682681025,1500.0,0,0,0,0.0,26.056001756824077,1.2982866745013044,1118.370682681025,1300.21201438205,0,0,0,0.0,10.337801747383548,1.6624019926480718,1119.7693483813205,1500.0,0,0,0,0.0
delay6,Mar2015,400.0,2,1500.0,96.33333333333333,True,0.6475388566003515,0.0,2.9569491744041443e-06,40.05106864918573,1.6013965039773261,1116.9839076122962,1500.0,0,0,0,0.0,26.284031870534342,1.6245142839105626,1116.9839076122962,1301.679950211266,0,0,0,0.0,10.406858912074824,1.645397480250546,1119.5473734739812,1500.0,0,0,0,0.0,39.79172241719857,1.4143378707963616,1117.7092951472314,1500.0,0,0,0,0.0,26.035676139594628,1.3933953304730082,1117.7092951472314,1302.402431592868,0,0,0,0.0,10.390789206324449,1.6151644713572582,1119.5473987817893,1500.0,0,0,0,0.0
delay6,Mar2015,550.0,0,1500.0,96.75,True,-1.5492461384209577,0.0,0.0017684344202280045,3.2592480983905485,0.6418907110547921,1137.8153507399913,1500.0,0,0,0,0.0,2.144092109542965,0.6039430380466259,1138.3914523272988,1188.8903392596349,0,0,0,0.0,0.8650263236229327,0.7789502845246784,1137.8153507399913,1500.0,0,0,0,0.0,3.3097418736964226,0.6095130704507383,1137.8137817531579,1500.0,0,0,0,0.0,2.1880978824987856,0.558965900977334,1137.8413957669807,1221.3345457762273,0,0,0,0.0,0.8674259853205357,0.7541269974008139,1137.8137817531579,1500.0,0,0,0,0.0
delay6,Mar2015,550.0,1,1500.0,96.75,True,-1.5186219123914468,0.0,0.0018482105806469917,3.256345404492873,0.632253447909075,1137.9326962208365,1500.0,0,0,0,0.0,2.1380646326854613,0.6642387473224728,1137.9326962208365,1189.045679266678,0,0,0,0.0,0.8601428649129983,0.6132272353423943,1138.8502282718111,1500.0,0,0,0,0.0,3.3057969793486537,0.6122483692322461,1138.0479742194668,1500.0,0,0,0,0.0,2.1829897278886854,0.6531434914263401,1138.0479742194668,1221.949887887449,0,0,0,0.0,0.8630388631943875,0.5946754553310415,1138.8622968566522,1500.0,0,0,0,0.0
delay6,Mar2015,550.0,2,1500.0,96.75,True,-1.5391950494483353,0.0,0.0006282785907387733,3.2608130765786503,0.6066885958876295,1138.45684885204,1500.0,0,0,0,0.0,2.1406243930392916,0.5990366885157367,1138.45684885204,1189.2176092110203,0,0,0,0.0,0.866855528521695,0.690424510437071,1138.951041246825,1500.0,0,0,0,0.0,3.311003350025113,0.566629171510651,1138.48099373626,1500.0,0,0,0,0.0,2.1865717945377985,0.5616281171251537,1138.48099373626,1223.2306229553699,0,0,0,0.0,0.868583427296119,0.6729839369789661,1138.9478017066956,1500.0,0,0,0,0.0
delay6,May2024,400.0,0,1500.0,96.58333333333333,True,8.325180938282877,0.0,0.0001616552472114563,105.15155567385166,2.367675129891723,1102.019185760844,1500.0,0,0,0,0.0,72.98945751048056,2.484048492790168,1102.019185760844,1456.2809390820403,0,0,0,0.0,24.655647565534977,2.191082598012882,1120.707717910584,1500.0,0,0,0,0.0,96.39749840458425,4.401203755784415,645.837040330187,1500.0,0,0,0,0.0,65.17128108829803,5.18578093868438,645.837040330187,1073.4323503532314,0,0,0,0.0,24.33561231076034,2.2767407130911015,752.3274261264067,1500.0,0,0,0,0.0
delay6,May2024,400.0,1,1500.0,96.58333333333333,True,8.196691853401626,0.0,0.00019701942801475525,105.12155289030005,2.367025331581505,1102.0399390759899,1500.0,0,0,0,0.0,73.00428615299299,2.423166273874802,1102.0399390759899,1453.5310343376195,0,0,0,0.0,24.609327517533615,2.445967129303599,1120.277449854316,1500.0,0,0,0,0.0,96.50506312837155,4.417850019210087,645.8373641418156,1500.0,0,0,0,0.0,65.32635564371556,5.170541115483499,645.8373641418156,1050.7772097346192,0,0,0,0.0,24.289392342619536,2.5713046456300823,729.0169145974563,1500.0,0,0,0,0.0
delay6,May2024,400.0,2,1500.0,96.58333333333333,True,8.337804644231865,0.0,0.00013064220547676086,105.12393180529098,2.4357608983099888,1100.5003188986468,1500.0,0,0,0,0.0,72.96641001518388,2.5030644492573497,1100.5003188986468,1455.30263993087,0,0,0,0.0,24.64270374438989,2.4844484325036844,1120.2284815702108,1500.0,0,0,0,0.0,96.35890373703029,4.386335759610631,656.3879572082436,1500.0,0,0,0,0.0,65.17433966991561,5.1245814190392,656.3879572082436,1087.4393222954602,0,0,0,0.0,24.287782743275983,2.5771047036845816,764.9692673265859,1500.0,0,0,0,0.0
delay6,May2024,550.0,0,1500.0,97.0,True,-0.47326578399426933,0.0,0.00029831845313310623,12.516046854138587,0.9576790643035428,1146.660725580407,1500.0,0,0,0,0.0,8.662459206950931,0.9643951614330717,1146.660725580407,1235.9972500287718,0,0,0,0.0,3.0469783973547226,0.9949625936458317,1157.598920602545,1500.0,0,0,0,0.0,12.575281021407916,0.945911700554278,1146.5508529471003,1500.0,0,0,0,0.0,8.733911195401348,0.9742191032800418,1146.5508529471003,1236.0355627677948,0,0,0,0.0,3.045139522128295,0.9547712277218151,1156.3991098311187,1500.0,0,0,0,0.0
delay6,May2024,550.0,1,1500.0,97.0,True,-0.5603145818539756,0.0,0.0003046933561563492,12.522304215177861,0.8700964887006543,1146.9845676003615,1500.0,0,0,0,0.0,8.661405007618425,0.9018822717832066,1146.9845676003615,1236.039937431222,0,0,0,0.0,3.0525469593731813,0.8897149114183569,1157.5035347547948,1500.0,0,0,0,0.0,12.592468511679618,0.8683912218277156,1146.6831620271591,1500.0,0,0,0,0.0,8.74125085454639,0.9009719635961707,1146.6831620271591,1236.0601453819954,0,0,0,0.0,3.0497954741922673,0.895496363587006,1157.2336160992502,1500.0,0,0,0,0.0
delay6,May2024,550.0,2,1500.0,97.0,True,-0.4563084916682291,0.0,0.0005230093374848366,12.537857102949397,0.905641241708691,1147.731806926049,1500.0,0,0,0,0.0,8.65219224343809,0.9189094421931434,1147.731806926049,1238.4370014778776,0,0,0,0.0,3.075288664879663,0.9867191904121807,1157.1246998196104,1500.0,0,0,0,0.0,12.595068409583384,0.9052810842386667,1147.0387876948075,1500.0,0,0,0,0.0,8.725660491212038,0.9285542719623223,1147.0387876948075,1237.2852748773203,0,0,0,0.0,3.070396398574742,0.9796902032420334,1156.1782508324723,1500.0,0,0,0,0.0
delay12,Feb2022,400.0,0,1500.0,96.16666666666667,True,-0.7285748758882586,0.0,4.215352237224579e-05,27.496001157530863,1.2257506286891582,1126.655977809848,1500.0,0,0,0,0.0,17.98837331557321,1.2290381433099438,1132.782434566555,1211.6639387400019,0,0,0,0.0,6.973876429523251,1.3035150264689033,1126.655977809848,1500.0,0,0,0,0.0,27.696330113838577,1.157487835922027,1126.663959830051,1500.0,0,0,0,0.0,18.11462317223406,1.1600054665036201,1129.3666172076632,1210.5961257825725,0,0,0,0.0,7.003445473225707,1.2026863196212214,1126.663959830051,1500.0,0,0,0,0.0
delay12,Feb2022,400.0,1,1500.0,96.16666666666667,True,-0.7236792388390079,0.0,3.845337778329849e-05,27.502193641255673,1.2536243753406642,1126.1780594434952,1500.0,0,0,0,0.0,18.002536702341366,1.2805190466848269,1130.4833577394284,1210.384236477752,0,0,0,0.0,6.9633549436159825,1.3186953643074972,1126.1780594434952,1500.0,0,0,0,0.0,27.70122130686274,1.1466909024338285,1126.1784657129963,1500.0,0,0,0,0.0,18.111382764802833,1.1220969961224705,1129.8378830755148,1210.4677574081784,0,0,0,0.0,7.003520074745229,1.3497974210662362,1126.1784657129963,1500.0,0,0,0,0.0
delay12,Feb2022,400.0,2,1500.0,96.16666666666667,True,-0.7567010723103001,0.0,2.278946340084076e-06,27.502173868521858,1.250789208773457,1126.6971632814732,1500.0,0,0,0,0.0,17.97990982669584,1.2837500956035257,1131.6059421460955,1215.3963982686182,0,0,0,0.0,6.9857350517822425,1.2342640523386432,1126.6971632814732,1500.0,0,0,0,0.0,27.710283113093606,1.1071210906023599,1126.697344693069,1500.0,0,0,0,0.0,18.115709992760298,1.1200107780299586,1129.130145118421,1212.8789496594204,0,0,0,0.0,7.01227096721011,1.167510756591744,1126.697344693069,1500.0,0,0,0,0.0
delay12,Feb2022,550.0,0,1500.0,96.58333333333333,True,-1.3169756988929966,0.0,0.0054784612730145454,2.121692000436499,0.5645448701243648,1138.7956100814893,1500.0,0,0,0,0.0,1.3875150489708028,0.5656407063889904,1139.4018080979165,1247.8528084820448,0,0,0,0.0,0.5518639978096262,0.581013665312888,1138.7956100814893,1500.0,0,0,0,0.0,2.1496341684876046,0.5585753383975274,1138.7762735914305,1500.0,0,0,0,0.0,1.4096467256338936,0.5463615558709644,1139.2686798824302,1311.7187929478998,0,0,0,0.0,0.5542512635299623,0.5814228824066283,1138.7762735914305,1500.0,0,0,0,0.0
delay12,Feb2022,550.0,1,1500.0,96.58333333333333,True,-1.3381473096887435,0.0,0.002868679352104664,2.1209559413559447,0.5380606182346221,1138.8861653108215,1500.0,0,0,0,0.0,1.3819075082125716,0.5807192091758844,1139.2746737684242,1247.7884152512686,0,0,0,0.0,0.5500584152333383,0.4836936914195375,1138.8861653108215,1500.0,0,0,0,0.0,2.149337456224883,0.5380464625679463,1138.8517440228818,1500.0,0,0,0,0.0,1.40621207112651,0.5834829555475008,1138.8517440228818,1309.9293538370237,0,0,0,0.0,0.5520803656703499,0.4697727507356822,1138.8768127580238,1500.0,0,0,0,0.0
delay12,Feb2022,550.0,2,1500.0,96.58333333333333,True,-1.2584254026147212,0.0,0.01543741300702095,2.1215736730310115,0.4860346881227675,1138.9775300738606,1500.0,0,0,0,0.0,1.3829356683949179,0.4778122373834178,1138.9775300738606,1247.3510181002528,0,0,0,0.0,0.5535707363754203,0.5222118290654642,1139.0677230753286,1500.0,0,0,0,0.0,2.14827209506762,0.45709504868671186,1138.890575778508,1500.0,0,0,0,0.0,1.405835524883068,0.45155375714056056,1138.890575778508,1311.1760133151329,0,0,0,0.0,0.5550861922340964,0.49313785721970493,1139.066770333518,1500.0,0,0,0,0.0
delay12,Mar2015,400.0,0,1500.0,96.33333333333333,True,0.6522962050534958,0.0,1.8170103430747986e-06,39.35541117334605,1.5289145744768762,1117.5857176624536,1500.0,0,0,0,0.0,26.291822969535634,1.5330331674251594,1117.5857176624536,1301.1745792910856,0,0,0,0.0,9.709891453832459,1.5903251917053125,1119.9820856314263,1500.0,0,0,0,0.0,39.09869731977911,1.3489967696430492,1117.5971698908495,1500.0,0,0,0,0.0,26.05356147435958,1.3340838902397105,1117.5971698908495,1300.7318006368696,0,0,0,0.0,9.68885869031288,1.4597408207989475,1119.9873746918065,1500.0,0,0,0,0.0
delay12,Mar2015,400.0,1,1500.0,96.33333333333333,True,0.7104382946983766,0.0,5.932524800300598e-07,39.36248861976649,1.5697619104340654,1119.257698816919,1500.0,0,0,0,0.0,26.318485530553822,1.5936763948714603,1119.257698816919,1299.1800459199806,0,0,0,0.0,9.684834465155369,1.6718851181641963,1122.8712363896148,1500.0,0,0,0,0.0,39.082842426865376,1.3405111494640871,1118.370682681025,1500.0,0,0,0,0.0,26.056001756824077,1.2982866745013044,1118.370682681025,1300.21201438205,0,0,0,0.0,9.665540732732563,1.6362901597257575,1122.883702807098,1500.0,0,0,0,0.0
delay12,Mar2015,400.0,2,1500.0,96.33333333333333,True,0.6996181757292387,0.0,2.8060749173164368e-06,39.386341643313116,1.592038519781193,1116.9839076122962,1500.0,0,0,0,0.0,26.284031870534342,1.6245142839105626,1116.9839076122962,1301.679950211266,0,0,0,0.0,9.74213190620221,1.6044585232556305,1119.5968226232533,1500.0,0,0,0,0.0,39.110787638421684,1.3849585925125822,1117.7092951472314,1500.0,0,0,0,0.0,26.035676139594628,1.3933953304730082,1117.7092951472314,1302.402431592868,0,0,0,0.0,9.709854427547562,1.497535793214029,1119.6013583227673,1500.0,0,0,0,0.0
delay12,Mar2015,550.0,0,1500.0,96.75,True,-1.6323859252119552,0.0,0.0027085095643997192,3.194312609814947,0.6342692035993593,1137.7805444713988,1500.0,0,0,0,0.0,2.144092109542965,0.6039430380466259,1138.3914523272988,1188.8903392596349,0,0,0,0.0,0.8000908350473313,0.7510172692211246,1137.7805444713988,1500.0,0,0,0,0.0,3.246456119264837,0.6056992170713851,1137.7720053508308,1500.0,0,0,0,0.0,2.1880978824987856,0.558965900977334,1137.8413957669807,1221.3345457762273,0,0,0,0.0,0.80414023088895,0.7405019881078753,1137.7720053508308,1500.0,0,0,0,0.0
delay12,Mar2015,550.0,1,1500.0,96.75,True,-1.6114091834676505,0.0,0.003253924660384655,3.191440885058532,0.6305703241357854,1137.9326962208365,1500.0,0,0,0,0.0,2.1380646326854613,0.6642387473224728,1137.9326962208365,1189.045679266678,0,0,0,0.0,0.7952383454786571,0.605564508191943,1138.8837459722072,1500.0,0,0,0,0.0,3.2428680565653063,0.610065807964348,1138.0479742194668,1500.0,0,0,0,0.0,2.1829897278886854,0.6531434914263401,1138.0479742194668,1221.949887887449,0,0,0,0.0,0.8001099404110401,0.5847365671449691,1138.8932002709112,1500.0,0,0,0,0.0
delay12,Mar2015,550.0,2,1500.0,96.75,True,-1.6223803590917316,0.0,0.001320444978773594,3.195930300828853,0.604624252803144,1138.45684885204,1500.0,0,0,0,0.0,2.1406243930392916,0.5990366885157367,1138.45684885204,1189.2176092110203,0,0,0,0.0,0.8019727527718978,0.6824211838909936,1138.9436674567194,1500.0,0,0,0,0.0,3.2477804463197617,0.5596731092411443,1138.48099373626,1500.0,0,0,0,0.0,2.1865717945377985,0.5616281171251537,1138.48099373626,1223.2306229553699,0,0,0,0.0,0.8053605235907679,0.6469022301043844,1138.9653306652767,1500.0,0,0,0,0.0
delay12,May2024,400.0,0,1500.0,96.58333333333333,True,8.721110023842893,0.0,0.00016709696501493454,103.76096195256524,2.357062293732184,1102.019185760844,1500.0,0,0,0,0.0,72.98945751048056,2.484048492790168,1102.019185760844,1456.2809390820403,0,0,0,0.0,23.265053844248555,2.1399449688944183,1125.1775459336213,1500.0,0,0,0,0.0,94.71185429888426,4.402836058043952,645.837040330187,1500.0,0,0,0,0.0,65.17128108829803,5.18578093868438,645.837040330187,1073.4323503532314,0,0,0,0.0,22.649968205060347,2.290638253064338,752.3274261264067,1500.0,0,0,0,0.0
delay12,May2024,400.0,1,1500.0,96.58333333333333,True,8.645629273353117,0.0,0.00020506419241428375,103.7364251648345,2.3569316575152537,1102.0399390759899,1500.0,0,0,0,0.0,73.00428615299299,2.423166273874802,1102.0399390759899,1453.5310343376195,0,0,0,0.0,23.224199792068063,2.402529056075217,1122.444808698688,1500.0,0,0,0,0.0,94.76775842365352,4.420170557031849,645.8373641418156,1500.0,0,0,0,0.0,65.32635564371556,5.170541115483499,645.8373641418156,1050.7772097346192,0,0,0,0.0,22.552087637901508,2.588859713970795,729.0169145974563,1500.0,0,0,0,0.0
delay12,May2024,400.0,2,1500.0,96.58333333333333,True,8.745941177628085,0.0,0.00013522803783416748,103.73772467338557,2.41717385122557,1100.5003188986468,1500.0,0,0,0,0.0,72.96641001518388,2.5030644492573497,1100.5003188986468,1455.30263993087,0,0,0,0.0,23.256496612484483,2.4029289572355217,1126.8307809317216,1500.0,0,0,0,0.0,94.66488429444149,4.37374930213672,656.3879572082436,1500.0,0,0,0,0.0,65.17433966991561,5.1245814190392,656.3879572082436,1087.4393222954602,0,0,0,0.0,22.593763300687186,2.480818965389786,764.9692673265859,1500.0,0,0,0,0.0
delay12,May2024,550.0,0,1500.0,97.0,True,-0.5409912195491708,0.0,0.0018833726644515991,12.288119016208194,0.9517365304998642,1146.660725580407,1500.0,0,0,0,0.0,8.662459206950931,0.9643951614330717,1146.660725580407,1235.9972500287718,0,0,0,0.0,2.81905055942433,0.9697827900445635,1157.598920602545,1500.0,0,0,0,0.0,12.354596661133632,0.9403599248767991,1146.5508529471003,1500.0,0,0,0,0.0,8.733911195401348,0.9742191032800418,1146.5508529471003,1236.0355627677948,0,0,0,0.0,2.8244551618540115,0.9305533262878856,1156.3991098311187,1500.0,0,0,0,0.0
delay12,May2024,550.0,1,1500.0,97.0,True,-0.6270977428178816,0.0,0.0015861298888921738,12.294232856446092,0.8676197420120881,1146.9845676003615,1500.0,0,0,0,0.0,8.661405007618425,0.9018822717832066,1146.9845676003615,1236.039937431222,0,0,0,0.0,2.824475600641412,0.8791061904392451,1157.5035347547948,1500.0,0,0,0,0.0,12.37132971318564,0.8673199916572101,1146.6831620271591,1500.0,0,0,0,0.0,8.74125085454639,0.9009719635961707,1146.6831620271591,1236.0601453819954,0,0,0,0.0,2.828656675698289,0.8909584657445999,1157.2336160992502,1500.0,0,0,0,0.0
delay12,May2024,550.0,2,1500.0,97.0,True,-0.5282842285091496,0.0,0.0013226000592112541,12.309850602069268,0.9010512842620557,1147.731806926049,1500.0,0,0,0,0.0,8.65219224343809,0.9189094421931434,1147.731806926049,1238.4370014778776,0,0,0,0.0,2.847282163999534,0.9682245826363953,1157.1246998196104,1500.0,0,0,0,0.0,12.374881601353039,0.8959413134280889,1147.0387876948075,1500.0,0,0,0,0.0,8.725660491212038,0.9285542719623223,1147.0387876948075,1237.2852748773203,0,0,0,0.0,2.850209590344397,0.9415118667662967,1156.1782508324723,1500.0,0,0,0,0.0
delay24,Feb2022,400.0,0,1500.0,96.16666666666667,True,-0.8917602947999387,0.0,0.3613051734864712,26.53798563264891,1.2094453378642946,1130.0517890027788,1500.0,0,0,0,0.0,17.98837331557321,1.2290381433099438,1132.782434566555,1211.6639387400019,0,0,0,0.0,6.015860904641297,1.2334627095525117,1130.0517890027788,1500.0,0,0,0,0.0,26.774640851560584,1.1180443736513355,1128.9255849547421,1500.0,0,0,0,0.0,18.11462317223406,1.1600054665036201,1129.3666172076632,1210.5961257825725,0,0,0,0.0,6.081756210947713,1.0221173956034695,1128.9255849547421,1500.0,0,0,0,0.0
delay24,Feb2022,400.0,1,1500.0,96.16666666666667,False,-0.8924812405651685,0.0,1.160038678906858,26.541050204583463,1.2340153692798352,1129.6148649492332,1500.0,0,0,0,0.0,18.002536702341366,1.2805190466848269,1130.4833577394284,1210.384236477752,0,0,0,0.0,6.002211506943773,1.2331359506709514,1129.6148649492332,1500.0,0,0,0,0.0,26.777924098708354,1.0982775094227761,1128.7966063447857,1500.0,0,0,0,0.0,18.111382764802833,1.1220969961224705,1129.8378830755148,1210.4677574081784,0,0,0,0.0,6.080222866590841,1.1556327811997311,1128.7966063447857,1500.0,0,0,0,0.0
delay24,Feb2022,400.0,2,1500.0,96.16666666666667,True,-0.8925374217303157,0.0,0.1847829855978489,26.542723764914882,1.2351267133018287,1129.9992660616144,1500.0,0,0,0,0.0,17.97990982669584,1.2837500956035257,1131.6059421460955,1215.3963982686182,0,0,0,0.0,6.026284948175267,1.1615236398493192,1129.9992660616144,1500.0,0,0,0,0.0,26.779627507263253,1.0745805048384924,1127.8062494674825,1500.0,0,0,0,0.0,18.115709992760298,1.1200107780299586,1129.130145118421,1212.8789496594204,0,0,0,0.0,6.0816153613797574,1.022410238559906,1127.8062494674825,1500.0,0,0,0,0.0
delay24,Feb2022,550.0,0,1500.0,96.58333333333333,True,-1.6275983551990318,0.0,0.0035771848633885384,2.0383332942995813,0.5596520500934963,1139.182255511157,1500.0,0,0,0,0.0,1.3875150489708028,0.5656407063889904,1139.4018080979165,1247.8528084820448,0,0,0,0.0,0.4685052916727084,0.5597155353019608,1139.182255511157,1500.0,0,0,0,0.0,2.0715091734710755,0.5507299268756338,1139.2686798824302,1500.0,0,0,0,0.0,1.4096467256338936,0.5463615558709644,1139.2686798824302,1311.7187929478998,0,0,0,0.0,0.4761262685134333,0.547368297118403,1139.2883260906392,1500.0,0,0,0,0.0
delay24,Feb2022,550.0,1,1500.0,96.58333333333333,True,-1.657237359860111,0.0,0.010118064470589161,2.037101919530248,0.5335017428446488,1139.1750347814293,1500.0,0,0,0,0.0,1.3819075082125716,0.5807192091758844,1139.2746737684242,1247.7884152512686,0,0,0,0.0,0.46620439340764186,0.4608495021908636,1139.1750347814293,1500.0,0,0,0,0.0,2.070861533599131,0.5331330153741454,1138.8517440228818,1500.0,0,0,0,0.0,1.40621207112651,0.5834829555475008,1138.8517440228818,1309.9293538370237,0,0,0,0.0,0.47360444304459803,0.4443413351342614,1139.207796707293,1500.0,0,0,0,0.0
delay24,Feb2022,550.0,2,1500.0,96.58333333333333,True,-1.552248236071917,0.0,0.007449217140674591,2.0387598683332695,0.4804287450789527,1138.9775300738606,1500.0,0,0,0,0.0,1.3829356683949179,0.4778122373834178,1138.9775300738606,1247.3510181002528,0,0,0,0.0,0.4707569316776783,0.4987729278098142,1139.324207042417,1500.0,0,0,0,0.0,2.070406482427215,0.4464006636824822,1138.890575778508,1500.0,0,0,0,0.0,1.405835524883068,0.45155375714056056,1138.890575778508,1311.1760133151329,0,0,0,0.0,0.47722057959369124,0.4477799923077849,1139.3409748369802,1500.0,0,0,0,0.0
delay24,Mar2015,400.0,0,1500.0,96.33333333333333,True,0.6750742817759092,0.0,0.02656604442745447,38.075623913982035,1.5092194589557115,1117.5857176624536,1500.0,0,0,0,0.0,26.291822969535634,1.5330331674251594,1117.5857176624536,1301.1745792910856,0,0,0,0.0,8.430104194468445,1.5042404330739245,1124.8584863453461,1500.0,0,0,0,0.0,37.818585169313025,1.284244158020803,1117.5971698908495,1500.0,0,0,0,0.0,26.05356147435958,1.3340838902397105,1117.5971698908495,1300.7318006368696,0,0,0,0.0,8.408746539846792,1.171207429066428,1124.0768211608713,1500.0,0,0,0,0.0
delay24,Mar2015,400.0,1,1500.0,96.33333333333333,True,0.7425857405314811,0.0,0.015374120324850082,38.08504766699693,1.5418726522001425,1119.257698816919,1500.0,0,0,0,0.0,26.318485530553822,1.5936763948714603,1119.257698816919,1299.1800459199806,0,0,0,0.0,8.40739351238581,1.5520455149664076,1125.0605037639639,1500.0,0,0,0,0.0,37.80223353374719,1.2503779334408007,1118.370682681025,1500.0,0,0,0,0.0,26.056001756824077,1.2982866745013044,1118.370682681025,1300.21201438205,0,0,0,0.0,8.384931839614378,1.279757263916434,1123.9392862963232,1500.0,0,0,0,0.0
delay24,Mar2015,400.0,2,1500.0,96.33333333333333,True,0.7160992214362474,0.0,0.06429420877248049,38.09962014357879,1.5695379084479961,1116.9839076122962,1500.0,0,0,0,0.0,26.284031870534342,1.6245142839105626,1116.9839076122962,1301.679950211266,0,0,0,0.0,8.455410406467884,1.5025243889436646,1122.3637064759957,1500.0,0,0,0,0.0,37.826789060360454,1.3434271965075908,1117.7092951472314,1500.0,0,0,0,0.0,26.035676139594628,1.3933953304730082,1117.7092951472314,1302.402431592868,0,0,0,0.0,8.425855849486332,1.3183833968988932,1122.4608620765587,1500.0,0,0,0,0.0
delay24,Mar2015,550.0,0,1500.0,96.75,True,-2.0339618374247705,0.0,0.017835255712270737,3.0736895994847973,0.6278969051421781,1138.2816925183756,1500.0,0,0,0,0.0,2.144092109542965,0.6039430380466259,1138.3914523272988,1188.8903392596349,0,0,0,0.0,0.6794678247171815,0.7271086076116391,1138.2816925183756,1500.0,0,0,0,0.0,3.1362072729392123,0.5939159500062792,1137.8413957669807,1500.0,0,0,0,0.0,2.1880978824987856,0.558965900977334,1137.8413957669807,1221.3345457762273,0,0,0,0.0,0.6938913845633254,0.6973042130127871,1138.3918471151717,1500.0,0,0,0,0.0
delay24,Mar2015,550.0,1,1500.0,96.75,True,-2.039533510233025,0.0,0.036244780756533146,3.070503694244877,0.6254553995921427,1137.9326962208365,1500.0,0,0,0,0.0,2.1380646326854613,0.6642387473224728,1137.9326962208365,1189.045679266678,0,0,0,0.0,0.6743011546650024,0.5817900066837891,1139.255173333013,1500.0,0,0,0,0.0,3.1331276460219444,0.6041703153569856,1138.0479742194668,1500.0,0,0,0,0.0,2.1829897278886854,0.6531434914263401,1138.0479742194668,1221.949887887449,0,0,0,0.0,0.6903695298676782,0.5571918426688706,1138.9253881554957,1500.0,0,0,0,0.0
delay24,Mar2015,550.0,2,1500.0,96.75,True,-2.0225125416251264,0.0,0.012656227685511112,3.0756328866016736,0.5951958852911174,1138.45684885204,1500.0,0,0,0,0.0,2.1406243930392916,0.5990366885157367,1138.45684885204,1189.2176092110203,0,0,0,0.0,0.6816753385447183,0.6449751258505094,1139.2720201197908,1500.0,0,0,0,0.0,3.1378379474675393,0.5452901645788947,1138.48099373626,1500.0,0,0,0,0.0,2.1865717945377985,0.5616281171251537,1138.48099373626,1223.2306229553699,0,0,0,0.0,0.6954180247385455,0.5904669859729913,1138.9306576079266,1500.0,0,0,0,0.0
delay24,May2024,400.0,0,1500.0,96.58333333333333,False,9.840682938332034,21.73679858723426,0.08998251240700483,100.91201062463676,2.3327310527006904,1102.019185760844,1500.0,0,0,0,0.0,72.98945751048056,2.484048492790168,1102.019185760844,1456.2809390820403,0,0,0,0.0,20.41610251632008,2.018750371277828,1128.8056895373982,1500.0,0,0,0,0.0,90.98157961237033,4.416154940561295,645.837040330187,1478.2632014127657,0,0,0,0.0,65.17128108829803,5.18578093868438,645.837040330187,1073.4323503532314,0,0,0,0.0,18.91969351854641,2.4012152133515303,752.3274261264067,1478.2632014127657,0,0,0,0.0
delay24,May2024,400.0,1,1500.0,96.58333333333333,False,9.751161925273042,35.08299368577582,0.11157454550266266,100.90162540526322,2.3164741714548875,1102.0399390759899,1500.0,0,0,0,0.0,73.00428615299299,2.423166273874802,1102.0399390759899,1453.5310343376195,0,0,0,0.0,20.38940003249678,2.2219393582563436,1124.2821284320032,1500.0,0,0,0,0.0,91.06254452676356,4.406401321285741,645.8373641418156,1464.9170063142242,0,0,0,0.0,65.32635564371556,5.170541115483499,645.8373641418156,1050.7772097346192,0,0,0,0.0,18.84687374101155,2.4830183336298215,729.0169145974563,1464.9170063142242,0,0,0,0.0
delay24,May2024,400.0,2,1500.0,96.58333333333333,False,9.8702807471778,43.263678772892035,0.043577034026384354,100.8869452463023,2.374350794674364,1100.5003188986468,1500.0,0,0,0,0.0,72.96641001518388,2.5030644492573497,1100.5003188986468,1455.30263993087,0,0,0,0.0,20.405717185401215,2.206300931311929,1126.8307809317216,1500.0,0,0,0,0.0,90.92912051324072,4.402798142848936,656.3879572082436,1456.736321227108,0,0,0,0.0,65.17433966991561,5.1245814190392,656.3879572082436,1087.4393222954602,0,0,0,0.0,18.857999519486413,2.698250808758335,764.9692673265859,1456.736321227108,0,0,0,0.0
delay24,May2024,550.0,0,1500.0,97.0,True,-0.6328483173840198,0.0,0.06563910003751516,11.805076393924862,0.9396214100843472,1146.660725580407,1500.0,0,0,0,0.0,8.662459206950931,0.9643951614330717,1146.660725580407,1235.9972500287718,0,0,0,0.0,2.336007937140998,0.9168279514493883,1157.598920602545,1500.0,0,0,0,0.0,11.879784621249714,0.927454885791757,1146.5508529471003,1500.0,0,0,0,0.0,8.733911195401348,0.9742191032800418,1146.5508529471003,1236.0355627677948,0,0,0,0.0,2.349643121970093,0.8722586085534196,1156.3991098311187,1500.0,0,0,0,0.0
delay24,May2024,550.0,1,1500.0,97.0,True,-0.7429870114186994,0.0,0.0026560453698039055,11.81180054431094,0.8542478288034466,1146.9845676003615,1500.0,0,0,0,0.0,8.661405007618425,0.9018822717832066,1146.9845676003615,1236.039937431222,0,0,0,0.0,2.342043288506259,0.8200244876080135,1157.5035347547948,1500.0,0,0,0,0.0,11.899560688169853,0.8524763491209925,1146.6831620271591,1500.0,0,0,0,0.0,8.74125085454639,0.9009719635961707,1146.6831620271591,1236.0601453819954,0,0,0,0.0,2.356887650682502,0.8261384412126132,1157.2336160992502,1500.0,0,0,0,0.0
delay24,May2024,550.0,2,1500.0,97.0,True,-0.6341141159785519,0.0,0.048264713026583195,11.82855165356085,0.88909735826974,1147.731806926049,1500.0,0,0,0,0.0,8.65219224343809,0.9189094421931434,1147.731806926049,1238.4370014778776,0,0,0,0.0,2.3659832154911165,0.9187806459049073,1157.1246998196104,1500.0,0,0,0,0.0,11.903558169311895,0.8971214231153173,1147.0387876948075,1500.0,0,0,0,0.0,8.725660491212038,0.9285542719623223,1147.0387876948075,1237.2852748773203,0,0,0,0.0,2.378886158303253,0.946398648528432,1156.1782508324723,1500.0,0,0,0,0.0
area8,Feb2022,400.0,0,1500.0,96.16666666666667,True,-0.6368480844965537,0.0,4.153698682785034e-07,26.899660273698878,1.2146646292430376,1129.1873382625106,1500.0,0,0,0,0.0,17.98837331557321,1.2290381433099438,1132.782434566555,1211.6639387400019,0,0,0,0.0,6.377535545691266,1.2562083714895151,1129.1873382625106,1500.0,0,0,0,0.0,27.07097024488801,1.1702088317791373,1129.1873587758346,1500.0,0,0,0,0.0,18.11462317223406,1.1600054665036201,1129.3666172076632,1210.5961257825725,0,0,0,0.0,6.378085604275139,1.2565776668426047,1129.1873587758346,1500.0,0,0,0,0.0
area8,Feb2022,400.0,1,1500.0,96.16666666666667,True,-0.6267663538213536,0.0,1.4156103134155273e-06,26.907711378991433,1.2409367725999565,1128.7357869121813,1500.0,0,0,0,0.0,18.002536702341366,1.2805190466848269,1130.4833577394284,1210.384236477752,0,0,0,0.0,6.368872681351743,1.263841930593137,1128.7357869121813,1500.0,0,0,0,0.0,27.07635986049831,1.1238380000645338,1128.7357899217195,1500.0,0,0,0,0.0,18.111382764802833,1.1220969961224705,1129.8378830755148,1210.4677574081784,0,0,0,0.0,6.378658628380798,1.2608365326660143,1128.7357899217195,1500.0,0,0,0,0.0
area8,Feb2022,400.0,2,1500.0,96.16666666666667,True,-0.6638307255932611,0.0,1.1157244443893433e-06,26.905470220636037,1.2415637810937,1129.1485808751988,1500.0,0,0,0,0.0,17.97990982669584,1.2837500956035257,1131.6059421460955,1215.3963982686182,0,0,0,0.0,6.389031403896421,1.1918448534557684,1129.1485808751988,1500.0,0,0,0,0.0,27.084076998825964,1.113746854711567,1129.130145118421,1500.0,0,0,0,0.0,18.115709992760298,1.1200107780299586,1129.130145118421,1212.8789496594204,0,0,0,0.0,6.386064852942468,1.1953842229315481,1129.1485843586581,1500.0,0,0,0,0.0
area8,Feb2022,550.0,0,1500.0,96.58333333333333,True,-1.2139239382759084,0.0,0.005115428939461708,2.0841011058936787,0.5630355582529122,1139.0620812329212,1500.0,0,0,0,0.0,1.3875150489708028,0.5656407063889904,1139.4018080979165,1247.8528084820448,0,0,0,0.0,0.5142731032668058,0.5745083147355289,1139.0620812329212,1500.0,0,0,0,0.0,2.109400508115995,0.5574036261962042,1139.0543662085724,1500.0,0,0,0,0.0,1.4096467256338936,0.5463615558709644,1139.2686798824302,1311.7187929478998,0,0,0,0.0,0.5140176031583528,0.576434678194306,1139.0543662085724,1500.0,0,0,0,0.0
area8,Feb2022,550.0,1,1500.0,96.58333333333333,True,-1.2387841978284584,0.0,0.011080017313361168,2.083261503117456,0.5358690051492564,1139.0896275661994,1500.0,0,0,0,0.0,1.3819075082125716,0.5807192091758844,1139.2746737684242,1247.7884152512686,0,0,0,0.0,0.5123639769948496,0.47282521802277916,1139.0896275661994,1500.0,0,0,0,0.0,2.1090686174175186,0.537604681178496,1138.8517440228818,1500.0,0,0,0,0.0,1.40621207112651,0.5834829555475008,1138.8517440228818,1309.9293538370237,0,0,0,0.0,0.5118115268629857,0.4675334120266896,1139.122382646995,1500.0,0,0,0,0.0
area8,Feb2022,550.0,2,1500.0,96.58333333333333,True,-1.179730897176749,0.0,0.0024020886048674583,2.0844040434181683,0.4842383820659782,1138.9775300738606,1500.0,0,0,0,0.0,1.3829356683949179,0.4778122373834178,1138.9775300738606,1247.3510181002528,0,0,0,0.0,0.5164011067625771,0.5147881710807511,1139.238909179084,1500.0,0,0,0,0.0,2.108994401940374,0.46486871168800564,1138.890575778508,1500.0,0,0,0,0.0,1.405835524883068,0.45155375714056056,1138.890575778508,1311.1760133151329,0,0,0,0.0,0.5158084991068503,0.5242531620521672,1139.233421588633,1500.0,0,0,0,0.0
area8,Mar2015,400.0,0,1500.0,96.33333333333333,True,0.6149078162849317,0.0,1.125037670135498e-06,38.49635566388769,1.5138547114754841,1117.5857176624536,1500.0,0,0,0,0.0,26.291822969535634,1.5330331674251594,1117.5857176624536,1301.1745792910856,0,0,0,0.0,8.8508359443741,1.5248359396594393,1123.545173826675,1500.0,0,0,0,0.0,38.2596385639256,1.3651327192754605,1117.5971698908495,1500.0,0,0,0,0.0,26.05356147435958,1.3340838902397105,1117.5971698908495,1300.7318006368696,0,0,0,0.0,8.849799934459366,1.5250643449355072,1123.5451852444294,1500.0,0,0,0,0.0
area8,Mar2015,400.0,1,1500.0,96.33333333333333,True,0.6404320033890507,0.0,1.1175870895385742e-08,38.50726628482504,1.5477358627099547,1119.257698816919,1500.0,0,0,0,0.0,26.318485530553822,1.5936763948714603,1119.257698816919,1299.1800459199806,0,0,0,0.0,8.829612130213924,1.5778131590740125,1123.777102646032,1500.0,0,0,0,0.0,38.26065342790678,1.322969626606904,1118.370682681025,1500.0,0,0,0,0.0,26.056001756824077,1.2982866745013044,1118.370682681025,1300.21201438205,0,0,0,0.0,8.843351733773968,1.5714448030559227,1123.7771118225382,1500.0,0,0,0,0.0
area8,Mar2015,400.0,2,1500.0,96.33333333333333,True,0.6347778541703334,0.0,2.5406479835510254e-06,38.52474887712094,1.5774217622942754,1116.9839076122962,1500.0,0,0,0,0.0,26.284031870534342,1.6245142839105626,1116.9839076122962,1301.679950211266,0,0,0,0.0,8.880539140010036,1.538842349344501,1121.0471818769647,1500.0,0,0,0,0.0,38.280202302874244,1.3952722551557197,1117.7092951472314,1500.0,0,0,0,0.0,26.035676139594628,1.3933953304730082,1117.7092951472314,1302.402431592868,0,0,0,0.0,8.879269092000122,1.5395691888894094,1121.0501849868983,1500.0,0,0,0,0.0
area8,Mar2015,550.0,0,1500.0,96.75,True,-1.5693569736178654,0.0,0.001767435111105442,3.142602777301993,0.6336868257304549,1138.123641105279,1500.0,0,0,0,0.0,2.144092109542965,0.6039430380466259,1138.3914523272988,1188.8903392596349,0,0,0,0.0,0.7483810025343773,0.7488540071775329,1138.123641105279,1500.0,0,0,0,0.0,3.1919214331406907,0.6085247515445652,1137.8413957669807,1500.0,0,0,0,0.0,2.1880978824987856,0.558965900977334,1137.8413957669807,1221.3345457762273,0,0,0,0.0,0.7496055447648038,0.7506117910551184,1138.1182758095522,1500.0,0,0,0,0.0
area8,Mar2015,550.0,1,1500.0,96.75,True,-1.5330753717255778,0.0,0.004276442341506481,3.140159329749348,0.6274121075387407,1137.9326962208365,1500.0,0,0,0,0.0,2.1380646326854613,0.6642387473224728,1137.9326962208365,1189.045679266678,0,0,0,0.0,0.7439567901694732,0.5909749029177305,1139.1007994343584,1500.0,0,0,0,0.0,3.188300339066678,0.6104573185106952,1138.0479742194668,1500.0,0,0,0,0.0,2.1829897278886854,0.6531434914263401,1138.0479742194668,1221.949887887449,0,0,0,0.0,0.745542222912412,0.5865291865582603,1139.1229149129888,1500.0,0,0,0,0.0
area8,Mar2015,550.0,2,1500.0,96.75,True,-1.5603122797392412,0.0,0.003175831399857998,3.144211249242388,0.5995550390719078,1138.45684885204,1500.0,0,0,0,0.0,2.1406243930392916,0.5990366885157367,1138.45684885204,1189.2176092110203,0,0,0,0.0,0.7502537011854327,0.6624779256284657,1139.1621776463885,1500.0,0,0,0,0.0,3.1932707634652595,0.565303618912077,1138.48099373626,1500.0,0,0,0,0.0,2.1865717945377985,0.5616281171251537,1138.48099373626,1223.2306229553699,0,0,0,0.0,0.7508508407362657,0.6680677754526377,1139.151230873074,1500.0,0,0,0,0.0
area8,May2024,400.0,0,1500.0,96.58333333333333,True,8.349345609768546,0.0,7.506553083658218e-05,101.30240643306466,2.3347104761674142,1102.019185760844,1500.0,0,0,0,0.0,72.98945751048056,2.484048492790168,1102.019185760844,1456.2809390820403,0,0,0,0.0,20.806498324747977,2.0288323150478864,1126.9938353738607,1500.0,0,0,0,0.0,92.84431840895569,4.3735467724709425,645.837040330187,1500.0,0,0,0,0.0,65.17128108829803,5.18578093868438,645.837040330187,1073.4323503532314,0,0,0,0.0,20.78243231513177,2.0277152743764053,746.2246073996284,1500.0,0,0,0,0.0
area8,May2024,400.0,1,1500.0,96.58333333333333,True,8.216597659559358,0.0,0.00011809263378381729,101.2817790873811,2.320949623313652,1102.0399390759899,1500.0,0,0,0,0.0,73.00428615299299,2.423166273874802,1102.0399390759899,1453.5310343376195,0,0,0,0.0,20.76955371461466,2.2424732726690952,1122.6501934959836,1500.0,0,0,0,0.0,92.95986279732726,4.3771373918837035,645.8373641418156,1500.0,0,0,0,0.0,65.32635564371556,5.170541115483499,645.8373641418156,1050.7772097346192,0,0,0,0.0,20.74419201157525,2.242775880581991,722.0810246572485,1500.0,0,0,0,0.0
area8,May2024,400.0,2,1500.0,96.58333333333333,True,8.317732997111802,0.0,7.698778063058853e-05,101.28075443636422,2.381084590874698,1100.5003188986468,1500.0,0,0,0,0.0,72.96641001518388,2.5030644492573497,1100.5003188986468,1455.30263993087,0,0,0,0.0,20.79952637546313,2.238125092914359,1125.311828341173,1500.0,0,0,0,0.0,92.85649170488698,4.343832789599826,656.3879572082436,1500.0,0,0,0,0.0,65.17433966991561,5.1245814190392,656.3879572082436,1087.4393222954602,0,0,0,0.0,20.78537071113267,2.2366322738861584,758.6953046469812,1500.0,0,0,0,0.0
area8,May2024,550.0,0,1500.0,97.0,True,-0.560071994220324,0.0,1.2023374438285828e-05,12.09025676629593,0.9462600435333467,1146.660725580407,1500.0,0,0,0,0.0,8.662459206950931,0.9643951614330717,1146.660725580407,1235.9972500287718,0,0,0,0.0,2.621188309512066,0.9461285740351574,1157.1857824301467,1500.0,0,0,0,0.0,12.157970908473281,0.9442760367691236,1146.5508529471003,1500.0,0,0,0,0.0,8.733911195401348,0.9742191032800418,1146.5508529471003,1236.0355627677948,0,0,0,0.0,2.6278294091936605,0.9476857256404263,1157.1832952047869,1500.0,0,0,0,0.0
area8,May2024,550.0,1,1500.0,97.0,True,-0.6450651590685101,0.0,7.799267768859863e-05,12.095812562244578,0.8620491749234604,1146.9845676003615,1500.0,0,0,0,0.0,8.661405007618425,0.9018822717832066,1146.9845676003615,1236.039937431222,0,0,0,0.0,2.6260553064398984,0.8548789749839112,1156.981868675511,1500.0,0,0,0,0.0,12.17383843478985,0.8586509269957822,1146.6831620271591,1500.0,0,0,0,0.0,8.74125085454639,0.9009719635961707,1146.6831620271591,1236.0601453819954,0,0,0,0.0,2.6311653973024995,0.8535632691445121,1156.9847639713505,1500.0,0,0,0,0.0
area8,May2024,550.0,2,1500.0,97.0,True,-0.516876666048298,0.0,4.7245994210243225e-05,12.109845056049007,0.8970688787617662,1147.731806926049,1500.0,0,0,0,0.0,8.65219224343809,0.9189094421931434,1147.731806926049,1238.4370014778776,0,0,0,0.0,2.647276617979273,0.9519651066115421,1156.6331558576494,1500.0,0,0,0,0.0,12.172438019438328,0.8989592373497977,1147.0387876948075,1500.0,0,0,0,0.0,8.725660491212038,0.9285542719623223,1147.0387876948075,1237.2852748773203,0,0,0,0.0,2.647766008429686,0.9539717830681483,1156.6306582450418,1500.0,0,0,0,0.0
area6,Feb2022,400.0,0,1500.0,96.16666666666667,False,-0.6946540669066227,0.0001632896087357949,7.948651909828186e-05,25.365397023510443,4.091782607735107,0.0,112.25080352082932,0,31,218,2544.788286578253,17.98837331557321,1.2290381433099438,1132.782434566555,1211.6639387400019,0,0,0,0.0,4.843272295502832,8.361356074889684,0.0,112.25080352082932,0,31,218,2544.788286578253,25.54159878552127,4.0786811072974745,0.0,112.25096681043806,0,31,218,2542.401280877354,18.11462317223406,1.1600054665036201,1129.3666172076632,1210.5961257825725,0,0,0,0.0,4.848714144908399,8.361137519201765,0.0,112.25096681043806,0,31,218,2542.401280877354
area6,Feb2022,400.0,1,1500.0,96.16666666666667,False,-0.6818325750933578,4.0616837395646144e-05,0.00014297198504209518,25.38210343009146,4.14124637764604,0.0,112.89527869388021,0,32,218,2546.711809406169,18.002536702341366,1.2805190466848269,1130.4833577394284,1210.384236477752,0,0,0,0.0,4.843264732451768,8.453726519898288,0.0,112.89527869388021,0,32,218,2546.711809406169,25.55516687952171,4.107614014930897,0.0,112.89531931071761,0,32,218,2544.3413896944935,18.111382764802833,1.1220969961224705,1129.8378830755148,1210.4677574081784,0,0,0,0.0,4.857465647404197,8.453141007273867,0.0,112.89531931071761,0,32,218,2544.341389694494
area6,Feb2022,400.0,2,1500.0,96.16666666666667,False,-0.7228893854010645,0.00015986929297184815,3.899820148944855e-05,25.377297112242246,3.977726923414327,0.0,112.70629447514798,0,30,218,2543.0334451431763,17.97990982669584,1.2837500956035257,1131.6059421460955,1215.3963982686182,0,0,0,0.0,4.860858295502631,8.08328666389571,0.0,112.70629447514798,0,30,218,2543.0334451431763,25.560746899368336,3.9396181316306462,0.0,112.70645434444096,0,30,218,2541.9767510035276,18.115709992760298,1.1200107780299586,1129.130145118421,1212.8789496594204,0,0,0,0.0,4.86273475348484,8.083623277853366,0.0,112.70645434444096,0,30,218,2541.9767510035276
area6,Feb2022,550.0,0,1500.0,96.58333333333333,False,-1.2741466475064267,0.04796424067501448,0.05999014060944319,1.9709440624088161,0.9432208634781285,0.0,140.80284857539215,0,0,201,1894.6825283236583,1.3875150489708028,0.5656407063889904,1139.4018080979165,1247.8528084820448,0,0,0,0.0,0.4011160597819432,1.6909922234584902,0.0,140.80284857539215,0,0,201,1894.6825283236583,1.996056780104225,0.9000734576286341,0.0,140.75488433471713,0,0,193,1817.6287286313186,1.4096467256338936,0.5463615558709644,1139.2686798824302,1311.7187929478998,0,0,0,0.0,0.4006738751465828,1.5931883092508563,0.0,140.75488433471713,0,0,193,1817.6287286313186
area6,Feb2022,550.0,1,1500.0,96.58333333333333,False,-1.3104576095169087,0.04457165810848096,0.04784584138542414,1.966170555068994,0.8936423646647815,0.0,140.99347713566573,0,0,201,1894.3517536610007,1.3819075082125716,0.5807192091758844,1139.2746737684242,1247.7884152512686,0,0,0,0.0,0.3952730289463877,1.5756182770081606,0.0,140.99347713566573,0,0,201,1894.3517536610004,1.9919363867239765,0.8698247174215822,0.0,140.94890547755725,0,0,193,1819.0542821624033,1.40621207112651,0.5834829555475008,1138.8517440228818,1309.9293538370237,0,0,0,0.0,0.39467929616944364,1.511240548043824,0.0,140.94890547755725,0,0,193,1819.0542821624033
area6,Feb2022,550.0,2,1500.0,96.58333333333333,False,-1.2372976428009501,0.058765641058244,0.06571780983358622,1.9664322463058608,0.7555457525009911,0.0,140.87084874400074,0,0,201,1895.1046546423058,1.3829356683949179,0.4778122373834178,1138.9775300738606,1247.3510181002528,0,0,0,0.0,0.39842930965026957,1.3231414304071722,0.0,140.87084874400074,0,0,201,1895.1046546423058,1.990762866136681,0.7182802976327352,0.0,140.8120831029425,0,0,193,1818.319073881591,1.405835524883068,0.45155375714056056,1138.890575778508,1311.1760133151329,0,0,0,0.0,0.3975769633031574,1.2645739476895428,0.0,140.8120831029425,0,0,193,1818.3190738815915
area6,Mar2015,400.0,0,1500.0,96.33333333333333,False,0.6465254942163383,0.0003015526851868344,0.0002417881041765213,36.34980016161319,5.910891965612474,0.0,109.23758443433731,0,60,219,2663.340908590147,26.291822969535634,1.5330331674251594,1117.5857176624536,1301.1745792910856,0,0,0,0.0,6.7042804420995985,12.151989867483534,0.0,109.23758443433731,0,60,219,2663.340908590147,36.11478943647167,5.874547373474151,0.0,109.2378859870225,0,60,219,2663.8420111225505,26.05356147435958,1.3340838902397105,1117.5971698908495,1300.7318006368696,0,0,0,0.0,6.704950807005435,12.151987711491591,0.0,109.2378859870225,0,60,219,2663.84201112255
area6,Mar2015,400.0,1,1500.0,96.33333333333333,False,0.6897369871205542,1.2027388291262326,0.6474444009363651,36.37085833982842,5.837198638150192,0.0,106.72435846117115,0,61,219,2661.863528895981,26.318485530553822,1.5936763948714603,1119.257698816919,1299.1800459199806,0,0,0,0.0,6.693204185217304,11.979942496377257,0.0,106.72435846117115,0,61,219,2661.8635288959804,36.119995077325406,5.743081921568462,0.0,107.92709729029738,0,60,219,2662.85562109676,26.056001756824077,1.2982866745013044,1118.370682681025,1300.21201438205,0,0,0,0.0,6.702693383192592,11.896189075947426,0.0,107.92709729029738,0,60,219,2662.85562109676
area6,Mar2015,400.0,2,1500.0,96.33333333333333,False,0.6627423228868237,0.00032238627720460045,0.00022588390856981277,36.36213908366028,5.753242280021979,0.0,106.38271890954195,0,57,219,2661.1620304918038,26.284031870534342,1.6245142839105626,1116.9839076122962,1301.679950211266,0,0,0,0.0,6.717929346549376,11.775070159178842,0.0,106.38271890954195,0,57,219,2661.162030491804,36.121151798445894,5.7060121812745095,0.0,106.38304129581915,0,57,219,2660.6380129663066,26.035676139594628,1.3933953304730082,1117.7092951472314,1302.402431592868,0,0,0,0.0,6.720218587571772,11.77521300316517,0.0,106.38304129581915,0,57,219,2660.6380129663066
area6,Mar2015,550.0,0,1500.0,96.75,False,-1.6903173152162967,0.001409845114324071,0.005149330012500286,2.9588582819000124,0.8419267851670366,0.0,140.4570285910699,0,0,206,1921.939464355768,2.144092109542965,0.6039430380466259,1138.3914523272988,1188.8903392596349,0,0,0,0.0,0.5646365071323967,1.382374613453575,0.0,140.4570285910699,0,0,206,1921.939464355768,3.0088723757716798,0.8208666009480524,0.0,140.45843843618422,0,0,199,1852.7499736227578,2.1880978824987856,0.558965900977334,1137.8413957669807,1221.3345457762273,0,0,0,0.0,0.5665564873957929,1.3773397557197107,0.0,140.45843843618422,0,0,199,1852.7499736227578
area6,Mar2015,550.0,1,1500.0,96.75,False,-1.6594987878163714,0.0023555664906780294,0.01716906577348709,2.951476803303038,0.8420473881875478,0.0,140.72906479559882,0,0,206,1921.0903356762537,2.1380646326854613,0.6642387473224728,1137.9326962208365,1189.045679266678,0,0,0,0.0,0.5552742637231631,1.317228294308052,0.0,140.72906479559882,0,0,206,1921.0903356762537,3.000456525076533,0.8221631694241784,0.0,140.7314203620895,0,0,199,1850.062287412641,2.1829897278886854,0.6531434914263401,1138.0479742194668,1221.949887887449,0,0,0,0.0,0.557698408922267,1.2948639132728184,0.0,140.7314203620895,0,0,199,1850.062287412641
area6,Mar2015,550.0,2,1500.0,96.75,False,-1.6929570895466988,0.003971021104490546,0.027454586699604988,2.954152039855768,0.7525129715761946,0.0,140.02731825797252,0,0,206,1920.8874981981107,2.1406243930392916,0.5990366885157367,1138.45684885204,1189.2176092110203,0,0,0,0.0,0.5601944917988129,1.1608555172502697,0.0,140.02731825797252,0,0,206,1920.8874981981105,3.0041645662504948,0.7176221460180263,0.0,140.03128927907701,0,0,199,1846.4042088467886,2.1865717945377985,0.5616281171251537,1138.48099373626,1223.2306229553699,0,0,0,0.0,0.561744643521501,1.1423436549255201,0.0,140.03128927907701,0,0,199,1846.4042088467886
area6,May2024,400.0,0,1500.0,96.58333333333333,False,9.792492868163583,0.0,56.5828029839322,91.02098469678671,150.60806432686945,0.0,100.13527200000003,0,213,223,2654.834926454003,72.98945751048056,2.484048492790168,1102.019185760844,1456.2809390820403,0,0,0,0.0,10.525076588470029,316.49449562423996,0.0,100.13527200000003,0,213,223,2654.834926454003,82.10776126182161,170.85498705391066,0.0,100.13527200000003,0,233,255,2996.207028928695,65.17128108829803,5.18578093868438,645.837040330187,1073.4323503532314,0,0,0,0.0,10.045875167997693,358.9661148422671,0.0,100.13527200000003,0,233,255,2996.207028928695
area6,May2024,400.0,1,1500.0,96.58333333333333,False,9.681253773407791,0.0,60.90094649698585,91.02387610351778,151.0532367951873,0.0,100.13527200000003,0,213,224,2656.422778292611,73.00428615299299,2.423166273874802,1102.0399390759899,1453.5310343376195,0,0,0,0.0,10.511650730751342,317.43207010662763,0.0,100.13527200000003,0,213,224,2656.422778292611,82.21162366354393,172.8990612431679,0.0,100.13527200000003,0,234,255,3014.541228299965,65.32635564371556,5.170541115483499,645.8373641418156,1050.7772097346192,0,0,0,0.0,9.995952877791922,363.26444820448273,0.0,100.13527200000003,0,234,255,3014.541228299965
area6,May2024,400.0,2,1500.0,96.58333333333333,False,9.722225003806672,0.0,52.64794955402613,90.99900398102042,151.291414232594,0.0,100.13527200000003,0,213,224,2655.1813283328447,72.96641001518388,2.5030644492573497,1100.5003188986468,1455.30263993087,0,0,0,0.0,10.517775920119334,317.93068840737396,0.0,100.13527200000003,0,213,224,2655.1813283328447,82.15187606276262,170.13248110927475,0.0,100.13527200000003,0,232,254,2985.219029120127,65.17433966991561,5.1245814190392,656.3879572082436,1087.4393222954602,0,0,0,0.0,10.080755069008319,357.4500284615642,0.0,100.13527200000003,0,232,254,2985.219029120127
area6,May2024,550.0,0,1500.0,97.0,False,-0.6001958017444844,0.003774204454629171,0.0048249252140522,11.44382719148483,1.5986766581973233,0.0,136.38630469791443,0,0,200,1696.3110303057717,8.662459206950931,0.9643951614330717,1146.660725580407,1235.9972500287718,0,0,0,0.0,1.9747587347009663,2.8520737129335423,0.0,136.38630469791443,0,0,200,1696.3110303057717,11.512512561847016,1.5932325325363288,0.0,136.39007890236905,0,0,200,1694.7006999668783,8.733911195401348,0.9742191032800418,1146.5508529471003,1236.0355627677948,0,0,0,0.0,1.9823710625673954,2.842158101149048,0.0,136.39007890236905,0,0,200,1694.7006999668781
area6,May2024,550.0,1,1500.0,97.0,False,-0.6896890160739676,0.006300829064599611,0.006581592373549938,11.450998948878834,1.5944856031539798,0.0,135.55129119817516,0,0,200,1695.9944511414697,8.661405007618425,0.9018822717832066,1146.9845676003615,1236.039937431222,0,0,0,0.0,1.9812416930741534,2.928407809324101,0.0,135.55129119817516,0,0,200,1695.9944511414697,11.529975230859996,1.5870434916093288,0.0,135.55759202723976,0,0,200,1694.3101083782076,8.74125085454639,0.9009719635961707,1146.6831620271591,1236.0601453819954,0,0,0,0.0,1.9873021933726456,2.914718854449996,0.0,135.55759202723976,0,0,200,1694.3101083782078
area6,May2024,550.0,2,1500.0,97.0,False,-0.5546711182800879,0.008049215536999554,0.007620258256793022,11.463693689190317,1.5225251242449949,0.0,134.81944216604936,0,0,200,1694.5865265380296,8.65219224343809,0.9189094421931434,1147.731806926049,1238.4370014778776,0,0,0,0.0,2.001125251120582,2.739424091322931,0.0,134.81944216604936,0,0,200,1694.5865265380294,11.527279487172352,1.5207062440506536,0.0,134.82749138158636,0,0,200,1693.3347428383122,8.725660491212038,0.9285542719623223,1147.0387876948075,1237.2852748773203,0,0,0,0.0,2.0026074761637105,2.733007932901551,0.0,134.82749138158636,0,0,200,1693.334742838312
gen1200,Feb2022,400.0,0,1500.0,96.16666666666667,True,0.8595246158130051,0.0,2.2780150175094604e-06,32.409404922199144,1.3049510377456017,1123.8652133969028,1500.0,0,0,0,0.0,21.42493915871966,1.3156963492305487,1131.175499536805,1210.2318711193507,0,0,0,0.0,7.974827214326705,1.3634503613794766,1126.620784803377,1500.0,0,0,0,0.0,32.13083810905433,1.2625376093906833,1126.620792662535,1500.0,0,0,0,0.0,21.148911743920575,1.2479451308439382,1128.508927435469,1209.5258110683226,0,0,0,0.0,7.975222319850445,1.3633850110431944,1126.620792662535,1500.0,0,0,0,0.0
gen1200,Feb2022,400.0,1,1500.0,96.16666666666667,True,0.8797475857173991,0.0,3.907829523086548e-06,32.41862323171419,1.336790132498498,1125.9394553408629,1500.0,0,0,0,0.0,21.44263866731145,1.3746483902657824,1129.4354746821673,1208.725967555109,0,0,0,0.0,7.963879577233467,1.3753659233884739,1125.9394553408629,1500.0,0,0,0,0.0,32.13342117651037,1.2172158920101797,1125.9451389386675,1500.0,0,0,0,0.0,21.145909525423825,1.2124303872275932,1128.8684996424558,1209.2421301374416,0,0,0,0.0,7.97492904810214,1.37291997122533,1125.9451389386675,1500.0,0,0,0,0.0
gen1200,Feb2022,400.0,2,1500.0,96.16666666666667,True,0.8457589904077161,0.0,1.0048970580101013e-06,32.41839094222367,1.34243425103416,1126.6974396460123,1500.0,0,0,0,0.0,21.41660162754125,1.3812081949740684,1129.8403433243236,1214.1595057005368,0,0,0,0.0,7.988202395187958,1.308186306537915,1126.6974396460123,1500.0,0,0,0,0.0,32.14420948628429,1.208290302080403,1126.6974389038917,1500.0,0,0,0,0.0,21.147855906358437,1.2098881942442687,1128.272222549252,1211.9034001446564,0,0,0,0.0,7.985095132223833,1.3106508932264382,1126.6974389038917,1500.0,0,0,0,0.0
gen1200,Feb2022,550.0,0,1500.0,96.58333333333333,True,-0.9946277037474232,0.0,0.003079482354223728,2.4972556749096806,0.5890159191924005,1123.9683740342355,1500.0,0,0,0,0.0,1.6371390332992883,0.5887552297204449,1139.287585520593,1247.7708772399978,0,0,0,0.0,0.6448224912107499,0.6148019315148187,1138.8406035303558,1500.0,0,0,0,0.0,2.522094071685737,0.5846043996939849,1138.8342760024852,1500.0,0,0,0,0.0,1.6574050354410976,0.5721721069725109,1139.1714862045249,1286.9782067446151,0,0,0,0.0,0.644840460793862,0.6168961663029201,1138.8342760024852,1500.0,0,0,0,0.0
gen1200,Feb2022,550.0,1,1500.0,96.58333333333333,True,-1.0756801441289505,0.0,0.006283720955252647,2.4964708162331526,0.562278189071974,1124.6301458594069,1500.0,0,0,0,0.0,1.6316011929141796,0.6055263737966909,1139.1649548547584,1247.7549147755465,0,0,0,0.0,0.6427685667494547,0.5056061103799419,1138.9419376712697,1500.0,0,0,0,0.0,2.5233248571073466,0.5662587740889806,1138.7597298840003,1500.0,0,0,0,0.0,1.65572188392815,0.6110711305995792,1138.7597298840003,1286.2687031482812,0,0,0,0.0,0.642359648872636,0.5014779789955223,1138.93635936411,1500.0,0,0,0,0.0
gen1200,Feb2022,550.0,2,1500.0,96.58333333333333,True,-0.9805395267965914,0.0,0.0014527058228850365,2.497073144401417,0.5076716023856495,1124.9959537264479,1500.0,0,0,0,0.0,1.632530481839885,0.5021645941185141,1138.8571993747744,1247.2795948001497,0,0,0,0.0,0.6463694567397889,0.543030495987176,1139.0615243598584,1500.0,0,0,0,0.0,2.5215579335952953,0.4900103282983547,1138.7870725181335,1500.0,0,0,0,0.0,1.6543416917298992,0.4777522915709463,1138.7870725181335,1286.1823953787462,0,0,0,0.0,0.6457303522997351,0.5488928719638054,1139.0557098881918,1500.0,0,0,0,0.0
gen1200,Mar2015,400.0,0,1500.0,96.33333333333333,True,2.76327079691942,0.0,9.865500032901764e-06,46.494564196859535,1.634352904422967,1113.3311899129994,1500.0,0,0,0,0.0,31.433208942702382,1.6567278536583558,1113.3311899129994,1299.6541943255438,0,0,0,0.0,11.068306276920978,1.642650968842407,1119.476344883951,1500.0,0,0,0,0.0,45.20979348225276,1.4637485048863306,1115.8892943685003,1500.0,0,0,0,0.0,30.239482295155945,1.4238998110665584,1115.8892943685003,1300.6098108048875,0,0,0,0.0,11.059677926581521,1.6429696266862195,1119.4763456268017,1500.0,0,0,0,0.0
gen1200,Mar2015,400.0,1,1500.0,96.33333333333333,True,2.6844650786742217,0.0,3.5818666219711304e-06,46.51198926096962,1.6763120128595785,1115.387766407142,1500.0,0,0,0,0.0,31.468754475792945,1.716344147060408,1115.387766407142,1297.4108551029497,0,0,0,0.0,11.043457654577615,1.7373749704625356,1119.770781736523,1500.0,0,0,0,0.0,45.26339115186219,1.431930015165108,1112.056319586297,1500.0,0,0,0,0.0,30.296437573071003,1.3893660542507713,1112.056319586297,1299.060557578979,0,0,0,0.0,11.057442379778024,1.7303617768633608,1119.7707814604905,1500.0,0,0,0,0.0
gen1200,Mar2015,400.0,2,1500.0,96.33333333333333,True,2.645218005460086,0.0,1.4032237231731415e-05,46.5323043215123,1.7039114399475228,1112.6565197035802,1500.0,0,0,0,0.0,31.430819570553332,1.7481419864361896,1112.6565197035802,1299.9696004932064,0,0,0,0.0,11.100330997154586,1.6881978346194269,1116.792416938786,1500.0,0,0,0,0.0,45.301423429244174,1.504626573742443,1110.1074945676166,1500.0,0,0,0,0.0,30.287872856237566,1.4887190315556835,1110.1074945676166,1302.0487769906551,0,0,0,0.0,11.096977318544639,1.687432407860421,1116.7783241438726,1500.0,0,0,0,0.0
gen1200,Mar2015,550.0,0,1500.0,96.75,True,-0.8298425453476167,0.0,0.0009163031354546547,3.764658371775793,0.672099381533265,1137.8518006929112,1500.0,0,0,0,0.0,2.532250695680376,0.6382108721955367,1138.1104018357764,1188.6034519048376,0,0,0,0.0,0.9374501713573768,0.7979035235053433,1137.8518006929112,1500.0,0,0,0,0.0,3.7958991086317795,0.640880767943402,1137.6240067561832,1500.0,0,0,0,0.0,2.558687545488778,0.5864430160281356,1137.6240067561832,1207.9219580157092,0,0,0,0.0,0.9388838555995505,0.7990527127525743,1137.8482783626525,1500.0,0,0,0,0.0
gen1200,Mar2015,550.0,1,1500.0,96.75,True,-0.8169071611284032,0.0,0.002205376513302326,3.761700049223713,0.6552430533684243,1137.691200852357,1500.0,0,0,0,0.0,2.52624116001852,0.6912543891185249,1137.691200852357,1188.9370946607953,0,0,0,0.0,0.9324764162281918,0.6255750480060452,1138.8568364103546,1500.0,0,0,0,0.0,3.792429646305992,0.6341583013234646,1137.8692114653084,1500.0,0,0,0,0.0,2.554303609777337,0.6736649761794429,1137.8692114653084,1207.8848502406254,0,0,0,0.0,0.9341371019287625,0.6249884732105511,1138.8629411811908,1500.0,0,0,0,0.0
gen1200,Mar2015,550.0,2,1500.0,96.75,True,-0.7787255718687534,0.0,0.0016480889171361923,3.7662747400342096,0.6374158669296022,1138.2078474681698,1500.0,0,0,0,0.0,2.528331451336108,0.6396879142012495,1138.2078474681698,1189.1186876662762,0,0,0,0.0,0.9396178031156799,0.7024134189694673,1138.9606111071275,1500.0,0,0,0,0.0,3.7956036845416894,0.598469990496626,1138.3023082820166,1500.0,0,0,0,0.0,2.5556996517608828,0.5944786605124676,1138.3023082820166,1208.2270191828225,0,0,0,0.0,0.9398071810144382,0.7067002255590537,1138.954497360478,1500.0,0,0,0,0.0
gen1200,May2024,400.0,0,1500.0,96.58333333333333,True,6.675663403980347,0.0,0.00015069637447595596,122.19831251018313,2.5933103338382915,1089.5758995821404,1500.0,0,0,0,0.0,87.17188166664053,2.7654906866125075,1089.5758995821404,1455.4004820311093,0,0,0,0.0,26.00389482242832,2.25143503232367,1118.6210162638008,1500.0,0,0,0,0.0,114.0407644816593,7.050143245366183,557.7507754638285,1500.0,0,0,0,0.0,80.09899554170512,8.50604305546254,557.7507754638285,909.3097918938445,0,0,0,0.0,25.946617558609972,2.2548067998625467,577.4780492698521,1500.0,0,0,0,0.0
gen1200,May2024,400.0,1,1500.0,96.58333333333333,True,6.616703710752967,0.0,0.00018490012735128403,122.17759186502714,2.58777358582988,1089.0371062374295,1500.0,0,0,0,0.0,87.19035053163009,2.7004626988538245,1089.0371062374295,1452.262960448813,0,0,0,0.0,25.964622783168423,2.513273894039379,1113.8038172045215,1500.0,0,0,0,0.0,114.09346261038527,7.117579524022128,547.1844882546135,1500.0,0,0,0,0.0,80.17894503512095,8.568697858329552,547.1844882546135,891.7380687028244,0,0,0,0.0,25.904649927337857,2.5192916229636206,558.4469822880347,1500.0,0,0,0,0.0
gen1200,May2024,400.0,2,1500.0,96.58333333333333,True,6.6702551172905675,0.0,0.00012149009853601456,122.18387204114657,2.6283187136802666,1087.5866434834395,1500.0,0,0,0,0.0,87.1588757298399,2.7527802007595,1087.5866434834395,1454.3113071171638,0,0,0,0.0,25.993123304710224,2.517657799360757,1117.1419128550406,1500.0,0,0,0,0.0,114.03389606381823,7.064121399110054,537.4129272150429,1500.0,0,0,0,0.0,80.07685201616025,8.501630385968973,537.4129272150429,903.5953398718306,0,0,0,0.0,25.94470095683178,2.5171455448883377,570.6227547063753,1500.0,0,0,0,0.0
gen1200,May2024,550.0,0,1500.0,97.0,True,0.9027776759052651,0.0,2.1165236830711365e-05,14.48147605209514,1.0086762949304189,1146.1326218771117,1500.0,0,0,0,0.0,10.250874183548653,1.0302116368280876,1146.1326218771117,1235.4436590882565,0,0,0,0.0,3.2785208778534702,1.002920305307863,1156.562966235484,1500.0,0,0,0,0.0,14.350740519155258,0.999538681006488,1146.1380501492545,1500.0,0,0,0,0.0,10.13204236914614,1.0315495919623336,1146.1380501492545,1235.517229410813,0,0,0,0.0,3.285974239309226,1.0044741528950596,1156.5580270111338,1500.0,0,0,0,0.0
gen1200,May2024,550.0,1,1500.0,97.0,True,0.7772300458436016,0.0,5.9176236391067505e-06,14.488260683227832,0.9189357216721786,1146.6197795454661,1500.0,0,0,0,0.0,10.250695199022918,0.9541711476777622,1146.6197795454661,1235.457774059587,0,0,0,0.0,3.2843561116692044,0.9325197412272029,1156.2597956365967,1500.0,0,0,0,0.0,14.37565356807764,0.9128999215044249,1146.3393015632778,1500.0,0,0,0,0.0,10.147428087747716,0.94880542074733,1146.3393015632778,1235.552830013729,0,0,0,0.0,3.2902266895067367,0.9321929952754732,1156.259973748318,1500.0,0,0,0,0.0
gen1200,May2024,550.0,2,1500.0,97.0,True,1.009135585871124,0.0,2.825632691383362e-06,14.5039979967055,0.9653717701462844,1147.3648957402713,1500.0,0,0,0,0.0,10.239580299724656,0.9900746090352035,1147.3648957402713,1238.0892955281176,0,0,0,0.0,3.3082407413182757,1.016724981598271,1155.8998147687446,1500.0,0,0,0,0.0,14.35763299154671,0.9574772178332517,1146.7619423372128,1500.0,0,0,0,0.0,10.112093886898943,0.9870157314278312,1146.7619423372128,1236.9002193676658,0,0,0,0.0,3.3090800142022214,1.018308391069169,1155.896428265222,1500.0,0,0,0,0.0
gen1800,Feb2022,400.0,0,1500.0,96.16666666666667,True,-0.73340622956158,0.0,1.4612451195716858e-06,25.91973519611453,1.189191643947428,1126.6208173020623,1500.0,0,0,0,0.0,15.728976311991042,1.1583929554888772,1133.8225387461198,1212.6157696309458,0,0,0,0.0,7.966616747276571,1.3639916544680344,1126.6208173020623,1500.0,0,0,0,0.0,26.1098321487287,1.149895695459338,1126.6208338850663,1500.0,0,0,0,0.0,15.876092739159166,1.0964119231416998,1130.576950578575,1211.5718064160665,0,0,0,0.0,7.972211261013822,1.3639758354324147,1126.6208338850663,1500.0,0,0,0,0.0
gen1800,Feb2022,400.0,1,1500.0,96.16666666666667,True,-0.7463835288683475,0.0,2.6188790798187256e-06,25.9266021371617,1.2147388309087583,1125.9432095309842,1500.0,0,0,0,0.0,15.741088450029851,1.2073051469526563,1131.8015296286828,1211.4897582118117,0,0,0,0.0,7.958892531283048,1.3758565718566127,1125.9432095309842,1500.0,0,0,0,0.0,26.120114025108705,1.1093973422310843,1125.9648992728091,1500.0,0,0,0,0.0,15.87700773213778,1.0590580518793193,1131.1196365491226,1211.5018141515957,0,0,0,0.0,7.972164339033778,1.3733649072063845,1125.9648992728091,1500.0,0,0,0,0.0
gen1800,Feb2022,400.0,2,1500.0,96.16666666666667,True,-0.7750089197867215,0.0,8.344650268554688e-07,25.92500263137715,1.2118119292402294,1126.6974131753477,1500.0,0,0,0,0.0,15.720766311276913,1.2109378663054347,1132.744696583624,1216.194649294749,0,0,0,0.0,7.978000492374768,1.305892655425567,1126.6974131753477,1500.0,0,0,0,0.0,26.125923714225266,1.0928558789761191,1126.6974147175515,1500.0,0,0,0,0.0,15.87956293143904,1.0526969507495982,1130.355705863166,1213.7480695027782,0,0,0,0.0,7.979962077532843,1.3088901882578652,1126.6974147175515,1500.0,0,0,0,0.0
gen1800,Feb2022,550.0,0,1500.0,96.58333333333333,True,-0.9587600985838469,0.0,0.005932308733463287,2.0259657464206287,0.5615817105781911,1138.8509332055105,1500.0,0,0,0,0.0,1.2213050728604484,0.549795097660492,1139.4780082297243,1247.9086966442037,0,0,0,0.0,0.6439518049460813,0.6154265811433248,1138.8509332055105,1500.0,0,0,0,0.0,2.045389897608286,0.554195847573225,1138.84105638106,1500.0,0,0,0,0.0,1.2383923680481883,0.5268120607700602,1139.3556255233837,1323.272698598897,0,0,0,0.0,0.6441231111404042,0.6183425229149014,1138.84105638106,1500.0,0,0,0,0.0
gen1800,Feb2022,550.0,1,1500.0,96.58333333333333,True,-0.9761958942588673,0.0,0.01421069074422121,2.0252729386219404,0.5278582931167735,1138.9463843126375,1500.0,0,0,0,0.0,1.2155887932232308,0.5630697878915861,1139.3532048323111,1247.812923435918,0,0,0,0.0,0.6423839818443122,0.5034350190562498,1138.9463843126375,1500.0,0,0,0,0.0,2.0450435698963036,0.5265472905469445,1138.9302420560186,1500.0,0,0,0,0.0,1.2345693998872964,0.5612051656425279,1138.9547664079103,1322.6827737451233,0,0,0,0.0,0.642356712036203,0.49849317945078075,1138.9302420560186,1500.0,0,0,0,0.0
gen1800,Feb2022,550.0,2,1500.0,96.58333333333333,True,-0.9366516539960604,0.0,0.002904140390455723,2.0256048520622056,0.4817205029241218,1139.05905924746,1500.0,0,0,0,0.0,1.2168467349746424,0.4581970072113905,1139.05905924746,1247.387883400402,0,0,0,0.0,0.6453702188067167,0.5565313462677494,1139.0615313842532,1500.0,0,0,0,0.0,2.0445777134124707,0.4626913832548606,1138.9887975140055,1500.0,0,0,0,0.0,1.2345962975182097,0.432258029803169,1138.9887975140055,1322.0134423420195,0,0,0,0.0,0.6454556997414846,0.566685199877435,1139.051055721179,1500.0,0,0,0,0.0
gen1800,Mar2015,400.0,0,1500.0,96.33333333333333,True,-0.12120015787125472,0.0,3.4365803003311157e-07,36.9265757287631,1.4794838853725292,1119.47634674479,1500.0,0,0,0,0.0,22.93130957466294,1.4487676850763274,1120.3517897711695,1302.182723453885,0,0,0,0.0,11.055166724069743,1.6428508084608588,1119.47634674479,1500.0,0,0,0,0.0,36.97133079684281,1.3435985304384876,1119.4763496132007,1500.0,0,0,0,0.0,22.95155289736567,1.2635199080408814,1119.8145509070055,1301.8564618911112,0,0,0,0.0,11.058295390103137,1.6430213854830036,1119.4763496132007,1500.0,0,0,0,0.0
gen1800,Mar2015,400.0,1,1500.0,96.33333333333333,True,-0.09679194141976227,0.0,1.0244548320770264e-07,36.93475925796492,1.5239733603082577,1119.7707669896922,1500.0,0,0,0,0.0,22.954561498139277,1.5093803276993134,1121.7998955894384,1300.3654927114349,0,0,0,0.0,11.035205583612171,1.7365533859227236,1119.7707669896922,1500.0,0,0,0,0.0,36.97050912850942,1.3149999706848103,1119.7707689655397,1500.0,0,0,0,0.0,22.95007156120927,1.2218712727274599,1120.3846922933576,1301.1464440749755,0,0,0,0.0,11.053790351730395,1.7316548918377688,1119.7707689655397,1500.0,0,0,0,0.0
gen1800,Mar2015,400.0,2,1500.0,96.33333333333333,True,-0.15453673730397574,0.0,6.51925802230835e-07,36.95528287777217,1.5471553138349496,1116.6869984900634,1500.0,0,0,0,0.0,22.922379915175625,1.5384470010925893,1119.8362944236474,1303.0964825165092,0,0,0,0.0,11.087619524358871,1.6857756045222538,1116.6869984900634,1500.0,0,0,0,0.0,37.012392366192934,1.377393201427812,1116.7018294678262,1500.0,0,0,0,0.0,22.952096468524054,1.316316288533824,1119.7139297997933,1303.3292174509706,0,0,0,0.0,11.092871765322396,1.6872317387234435,1116.7018294678262,1500.0,0,0,0,0.0
gen1800,Mar2015,550.0,0,1500.0,96.75,True,-1.5829972498320937,0.0,0.0019391346722841263,3.0433347181238126,0.6319716436281003,1137.8604567612626,1500.0,0,0,0,0.0,1.8857722811863047,0.5819071131342449,1138.5759748308203,1189.0208809062442,0,0,0,0.0,0.9368660192214717,0.7973965567673474,1137.8604567612626,1500.0,0,0,0,0.0,3.091510623014898,0.6081481577803041,1137.854235022669,1500.0,0,0,0,0.0,1.9285087538499674,0.537719105616318,1138.0651543769725,1230.813509883215,0,0,0,0.0,0.93881330630041,0.7994951154217371,1137.854235022669,1500.0,0,0,0,0.0
gen1800,Mar2015,550.0,1,1500.0,96.75,True,-1.5214191378147603,0.0,0.004193175584077835,3.040379985910988,0.6198833625512155,1138.114123965608,1500.0,0,0,0,0.0,1.8797645363124276,0.6433823060444506,1138.114123965608,1189.122284728952,0,0,0,0.0,0.9319995457412311,0.6267858600854408,1138.7485032893458,1500.0,0,0,0,0.0,3.0866369088789276,0.6062350328590989,1138.2158383396022,1500.0,0,0,0,0.0,1.9226786660089414,0.6354303156259928,1138.2158383396022,1230.798160909283,0,0,0,0.0,0.9344142341650818,0.6249508663500273,1138.7715572010475,1500.0,0,0,0,0.0
gen1800,Mar2015,550.0,2,1500.0,96.75,True,-1.593995379585002,0.0,0.0033750496804714203,3.044755864633117,0.5915799831344577,1138.6583334065674,1500.0,0,0,0,0.0,1.8825536499201885,0.5686702721190119,1138.6583334065674,1189.2879091768448,0,0,0,0.0,0.9384305262954973,0.7081660259043132,1138.9720640833652,1500.0,0,0,0,0.0,3.0932891324350122,0.5603069795498791,1138.645768230585,1500.0,0,0,0,0.0,1.9274052918737805,0.5355454857906967,1138.645768230585,1231.1680300533083,0,0,0,0.0,0.9401147854336522,0.7130448647225102,1138.9598231826822,1500.0,0,0,0,0.0
gen1800,May2024,400.0,0,1500.0,96.58333333333333,True,8.026256488910324,0.0,0.0001412881538271904,95.34569976243614,2.221485611767854,1109.8304329013502,1500.0,0,0,0,0.0,62.84206785015359,2.267916638656355,1109.8304329013502,1456.8275292119824,0,0,0,0.0,25.96568241484647,2.2505815306239505,1120.4216271478151,1500.0,0,0,0,0.0,87.69300934835665,3.1915022699171858,752.3185000269818,1500.0,0,0,0,0.0,55.74737580632604,3.630358394181309,752.3185000269818,1249.2224312839803,0,0,0,0.0,25.950728903372855,2.2492205545812234,917.0535215199086,1500.0,0,0,0,0.0
gen1800,May2024,400.0,1,1500.0,96.58333333333333,True,8.273486624771675,0.0,0.00018030870705842972,95.32763270813416,2.249034688178381,1110.1639260194222,1500.0,0,0,0,0.0,62.85891542666359,2.2384333666719,1110.1639260194222,1454.3314535681911,0,0,0,0.0,25.928624915711964,2.513912575360664,1118.929098237051,1500.0,0,0,0,0.0,87.44071376631521,3.228102538398708,757.9106086686476,1500.0,0,0,0,0.0,55.63030131954478,3.633051937818374,757.9106086686476,1224.8607300149877,0,0,0,0.0,25.901480268969514,2.513604856992489,891.8039387082596,1500.0,0,0,0,0.0
gen1800,May2024,400.0,2,1500.0,96.58333333333333,True,8.257779100717714,0.0,0.00011732429265975952,95.33020838481885,2.293058571917899,1108.7044989217786,1500.0,0,0,0,0.0,62.82678349388304,2.293302393279396,1108.7044989217786,1455.9122567882414,0,0,0,0.0,25.95845204298236,2.515842648386944,1118.5909846521727,1500.0,0,0,0,0.0,87.45805036014663,3.205293507913713,759.8234991226636,1500.0,0,0,0,0.0,55.55079913021354,3.595115163954725,759.8234991226636,1256.9379371821874,0,0,0,0.0,25.93665710472591,2.515660799081173,924.6139021286366,1500.0,0,0,0,0.0
gen1800,May2024,550.0,0,1500.0,97.0,True,-0.8992454460136535,0.0,2.256687730550766e-05,11.59893430849639,0.9247572330252138,1147.0226251197994,1500.0,0,0,0,0.0,7.610745896426259,0.9171390343664557,1147.0226251197994,1236.3781205848027,0,0,0,0.0,3.2771724932226753,1.0043589528447796,1156.5486930936563,1500.0,0,0,0,0.0,11.703237197051658,0.9204667758919387,1146.892852501735,1500.0,0,0,0,0.0,7.714633478307481,0.9212045215499253,1146.892852501735,1236.4347463928946,0,0,0,0.0,3.285064670190865,1.0058726736568362,1156.5489092988696,1500.0,0,0,0,0.0
gen1800,May2024,550.0,1,1500.0,97.0,True,-0.8296654119717236,0.0,4.604365676641464e-05,11.605362582379422,0.8534172082650826,1147.2323734042527,1500.0,0,0,0,0.0,7.6091296495064125,0.866006412999207,1147.2323734042527,1236.4374495233328,0,0,0,0.0,3.2830329417692194,0.930234839796991,1156.241334689676,1500.0,0,0,0,0.0,11.701648261659333,0.847812264495167,1146.9663953358902,1500.0,0,0,0,0.0,7.703423430820812,0.861676157676361,1146.9663953358902,1236.4504973945395,0,0,0,0.0,3.2894107200817846,0.9297306192655769,1156.2446032306973,1500.0,0,0,0,0.0
gen1800,May2024,550.0,2,1500.0,97.0,True,-0.9353321741232926,0.0,1.034419983625412e-05,11.620746278107784,0.877945039057115,1147.973583880754,1500.0,0,0,0,0.0,7.601274504822919,0.869866122204693,1147.973583880754,1238.662422557329,0,0,0,0.0,3.3049198259121138,1.014816988629885,1155.8946762965577,1500.0,0,0,0,0.0,11.729438856920162,0.8763353613177687,1147.290006359808,1500.0,0,0,0,0.0,7.715996888951017,0.8744450118748032,1147.290006359808,1237.5694508790878,0,0,0,0.0,3.307067897061824,1.0162931038754726,1155.890873023686,1500.0,0,0,0,0.0
load480,Feb2022,400.0,0,1500.0,96.16666666666667,True,-1.3924244239665111,0.0,2.7669593691825867e-06,25.319128560112258,1.1781031206144916,1198.620819850072,1500.0,0,0,0,0.0,15.203094840178833,1.1432098384917502,1206.1062962476105,1268.8652350334005,0,0,0,0.0,7.965451499068834,1.3641029946766485,1198.620819850072,1500.0,0,0,0,0.0,25.67167829011874,1.1413278807650844,1198.620836499017,1500.0,0,0,0,0.0,15.490195348819634,1.0841457642444792,1202.8404454995352,1267.8266558548762,0,0,0,0.0,7.971759780201353,1.364055530295151,1198.620836499017,1500.0,0,0,0,0.0
load480,Feb2022,400.0,1,1500.0,96.16666666666667,True,-1.3954712909418752,0.0,4.800967872142792e-06,25.326793866763026,1.2041074274456585,1197.943005008104,1500.0,0,0,0,0.0,15.215508084919367,1.1925206151002739,1204.1384679835473,1267.7702326788342,0,0,0,0.0,7.958079067778634,1.3759631254148907,1197.943005008104,1500.0,0,0,0,0.0,25.68022200408973,1.1017053809492023,1197.9665534637338,1500.0,0,0,0,0.0,15.489327466283873,1.0475967239940476,1203.3800150218044,1267.7541037265776,0,0,0,0.0,7.971705283827788,1.3734521367125767,1197.9665534637338,1500.0,0,0,0,0.0
load480,Feb2022,400.0,2,1500.0,96.16666666666667,True,-1.4229070293268096,0.0,1.4416873455047607e-06,25.32529837259257,1.1967501568281165,1198.6974107383926,1500.0,0,0,0,0.0,15.19612257301906,1.1900832596042306,1205.0461734716089,1272.410636368622,0,0,0,0.0,7.976553569562821,1.3057242693585447,1198.6974107383926,1500.0,0,0,0,0.0,25.685653823334178,1.0836489589075935,1198.6974129368007,1500.0,0,0,0,0.0,15.491594795932732,1.0395630399500468,1202.5967129980133,1269.9604459796813,0,0,0,0.0,7.979210719738905,1.3086800370256961,1198.6974129368007,1500.0,0,0,0,0.0
load480,Feb2022,550.0,0,1500.0,96.58333333333333,True,-2.248509350181245,0.0,0.0063035739585757256,1.9738444785418874,0.5579808342813619,1210.852250552277,1500.0,0,0,0,0.0,1.1753451082090012,0.5448430326900303,1211.4999937407554,1294.5846118586298,0,0,0,0.0,0.6437396898753522,0.6154283629110641,1210.852250552277,1500.0,0,0,0,0.0,2.018226556199938,0.5523434857698798,1210.8420510652975,1500.0,0,0,0,0.0,1.2138726799111497,0.5240515314128116,1211.3743076414964,1361.19015825713,0,0,0,0.0,0.644012319590497,0.6182144050618956,1210.8420510652975,1500.0,0,0,0,0.0
load480,Feb2022,550.0,1,1500.0,96.58333333333333,True,-2.2969729148461115,0.0,0.015015189535915852,1.9731340643436355,0.5238655684010484,1210.9481222169031,1500.0,0,0,0,0.0,1.1695055379258104,0.5577391119560479,1211.3778200747265,1294.497434165512,0,0,0,0.0,0.6422867527885423,0.5030754648353271,1210.9481222169031,1500.0,0,0,0,0.0,2.018456419375211,0.5241740162546582,1210.930847298461,1500.0,0,0,0,0.0,1.2106339112665634,0.5579275829419212,1210.9847526066512,1360.745533015758,0,0,0,0.0,0.6422671414920864,0.4987418331343381,1210.930847298461,1500.0,0,0,0,0.0
load480,Feb2022,550.0,2,1500.0,96.58333333333333,True,-2.217449175386312,0.0,0.0025868183001875877,1.9734744831287763,0.4785085982043475,1211.0611411752468,1500.0,0,0,0,0.0,1.170927764019938,0.4529085977275991,1211.0823207613296,1294.071342992435,0,0,0,0.0,0.6451202533047673,0.5581598246274376,1211.0611411752468,1500.0,0,0,0,0.0,2.0172352767813746,0.46075263082778267,1211.0137782864776,1500.0,0,0,0,0.0,1.2099207535851075,0.4292064062740944,1211.0137782864776,1359.13750531194,0,0,0,0.0,0.6453332051405636,0.5669479142144261,1211.0510601804922,1500.0,0,0,0,0.0
load480,Mar2015,400.0,0,1500.0,96.33333333333333,True,-0.5423248864556909,0.0,1.5031546354293823e-06,36.11484034420784,1.4657662659234083,1191.4763468596682,1500.0,0,0,0,0.0,22.215502005741833,1.4301227049304708,1192.9493917547945,1340.42833603792,0,0,0,0.0,11.05335273387627,1.6428913679241535,1191.4763468596682,1500.0,0,0,0,0.0,36.31070011109822,1.3319366291861625,1191.4763496601229,1500.0,0,0,0,0.0,22.362847525796052,1.2466676672841432,1192.331032154835,1340.3845403500998,0,0,0,0.0,11.054217757292882,1.6431625797578364,1191.4763496601229,1500.0,0,0,0,0.0
load480,Mar2015,400.0,1,1500.0,96.33333333333333,True,-0.570337650018677,0.0,5.904585123062134e-07,36.125146999593014,1.509121349581666,1191.770765730389,1500.0,0,0,0,0.0,22.240065377886317,1.4888445240990784,1194.3800952114489,1338.6383076220752,0,0,0,0.0,11.0341568044649,1.7364815051779914,1191.770765730389,1500.0,0,0,0,0.0,36.331182314056285,1.3034654605123377,1191.7707683868884,1500.0,0,0,0,0.0,22.379343755620003,1.2046371947235972,1192.8839618246643,1339.6826116359555,0,0,0,0.0,11.050215928194358,1.731654852053807,1191.7707683868884,1500.0,0,0,0,0.0
load480,Mar2015,400.0,2,1500.0,96.33333333333333,True,-0.6068020317437444,0.0,2.498738467693329e-06,36.14569934842706,1.5316989098481162,1188.6749079820086,1500.0,0,0,0,0.0,22.208755783767373,1.5173630751032723,1192.4768705972533,1341.4001259092843,0,0,0,0.0,11.085633276117548,1.685553556507568,1188.6749079820086,1500.0,0,0,0,0.0,36.3650321864613,1.3651516201585117,1188.6889366928738,1500.0,0,0,0,0.0,22.373000207677592,1.2987974089082477,1192.3466774058802,1341.7796197285086,0,0,0,0.0,11.089735322797665,1.6866100589865605,1188.6889366928738,1500.0,0,0,0,0.0
load480,Mar2015,550.0,0,1500.0,96.75,True,-2.7591362348069715,0.0,0.002092389389872551,2.9638319428234268,0.6267655321262027,1209.8619003458264,1500.0,0,0,0,0.0,1.8144794323226168,0.5742167936257646,1210.6328497805605,1249.540547069533,0,0,0,0.0,0.9367401032721001,0.7971441718638007,1209.8619003458264,1500.0,0,0,0,0.0,3.0456081038966514,0.605515378072798,1209.8551223534505,1500.0,0,0,0,0.0,1.8865828884695686,0.533870852537701,1210.1269190011976,1285.0890534689104,0,0,0,0.0,0.9387676471799677,0.7993382567580889,1209.8551223534505,1500.0,0,0,0,0.0
load480,Mar2015,550.0,1,1500.0,96.75,True,-2.678204963564266,0.0,0.004073994234204292,2.9608613577110474,0.6159351815055062,1210.1626417538157,1500.0,0,0,0,0.0,1.8084450378173142,0.638114833101893,1210.1626417538157,1249.6260773598815,0,0,0,0.0,0.9319047220626375,0.6268795746687726,1210.733445052467,1500.0,0,0,0,0.0,3.040159293557521,0.6037564471110645,1210.2609683408662,1500.0,0,0,0,0.0,1.8801929007410814,0.6319386869833643,1210.2609683408662,1284.9816238231297,0,0,0,0.0,0.9343901991861236,0.6250939375369023,1210.7645869253774,1500.0,0,0,0,0.0
load480,Mar2015,550.0,2,1500.0,96.75,True,-2.7486060475875322,0.0,0.0035855406895279884,2.9652832198245256,0.5870155022036236,1210.7089030968373,1500.0,0,0,0,0.0,1.8113806288493282,0.5603329440583414,1210.7089030968373,1249.7897801944273,0,0,0,0.0,0.9382496181230127,0.7095908105801556,1210.9737268143826,1500.0,0,0,0,0.0,3.046787173732721,0.5574249693994353,1210.6890255849032,1500.0,0,0,0,0.0,1.8849207122149925,0.5311162303130664,1210.6890255849032,1285.246075391539,0,0,0,0.0,0.9400806107762261,0.712869851148834,1210.960759711601,1500.0,0,0,0,0.0
load480,May2024,400.0,0,1500.0,96.58333333333333,True,8.034731461214633,0.0,0.00013952702283859253,94.06007567799718,2.203700631063705,1178.7275486852745,1500.0,0,0,0,0.0,61.72809513486359,2.2446104987323805,1178.7275486852745,1464.9161053666348,0,0,0,0.0,25.96262521820954,2.250563766564233,1188.4216248386758,1500.0,0,0,0,0.0,86.50260118505484,3.1327628452281053,680.7362195422892,1500.0,0,0,0,0.0,54.69087145264482,3.5540337146237913,680.7362195422892,1071.9495056571502,0,0,0,0.0,25.929981460719517,2.249271621749699,801.6033506059425,1500.0,0,0,0,0.0
load480,May2024,400.0,1,1500.0,96.58333333333333,True,8.28838033679221,0.0,0.00017820391803979874,94.04702849069507,2.232584839448999,1179.0283090097428,1500.0,0,0,0,0.0,61.74943366272634,2.2163475847411456,1179.0283090097428,1462.4315751130425,0,0,0,0.0,25.926084427769567,2.514027287925306,1187.2441629081604,1500.0,0,0,0,0.0,86.25205307393493,3.1808728502222703,683.1553476435718,1500.0,0,0,0,0.0,54.546029102922326,3.5703393611627443,683.1553476435718,1058.568717802987,0,0,0,0.0,25.895420216834076,2.513485690438282,786.0385161804079,1500.0,0,0,0,0.0
load480,May2024,400.0,2,1500.0,96.58333333333333,True,8.262955313797221,0.0,0.00011581927537918091,94.04589343284384,2.2770598984870873,1177.5640915642616,1500.0,0,0,0,0.0,61.713519373456734,2.27153352539642,1177.5640915642616,1464.0102503900725,0,0,0,0.0,25.955571270284068,2.515827064510269,1186.590947798945,1500.0,0,0,0,0.0,86.2749232840266,3.1530722867547323,687.6208388148821,1500.0,0,0,0,0.0,54.51207356895412,3.5257728518169005,687.6208388148821,1078.4199572807415,0,0,0,0.0,25.919109526906283,2.5149170525321325,807.6126292710153,1500.0,0,0,0,0.0
load480,May2024,550.0,0,1500.0,97.0,True,-1.5056753612481066,0.0,3.2504089176654816e-05,11.302268392752678,0.9157098300912402,1217.127484449295,1500.0,0,0,0,0.0,7.3398644800215385,0.9048989098587897,1217.127484449295,1288.4868631117681,0,0,0,0.0,3.2768739856873097,1.0045690635759088,1224.5464055229004,1500.0,0,0,0,0.0,11.472443863204488,0.9128072644077985,1217.002243839995,1500.0,0,0,0,0.0,7.501136295489358,0.9101357433664093,1217.002243839995,1288.542447134853,0,0,0,0.0,3.2848891948882297,1.0059395188553326,1224.5480937934617,1500.0,0,0,0,0.0
load480,May2024,550.0,1,1500.0,97.0,True,-1.4374835787135198,0.0,5.2607618272304535e-05,11.308849692630872,0.845626956821536,1217.3038160770454,1500.0,0,0,0,0.0,7.338326615207367,0.8553822837884977,1217.3038160770454,1288.5500560649384,0,0,0,0.0,3.2827423677915846,0.9298179467082102,1224.239455593576,1500.0,0,0,0,0.0,11.471412549903835,0.8417240496212081,1217.0506456355233,1500.0,0,0,0,0.0,7.489601877435887,0.8532714679306306,1217.0506456355233,1288.5566126715587,0,0,0,0.0,3.289256048327422,0.929522974661684,1224.2435845352556,1500.0,0,0,0,0.0
load480,May2024,550.0,2,1500.0,97.0,True,-1.5838625018877905,0.0,1.397356390953064e-05,11.324214720167582,0.8685833635787045,1218.0448888548733,1500.0,0,0,0,0.0,7.33083440956832,0.8567002955031797,1218.0448888548733,1290.7300914078544,0,0,0,0.0,3.304383082022193,1.0146251346026602,1223.8942033042395,1500.0,0,0,0,0.0,11.503574710753574,0.8683395278965426,1217.3696217556642,1500.0,0,0,0,0.0,7.507067342748601,0.8629130374365106,1217.3696217556642,1289.6526323964815,0,0,0,0.0,3.3067741984967647,1.0160852612737818,1223.891207336689,1500.0,0,0,0,0.0
load720,Feb2022,400.0,0,1500.0,96.16666666666667,True,1.109971377538455,0.0,2.8638169169425964e-06,31.667166400222868,1.292565055798091,1054.620788721715,1500.0,0,0,0,0.0,20.773930029796865,1.299056806695633,1059.4329899837046,1154.4699940930204,0,0,0,0.0,7.9744531069525735,1.3634602884086289,1054.620788721715,1500.0,0,0,0,0.0,31.31566991710292,1.2471528746533036,1054.620799173375,1500.0,0,0,0,0.0,20.436306443900232,1.2280513064300937,1056.720769474551,1153.7633115809733,0,0,0,0.0,7.974882897668287,1.3633870714509728,1054.620799173375,1500.0,0,0,0,0.0
load720,Feb2022,400.0,1,1500.0,96.16666666666667,True,1.1196489288156444,0.0,4.849396646022797e-06,31.674885717799405,1.323633170058396,1053.9407964193701,1500.0,0,0,0,0.0,20.78993406415572,1.3568768345863735,1057.7519962712915,1153.013289631792,0,0,0,0.0,7.963983546266089,1.375346962504911,1053.9407964193701,1500.0,0,0,0,0.0,31.320238199156485,1.2014700976836894,1053.9505616189006,1500.0,0,0,0,0.0,20.435143533094518,1.1912705641894354,1057.1378891318386,1153.5603814908238,0,0,0,0.0,7.974800638729622,1.3727851733084726,1053.9505616189006,1500.0,0,0,0,0.0
load720,Feb2022,400.0,2,1500.0,96.16666666666667,True,1.0956022003563308,0.0,1.2833625078201294e-06,31.674106969009003,1.3286639831034703,1054.6974366200263,1500.0,0,0,0,0.0,20.764235408186277,1.363606384425478,1058.131551470897,1158.3555042831074,0,0,0,0.0,7.98763759932859,1.307939257716487,1054.6974366200263,1500.0,0,0,0,0.0,31.327084756113322,1.193077761066913,1054.69743560508,1500.0,0,0,0,0.0,20.43333579871139,1.189528211376004,1056.498797608496,1156.1387388622,0,0,0,0.0,7.984658007831094,1.3102853465724464,1054.69743560508,1500.0,0,0,0,0.0
load720,Feb2022,550.0,0,1500.0,96.58333333333333,True,0.27004546034804044,0.0,0.0034666545689105988,2.4547909839373268,0.5867402956383148,1066.8414299729084,1500.0,0,0,0,0.0,1.5998895085058435,0.5853461373796318,1067.30373282774,1201.0883691678675,0,0,0,0.0,0.6448079242975104,0.6147503292250444,1066.8414299729084,1500.0,0,0,0,0.0,2.448161932324171,0.5805223384807985,1066.8340350612793,1500.0,0,0,0,0.0,1.59345782246823,0.5658407977898294,1067.1887570275617,1254.9441018863806,0,0,0,0.0,0.6447465985152838,0.617654338932485,1066.8340350612793,1500.0,0,0,0,0.0
load720,Feb2022,550.0,1,1500.0,96.58333333333333,True,0.23413090276889426,0.0,0.007573902606964111,2.454054905603668,0.5594430394258292,1066.9417475352393,1500.0,0,0,0,0.0,1.5943834325879511,0.6020732607009511,1067.1789389036994,1201.0823708767064,0,0,0,0.0,0.6427998154078642,0.5054985630020997,1066.9417475352393,1500.0,0,0,0,0.0,2.4483092046987336,0.5606271814289067,1066.7679727135994,1500.0,0,0,0,0.0,1.5905913287822324,0.6043072233402474,1066.7679727135994,1253.9448259583896,0,0,0,0.0,0.6423763753608647,0.5006525236566045,1066.9340626116295,1500.0,0,0,0,0.0
load720,Feb2022,550.0,2,1500.0,96.58333333333333,True,0.2897036540997907,0.0,0.0019865939393639565,2.454581276323836,0.5053387979539653,1066.8738554752913,1500.0,0,0,0,0.0,1.59525752551604,0.4985900240636225,1066.8738554752913,1200.6132292355649,0,0,0,0.0,0.6463718860835228,0.5443840012188857,1067.0616955346582,1500.0,0,0,0,0.0,2.4474702646734765,0.4860363557610878,1066.799254858798,1500.0,0,0,0,0.0,1.5901361041096493,0.47127670411377387,1066.799254858798,1253.077631707074,0,0,0,0.0,0.6457159641133738,0.5521099016933643,1067.0542653277737,1500.0,0,0,0,0.0
load720,Mar2015,400.0,0,1500.0,96.33333333333333,True,2.562932757834747,0.0,8.915551006793976e-06,45.30321271078772,1.616908852723418,1042.1999987209736,1500.0,0,0,0,0.0,30.368469019916947,1.633377512922848,1042.1999987209736,1261.9346174624352,0,0,0,0.0,11.067243419815256,1.6426561240061541,1047.4763451219806,1500.0,0,0,0,0.0,44.142121831871385,1.448640695562108,1043.9156715102597,1500.0,0,0,0,0.0,29.304606190354747,1.4049533197007842,1043.9156715102597,1262.0363315557904,0,0,0,0.0,11.064876692617212,1.642753300687311,1047.4763469082234,1500.0,0,0,0,0.0
load720,Mar2015,400.0,1,1500.0,96.33333333333333,True,2.4719629179027223,0.0,3.2139942049980164e-06,45.3154466949633,1.6574725072168606,1044.1479488611897,1500.0,0,0,0,0.0,30.398397509141024,1.6910203401554702,1044.1479488611897,1259.7591620463495,0,0,0,0.0,11.043333380559233,1.7373065871230664,1047.7707799316152,1500.0,0,0,0,0.0,44.19526565658183,1.4162654133065218,1044.0824706013254,1500.0,0,0,0,0.0,29.364482488113914,1.3677914127316095,1044.0824706013254,1261.0117388346498,0,0,0,0.0,11.05842199555898,1.7304581063940416,1047.7707796903296,1500.0,0,0,0,0.0
load720,Mar2015,400.0,2,1500.0,96.33333333333333,True,2.482775147978923,0.0,1.2830831110477448e-05,45.33671882339368,1.6867805633581228,1041.5139959005307,1500.0,0,0,0,0.0,30.36268441124724,1.7241860454073379,1041.5139959005307,1262.2805250805409,0,0,0,0.0,11.099301244727187,1.687960046523634,1044.7820274200076,1500.0,0,0,0,0.0,44.21111003553738,1.4889311487232229,1043.3078867370702,1500.0,0,0,0,0.0,29.335436104810213,1.468149592065805,1043.3078867370702,1264.0865986568306,0,0,0,0.0,11.097767167913588,1.687788080360802,1044.7712591734908,1500.0,0,0,0,0.0
load720,Mar2015,550.0,0,1500.0,96.75,True,0.1555356011167135,0.0,0.0010628178715705872,3.699542602635268,0.6686428438394308,1065.852308728383,1500.0,0,0,0,0.0,2.473963093203854,0.6333595437411923,1066.1485484529458,1128.1507942197384,0,0,0,0.0,0.937429330319981,0.7979148976660275,1065.852308728383,1500.0,0,0,0,0.0,3.6937884968096903,0.6368511465942139,1065.6422182707302,1500.0,0,0,0,0.0,2.4686820304729062,0.5803749718111398,1065.6422182707302,1155.946024447834,0,0,0,0.0,0.938857533694426,0.799285741226801,1065.8484006738483,1500.0,0,0,0,0.0
load720,Mar2015,550.0,1,1500.0,96.75,True,0.1846024156785236,0.0,0.002688152715563774,3.696605318389749,0.6522680445847946,1065.7252269358817,1500.0,0,0,0,0.0,2.4679801292856203,0.6872652077749996,1065.7252269358817,1128.4712766246255,0,0,0,0.0,0.93245929298859,0.625650891755916,1066.8487971398515,1500.0,0,0,0,0.0,3.689781295673901,0.6312437206438358,1065.8918551716279,1500.0,0,0,0,0.0,2.4637350022657776,0.6696886898438383,1065.8918551716279,1155.888163731519,0,0,0,0.0,0.9341555378016464,0.6249909583958104,1066.8604374783665,1500.0,0,0,0,0.0
load720,Mar2015,550.0,2,1500.0,96.75,True,0.16848731909442233,0.0,0.0018030311912298203,3.70106896777452,0.6334854218468484,1066.2425775967524,1500.0,0,0,0,0.0,2.470034989758439,0.6336415711007165,1066.2425775967524,1128.6513667253816,0,0,0,0.0,0.9395414172544148,0.7035039403282289,1066.9614210730385,1500.0,0,0,0,0.0,3.694833135892881,0.5937276905198482,1066.324935973105,1500.0,0,0,0,0.0,2.4670180871917307,0.587196735565698,1066.324935973105,1156.2361161911483,0,0,0,0.0,0.9398621847495781,0.7083091322166054,1066.954557770755,1500.0,0,0,0,0.0
load720,May2024,400.0,0,1500.0,96.58333333333333,True,8.078105468065159,0.0,0.00017698388546705246,118.61077089258455,2.5372457552184624,1025.161665438843,1500.0,0,0,0,0.0,83.95694055198138,2.6911698842193683,1025.161665438843,1447.6313598231336,0,0,0,0.0,26.001045831698875,2.2512622020846917,1051.099042710894,1500.0,0,0,0,0.0,109.02926772339644,5.663521774109562,650.4596319013968,1500.0,0,0,0,0.0,75.2295922251803,6.767505580846343,650.4596319013968,1071.3629432330786,0,0,0,0.0,25.940499799414383,2.2517981460668697,680.0740802258142,1500.0,0,0,0,0.0
load720,May2024,400.0,1,1500.0,96.58333333333333,True,7.98632647539678,0.0,0.00021659396588802338,118.58370569010795,2.53727708264888,1024.9793301762136,1500.0,0,0,0,0.0,83.96693031063093,2.6323359989631103,1024.9793301762136,1444.6233026237778,0,0,0,0.0,25.96286018984081,2.513409319886147,1046.3100206813508,1500.0,0,0,0,0.0,109.11322380707226,5.657851083166329,632.1722790168204,1500.0,0,0,0,0.0,75.34061845529402,6.734157390554946,632.1722790168204,1056.7853364076373,0,0,0,0.0,25.898890918655297,2.515969487165478,663.9959579746007,1500.0,0,0,0,0.0
load720,May2024,400.0,2,1500.0,96.58333333333333,True,7.957303627766663,0.0,0.00014063436537981033,118.56447409991216,2.5768146378110592,1023.4085130325079,1500.0,0,0,0,0.0,83.91240321840242,2.6831128987887234,1023.4085130325079,1446.5965341470428,0,0,0,0.0,25.990974705682888,2.517040480265042,1049.6066982216337,1500.0,0,0,0,0.0,109.12993890111738,5.642464123663929,656.1546224912672,1500.0,0,0,0,0.0,75.32990601706875,6.7147191928964745,656.1546224912672,1081.6330631822575,0,0,0,0.0,25.93802813322654,2.5150683417275697,689.2383122173537,1500.0,0,0,0,0.0
load720,May2024,550.0,0,1500.0,97.0,True,1.0553319673808965,0.0,2.2413209080696106e-05,14.193341093856173,1.0009997916461046,1076.2079283767503,1500.0,0,0,0,0.0,9.98595097507793,1.0198974632547473,1076.2079283767503,1183.5252161607386,0,0,0,0.0,3.278472199745119,1.0030512144675232,1088.5621545502765,1500.0,0,0,0,0.0,14.0435542280533,0.9920451527714831,1076.165741195848,1500.0,0,0,0,0.0,9.855474146880784,1.021645488433045,1076.165741195848,1183.5803405266363,0,0,0,0.0,3.285965867396614,1.0046566278120985,1088.5567400257248,1500.0,0,0,0,0.0
load720,May2024,550.0,1,1500.0,97.0,True,0.887327865446779,0.0,1.0217539966106415e-05,14.199889365523136,0.9131314745287593,1076.6729072380576,1500.0,0,0,0,0.0,9.985366007243218,0.9464131485511744,1076.6729072380576,1183.5444594600012,0,0,0,0.0,3.284305084856687,0.9323845601420934,1088.2581368173671,1500.0,0,0,0,0.0,14.073889790320235,0.9074816461443537,1076.36819898795,1500.0,0,0,0,0.0,9.876823753204894,0.9419823160818068,1076.36819898795,1183.6139795413105,0,0,0,0.0,3.2902000606193216,0.9319064710852301,1088.2584599672202,1500.0,0,0,0,0.0
load720,May2024,550.0,2,1500.0,97.0,True,1.093773688440886,0.0,2.648681402206421e-06,14.215538013326599,0.9564670420273084,1077.416193873862,1500.0,0,0,0,0.0,9.974538479156033,0.9778779428813222,1077.416193873862,1186.136262245493,0,0,0,0.0,3.3080275432864426,1.0165527133152625,1087.8992543060388,1500.0,0,0,0,0.0,14.06005219886652,0.9506496510761451,1076.7721346143762,1500.0,0,0,0,0.0,9.845930672984075,0.9780292873131192,1076.7721346143762,1184.9588008824699,0,0,0,0.0,3.308898173690986,1.018098630253312,1087.895406223888,1500.0,0,0,0,0.0
cap1200,Feb2022,400.0,0,1200.0,96.16666666666667,True,0.7998294163689976,0.0,1.8952414393424988e-06,28.700619724880827,1.2446214609674309,826.6208039163924,1200.0,0,0,0,0.0,18.171901122541477,1.2350314373273288,832.677201088122,911.570906939885,0,0,0,0.0,7.971310570027104,1.3636273107716999,826.6208039163924,1200.0,0,0,0,0.0,28.471063725641027,1.1942890782959812,826.6208170606124,1200.0,0,0,0,0.0,17.94698306447675,1.1577287520544,829.7530099080747,910.8328634342527,0,0,0,0.0,7.9733258067157955,1.3636228602325162,826.6208170606124,1200.0,0,0,0,0.0
cap1200,Feb2022,400.0,1,1200.0,96.16666666666667,True,0.8021545623944413,0.0,3.155320882797241e-06,28.708968203163778,1.2710830368318584,825.9432799884945,1200.0,0,0,0,0.0,18.18648932300845,1.2858665424843474,830.3579338628206,910.2786055914689,0,0,0,0.0,7.962282105970733,1.3755073598409238,825.9432799884945,1200.0,0,0,0,0.0,28.47867790490573,1.1506149699048902,825.9571300575271,1200.0,0,0,0,0.0,17.94436916297382,1.119729904155092,830.2671795102232,910.7235961934921,0,0,0,0.0,7.973414540809607,1.3731121086641918,825.9571300575271,1200.0,0,0,0,0.0
cap1200,Feb2022,400.0,2,1200.0,96.16666666666667,True,0.7591633130040325,0.0,7.7858567237854e-07,28.70749653359324,1.2712342679437063,826.6974244937542,1200.0,0,0,0,0.0,18.16352402837841,1.2892906031953162,831.4927092664406,915.3147221061975,0,0,0,0.0,7.983661204675538,1.3065853471316877,826.6974244937542,1200.0,0,0,0,0.0,28.489559751828295,1.1386229923159545,826.6974241194371,1200.0,0,0,0,0.0,17.950693081504916,1.1164512881202113,829.5080371591366,913.0984095854158,0,0,0,0.0,7.982069222409418,1.3090890362025134,826.6974241194371,1200.0,0,0,0,0.0
cap1200,Feb2022,550.0,0,1200.0,96.58333333333333,True,-0.4226501244538347,0.0,0.005117201246321201,2.2297418449131965,0.5733815216375968,838.8460627688141,1200.0,0,0,0,0.0,1.401190435661714,0.5665018588818285,839.394812630207,951.5959566269794,0,0,0,0.0,0.6445299741996489,0.6156312244103598,838.8460627688141,1200.0,0,0,0,0.0,2.2391658515957213,0.5676491700432532,838.8362759868459,1200.0,0,0,0,0.0,1.4091974732962864,0.5463369414071949,839.2688406337637,1013.5835779387234,0,0,0,0.0,0.6444907178001813,0.6189401404993191,838.8362759868459,1200.0,0,0,0,0.0
cap1200,Feb2022,550.0,1,1200.0,96.58333333333333,True,-0.4381739943624771,0.0,0.01107550598680973,2.2290110909047627,0.5437734214867388,838.9425083869401,1200.0,0,0,0,0.0,1.3955943619371167,0.5824972405842398,839.2666752397137,951.5351599408323,0,0,0,0.0,0.6427125641846481,0.5047052437341047,838.9425083869401,1200.0,0,0,0,0.0,2.2387780378365627,0.5440174540065899,838.8546780035813,1200.0,0,0,0,0.0,1.4056073136228413,0.583483564859192,838.8546780035813,1012.3281937528229,0,0,0,0.0,0.6424048038491137,0.4995195780284579,838.9308742301411,1200.0,0,0,0,0.0
cap1200,Feb2022,550.0,2,1200.0,96.58333333333333,True,-0.3980876415385285,0.0,0.002490399405360222,2.2294687388144694,0.49388331658235124,838.9696676394739,1200.0,0,0,0,0.0,1.3966080827849932,0.47923556869391487,838.9696676394739,951.0959893272753,0,0,0,0.0,0.6460784230022856,0.5501459102233323,839.0622157227425,1200.0,0,0,0,0.0,2.2383439783356547,0.4739344927641025,838.8904814222652,1200.0,0,0,0,0.0,1.405550392976909,0.45161977884314586,838.8904814222652,1011.5504488722503,0,0,0,0.0,0.6457004646083091,0.5588433271209395,839.0527775685181,1200.0,0,0,0,0.0
cap1200,Mar2015,400.0,0,1200.0,96.33333333333333,True,1.7848632526742243,0.0,5.620531737804413e-06,41.01519871756086,1.5464441194931828,817.3237834705407,1200.0,0,0,0,0.0,26.56557933240625,1.539964455350141,817.3237834705407,1001.074503706298,0,0,0,0.0,11.062367663154014,1.6427214774371839,819.4763459684665,1200.0,0,0,0,0.0,40.2831335076398,1.3951951961636797,817.8045855841244,1200.0,0,0,0,0.0,25.906660878318664,1.3350459346114032,817.8045855841244,1000.8183925344447,0,0,0,0.0,11.062023246440251,1.6428102691927167,819.4763478295831,1200.0,0,0,0,0.0
cap1200,Mar2015,400.0,1,1200.0,96.33333333333333,True,1.9053618074497365,0.0,2.2426247596740723e-06,41.02603193510365,1.5907871002469838,819.0148756170236,1200.0,0,0,0,0.0,26.592643042674563,1.6008657005462315,819.0148756170236,999.0648042611424,0,0,0,0.0,11.040594095563932,1.7368594643781592,819.7707733711464,1200.0,0,0,0,0.0,40.244337591500056,1.3636692945684132,818.581681092817,1200.0,0,0,0,0.0,25.86835536659536,1.293843844390269,818.581681092817,1000.3843507227308,0,0,0,0.0,11.052342281094077,1.7308625842533345,819.7707738811272,1200.0,0,0,0,0.0
cap1200,Mar2015,400.0,2,1200.0,96.33333333333333,True,1.8309341986150338,0.0,8.567236363887787e-06,41.046132253799385,1.6156502012394458,816.7146721275823,1200.0,0,0,0,0.0,26.557991051493087,1.63071843060996,816.7146721275823,1001.5697832855672,0,0,0,0.0,11.094334830723565,1.6868340827736275,816.7380536374557,1200.0,0,0,0,0.0,40.29460458115582,1.4309294624016937,816.7354255544697,1200.0,0,0,0,0.0,25.87254124260332,1.3910224497445687,817.7574836602254,1002.5926334094361,0,0,0,0.0,11.093873503284062,1.687332297855963,816.7354255544697,1200.0,0,0,0,0.0
cap1200,Mar2015,550.0,0,1200.0,96.75,True,-0.7243830540412793,0.0,0.0014673545956611633,3.355616788424255,0.6485087041667109,837.8558839083535,1200.0,0,0,0,0.0,2.165766162477376,0.6058536854550691,838.372089259251,890.3773225863567,0,0,0,0.0,0.9373065100205347,0.7980054959948562,837.8558839083535,1200.0,0,0,0,0.0,3.3799243077981647,0.6224546163730397,837.8454124245284,1200.0,0,0,0,0.0,2.187161184321643,0.5589522772165227,837.8454124245284,925.5697972860854,0,0,0,0.0,0.9389277454730238,0.7993073836513515,837.8507961694042,1200.0,0,0,0,0.0
cap1200,Mar2015,550.0,1,1200.0,96.75,True,-0.6708350358743891,0.0,0.003386436030268669,3.3526531050635087,0.6362074832918408,837.9171096815021,1200.0,0,0,0,0.0,2.1597414240369215,0.6656858525267101,837.9171096815021,890.5372421581988,0,0,0,0.0,0.9323646928901175,0.6261608975123907,838.8015743790759,1200.0,0,0,0,0.0,3.3751438767236053,0.6192540920491454,838.0468526739825,1200.0,0,0,0,0.0,2.181490323320747,0.6533343174011573,838.0468526739825,924.9920462688684,0,0,0,0.0,0.9343437288223955,0.6250160975760117,838.8223596876693,1200.0,0,0,0,0.0
cap1200,Mar2015,550.0,2,1200.0,96.75,True,-0.7192815742324298,0.0,0.002593669109046459,3.357105958946986,0.6126276084883417,838.4408583080987,1200.0,0,0,0,0.0,2.1622649616875487,0.6017099448184757,838.4408583080987,890.7100424815728,0,0,0,0.0,0.9390874786026715,0.7066136008971036,838.9663337392092,1200.0,0,0,0,0.0,3.3812530035371506,0.577124727093464,838.4797817735703,1200.0,0,0,0,0.0,2.185750514875711,0.5616980875692886,838.4797817735703,923.7973362661181,0,0,0,0.0,0.9400492609609912,0.7110541107814929,838.9566486063139,1200.0,0,0,0,0.0
cap1200,May2024,400.0,0,1200.0,96.58333333333333,True,8.481812796378545,0.0,0.0001681242138147354,107.33418067939847,2.3925654319407417,801.3384343633518,1200.0,0,0,0,0.0,73.76405076380132,2.500412476146513,801.3384343633518,1156.2267847255898,0,0,0,0.0,25.98731362179116,2.2508404318497024,820.4216428407221,1200.0,0,0,0,0.0,98.23029640764518,4.405779634694887,585.8307830326795,1200.0,0,0,0,0.0,65.42696109241128,5.19486113621211,585.8307830326795,1013.4322727282204,0,0,0,0.0,25.940130682858822,2.2495132355152894,682.1885951472472,1200.0,0,0,0,0.0
cap1200,May2024,400.0,1,1200.0,96.58333333333333,True,8.533078083059548,0.0,0.00020938459783792496,107.31128027549916,2.394271203927957,801.3371679965776,1200.0,0,0,0,0.0,73.77748654450399,2.4386406850551747,801.3371679965776,1153.4567808311886,0,0,0,0.0,25.949469774592444,2.5135056061055883,816.277979852839,1200.0,0,0,0,0.0,98.15432493765994,4.416769458031795,585.8335256719961,1200.0,0,0,0,0.0,65.39531121205101,5.17595741179517,585.8335256719961,990.7772010181548,0,0,0,0.0,25.89869561717869,2.5131795693936407,657.9959200665512,1200.0,0,0,0,0.0
cap1200,May2024,400.0,2,1200.0,96.58333333333333,True,8.553597480946348,0.0,0.00013681408017873764,107.3104357424166,2.4544384935205357,799.7939221173443,1200.0,0,0,0,0.0,73.740666604886,2.51869526320612,799.7939221173443,1155.2417085502684,0,0,0,0.0,25.97855660997503,2.5162522619455983,818.590920812666,1200.0,0,0,0,0.0,98.1315330139607,4.391634482798901,596.3842467660855,1200.0,0,0,0,0.0,65.33508534411389,5.138832876858056,596.3842467660855,1027.4392717395447,0,0,0,0.0,25.941039955241365,2.5152478316831606,694.7668245217934,1200.0,0,0,0,0.0
cap1200,May2024,550.0,0,1200.0,97.0,True,0.47423502813802854,0.0,4.304572939872742e-06,12.843006252448385,0.963734434710972,846.6255685902748,1200.0,0,0,0,0.0,8.75051782568431,0.9699463838093156,846.6255685902748,935.9594580401483,0,0,0,0.0,3.2779413684287917,1.0035986100195355,856.5563084420863,1200.0,0,0,0,0.0,12.782100218133317,0.9551657697891797,846.558944654514,1200.0,0,0,0,0.0,8.701500683495654,0.9703535315766254,846.558944654514,936.0517247974861,0,0,0,0.0,3.2856906410681663,1.0051363108131044,856.5534556670804,1200.0,0,0,0,0.0
cap1200,May2024,550.0,1,1200.0,97.0,True,0.4417071994214308,0.0,2.2016465663909912e-05,12.849541796171586,0.8822344845222421,846.9596552515551,1200.0,0,0,0,0.0,8.749494621573024,0.9048476648591267,846.9596552515551,936.0008408999074,0,0,0,0.0,3.283784710067401,0.9314783789275075,856.2492645429664,1200.0,0,0,0,0.0,12.79278444496523,0.8750356083849469,846.6901755061741,1200.0,0,0,0,0.0,8.70260831937216,0.8982485236339459,846.6901755061741,936.0789960235331,0,0,0,0.0,3.290000760502698,0.9309610710237204,856.2508393376818,1200.0,0,0,0,0.0
cap1200,May2024,550.0,2,1200.0,97.0,True,0.5023455898009904,0.0,1.6177073121070862e-06,12.865129767936681,0.9154129607067477,847.7063415155624,1200.0,0,0,0,0.0,8.740226996043866,0.9222768363260088,847.7063415155624,938.4113340419186,0,0,0,0.0,3.3065793058631243,1.015590206174438,855.8970184984305,1200.0,0,0,0,0.0,12.800502355925277,0.9123398649289007,847.0477804442565,1200.0,0,0,0,0.0,8.694478567517272,0.9251837704518896,847.0477804442565,937.298476072103,0,0,0,0.0,3.30814691918345,1.017032041111158,855.892751337637,1200.0,0,0,0,0.0
cap1800,Feb2022,400.0,0,1800.0,96.16666666666667,True,-1.3616280782090715,0.0,3.032386302947998e-06,28.288579995303486,1.2361703247093405,1415.4247303652107,1800.0,0,0,0,0.0,17.80548082002449,1.223309159909803,1432.8873276472482,1511.7570566307893,0,0,0,0.0,7.970625528260662,1.3636644433201852,1426.6208060112685,1800.0,0,0,0,0.0,28.673765243446173,1.197193514772152,1426.6208191359744,1800.0,0,0,0,0.0,18.11366475481097,1.1598969539030808,1429.3665872721426,1510.5961246346828,0,0,0,0.0,7.9744960502939755,1.3636172503363648,1426.6208191359744,1800.0,0,0,0,0.0
cap1800,Feb2022,400.0,1,1800.0,96.16666666666667,True,-1.3458174644057208,0.0,5.166977643966675e-06,28.296420840058506,1.2632512824879376,1419.8569246486795,1800.0,0,0,0,0.0,17.81966713803976,1.2750807349681714,1430.6086854471466,1510.4899294313125,0,0,0,0.0,7.961982999795545,1.3755441291735269,1425.9438416319813,1800.0,0,0,0,0.0,28.677239013525753,1.1532643902182123,1425.9557679543025,1800.0,0,0,0,0.0,18.11036985226184,1.1220841466117901,1429.8378519161593,1510.4677550177742,0,0,0,0.0,7.974525466807236,1.3729069430207284,1425.9557679543025,1800.0,0,0,0,0.0
cap1800,Feb2022,400.0,2,1800.0,96.16666666666667,True,-1.3841001309277443,0.0,1.5683472156524658e-06,28.294800134091393,1.262851508484902,1420.1391772706957,1800.0,0,0,0,0.0,17.797147666746568,1.2781888825011078,1431.7189943364733,1515.4780456063615,0,0,0,0.0,7.9827815299755045,1.3063914126055982,1426.6974228006516,1800.0,0,0,0,0.0,28.686428499793095,1.1423498995125811,1426.6974251398526,1800.0,0,0,0,0.0,18.114357885267196,1.1199153807033002,1429.130114078445,1512.8789479554334,0,0,0,0.0,7.983310003268915,1.3097178185140528,1426.6974251398526,1800.0,0,0,0,0.0
cap1800,Feb2022,550.0,0,1800.0,96.58333333333333,True,-1.8649580315045144,0.0,0.005735567770898342,2.1993330844302954,0.5719939063196734,1420.516577732903,1800.0,0,0,0,0.0,1.3739719370233061,0.5645279269220713,1439.4087563271264,1544.1094467827736,0,0,0,0.0,0.6444879106444208,0.6156032531280597,1438.8466931135383,1800.0,0,0,0,0.0,2.240349723427914,0.567515406460096,1438.836752481044,1800.0,0,0,0,0.0,1.409659794484694,0.5463610942473304,1439.268630672617,1611.7409260277702,0,0,0,0.0,0.6445003260969733,0.6188579547196716,1438.836752481044,1800.0,0,0,0,0.0
cap1800,Feb2022,550.0,1,1800.0,96.58333333333333,True,-1.8847031976030115,0.0,0.011804718524217606,2.1986017665010102,0.5416410398383908,1421.3048235570732,1800.0,0,0,0,0.0,1.3683566808088268,0.5797293030966223,1439.2826671783387,1544.0416708372964,0,0,0,0.0,0.6427007534734699,0.5046487189708406,1438.943054957761,1800.0,0,0,0,0.0,2.240038884296811,0.544186392725653,1438.8516808037627,1800.0,0,0,0,0.0,1.4062453551292655,0.5834774596895366,1438.8516808037627,1609.962667748005,0,0,0,0.0,0.6423985912393073,0.49975751708737437,1438.930849540575,1800.0,0,0,0,0.0
cap1800,Feb2022,550.0,2,1800.0,96.58333333333333,True,-1.833220490278583,0.0,0.0023800628259778023,2.199048852066615,0.4921058946353903,1421.1648577495796,1800.0,0,0,0,0.0,1.369400051989243,0.47630687307892255,1438.9853850506438,1543.6060428280882,0,0,0,0.0,0.6460289874289844,0.5508624973098675,1439.0622598050218,1800.0,0,0,0,0.0,2.239362266213936,0.47394605538933915,1438.8905065711,1800.0,0,0,0,0.0,1.4058432629443411,0.4515558977556329,1438.8905065711,1611.1766852665064,0,0,0,0.0,0.6457050286630686,0.5587489048122006,1439.0526951898214,1800.0,0,0,0,0.0
cap1800,Mar2015,400.0,0,1800.0,96.33333333333333,True,0.16322224122711157,0.0,5.066394805908203e-07,40.40179274604023,1.5363998362231919,1417.8474226855467,1800.0,0,0,0,0.0,26.019858243437177,1.5264087056418485,1417.8474226855467,1601.2756240600404,0,0,0,0.0,11.061105264042808,1.6427317570625226,1419.476346076181,1800.0,0,0,0,0.0,40.33584803442421,1.394753713118112,1419.1282223207545,1800.0,0,0,0,0.0,25.915709498393923,1.332502347476015,1419.1282223207545,1600.949658507153,0,0,0,0.0,11.058471767361112,1.6428855097983284,1419.4763474893864,1800.0,0,0,0,0.0
cap1800,Mar2015,400.0,1,1800.0,96.33333333333333,True,0.18745352352829542,0.0,2.1606683731079102e-07,40.41226681882073,1.5802872172838613,1419.5005457489117,1800.0,0,0,0,0.0,26.046183160924723,1.5865152420816997,1419.5005457489117,1599.296483067568,0,0,0,0.0,11.039860029992479,1.7367625213366622,1419.7707724702384,1800.0,0,0,0,0.0,40.3365126007312,1.3664646310714321,1419.748930282293,1800.0,0,0,0,0.0,25.918333218804406,1.2974668021873859,1419.748930282293,1600.3888897256372,0,0,0,0.0,11.052421880106245,1.7308615612505611,1419.770774109639,1800.0,0,0,0,0.0
cap1800,Mar2015,400.0,2,1800.0,96.33333333333333,True,0.14129504845860094,0.0,6.51925802230835e-07,40.432421361471505,1.6063734586818958,1416.7305135940492,1800.0,0,0,0,0.0,26.01203694759105,1.6176657929936582,1417.2532871678459,1601.7896321502276,0,0,0,0.0,11.093047782190322,1.6866636654934943,1416.7305135940492,1800.0,0,0,0,0.0,40.37529235211583,1.4321855284847211,1416.7409164814865,1800.0,0,0,0,0.0,25.90702886888554,1.3911244621223153,1419.1561741137418,1602.4099953227767,0,0,0,0.0,11.096748241156924,1.6881952548510795,1416.7409164814865,1800.0,0,0,0,0.0
cap1800,Mar2015,550.0,0,1800.0,96.75,True,-2.2424546696918033,0.0,0.0017081145197153091,3.3076962822188505,0.6458929260521705,1437.8565617647148,1800.0,0,0,0,0.0,2.122686822526137,0.6020885423164162,1438.410782917022,1487.4033555088238,0,0,0,0.0,0.9372414107180593,0.7979013311680372,1437.8565617647148,1800.0,0,0,0,0.0,3.3818698719586893,0.6225057680785475,1437.8411543761401,1800.0,0,0,0,0.0,2.188110803204253,0.5589459863414165,1437.8411543761401,1521.33441941914,0,0,0,0.0,0.938915061154928,0.799383219395755,1437.85076767973,1800.0,0,0,0,0.0
cap1800,Mar2015,550.0,1,1800.0,96.75,True,-2.208962500255091,0.0,0.0033758794888854027,3.3047323847309507,0.6330933379457582,1437.9483496909381,1800.0,0,0,0,0.0,2.1166482664889124,0.661376897850886,1437.9483496909381,1487.5540827076354,0,0,0,0.0,0.9323028327164407,0.6262430100895432,1438.7943262348872,1800.0,0,0,0,0.0,3.377732683843443,0.6190060847267747,1438.0479191793656,1800.0,0,0,0,0.0,2.183002083499155,0.6531159218328247,1438.0479191793656,1521.9498726882239,0,0,0,0.0,0.9343352461680232,0.6250681647284577,1438.8211938761178,1800.0,0,0,0,0.0
cap1800,Mar2015,550.0,2,1800.0,96.75,True,-2.2336607121627847,0.0,0.0028757192194461823,3.30917831529592,0.609618177101572,1438.4728606772444,1800.0,0,0,0,0.0,2.1192431610426383,0.596963988838167,1438.4728606772444,1487.7251608945703,0,0,0,0.0,0.9389702701142166,0.7068008032514643,1438.9672005286182,1800.0,0,0,0,0.0,3.3830941312200955,0.5771762660928011,1438.481024456725,1800.0,0,0,0,0.0,2.1865782118673156,0.5616868575476031,1438.481024456725,1523.2307025121008,0,0,0,0.0,0.9400457379229565,0.7108736009418899,1438.9564913042257,1800.0,0,0,0,0.0
cap1800,May2024,400.0,0,1800.0,96.58333333333333,True,7.462369341583775,0.0,0.00014557503163814545,105.63812888803533,2.3682896389415604,1402.69538348449,1800.0,0,0,0,0.0,72.2227328269568,2.4679173449437046,1402.69538348449,1756.3350036596248,0,0,0,0.0,25.984108140060584,2.250792996422022,1420.421640294209,1800.0,0,0,0,0.0,97.75502154487182,4.394732577720344,705.837601118504,1800.0,0,0,0,0.0,64.94364518722195,5.181893700215836,705.837601118504,1133.432433649012,0,0,0,0.0,25.94013079159602,2.249510695371249,802.188758905229,1800.0,0,0,0,0.0
cap1800,May2024,400.0,1,1800.0,96.58333333333333,True,7.371892489847403,0.0,0.0001780334860086441,105.61801089083389,2.371961755171581,1402.7390607988807,1800.0,0,0,0,0.0,72.23811654242317,2.408016617955811,1402.7390607988807,1753.6052709669484,0,0,0,0.0,25.947203391298927,2.5135395953949247,1416.618404700627,1800.0,0,0,0,0.0,97.83196467804629,4.405985863560082,705.8387421660022,1800.0,0,0,0,0.0,65.03860700536607,5.165582431962825,705.8387421660022,1110.7772688290315,0,0,0,0.0,25.898695598900616,2.5131782078750384,777.9959937989266,1800.0,0,0,0,0.0
cap1800,May2024,400.0,2,1800.0,96.58333333333333,True,7.437976994586668,0.0,0.0001170886680483818,105.61511188753063,2.4321513868903817,1401.2033925682542,1800.0,0,0,0,0.0,72.19985522788355,2.4878929423130955,1401.2033925682542,1755.3635983593676,0,0,0,0.0,25.975612226392144,2.5161115193635646,1418.5908858317152,1800.0,0,0,0,0.0,97.75948416252913,4.374143562637374,716.3885263121193,1800.0,0,0,0,0.0,64.91392246647611,5.119985626936593,716.3885263121193,1147.4394265185642,0,0,0,0.0,25.94104003599739,2.515246465752009,814.7669758959674,1800.0,0,0,0,0.0
cap1800,May2024,550.0,0,1800.0,97.0,True,-1.3022786699990156,0.0,5.45009970664978e-06,12.652124921635417,0.9570712557421854,1446.6959027118367,1800.0,0,0,0,0.0,8.575413216001586,0.9607913714799994,1446.6959027118367,1536.0351432472482,0,0,0,0.0,3.2778225380373804,1.0036667388264957,1456.5553375261459,1800.0,0,0,0,0.0,12.816890845791505,0.9576433870298853,1446.5517629368048,1800.0,0,0,0,0.0,8.73360223227174,0.9738454360417304,1446.5517629368048,1536.0357333482068,0,0,0,0.0,3.285797300482667,1.0051524943140417,1456.5533607004074,1800.0,0,0,0,0.0
cap1800,May2024,550.0,1,1800.0,97.0,True,-1.3828115831198855,0.0,3.7311576306819916e-05,12.658666011338285,0.8778724242205513,1447.0095591513643,1800.0,0,0,0,0.0,8.574337249152272,0.8989522505166228,1447.0095591513643,1536.0791296061745,0,0,0,0.0,3.2836705526334065,0.9312989435950912,1456.2480523324734,1800.0,0,0,0,0.0,12.833711511211531,0.8769116189593062,1446.6837234952732,1800.0,0,0,0,0.0,8.740924568528362,0.9009628642418377,1446.6837234952732,1536.060906790447,0,0,0,0.0,3.2901016743665767,0.9308810175032945,1456.251168515543,1800.0,0,0,0,0.0
cap1800,May2024,550.0,2,1800.0,97.0,True,-1.2561908574442742,0.0,8.095987141132355e-06,12.674155550658034,0.910119212217929,1447.7573221766033,1800.0,0,0,0,0.0,8.565204617192249,0.9150555958058031,1447.7573221766033,1538.4626187476986,0,0,0,0.0,3.306311991129336,1.0154152839687096,1455.8968939259337,1800.0,0,0,0,0.0,12.833367133943666,0.9147677312684898,1447.0391395294769,1800.0,0,0,0,0.0,8.724915414045292,0.9285331886105698,1447.0391395294769,1537.2852417852928,0,0,0,0.0,3.308218031594272,1.017198233951139,1455.8928617567858,1800.0,0,0,0,0.0
eta04,Feb2022,400.0,0,1500.0,96.16666666666667,True,-0.3562726039438055,0.0,7.506459951400757e-07,28.66755511891726,1.2432888669430073,1123.2760048333962,1500.0,0,0,0,0.0,18.144485856310506,1.2332348329934297,1130.93005894717,1209.5180446371962,0,0,0,0.0,7.97118346345945,1.3636264254566797,1123.2760048333962,1500.0,0,0,0,0.0,28.769689764026452,1.1987055306460175,1123.2760231340646,1500.0,0,0,0,0.0,18.205920732055844,1.1628254565885279,1126.6950519976517,1208.2627268508907,0,0,0,0.0,7.974507852371335,1.363611850398605,1123.2760231340646,1500.0,0,0,0,0.0
eta04,Feb2022,400.0,1,1500.0,96.16666666666667,True,-0.34516738634553146,0.0,1.323409378528595e-06,28.677080305909644,1.2706562215683959,1122.4286982566002,1500.0,0,0,0,0.0,18.160016084288166,1.285371024129232,1128.0157262705607,1207.8958344128475,0,0,0,0.0,7.962295453858914,1.3755166203762694,1122.4286982566002,1500.0,0,0,0,0.0,28.776064234481762,1.154943051398939,1122.4445711697138,1500.0,0,0,0,0.0,18.20424204847848,1.1252871801310786,1127.2829284503844,1208.0987398391783,0,0,0,0.0,7.9745565552168785,1.3729014713052667,1122.4445711697138,1500.0,0,0,0,0.0
eta04,Feb2022,400.0,2,1500.0,96.16666666666667,True,-0.37472685367759223,0.0,4.852190613746643e-07,28.676157742495693,1.2706509163076223,1123.371780435151,1500.0,0,0,0,0.0,18.13764032239407,1.2885218604526658,1129.4437682338314,1214.2060922842334,0,0,0,0.0,7.983463986014012,1.3064493490313234,1123.371780435151,1500.0,0,0,0,0.0,28.78361500615977,1.1440215191472622,1123.3717819014607,1500.0,0,0,0,0.0,18.207286700811366,1.122764859524182,1126.3896379596201,1211.12339581419,0,0,0,0.0,7.983298207074014,1.3096229311873404,1123.3717819014607,1500.0,0,0,0,0.0
eta04,Feb2022,550.0,0,1500.0,96.58333333333333,True,-1.0630748326401944,0.0,0.005290456116199493,2.215522184551815,0.5728673428162877,1138.5579195130208,1500.0,0,0,0,0.0,1.3885905343965386,0.5657576590312642,1139.2518353459782,1247.8480577152811,0,0,0,0.0,0.6445109693663025,0.615620148429264,1138.5579195130208,1500.0,0,0,0,0.0,2.2390748433073457,0.5675513589132106,1138.5457970842458,1500.0,0,0,0,0.0,1.4088929687758267,0.5462862162785317,1139.0867280966568,1311.9554857615287,0,0,0,0.0,0.6444999060666379,0.6188798639307482,1138.5457970842458,1500.0,0,0,0,0.0
eta04,Feb2022,550.0,1,1500.0,96.58333333333333,True,-1.0895051823616335,0.0,0.011421767063438892,2.2147449476102548,0.5424910512736466,1138.6784375821842,1500.0,0,0,0,0.0,1.3829328695321095,0.5808270611029267,1139.0927947346884,1247.767767616871,0,0,0,0.0,0.6427074625282807,0.5046809584578208,1138.6784375821842,1500.0,0,0,0,0.0,2.238874708590561,0.5440533923650556,1138.565826337322,1500.0,0,0,0,0.0,1.4054789029738275,0.5834061503055854,1138.565826337322,1310.42348962174,0,0,0,0.0,0.6423989955384748,0.4996901207243553,1138.6634891302235,1500.0,0,0,0,0.0
eta04,Feb2022,550.0,2,1500.0,96.58333333333333,True,-1.0300312561095966,0.0,0.002451755106449127,2.2152616324670746,0.4931255607570351,1138.7211199271862,1500.0,0,0,0,0.0,1.3840293477466066,0.4779336032676962,1138.7211199271862,1247.2207395685748,0,0,0,0.0,0.6460542551368158,0.5504661534578158,1138.827789520069,1500.0,0,0,0,0.0,2.238079519686089,0.4738693674283026,1138.6132341732323,1500.0,0,0,0,0.0,1.4050733076318502,0.4515056799012622,1138.6132341732323,1311.5140983290619,0,0,0,0.0,0.6457106731171744,0.5588532757663064,1138.8158656383928,1500.0,0,0,0,0.0
eta04,Mar2015,400.0,0,1500.0,96.33333333333333,True,0.9428867480437549,0.0,2.9727816581726074e-06,41.068805605834456,1.5472578781182853,1111.600384133677,1500.0,0,0,0,0.0,26.621370106972257,1.541328658702633,1111.600384133677,1298.8640574061953,0,0,0,0.0,11.062189204879317,1.6427177287579913,1114.3454324177283,1500.0,0,0,0,0.0,40.68157328019719,1.399156608014926,1111.809666105009,1500.0,0,0,0,0.0,26.24794083760091,1.3393969992032342,1111.809666105009,1298.3755387271997,0,0,0,0.0,11.063742845066411,1.642812176472293,1114.3454355940241,1500.0,0,0,0,0.0
eta04,Mar2015,400.0,1,1500.0,96.33333333333333,True,0.96053290493067,0.0,1.1334195733070374e-06,41.08391979248434,1.592082193428838,1113.7631595453959,1500.0,0,0,0,0.0,26.652027703929395,1.6029020065293518,1113.7631595453959,1296.3250064956503,0,0,0,0.0,11.040731977759954,1.7368302289793185,1114.7134668296353,1500.0,0,0,0,0.0,40.6892952242422,1.3696446825880482,1112.8262233480393,1500.0,0,0,0,0.0,26.258153087697416,1.3022763383452973,1112.8262233480393,1297.623185455544,0,0,0,0.0,11.056602051691602,1.7308878198838313,1114.713468749205,1500.0,0,0,0,0.0
eta04,Mar2015,400.0,2,1500.0,96.33333333333333,True,0.9586623473249534,0.0,4.493631422519684e-06,41.10351269652285,1.6166705664761676,1110.8712158490407,1500.0,0,0,0,0.0,26.616856937298547,1.6321990352058968,1110.8712158490407,1299.4905012187864,0,0,0,0.0,11.094117551744368,1.6867858881352111,1110.9226104119782,1500.0,0,0,0,0.0,40.70946879687335,1.4366539619620893,1110.9292297197574,1500.0,0,0,0,0.0,26.23274830218081,1.3980958155372416,1111.8813283210013,1300.524837049709,0,0,0,0.0,11.096628793453064,1.6879857420031597,1110.9292297197574,1500.0,0,0,0,0.0
eta04,Mar2015,550.0,0,1500.0,96.75,True,-1.3663036162538889,0.0,0.001607273705303669,3.334179661460701,0.6473320227615162,1137.320243238403,1500.0,0,0,0,0.0,2.146567575805324,0.6041700948783596,1137.9871363853745,1188.5864277747546,0,0,0,0.0,0.9372765424575324,0.7979555298149845,1137.320243238403,1500.0,0,0,0,0.0,3.3797346787476403,0.622414306645537,1137.305589820193,1500.0,0,0,0,0.0,2.18677166886081,0.5588374491651109,1137.305589820193,1221.918208834251,0,0,0,0.0,0.9389135206551824,0.7993929821994968,1137.3134111520228,1500.0,0,0,0,0.0
eta04,Mar2015,550.0,1,1500.0,96.75,True,-1.320888490303968,0.0,0.003370465710759163,3.33118590929563,0.6352470967788716,1137.4134416166164,1500.0,0,0,0,0.0,2.1404969726337097,0.6643840206718431,1137.4134416166164,1188.7810131102015,0,0,0,0.0,0.9323379367919582,0.6261927314925989,1138.4980499511487,1500.0,0,0,0,0.0,3.3751871605621435,0.6189680403327266,1137.5632846799392,1500.0,0,0,0,0.0,2.181264734948511,0.6529496916016645,1137.5632846799392,1222.4589980376436,0,0,0,0.0,0.9343339287273111,0.625087696295384,1138.5265098341542,1500.0,0,0,0,0.0
eta04,Mar2015,550.0,2,1500.0,96.75,True,-1.363236906400245,0.0,0.0027863411232829094,3.33574539597296,0.6111208291261261,1138.069278311859,1500.0,0,0,0,0.0,2.143178648941199,0.5993037073279921,1138.069278311859,1188.995965548979,0,0,0,0.0,0.9390269449364097,0.7066864487795707,1138.7083933192862,1500.0,0,0,0,0.0,3.3812195083144103,0.5770327306049348,1138.1006250860373,1500.0,0,0,0,0.0,2.185493734825779,0.56156203342002,1138.1006250860373,1223.5046887287115,0,0,0,0.0,0.9400493095128759,0.710942476216831,1138.6954663642498,1500.0,0,0,0,0.0
eta04,May2024,400.0,0,1500.0,96.58333333333333,True,8.803741458346135,0.0,0.00017750263214111328,109.17585282276237,2.4190047827604997,1085.0010332914826,1500.0,0,0,0,0.0,75.53186797000473,2.5375393830218016,1085.0010332914826,1455.212758095331,0,0,0,0.0,25.98891617155374,2.250868517418616,1110.5270553395694,1500.0,0,0,0,0.0,99.56429300530188,4.6766717564938505,658.1923698505794,1500.0,0,0,0,0.0,66.74183657831266,5.5416447878420385,658.1923698505794,1057.4558765841944,0,0,0,0.0,25.917352101892348,2.2498744102943573,720.9039372925438,1500.0,0,0,0,0.0
eta04,May2024,400.0,1,1500.0,96.58333333333333,True,8.589264154541338,0.0,0.00021439697593450546,109.1584788654924,2.417914964280423,1084.6485687609218,1500.0,0,0,0,0.0,75.55028310006398,2.47255365066126,1084.6485687609218,1451.6576161811345,0,0,0,0.0,25.95154906339488,2.513547758799685,1104.9612007877176,1500.0,0,0,0,0.0,99.78256876865608,4.6889899368050845,660.5379649645182,1500.0,0,0,0,0.0,66.94636748745016,5.527071559041577,660.5379649645182,1039.4528470091714,0,0,0,0.0,25.877486711402042,2.5129688712171454,700.7956771963736,1500.0,0,0,0,0.0
eta04,May2024,400.0,2,1500.0,96.58333333333333,True,8.696182977652585,0.0,0.00014147348701953888,109.14500646247713,2.47075768348776,1082.851394221873,1500.0,0,0,0,0.0,75.500630404955,2.5416157871170655,1082.851394221873,1453.9706263612552,0,0,0,0.0,25.980018849183466,2.5163586174854493,1108.2386028614706,1500.0,0,0,0,0.0,99.65355698952938,4.649257157666484,664.0942703413602,1500.0,0,0,0,0.0,66.76364960159934,5.472073669411075,664.0942703413602,1068.1977709854486,0,0,0,0.0,25.908342189823088,2.513561194058702,730.8977491152233,1500.0,0,0,0,0.0
eta04,May2024,550.0,0,1500.0,97.0,True,-0.3551643566730898,0.0,3.541819751262665e-06,12.786434779455368,0.9621451763385771,1145.818209816739,1500.0,0,0,0,0.0,8.700004479291906,0.9679034876753536,1145.818209816739,1234.983320566581,0,0,0,0.0,3.277889180127813,1.0035932366072868,1155.6948321447803,1500.0,0,0,0,0.0,12.831847638281245,0.9582401428478603,1145.6873295276657,1500.0,0,0,0,0.0,8.75013764209003,0.9748891832797589,1145.6873295276657,1235.0551995927835,0,0,0,0.0,3.285801028535813,1.005090091586925,1155.6924164079996,1500.0,0,0,0,0.0
eta04,May2024,550.0,1,1500.0,97.0,True,-0.4314393200928904,0.0,3.417115658521652e-05,12.793200055062492,0.8809608580981151,1146.2232215815766,1500.0,0,0,0,0.0,8.699265946924715,0.9031634800107152,1146.2232215815766,1235.0360169211333,0,0,0,0.0,3.2837369082957846,0.9314334026829925,1155.3109229459333,1500.0,0,0,0,0.0,12.848394950398177,0.8773212541101099,1145.854368314998,1500.0,0,0,0,0.0,8.756923542404978,0.9016169453260854,1145.854368314998,1235.0836080817812,0,0,0,0.0,3.290094980970455,0.9308778222354558,1155.314446319264,1500.0,0,0,0,0.0
eta04,May2024,550.0,2,1500.0,97.0,True,-0.30903400398616465,0.0,7.471069693565369e-06,12.80883203763759,0.9140497276913364,1147.1605303245428,1500.0,0,0,0,0.0,8.690075139606307,0.9204734046926916,1147.1605303245428,1238.0427674424961,0,0,0,0.0,3.30646425293029,1.0155067436444105,1154.8713255813134,1500.0,0,0,0,0.0,12.848415684147364,0.9153189860438005,1146.2966247278337,1500.0,0,0,0,0.0,8.74108301991791,0.9294694177908284,1146.2966247278337,1236.6150594404394,0,0,0,0.0,3.3082019601924717,1.0171518535751525,1154.8665830704024,1500.0,0,0,0,0.0
eta06,Feb2022,400.0,0,1500.0,96.16666666666667,True,-0.7779368504705365,0.0,1.7071142792701721e-06,28.378512154773976,1.2378034027537559,1128.8506714731402,1500.0,0,0,0,0.0,17.885790776519624,1.2255201414244281,1134.0065208294468,1213.0805158036806,0,0,0,0.0,7.970900191151529,1.3636579817109558,1128.8506714731402,1500.0,0,0,0,0.0,28.599279058441223,1.1953931864424339,1128.8506829732523,1500.0,0,0,0,0.0,18.053819354011413,1.1581937707154146,1131.1230388048991,1212.1542393377456,0,0,0,0.0,7.974479379140984,1.3636236456481645,1128.8506829732523,1500.0,0,0,0,0.0
eta06,Feb2022,400.0,1,1500.0,96.16666666666667,True,-0.7734152039258232,0.0,2.9671937227249146e-06,28.38535465568767,1.2649091513288344,1128.2866227979594,1500.0,0,0,0,0.0,17.899179323591266,1.2773120967212659,1132.1083457889483,1212.0240182748187,0,0,0,0.0,7.962025777831663,1.3755312501848922,1128.2866227979594,1500.0,0,0,0,0.0,28.604891304283026,1.1514708828813702,1128.2964546853452,1500.0,0,0,0,0.0,18.051474688637956,1.1201142598272238,1131.5227053861643,1212.0475478456494,0,0,0,0.0,7.974500422388946,1.3729126782468175,1128.2964546853452,1500.0,0,0,0,0.0
eta06,Feb2022,400.0,2,1500.0,96.16666666666667,True,-0.8018880830999688,0.0,9.471550583839417e-07,28.383896940444657,1.2647164949440026,1128.9145193139157,1500.0,0,0,0,0.0,17.876390438872868,1.2806019420530332,1133.0329309584397,1216.1809889736885,0,0,0,0.0,7.983135774679155,1.3065007165422162,1128.9145193139157,1500.0,0,0,0,0.0,28.61150402752946,1.1407986589386971,1128.9145207117836,1500.0,0,0,0,0.0,18.053039016774463,1.1180849662081371,1130.9307565942743,1214.0537645820139,0,0,0,0.0,7.98329543907613,1.3097496238160498,1128.9145207117836,1500.0,0,0,0,0.0
eta06,Feb2022,550.0,0,1500.0,96.58333333333333,True,-1.2159093983307048,0.0,0.005310351960361004,2.2135481983002903,0.5727340883793468,1139.0386752319569,1500.0,0,0,0,0.0,1.3867990134972767,0.5655627970123867,1139.5016953369393,1247.855905570815,0,0,0,0.0,0.6445079733232861,0.6156136487680947,1139.0386752319569,1500.0,0,0,0,0.0,2.2404629388800035,0.5676455056104306,1139.0306946754708,1500.0,0,0,0,0.0,1.410193796640001,0.5464179894841389,1139.3902745468488,1311.0171277594457,0,0,0,0.0,0.6445032180779966,0.6188346196852248,1139.0306946754708,1500.0,0,0,0,0.0
eta06,Feb2022,550.0,1,1500.0,96.58333333333333,True,-1.2379373434382566,0.0,0.011288022622466087,2.2128445942645047,0.542349116980263,1139.1189907500905,1500.0,0,0,0,0.0,1.3812247743720645,0.5806473588249921,1139.3958047178708,1247.802155256708,0,0,0,0.0,0.6427061151572344,0.5046707631524497,1139.1189907500905,1500.0,0,0,0,0.0,2.24023822384916,0.5441562148248696,1139.0444510404109,1500.0,0,0,0,0.0,1.4067466476042176,0.5835130087483444,1139.0444510404109,1309.0970266977702,0,0,0,0.0,0.6424100185047044,0.4997590907444104,1139.109173199095,1500.0,0,0,0,0.0
eta06,Feb2022,550.0,2,1500.0,96.58333333333333,True,-1.1867126611799341,0.0,0.002444078214466572,2.2132545917314363,0.493007631545272,1139.1482938392655,1500.0,0,0,0,0.0,1.3822076023611887,0.4777314079753392,1139.1482938392655,1247.4377826354023,0,0,0,0.0,0.6460534827528484,0.5505435935218698,1139.2185334110115,1500.0,0,0,0,0.0,2.2395195641956596,0.4738989342768145,1139.0756824235407,1500.0,0,0,0,0.0,1.406435700159711,0.4515886032407642,1139.0756824235407,1310.4034579935917,0,0,0,0.0,0.6457031971822049,0.5587256501519263,1139.2106337408698,1500.0,0,0,0,0.0
eta06,Mar2015,400.0,0,1500.0,96.33333333333333,True,0.38818734827652335,0.0,1.2069940567016602e-06,40.47124340005334,1.5375653575640826,1121.4882186454631,1500.0,0,0,0,0.0,26.076777899213806,1.5278262308581851,1121.4882186454631,1302.6910867818626,0,0,0,0.0,11.061439633184659,1.642732773944617,1122.89695507458,1500.0,0,0,0,0.0,40.314139153484135,1.393106170709014,1121.5203946024699,1500.0,0,0,0,0.0,25.904582534524938,1.3306664738666742,1121.5203946024699,1302.3244194938434,0,0,0,0.0,11.062784904043216,1.6427959256174454,1122.8969567519634,1500.0,0,0,0,0.0
eta06,Mar2015,400.0,1,1500.0,96.33333333333333,True,0.4284522484548471,0.0,4.9639493227005e-07,40.47923074827788,1.581239085396751,1122.8495615201512,1500.0,0,0,0,0.0,26.101102966555786,1.58765974166871,1122.8495615201512,1301.0491420366852,0,0,0,0.0,11.039899448638408,1.7368026690028275,1123.142310468986,1500.0,0,0,0,0.0,40.305796573979656,1.3642181535838767,1122.098916770503,1500.0,0,0,0,0.0,25.89969472317319,1.294133476508502,1122.098916770503,1301.85936095256,0,0,0,0.0,11.055013801977317,1.7309579821976122,1123.1423117027916,1500.0,0,0,0,0.0
eta06,Mar2015,400.0,2,1500.0,96.33333333333333,True,0.3847824469091571,0.0,1.7760321497917175e-06,40.49953696534321,1.607066814274834,1120.6097994767529,1500.0,0,0,0,0.0,26.067096741190674,1.6190828167801898,1120.9779297808234,1303.1146027719446,0,0,0,0.0,11.093413462101438,1.6867248071643268,1120.6097994767529,1500.0,0,0,0,0.0,40.343701856021084,1.4303652301751404,1120.6150134000104,1500.0,0,0,0,0.0,25.893448877048765,1.3893281442917713,1121.414523324013,1303.7362615253387,0,0,0,0.0,11.095059774459134,1.6874911331826767,1120.6150134000104,1500.0,0,0,0,0.0
eta06,Mar2015,550.0,0,1500.0,96.75,True,-1.585639541575353,0.0,0.0015910398215055466,3.3297110951663287,0.6470821804725921,1138.2135278051198,1500.0,0,0,0,0.0,2.1424459070814117,0.6037919137811338,1138.660511731848,1189.0926605227119,0,0,0,0.0,0.937272582045785,0.7979566057420696,1138.2135278051198,1500.0,0,0,0,0.0,3.3825083109115077,0.6225924889805886,1138.1985038667697,1500.0,0,0,0,0.0,2.189246709893094,0.5591108172244673,1138.1985038667697,1220.6861340058754,0,0,0,0.0,0.9389185330434557,0.799382399962577,1138.2089816918497,1500.0,0,0,0,0.0
eta06,Mar2015,550.0,1,1500.0,96.75,True,-1.5531025626083725,0.0,0.0033535799011588097,3.3267723202481774,0.6349926481685215,1138.2783239761895,1500.0,0,0,0,0.0,2.136444985467948,0.6640304186403261,1138.2783239761895,1189.2219284455916,0,0,0,0.0,0.932331289889814,0.6262049498220996,1138.9980643723927,1500.0,0,0,0,0.0,3.378440506406098,0.619200880053024,1138.3720327463225,1500.0,0,0,0,0.0,2.1842036451677718,0.6532900310989376,1138.3720327463225,1221.302531026393,0,0,0,0.0,0.9343377780734419,0.6250520774691117,1139.017668723575,1500.0,0,0,0,0.0
eta06,Mar2015,550.0,2,1500.0,96.75,True,-1.5692347222659422,0.0,0.0027505923062562943,3.3311516349268158,0.6108222953940964,1138.7148318593556,1500.0,0,0,0,0.0,2.138926037102118,0.5988589679576247,1138.7148318593556,1189.3651856313825,0,0,0,0.0,0.9390300172294053,0.7067271618579034,1139.1389977058498,1500.0,0,0,0,0.0,3.383425223033417,0.5770712728713742,1138.7338267162356,1500.0,0,0,0,0.0,2.187386713219664,0.5616527339507722,1138.7338267162356,1222.9480598353825,0,0,0,0.0,0.940042923353841,0.7108280985795794,1139.130490180173,1500.0,0,0,0,0.0
eta06,May2024,400.0,0,1500.0,96.58333333333333,True,7.55563246622802,0.0,0.00014621112495660782,104.7929109362905,2.3557223196881267,1112.7360614079564,1500.0,0,0,0,0.0,71.3989816588998,2.4499145607606314,1112.7360614079564,1456.959723211684,0,0,0,0.0,25.983259817339857,2.2507758265185047,1127.0180331093823,1500.0,0,0,0,0.0,96.87514373528272,4.195212773936796,643.5756311382908,1500.0,0,0,0,0.0,64.10809188158788,4.926666656224631,643.5756311382908,1084.5168644335838,0,0,0,0.0,25.946389093776716,2.2494496151479715,758.0235370742009,1500.0,0,0,0,0.0
eta06,May2024,400.0,1,1500.0,96.58333333333333,True,7.479116203111667,0.0,0.00017916876822710037,104.76992590367172,2.3696002975855768,1112.8482153865175,1500.0,0,0,0,0.0,71.41202155032967,2.404764919362612,1112.8482153865175,1454.7152891182714,0,0,0,0.0,25.94591873332064,2.5135148640602036,1123.9851486495775,1500.0,0,0,0,0.0,96.93406139942212,4.21307867434076,643.014253798332,1500.0,0,0,0,0.0,64.25007208374814,4.9174067144666225,643.014253798332,1062.8317568416119,0,0,0,0.0,25.90404325541499,2.5132451718986033,735.1235453200751,1500.0,0,0,0,0.0
eta06,May2024,400.0,2,1500.0,96.58333333333333,True,7.5289557025991565,0.0,0.00011757481843233109,104.77158236964561,2.420952505915481,1111.576541023168,1500.0,0,0,0,0.0,71.37828676265367,2.471695290394566,1111.576541023168,1456.1527054126163,0,0,0,0.0,25.974833570378095,2.516082875007679,1125.4924351582274,1500.0,0,0,0,0.0,96.88337634412281,4.163009639211285,652.4905742285827,1500.0,0,0,0,0.0,64.1310548555479,4.847780682501142,652.4905742285827,1096.3509068064884,0,0,0,0.0,25.949984509453827,2.5157691559706548,768.4781865658024,1500.0,0,0,0,0.0
eta06,May2024,550.0,0,1500.0,97.0,True,-0.672608309074126,0.0,1.0943040251731873e-06,12.72081557169333,0.9589979702278695,1147.2206824170746,1500.0,0,0,0,0.0,8.63761082385177,0.9633223812967202,1147.2206824170746,1236.6702336828168,0,0,0,0.0,3.277876473332757,1.003660122019284,1157.1298362295142,1500.0,0,0,0,0.0,12.806376834210536,0.9575407965962195,1147.125859295415,1500.0,0,0,0,0.0,8.724097150848106,0.9738023856715401,1147.125859295415,1236.6909647434761,0,0,0,0.0,3.2857929080021275,1.0051977285543612,1157.1275195569806,1500.0,0,0,0,0.0
eta06,May2024,550.0,1,1500.0,97.0,True,-0.7441303234166766,0.0,3.112480044364929e-05,12.727212921471143,0.8794340866585882,1147.4904555413377,1500.0,0,0,0,0.0,8.636363771816518,0.9010337358784151,1147.4904555413377,1236.706102031334,0,0,0,0.0,3.2837209370319353,0.9313592627484175,1156.873840580983,1500.0,0,0,0,0.0,12.821919972145615,0.8767000186097096,1147.2358108867656,1500.0,0,0,0,0.0,8.73025868610807,0.9006998230403033,1147.2358108867656,1236.7132739773072,0,0,0,0.0,3.2901079061878846,0.9308919325992351,1156.8760114009376,1500.0,0,0,0,0.0
eta06,May2024,550.0,2,1500.0,97.0,True,-0.6380359965681757,0.0,4.712492227554321e-06,12.742676032680222,0.9121829574343377,1148.111712245809,1500.0,0,0,0,0.0,8.627138956371459,0.917872485166354,1148.111712245809,1238.699046719808,0,0,0,0.0,3.306433772774433,1.015499724250961,1156.580730649104,1500.0,0,0,0,0.0,12.823978892694788,0.9143618637216225,1147.5325144368765,1500.0,0,0,0,0.0,8.716577173958125,0.9279896189465421,1147.5325144368765,1237.734273687769,0,0,0,0.0,3.3082149636937785,1.0172187821597167,1156.5771336131074,1500.0,0,0,0,0.0
