protocol_sha256,case,event,h_km,ctrl,seed,capacity_Wh,eta,completion_event_h,recovery_start_h,recovery_area_max,generation_W,load_W,full_rms,full_maxabs,full_min_x,full_fuel_g,full_minA,full_minE,full_n_floor_viol,full_drag_imp,full_thr_imp,full_E_start_Wh,full_E_end_Wh,full_x_end,full_mean_gen_loss,full_max_slack,full_max_slack_x_m,full_max_slack_E_Wh,full_max_slack_T_mN,full_u_sat_frac,full_total_generated_Wh,full_total_load_Wh,full_total_propulsion_Wh,full_total_shunt,full_total_unserved_Wh,full_energy_closure_error_Wh,full_fuel_power_closure_error_Wh,full_n_area_floor_viol,full_forced_fallback_steps,full_missing_measurement_steps,full_unserved_bus_Wh,full_n_energy_floor_viol,full_n_physical_battery_floor,full_powered_regime_valid,full_qp_attempts_all,full_qp_failures_all,full_max_qp_violation,full_max_kkt_scaled,full_max_complementarity,full_loop_med_ms,full_loop_p99_ms,full_loop_max_ms,event_window_rms,event_window_maxabs,event_window_min_x,event_window_fuel_g,event_window_minA,event_window_minE,event_window_n_floor_viol,event_window_drag_imp,event_window_thr_imp,event_window_E_start_Wh,event_window_E_end_Wh,event_window_x_end,event_window_mean_gen_loss,event_window_max_slack,event_window_max_slack_x_m,event_window_max_slack_E_Wh,event_window_max_slack_T_mN,event_window_u_sat_frac,event_window_total_generated_Wh,event_window_total_load_Wh,event_window_total_propulsion_Wh,event_window_total_shunt,event_window_total_unserved_Wh,event_window_energy_closure_error_Wh,event_window_fuel_power_closure_error_Wh,event_window_n_area_floor_viol,event_window_forced_fallback_steps,event_window_missing_measurement_steps,event_window_unserved_bus_Wh,event_window_n_energy_floor_viol,event_window_n_physical_battery_floor,event_window_powered_regime_valid,event_window_qp_attempts_all,event_window_qp_failures_all,event_window_max_qp_violation,event_window_max_kkt_scaled,event_window_max_complementarity,event_window_loop_med_ms,event_window_loop_p99_ms,event_window_loop_max_ms,after_event_rms,after_event_maxabs,after_event_min_x,after_event_fuel_g,after_event_minA,after_event_minE,after_event_n_floor_viol,after_event_drag_imp,after_event_thr_imp,after_event_E_start_Wh,after_event_E_end_Wh,after_event_x_end,after_event_mean_gen_loss,after_event_max_slack,after_event_max_slack_x_m,after_event_max_slack_E_Wh,after_event_max_slack_T_mN,after_event_u_sat_frac,after_event_total_generated_Wh,after_event_total_load_Wh,after_event_total_propulsion_Wh,after_event_total_shunt,after_event_total_unserved_Wh,after_event_energy_closure_error_Wh,after_event_fuel_power_closure_error_Wh,after_event_n_area_floor_viol,after_event_forced_fallback_steps,after_event_missing_measurement_steps,after_event_unserved_bus_Wh,after_event_n_energy_floor_viol,after_event_n_physical_battery_floor,after_event_powered_regime_valid,after_event_qp_attempts_all,after_event_qp_failures_all,after_event_max_qp_violation,after_event_max_kkt_scaled,after_event_max_complementarity,after_event_loop_med_ms,after_event_loop_p99_ms,after_event_loop_max_ms,full_solve_med_ms,full_solve_p99_ms,full_solve_max_ms,event_window_solve_med_ms,event_window_solve_p99_ms,event_window_solve_max_ms,after_event_solve_med_ms,after_event_solve_p99_ms,after_event_solve_max_ms
d5419d24e3f12cc98db8a0792babd5f886758ddd3fc42e7ea513816b648d1aed,baseline,Feb2022,400.0,pid_lowdrag_preview,0,1500.0,0.5,96.16666666666667,72.0,10.0,1500.0,600.0,1.2402806430263877,4.8629050850868225,-4.336441549472511,28.493157133094353,6.865544560413195,1126.6208050263438,0,503.2306845876554,502.9603549186628,1350.0,1500.0,-1.8353498298674822,0.24532064654818786,0.0,0.0,0.0,0.0,0.0,76482.62252683387,64900.0,2466.178082281579,8966.444444552299,0.0,1.8189894035458565e-12,3.637978807091713e-12,0,0,0,0.0,0,0,True,0,0,,,,0.1653794997764635,0.4104460095732064,1.322935999269248,1.2290381433099438,4.8629050850868225,-3.8746841670945287,17.98837331557321,6.865544560413195,1132.782434566555,0,317.496428397418,317.5302261152972,1284.316186377139,1211.6639387400019,0.0714892316609621,0.3147895408029774,0.0,0.0,0.0,0.0,0.0,46354.63450815805,43200.0,1556.9538959668057,1670.3328598283815,0.0,-1.1368683772161603e-12,8.185452315956354e-12,0,0,0,0.0,0,0,True,0,0,,,,0.1645430006647075,0.38094275038929465,1.322935999269248,1.3636451666354765,4.336441549472511,-4.336441549472511,7.971032405086742,8.636015158665616,1126.6208050263438,0,140.9852902025831,140.70442488361607,1211.6639387400019,1500.0,-1.8353498298674822,0.0006424124036361611,0.0,0.0,0.0,0.0,0.0,22549.930648616355,14500.0,689.9195241424675,7071.675063213896,0.0,6.366462912410498e-12,-3.637978807091713e-12,0,0,0,0.0,0,0,True,0,0,,,,0.1653794997764635,0.4104460095732064,1.322935999269248,,,,,,,,,
d5419d24e3f12cc98db8a0792babd5f886758ddd3fc42e7ea513816b648d1aed,baseline,Feb2022,400.0,pid_lowdrag_preview,1,1500.0,0.5,96.16666666666667,72.0,10.0,1500.0,600.0,1.2671947616746435,5.4494449486956,-4.782498856075108,28.50097148995334,6.854847534672427,1125.9435495316961,0,503.3349012428571,503.0982937115131,1350.0,1500.0,-1.6064108088612556,0.24523986988690394,0.0,0.0,0.0,0.0,0.0,76510.83718863732,64900.0,2466.854441012997,8993.98274762432,0.0,-1.8189894035458565e-12,-4.547473508864641e-13,0,0,0,0.0,0,0,True,0,0,,,,0.1773429994500475,0.6442979399889732,2.2858199999973294,1.2805190466848269,5.4494449486956,-4.782498856075108,18.002536702341366,6.860907116201167,1130.4833577394284,0,317.57327528343615,317.7802377936288,1284.181199455481,1210.384236477752,1.4058743612840772,0.31465346034111286,0.0,0.0,0.0,0.0,0.0,46373.36020772885,43200.0,1558.1797844794376,1688.9773862271422,0.0,-1.5916157281026244e-12,-7.048583938740194e-12,0,0,0,0.0,0,0,True,0,0,,,,0.17805349989430397,0.4829137804608761,2.2858199999973294,1.3755253340950686,4.148047600872815,-4.148047600872815,7.96213279231365,8.759668853676056,1125.9435495316961,0,140.99102579972305,140.547329185938,1210.384236477752,1500.0,-1.6064108088612556,0.0005773002346841638,0.0,0.0,0.0,0.0,0.0,22550.0,14500.0,689.1492328806397,7071.235003597107,0.0,-5.4569682106375694e-12,6.252776074688882e-12,0,0,0,0.0,0,0,True,0,0,,,,0.1773429994500475,0.6442979399889732,2.2858199999973294,,,,,,,,,
d5419d24e3f12cc98db8a0792babd5f886758ddd3fc42e7ea513816b648d1aed,baseline,Feb2022,400.0,pid_lowdrag_preview,2,1500.0,0.5,96.16666666666667,72.0,10.0,1500.0,600.0,1.2670701091135987,4.319005864672363,-4.319005864672363,28.499703707067415,6.847836173448682,1126.6974236415676,0,503.3486900802984,503.07591484604063,1350.0,1500.0,-1.8519621137529612,0.2452598441458821,0.0,0.0,0.0,0.0,0.0,76515.69722465333,64900.0,2466.7447101624625,8998.952514490868,0.0,3.637978807091713e-12,-1.000444171950221e-11,0,0,0,0.0,0,0,True,0,0,,,,0.248935000399797,0.4153860296264611,1.705102999949304,1.2837500956035257,4.319005864672363,-4.319005864672363,17.97990982669584,6.847836173448682,1131.6059421460955,0,317.59647169660104,317.3808288635375,1283.4898377351242,1215.3963982686182,-1.4296638360247016,0.3146741638780912,0.0,0.0,0.0,0.0,0.0,46380.65484010861,43200.0,1556.2213526873134,1692.5269268878035,0.0,-2.2737367544323206e-13,-4.774847184307873e-12,0,0,0,0.0,0,0,True,0,0,,,,0.1946585002770007,0.43670360045325557,1.705102999949304,1.3064787939724836,3.6719850916415453,-3.460165328346193,7.983264890327799,8.612940712834881,1126.6974236415676,0,140.98254503165145,140.92035234612007,1215.3963982686182,1500.0,-1.8519621137529612,0.0006628557043305561,0.0,0.0,0.0,0.0,0.0,22549.78400008307,14500.0,690.9782866675316,7074.202111684161,0.0,4.547473508864641e-12,-5.115907697472721e-12,0,0,0,0.0,0,0,True,0,0,,,,0.248935000399797,0.4153860296264611,1.705102999949304,,,,,,,,,
d5419d24e3f12cc98db8a0792babd5f886758ddd3fc42e7ea513816b648d1aed,baseline,Feb2022,400.0,swmpc,0,1500.0,0.5,96.16666666666667,72.0,10.0,1500.0,600.0,1.1966830286653283,4.537740035913885,-4.345595453865826,28.66738068786137,6.3349440011409435,1126.6208191351845,0,506.30607550289506,506.03574388070797,1350.0,1500.0,-1.8353511625900865,0.21011979609040765,34.465759736944996,0.0,1.2947840417104316e-14,34.465759736944996,0.0,75091.55069497491,64900.0,2481.2577138638826,7560.292981111021,0.0,-7.275957614183426e-12,9.094947017729282e-12,0,0,0,0.0,0,0,True,1008,0,3.780086273167783e-11,1.606150117288547e-13,1.0595839036891006e-10,0.7791415000610868,1.2460380503216584,4.355653999482456,1.1600054665036201,4.537740035913885,-3.2117571560665965,18.11462317223406,6.348087665998379,1129.3666172076632,0,319.87969436264984,319.75878479757966,1327.1244437556124,1210.5961257825725,0.03881135303527117,0.2713890854601515,34.441331009649126,0.0,1.1156747791749159e-14,34.441331009649126,0.0,45059.68892752609,43200.0,1567.8812434675935,408.33600203153014,0.0,-7.275957614183426e-12,-2.5011104298755527e-12,0,0,0,0.0,0,0,True,1008,0,3.780086273167783e-11,1.606150117288547e-13,1.0595839036891006e-10,1.00984350001454,1.2526375502602602,4.355653999482456,1.363617225402539,4.345595453865826,-4.345595453865826,7.9744960472485005,9.930470780179038,1126.6208191351845,0,141.04161691627752,140.76556499114957,1210.5961257825725,1500.0,-1.8353511625900865,2.996949130218418e-05,0.0,0.0,0.0,0.0,0.0,22550.0,14500.0,690.2193139602377,7070.376811822328,0.0,-6.821210263296962e-12,1.1596057447604835e-11,0,0,0,0.0,0,0,True,1008,0,3.780086273167783e-11,1.606150117288547e-13,1.0595839036891006e-10,0.7791415000610868,1.2460380503216584,4.355653999482456,0.3338940005050972,0.5089906301691371,0.5872960000488092,0.3338940005050972,0.5089906301691371,0.5872960000488092,0.3338940005050972,0.5089906301691371,0.5872960000488092
d5419d24e3f12cc98db8a0792babd5f886758ddd3fc42e7ea513816b648d1aed,baseline,Feb2022,400.0,swmpc,1,1500.0,0.5,96.16666666666667,72.0,10.0,1500.0,600.0,1.152804279761461,4.148058474995196,-4.148058474995196,28.672226706060304,6.3770080048280136,1125.9557685282937,0,506.35789572287183,506.1212856485783,1350.0,1500.0,-1.6064131166785955,0.21003067353477511,34.47868333860492,0.0,1.4917590655730063e-14,34.47868333860492,0.0,75087.16434973133,64900.0,2481.6771529528096,7555.487196778513,0.0,-1.1823431123048067e-11,9.094947017729282e-12,0,0,0,0.0,0,0,True,1008,0,3.1073294127847534e-11,2.2198888877571017e-13,1.3042262172548952e-10,0.7892009998613503,1.5192749399739107,3.8223739993554773,1.1220969961224705,3.6154296584427357,-3.3948669005185366,18.111382764802833,6.401930301084191,1129.8378830755148,0,319.8141569258734,319.7015852228193,1325.6365784243487,1210.4677574081784,0.2613919246941805,0.27174247927403883,34.4252006527416,0.0,1.4917590655730063e-14,34.4252006527416,0.0,45056.12955884024,43200.0,1567.600775362676,403.6976044937328,0.0,-4.320099833421409e-12,8.412825991399586e-12,0,0,0,0.0,0,0,True,1008,0,3.1073294127847534e-11,2.2198888877571017e-13,1.3042262172548952e-10,0.8440039996457926,1.747915200330674,3.8223739993554773,1.372906887690729,4.148058474995196,-4.148058474995196,7.974525473942791,9.924642931311976,1125.9557685282937,0,141.04120053914448,140.76608443027425,1210.4677574081784,1500.0,-1.6064131166785955,3.2481495124137005e-05,0.0,0.0,0.0,0.0,0.0,22550.0,14500.0,690.2218609390738,7070.24589646909,0.0,-1.4097167877480388e-11,1.1368683772161603e-12,0,0,0,0.0,0,0,True,1008,0,3.1073294127847534e-11,2.2198888877571017e-13,1.3042262172548952e-10,0.7892009998613503,1.5192749399739107,3.8223739993554773,0.3016754999407567,0.5841189104830844,2.715268000429205,0.3016754999407567,0.5841189104830844,2.715268000429205,0.3016754999407567,0.5841189104830844,2.715268000429205
d5419d24e3f12cc98db8a0792babd5f886758ddd3fc42e7ea513816b648d1aed,baseline,Feb2022,400.0,swmpc,2,1500.0,0.5,96.16666666666667,72.0,10.0,1500.0,600.0,1.142113652975345,3.9563875114545226,-3.4601894803345203,28.681322150774367,6.288292564402535,1126.6974251218285,0,506.5546155307882,506.28183816580304,1350.0,1500.0,-1.8519613444805145,0.20953137460457605,34.46725703430446,0.0,1.2369262153885234e-14,34.46725703430446,0.0,75089.07910658573,64900.0,2482.4643941243335,7556.6147124613835,0.0,-1.6370904631912708e-11,-1.000444171950221e-11,0,0,0,0.0,0,0,True,1008,0,2.2463455030454696e-11,1.6912765024733012e-13,1.4672795206843614e-10,0.7146184998418903,1.114633090255665,2.2481729993160116,1.1200107780299586,3.9563875114545226,-3.0067501943558455,18.115709992760298,6.288292564402535,1129.130145118421,0,320.06337217088924,319.7779693209044,1327.9491891119899,1212.8789496594204,-1.0415062196552753,0.2707088472718956,34.437066245414094,0.0,1.2369262153885234e-14,34.437066245414094,0.0,45059.139914456005,43200.0,1567.9753114204177,406.23484248814975,0.0,-7.503331289626658e-12,-8.640199666842818e-12,0,0,0,0.0,0,0,True,1008,0,2.2463455030454696e-11,1.6912765024733012e-13,1.4672795206843614e-10,0.7404975003737491,1.1515299594884703,2.2481729993160116,1.3097178118791373,3.669661570340395,-3.4601894803345203,7.983310004890871,9.927799855425487,1126.6974251218285,0,141.04051628715405,140.92114870703256,1212.8789496594204,1500.0,-1.8519613444805145,3.1120751971869254e-05,0.0,0.0,0.0,0.0,0.0,22550.0,14500.0,690.9821914839133,7071.896758175504,0.0,-3.183231456205249e-12,-1.7053025658242404e-12,0,0,0,0.0,0,0,True,1008,0,2.2463455030454696e-11,1.6912765024733012e-13,1.4672795206843614e-10,0.7146184998418903,1.114633090255665,2.2481729993160116,0.26392899962957017,0.4925667800398512,1.6853440001796116,0.26392899962957017,0.4925667800398512,1.6853440001796116,0.26392899962957017,0.4925667800398512,1.6853440001796116
d5419d24e3f12cc98db8a0792babd5f886758ddd3fc42e7ea513816b648d1aed,baseline,Feb2022,550.0,pid_lowdrag_preview,0,1500.0,0.5,96.58333333333333,72.0,10.0,1500.0,600.0,0.572787363064649,2.2199413934722543,-2.2199413934722543,2.214337173862378,6.63158139103847,1138.846380415506,0,39.13838066735914,39.08741336290346,1350.0,1500.0,-0.3575510950759053,0.27948005021514555,0.0,0.0,0.0,0.0,0.0,75602.41216679603,65150.0,191.65829112765948,10110.753875668372,0.0,3.637978807091713e-12,7.958078640513122e-13,0,0,0,0.0,0,0,True,0,0,,,,0.25969199941755505,0.45479410002371895,0.7218589998956304,0.5656407063889904,1.8475272478535771,-1.1600695345550776,1.3875150489708028,6.646086431226074,1139.4018080979165,0,24.33774829668839,24.49237401898127,1179.512882489787,1247.8528084820448,0.5159521838650107,0.3605386455757774,0.0,0.0,0.0,0.0,0.0,44820.1860480686,43200.0,120.0940698366211,1431.752052239722,0.0,0.0,4.121147867408581e-13,0,0,0,0.0,0,0,True,0,0,,,,0.26411800035930355,0.4220809300386463,0.7218589998956304,0.6156162449813739,2.2199413934722543,-2.2199413934722543,0.6445091712355049,8.815111301845286,1138.846380415506,0,11.501371188803294,11.376856555373859,1247.8528084820448,1500.0,-0.3575510950759053,0.0005411573265692304,0.0,0.0,0.0,0.0,0.0,23530.044823582757,14750.0,55.7844251693796,8472.113206895416,0.0,-5.6843418860808015e-12,4.121147867408581e-13,0,0,0,0.0,0,0,True,0,0,,,,0.25969199941755505,0.45479410002371895,0.7218589998956304,,,,,,,,,
d5419d24e3f12cc98db8a0792babd5f886758ddd3fc42e7ea513816b648d1aed,baseline,Feb2022,550.0,pid_lowdrag_preview,1,1500.0,0.5,96.58333333333333,72.0,10.0,1500.0,600.0,0.5424058628760318,1.7702995957806706,-1.457524823024869,2.2136041792967034,6.624661534625228,1138.9427733398434,0,39.1352580327461,39.074474564819916,1350.0,1500.0,-0.42641460336744785,0.2794666130449258,0.0,0.0,0.0,0.0,0.0,75598.19963544303,65150.0,191.5948479955452,10106.604787447504,0.0,2.000888343900442e-11,-9.663381206337363e-13,0,0,0,0.0,0,0,True,0,0,,,,0.192079000044032,0.34686427992710384,1.7070960002456559,0.5807192091758844,1.7702995957806706,-1.457524823024869,1.3819075082125716,6.624661534625228,1139.2746737684242,0,24.334247985230807,24.393389877743076,1179.5749504056932,1247.7884152512686,0.6704103359952569,0.36051909980700403,0.0,0.0,0.0,0.0,0.0,44815.17474368164,43200.0,119.60871842228455,1427.3525604137856,0.0,8.640199666842818e-12,4.263256414560601e-14,0,0,0,0.0,0,0,True,0,0,,,,0.22989699982645107,0.3434458995343448,1.7070960002456559,0.5046748287461381,1.6120621263980865,-1.1333315232768655,0.642706653174097,8.820103917482184,1138.9427733398434,0,11.501386844245143,11.345038560629437,1247.7884152512686,1500.0,-0.42641460336744785,0.0005387858537074797,0.0,0.0,0.0,0.0,0.0,23530.132271644536,14750.0,55.62841120029795,8472.292275695509,0.0,2.0463630789890885e-12,-1.0089706847793423e-12,0,0,0,0.0,0,0,True,0,0,,,,0.192079000044032,0.34686427992710384,1.7070960002456559,,,,,,,,,
d5419d24e3f12cc98db8a0792babd5f886758ddd3fc42e7ea513816b648d1aed,baseline,Feb2022,550.0,pid_lowdrag_preview,2,1500.0,0.5,96.58333333333333,72.0,10.0,1500.0,600.0,0.49305477153793736,1.7927456181496382,-1.0037228167057037,2.2140567265201714,6.623402681160899,1138.9775300738606,0,39.13973193230267,39.082462914832156,1350.0,1500.0,-0.4017596421763301,0.2794374075448718,0.0,0.0,0.0,0.0,0.0,75600.6484191863,65150.0,191.63401747186984,10109.014401714447,0.0,1.8189894035458565e-11,-8.526512829121202e-14,0,0,0,0.0,0,0,True,0,0,,,,0.167733000125736,0.34188087973234366,1.7639220004639355,0.4778122373834178,1.2619681181386113,-0.9952679621055722,1.3829356683949179,6.623402681160899,1138.9775300738606,0,24.339004382810792,24.411538930436794,1179.4531466964643,1247.3510181002528,0.2798703759908676,0.36047676786189753,0.0,0.0,0.0,0.0,0.0,44818.694943745366,43200.0,119.69770912608499,1431.0993632154948,0.0,2.5011104298755527e-12,-1.8474111129762605e-13,0,0,0,0.0,0,0,True,0,0,,,,0.16499899993505096,0.3289398195374814,1.7639220004639355,0.55051263875876,1.7927456181496382,-0.8452245825901628,0.6460537898645802,8.809817767737732,1139.062236698611,0,11.50128578802261,11.404122117076003,1247.3510181002528,1500.0,-0.4017596421763301,0.0005436721182477955,0.0,0.0,0.0,0.0,0.0,23529.95209063961,14750.0,55.918117079711145,8471.38499166015,0.0,-1.5916157281026244e-12,9.237055564881302e-14,0,0,0,0.0,0,0,True,0,0,,,,0.167733000125736,0.34188087973234366,1.7639220004639355,,,,,,,,,
d5419d24e3f12cc98db8a0792babd5f886758ddd3fc42e7ea513816b648d1aed,baseline,Feb2022,550.0,swmpc,0,1500.0,0.5,96.58333333333333,72.0,10.0,1500.0,600.0,0.5676062555700738,2.226481232792139,-2.226481232792139,2.2398838564321992,5.204178642906008,1138.8367769211334,0,39.590084049251175,39.538362637225624,1350.0,1500.0,-0.3628410007804632,0.22254910192456234,34.202885670923465,0.0,1.5512582883103013e-14,34.202885670923465,0.0,75658.57798606495,65150.0,193.8694419781737,10164.70854408677,0.0,-5.4569682106375694e-12,5.684341886080802e-14,0,0,0,0.0,0,0,True,1008,0,5.102681832592641e-11,1.0511400682462812e-13,3.703685879060469e-10,0.7168120000642375,1.5981983201345453,4.120529000829265,0.5463615558709644,1.7142466679215431,-1.1142235798761249,1.4096467256338936,5.2055385713842774,1139.2686798824302,0,24.728639754280625,24.88304171148789,1179.5358278389126,1311.7187929478998,0.5425389017909765,0.28862461487806024,34.202885670923465,0.0,1.5512582883103013e-14,34.202885670923465,0.0,44782.429812250535,43200.0,122.00964049998082,1328.2372066415692,0.0,2.0463630789890885e-12,2.984279490192421e-13,0,0,0,0.0,0,0,True,1008,0,5.102681832592641e-11,1.0511400682462812e-13,3.703685879060469e-10,0.7445734995599196,1.7927281002812367,4.120529000829265,0.6188496914471443,2.226481232792139,-2.226481232792139,0.644500951474557,9.550133174714672,1138.8367769211334,0,11.50576998087272,11.376711460400308,1311.7187929478998,1500.0,-0.3628410007804632,0.00019738673714075894,0.0,0.0,0.0,0.0,0.0,23542.72136406793,14750.0,55.78371372156726,8548.65644329426,0.0,-2.9558577807620168e-12,-2.0605739337042905e-13,0,0,0,0.0,0,0,True,1008,0,5.102681832592641e-11,1.0511400682462812e-13,3.703685879060469e-10,0.7168120000642375,1.5981983201345453,4.120529000829265,0.2838535001501441,0.5196993396020841,3.2939520006038947,0.2838535001501441,0.5196993396020841,3.2939520006038947,0.2838535001501441,0.5196993396020841,3.2939520006038947
d5419d24e3f12cc98db8a0792babd5f886758ddd3fc42e7ea513816b648d1aed,baseline,Feb2022,550.0,swmpc,1,1500.0,0.5,96.58333333333333,72.0,10.0,1500.0,600.0,0.5441256598647045,1.5970523785799742,-1.3534749010577798,2.23965658000622,5.199999999999999,1138.8517440228818,0,39.596754480494724,39.53435076057263,1350.0,1500.0,-0.4377807127311826,0.22310574924935145,34.16544262706483,0.0,1.1806741772419576e-14,34.16544262706483,0.0,75725.26857877147,65150.0,193.84977044308343,10231.418808328392,0.0,1.8189894035458565e-12,-1.7053025658242404e-13,0,0,0,0.0,0,0,True,1008,0,6.870608530229593e-11,1.278635947847362e-13,3.447674824092811e-10,0.7222200001706369,1.2243347200819699,2.282074000504508,0.5834829555475008,1.5970523785799742,-1.3534749010577798,1.40621207112651,5.199999999999999,1138.8517440228818,0,24.7357258601582,24.822413293163045,1179.4230232880334,1309.9293538370237,0.7278129383921623,0.28940636992986424,34.16544262706483,0.0,1.1806741772419576e-14,34.16544262706483,0.0,44850.583808036856,43200.0,121.71235966069813,1398.3651178271866,0.0,1.9326762412674725e-11,-4.263256414560601e-13,0,0,0,0.0,0,0,True,1008,0,6.870608530229593e-11,1.278635947847362e-13,3.447674824092811e-10,0.7523949998358148,1.2424551001640791,2.282074000504508,0.4997443224957985,1.5810738960281014,-1.133635583333671,0.6423994894516871,9.552243935795909,1138.9308880016447,0,11.505767514121988,11.339616515816719,1309.9293538370237,1500.0,-0.4377807127311826,0.00019642283924958814,0.0,0.0,0.0,0.0,0.0,23542.756907802668,14750.0,55.60182515241616,8547.084436487276,0.0,2.2737367544323206e-13,2.4158453015843406e-13,0,0,0,0.0,0,0,True,1008,0,6.870608530229593e-11,1.278635947847362e-13,3.447674824092811e-10,0.7222200001706369,1.2243347200819699,2.282074000504508,0.2851655003723863,0.5298702101117654,0.7964319993334357,0.2851655003723863,0.5298702101117654,0.7964319993334357,0.2851655003723863,0.5298702101117654,0.7964319993334357
d5419d24e3f12cc98db8a0792babd5f886758ddd3fc42e7ea513816b648d1aed,baseline,Feb2022,550.0,swmpc,2,1500.0,0.5,96.58333333333333,72.0,10.0,1500.0,600.0,0.4738864384221635,1.8676317688077688,-0.8977564768865705,2.238891263180172,5.2030421620569545,1138.890575778508,0,39.57845936597178,39.52084141091894,1350.0,1500.0,-0.40420709550380707,0.22262742784632972,34.18358654458215,0.0,1.3296003620382329e-14,34.18358654458215,0.0,75666.7465933586,65150.0,193.7835297111926,10172.963063647407,0.0,-7.275957614183426e-12,6.536993168992922e-13,0,0,0,0.0,0,0,True,1008,0,6.21297221970885e-11,1.3419375170421693e-13,4.0884067086120363e-10,0.8216099995479453,1.5758173593530955,5.578708999564697,0.45155375714056056,1.1748686088249087,-0.8697062870487571,1.405835524883068,5.2030421620569545,1138.890575778508,0,24.717872414393227,24.815766510170494,1179.4346101731805,1311.1760133151329,0.3508426398038864,0.2887276771262658,34.18358654458215,0.0,1.1225758499730662e-14,34.18358654458215,0.0,44795.65551135826,43200.0,121.67976832348084,1342.234339892809,0.0,-1.5916157281026244e-11,7.105427357601002e-13,0,0,0,0.0,0,0,True,1008,0,6.21297221970885e-11,1.3419375170421693e-13,4.0884067086120363e-10,0.9690625001894659,1.8785394705537173,5.578708999564697,0.5587779384811657,1.8676317688077688,-0.8466762211173773,0.6457053603466485,9.530753821831993,1139.0527256572116,0,11.50560102336986,11.397971649678347,1311.1760133151329,1500.0,-0.40420709550380707,0.00020624626001441992,0.0,0.0,0.0,0.0,0.0,23542.394669161968,14750.0,55.88795933915853,8547.682723137941,0.0,0.0,3.552713678800501e-14,0,0,0,0.0,0,0,True,1008,0,6.21297221970885e-11,1.3419375170421693e-13,4.0884067086120363e-10,0.8216099995479453,1.5758173593530955,5.578708999564697,0.3295979995527887,0.644114329961666,3.326501000628923,0.3295979995527887,0.644114329961666,3.326501000628923,0.3295979995527887,0.644114329961666,3.326501000628923
d5419d24e3f12cc98db8a0792babd5f886758ddd3fc42e7ea513816b648d1aed,baseline,Mar2015,400.0,pid_lowdrag_preview,0,1500.0,0.5,96.33333333333333,72.0,10.0,1500.0,600.0,1.541308945745775,6.26647774130106,-5.308039559982717,40.70725691801898,6.972012574920267,1117.5857176624536,0,718.809175125752,718.5632778991688,1350.0,1500.0,-1.6695956625044346,0.23203612759252945,0.0,0.0,0.0,0.0,0.0,77719.86075556197,65000.0,3523.34928460493,9046.511470957017,0.0,-2.000888343900442e-11,1.5006662579253316e-11,0,0,0,0.0,0,0,True,0,0,,,,0.2593109998088039,0.4288488301790494,0.7740979999653064,1.5330331674251594,6.26647774130106,-4.567946584895253,26.291822969535634,6.978888557431247,1117.5857176624536,0,464.06114763794426,464.1024703035506,1203.6225843540778,1301.1745792910856,0.27729934733361006,0.2982230350967876,0.0,0.0,0.0,0.0,0.0,47425.59986023411,43200.0,2275.6452452011617,1852.4026200959179,0.0,-2.5920599000528455e-11,-1.1823431123048067e-11,0,0,0,0.0,0,0,True,0,0,,,,0.2706130003389262,0.4401316899929948,0.7740979999653064,1.642726525874867,5.308039559982717,-5.308039559982717,11.061737198505387,8.463002937299423,1119.4763460275483,0,195.54820484443667,195.26145317590988,1301.1745792910856,1500.0,-1.6695956625044346,0.000789701891555028,0.0,0.0,0.0,0.0,0.0,22650.0,14600.0,957.430364893751,6893.744214397341,0.0,6.821210263296962e-12,2.5579538487363607e-11,0,0,0,0.0,0,0,True,0,0,,,,0.2593109998088039,0.4288488301790494,0.7740979999653064,,,,,,,,,
d5419d24e3f12cc98db8a0792babd5f886758ddd3fc42e7ea513816b648d1aed,baseline,Mar2015,400.0,pid_lowdrag_preview,1,1500.0,0.5,96.33333333333333,72.0,10.0,1500.0,600.0,1.5855172798785684,6.8905286164954305,-4.968410225585103,40.71799721761308,6.958421568028311,1119.257698816919,0,719.0782351967212,718.7528653453886,1350.0,1500.0,-2.2091830046847463,0.23182779929956132,0.0,0.0,0.0,0.0,0.0,77756.16544682224,65000.0,3524.278893469662,9081.8865533526,0.0,2.1827872842550278e-11,-2.0463630789890885e-11,0,0,0,0.0,0,0,True,0,0,,,,0.17033699941748637,0.37052659989967646,2.1566240002357517,1.5936763948714603,6.8905286164954305,-4.968410225585103,26.318485530553822,6.958421568028311,1119.257698816919,0,464.28599948511936,464.5731170307703,1204.112773847834,1299.1800459199806,2.4449614342302084,0.2979364039022182,0.0,0.0,0.0,0.0,0.0,47455.406051693084,43200.0,2277.9529790648976,1882.3858005560458,0.0,5.9117155615240335e-12,-3.183231456205249e-12,0,0,0,0.0,0,0,True,0,0,,,,0.1675829998930567,0.39457468988075517,2.1566240002357517,1.7368140430326935,5.482800372876227,-4.473240097053349,11.040343063001963,8.642746974934314,1119.7707729285423,0,195.5693124380756,194.88380453781758,1299.1800459199806,1500.0,-2.2091830046847463,0.0006319057538562989,0.0,0.0,0.0,0.0,0.0,22650.0,14600.0,955.5786308853833,6893.6014150346045,0.0,7.048583938740194e-12,-1.6825651982799172e-11,0,0,0,0.0,0,0,True,0,0,,,,0.17033699941748637,0.37052659989967646,2.1566240002357517,,,,,,,,,
d5419d24e3f12cc98db8a0792babd5f886758ddd3fc42e7ea513816b648d1aed,baseline,Mar2015,400.0,pid_lowdrag_preview,2,1500.0,0.5,96.33333333333333,72.0,10.0,1500.0,600.0,1.6110307997392384,5.5302272429689765,-5.5302272429689765,40.737902833977664,6.954998419568011,1116.734277768488,0,719.0395672247317,719.1042386882879,1350.0,1500.0,0.43898423574864864,0.23186574377241886,0.0,0.0,0.0,0.0,0.0,77743.73430730129,65000.0,3526.0017911662435,9067.732516135044,0.0,-1.8189894035458565e-12,-9.094947017729282e-12,0,0,0,0.0,0,0,True,0,0,,,,0.1613434997125296,0.3247221697165514,7.099473000380385,1.6245142839105626,5.5302272429689765,-5.5302272429689765,26.284031870534342,6.967852505892134,1116.9839076122962,0,464.24798197990805,463.96494205771245,1203.751360393896,1301.679950211266,-1.4641929483041167,0.29799325848423097,0.0,0.0,0.0,0.0,0.0,47444.15453097408,43200.0,2274.9708995151423,1871.2550416415663,0.0,-4.547473508864641e-12,-8.185452315956354e-12,0,0,0,0.0,0,0,True,0,0,,,,0.16207499993470265,0.32860180926945737,7.099473000380385,1.6867488329616596,4.365545550361276,-4.140179845504463,11.093693096866758,8.447377667365487,1116.734277768488,0,195.5452102561036,195.825537735102,1301.679950211266,1500.0,0.43898423574864864,0.0008034519372617233,0.0,0.0,0.0,0.0,0.0,22650.0,14600.0,960.1962548149546,6891.48369539631,0.0,-6.821210263296962e-13,-1.1368683772161603e-13,0,0,0,0.0,0,0,True,0,0,,,,0.1613434997125296,0.3247221697165514,7.099473000380385,,,,,,,,,
d5419d24e3f12cc98db8a0792babd5f886758ddd3fc42e7ea513816b648d1aed,baseline,Mar2015,400.0,swmpc,0,1500.0,0.5,96.33333333333333,72.0,10.0,1500.0,600.0,1.3954869922687971,5.496765381656587,-5.307989650405943,40.47290426450576,5.108842503760288,1117.5971698908495,0,714.6723943874448,714.4264918899325,1350.0,1500.0,-1.6695974608883262,0.2178390607249996,34.62165381976174,0.0,1.1736997568507456e-14,34.62165381976174,0.0,76040.46329237905,65000.0,3503.0652783461906,7387.398014032842,0.0,-1.6370904631912708e-11,1.1368683772161603e-11,0,0,0,0.0,0,0,True,1008,0,1.7164578146549465e-11,2.508919980109106e-13,2.584695340542878e-10,0.7413889998133527,1.2915428797077764,2.70417699994141,1.3340838902397105,5.496765381656587,-3.7202554792165756,26.05356147435958,5.586401236455162,1117.5971698908495,0,459.98236930237033,459.8966855385515,1233.4325167466711,1300.7318006368696,0.4129279786720872,0.281647128920003,34.62165381976174,0.0,1.1736997568507456e-14,34.62165381976174,0.0,45963.1454992941,43200.0,2255.0229156183204,440.82329978558596,0.0,5.002220859751105e-12,5.002220859751105e-12,0,0,0,0.0,0,0,True,1008,0,1.7164578146549465e-11,2.508919980109106e-13,2.584695340542878e-10,0.778730499860103,1.344445500772053,2.70417699994141,1.6428293673954053,5.307989650405943,-5.307989650405943,11.063065635039525,8.960239186100724,1119.476348362819,0,195.591632119005,195.28490269775318,1300.7318006368696,1500.0,-1.6695974608883262,0.00047722668155825154,0.0,0.0,0.0,0.0,0.0,22650.0,14600.0,957.5453455204447,6893.18645511642,0.0,-5.4569682106375694e-12,6.480149750132114e-12,0,0,0,0.0,0,0,True,1008,0,1.7164578146549465e-11,2.508919980109106e-13,2.584695340542878e-10,0.7413889998133527,1.2915428797077764,2.70417699994141,0.2928364997387689,0.5684931204086751,2.1288630005074083,0.2928364997387689,0.5684931204086751,2.1288630005074083,0.2928364997387689,0.5684931204086751,2.1288630005074083
d5419d24e3f12cc98db8a0792babd5f886758ddd3fc42e7ea513816b648d1aed,baseline,Mar2015,400.0,swmpc,1,1500.0,0.5,96.33333333333333,72.0,10.0,1500.0,600.0,1.3669479054127875,5.482795438729227,-4.473237914964557,40.472645835563114,4.956276942593465,1118.370682681025,0,714.747305943721,714.4219301099831,1350.0,1500.0,-2.2091837087646127,0.2175462270721289,34.6504994255121,0.0,1.2193138319140785e-14,34.6504994255121,0.0,76038.75936760132,65000.0,3503.0429104565537,7385.716457144779,0.0,1.2732925824820995e-11,1.1823431123048067e-11,0,0,0,0.0,0,0,True,1008,0,1.666625276704912e-11,2.17398663418151e-13,1.922267713983975e-10,0.6944379997548822,1.0667572700640446,2.487814999767579,1.2982866745013044,4.731371201574802,-3.750710300169885,26.056001756824077,5.61536203509872,1118.370682681025,0,459.96083103409364,459.9397613314027,1234.3592804515329,1300.21201438205,0.8015409363433719,0.28139361549515884,34.59612662029449,0.0,1.2193138319140785e-14,34.59612662029449,0.0,45959.930914645505,43200.0,2255.234130230302,438.84405048470717,0.0,2.114575181622058e-11,-1.3642420526593924e-11,0,0,0,0.0,0,0,True,1008,0,1.666625276704912e-11,2.17398663418151e-13,1.922267713983975e-10,0.715464999757387,1.0951181101063396,2.487814999767579,1.7309268309791452,5.482795438729227,-4.473237914964557,11.0553441414303,8.968048272697981,1119.7707744616148,0,195.59204655411156,195.14860312420467,1300.21201438205,1500.0,-2.2091837087646127,0.000473497006892476,0.0,0.0,0.0,0.0,0.0,22650.0,14600.0,956.8770244140098,6893.334989968037,0.0,-3.410605131648481e-12,2.523847797419876e-11,0,0,0,0.0,0,0,True,1008,0,1.666625276704912e-11,2.17398663418151e-13,1.922267713983975e-10,0.6944379997548822,1.0667572700640446,2.487814999767579,0.262771000052453,0.3976391300238902,0.6064049994165543,0.262771000052453,0.3976391300238902,0.6064049994165543,0.262771000052453,0.3976391300238902,0.6064049994165543
d5419d24e3f12cc98db8a0792babd5f886758ddd3fc42e7ea513816b648d1aed,baseline,Mar2015,400.0,swmpc,2,1500.0,0.5,96.33333333333333,72.0,10.0,1500.0,600.0,1.433316995124693,4.7338547660037875,-4.141074018552899,40.49753898827131,5.135837707260327,1116.7416814081382,0,714.7966778372721,714.861343294785,1350.0,1500.0,0.4389814957976341,0.21747895482548985,34.61038640085189,0.0,1.4128740909413275e-14,34.61038640085189,0.0,76050.4478022442,65000.0,3505.1974961109363,7395.250306133267,0.0,-1.8189894035458565e-12,-1.6370904631912708e-11,0,0,0,0.0,0,0,True,1008,0,1.7273169163134208e-11,2.241140791838984e-13,2.427664321023315e-10,0.7135119999475137,3.9098605797698833,8.333396000125504,1.3933953304730082,4.7338547660037875,-3.8000976722687483,26.035676139594628,5.135837707260327,1117.7092951472314,0,459.97509280969246,459.58097414583455,1233.4992513839068,1302.402431592868,-1.2997373091056943,0.2813818599347486,34.61038640085189,0.0,1.4128740909413275e-14,34.61038640085189,0.0,45970.12940482091,43200.0,2253.474880053641,447.7513445583161,0.0,8.86757334228605e-12,-1.0913936421275139e-11,0,0,0,0.0,0,0,True,1008,0,1.7273169163134208e-11,2.241140791838984e-13,2.427664321023315e-10,0.7414589999825694,4.062598009668359,8.333396000125504,1.6880082950073667,4.366247129626572,-4.141074018552899,11.096605777397187,9.406096342546236,1116.7416814081382,0,195.62084821708288,195.87695228443692,1302.402431592868,1500.0,0.4389814957976341,0.00026631548427513696,0.0,0.0,0.0,0.0,0.0,22650.0,14600.0,960.4483570601051,6891.954074532763,0.0,2.2737367544323206e-13,-5.4569682106375694e-12,0,0,0,0.0,0,0,True,1008,0,1.7273169163134208e-11,2.241140791838984e-13,2.427664321023315e-10,0.7135119999475137,3.9098605797698833,8.333396000125504,0.2720255001804617,0.7266194397106953,6.423374000405602,0.2720255001804617,0.7266194397106953,6.423374000405602,0.2720255001804617,0.7266194397106953,6.423374000405602
d5419d24e3f12cc98db8a0792babd5f886758ddd3fc42e7ea513816b648d1aed,baseline,Mar2015,550.0,pid_lowdrag_preview,0,1500.0,0.5,96.75,72.0,10.0,1500.0,600.0,0.6471820175544228,2.7393070328980684,-2.7393070328980684,3.331495940056293,6.701492714790956,1137.8562178381533,0,58.85107901284093,58.8074663889952,1350.0,1500.0,-0.30595883168280125,0.27403798340874697,0.0,0.0,0.0,0.0,0.0,76048.07165753885,65250.0,288.35212013181894,10359.71953740705,0.0,1.8189894035458565e-11,-2.3305801732931286e-12,0,0,0,0.0,0,0,True,0,0,,,,0.16097299976536306,0.3831787997114592,3.1974459998309612,0.6039430380466259,2.208284303545952,-1.690995546989143,2.144092109542965,6.703402355901005,1138.3914523272988,0,37.73464489970982,37.8474495948892,1279.7083627065124,1188.8903392596349,0.47641474660485983,0.3546259554295721,0.0,0.0,0.0,0.0,0.0,44792.11086641975,43200.0,185.57834578485895,1497.3505440817853,0.0,1.4097167877480388e-11,-7.673861546209082e-13,0,0,0,0.0,0,0,True,0,0,,,,0.16139400031534024,0.3617961000145439,3.1974459998309612,0.7979561856978955,2.7393070328980684,-2.7393070328980684,0.9372741652886774,8.5348525961077,1137.8562178381533,0,16.65625945921439,16.54473544745042,1188.8903392596349,1500.0,-0.30595883168280125,0.0007143863077988533,0.0,0.0,0.0,0.0,0.0,23823.478408322968,14850.0,81.12421493787002,8581.244532644734,0.0,1.8189894035458565e-12,-1.5347723092418164e-12,0,0,0,0.0,0,0,True,0,0,,,,0.16097299976536306,0.3831787997114592,3.1974459998309612,,,,,,,,,
d5419d24e3f12cc98db8a0792babd5f886758ddd3fc42e7ea513816b648d1aed,baseline,Mar2015,550.0,pid_lowdrag_preview,1,1500.0,0.5,96.75,72.0,10.0,1500.0,600.0,0.6351407301807498,2.051138929091394,-1.8882421609014273,3.328536488409586,6.698983399225674,1137.9326962208365,0,58.84863657821705,58.755226237311014,1350.0,1500.0,-0.6553059043362737,0.27400451615244836,0.0,0.0,0.0,0.0,0.0,76040.35542561855,65250.0,288.0959696900634,10352.259455928499,0.0,1.6370904631912708e-11,-1.3073986337985843e-12,0,0,0,0.0,0,0,True,0,0,,,,0.162004999765486,0.47569891961757144,0.8160110000972054,0.6642387473224728,2.051138929091394,-1.8882421609014273,2.1380646326854613,6.698983399225674,1137.9326962208365,0,37.73180817733749,37.74105275422448,1279.7074496035523,1189.045679266678,0.739377367310226,0.35456095012839717,0.0,0.0,0.0,0.0,0.0,44782.99849405636,43200.0,185.05664749610762,1488.603616897139,0.0,1.3415046851150692e-11,-1.5916157281026244e-12,0,0,0,0.0,0,0,True,0,0,,,,0.1622799995857349,0.5063739207616876,0.7717250000496279,0.6262000425607689,1.791348408907652,-1.5412614569067955,0.9323339488297111,8.544578628325295,1138.7979821321608,0,16.656336954132342,16.45753089472354,1189.045679266678,1500.0,-0.6553059043362737,0.0007060092466341095,0.0,0.0,0.0,0.0,0.0,23823.789406718704,14850.0,80.69662267437079,8582.138463311014,0.0,2.9558577807620168e-12,2.2737367544323206e-13,0,0,0,0.0,0,0,True,0,0,,,,0.162004999765486,0.47569891961757144,0.8160110000972054,,,,,,,,,
d5419d24e3f12cc98db8a0792babd5f886758ddd3fc42e7ea513816b648d1aed,baseline,Mar2015,550.0,pid_lowdrag_preview,2,1500.0,0.5,96.75,72.0,10.0,1500.0,600.0,0.6109415785455306,1.9642708227038383,-1.465547169558704,3.3329863367435486,6.700858864823994,1138.45684885204,0,58.85623365193448,58.833774826607744,1350.0,1500.0,-0.15755896177142859,0.27400568042844975,0.0,0.0,0.0,0.0,0.0,76050.56379077432,65250.0,288.48111895167534,10362.082671822636,0.0,-1.0913936421275139e-11,2.5011104298755527e-12,0,0,0,0.0,0,0,True,0,0,,,,0.16413699995609932,2.203164600396133,4.421347999596037,0.5990366885157367,1.7466735020279884,-1.465547169558704,2.1406243930392916,6.7047601946212065,1138.45684885204,0,37.739963478567866,37.786237567198114,1279.3819903997066,1189.2176092110203,0.406524526886642,0.3545559479682028,0.0,0.0,0.0,0.0,0.0,44794.61600366399,43200.0,185.2782033191811,1499.5021815334937,0.0,-3.637978807091713e-12,1.0516032489249483e-12,0,0,0,0.0,0,0,True,0,0,,,,0.16505899975527427,2.2385823495824293,4.421347999596037,0.7067108910075596,1.9642708227038383,-1.1458691479638219,0.9390287886865933,8.529254821119881,1138.966764233597,0,16.65611555810115,16.575708007032475,1189.2176092110203,1500.0,-0.15755896177142859,0.0007192097530357433,0.0,0.0,0.0,0.0,0.0,23823.299337918543,14850.0,81.27608346358208,8581.240863665986,0.0,5.4569682106375694e-12,1.4921397450962104e-12,0,0,0,0.0,0,0,True,0,0,,,,0.16413699995609932,2.203164600396133,4.421347999596037,,,,,,,,,
d5419d24e3f12cc98db8a0792babd5f886758ddd3fc42e7ea513816b648d1aed,baseline,Mar2015,550.0,swmpc,0,1500.0,0.5,96.75,72.0,10.0,1500.0,600.0,0.6225002730003519,2.7497812947258353,-2.7497812947258353,3.381231034989051,5.199999999999999,1137.8413957669807,0,59.72922853047561,59.68538879269567,1350.0,1500.0,-0.30755119025707245,0.22297054544294126,34.23864898148023,0.0,1.1130946911121243e-14,34.23864898148023,0.0,75622.88066475293,65250.0,292.6568590019434,9930.223805750984,0.0,0.0,-1.0800249583553523e-12,0,0,0,0.0,0,0,True,1008,0,1.0425851001842046e-10,1.4726256780835326e-13,2.799323672887417e-10,0.7049940004435484,1.0096479197818553,1.9500529997458216,0.558965900977334,2.079281585291028,-1.4640881288796663,2.1880978824987856,5.2048638880453275,1137.8413957669807,0,38.546971891964866,38.624238178931826,1279.5447451385628,1221.3345457762273,0.3265220392495394,0.2888434714343675,34.23864898148023,0.0,1.1130946911121243e-14,34.23864898148023,0.0,44403.274539032915,43200.0,189.38719266871027,1072.097545726535,0.0,-5.002220859751105e-12,-1.9042545318370685e-12,0,0,0,0.0,0,0,True,1008,0,1.0425851001842046e-10,1.4726256780835326e-13,2.799323672887417e-10,0.7303529996534053,1.0466050602553865,1.9500529997458216,0.7993824779923085,2.7497812947258353,-2.7497812947258353,0.938915146613164,9.924109069830642,1137.8507698782416,0,16.664086377693216,16.573702000561426,1221.3345457762273,1500.0,-0.30755119025707245,3.1940627175708336e-05,0.0,0.0,0.0,0.0,0.0,23848.814204216105,14850.0,81.26624736190243,8638.882502630433,0.0,2.5011104298755527e-12,8.242295734817162e-13,0,0,0,0.0,0,0,True,1008,0,1.0425851001842046e-10,1.4726256780835326e-13,2.799323672887417e-10,0.7049940004435484,1.0096479197818553,1.9500529997458216,0.27022799986298196,0.43101539000417577,1.4479960000244319,0.27022799986298196,0.43101539000417577,1.4479960000244319,0.27022799986298196,0.43101539000417577,1.4479960000244319
d5419d24e3f12cc98db8a0792babd5f886758ddd3fc42e7ea513816b648d1aed,baseline,Mar2015,550.0,swmpc,1,1500.0,0.5,96.75,72.0,10.0,1500.0,600.0,0.6191001210744584,2.2118180133402348,-1.7734589874744415,3.3770933761994155,5.199999999999999,1138.0479742194668,0,59.70624107300972,59.61235096387053,1350.0,1500.0,-0.6586706275120378,0.22370630824743853,34.24432383110536,0.0,1.1408964758737681e-14,34.24432383110536,0.0,75651.50754910709,65250.0,292.2987307899217,9959.208818317162,0.0,-5.4569682106375694e-12,-5.684341886080802e-14,0,0,0,0.0,0,0,True,1008,0,6.374040058060492e-11,1.1966930041560606e-13,4.4197857242791473e-10,0.710893000359647,1.222912119956164,2.2443569996539736,0.6531434914263401,2.2118180133402348,-1.7734589874744415,2.1829897278886854,5.199999999999999,1138.0479742194668,0,38.52499388100496,38.534069186998806,1279.6562330723298,1221.949887887449,0.5425111735239625,0.28985308398656484,34.24432383110536,0.0,1.0900706196126304e-14,34.24432383110536,0.0,44442.150270599115,43200.0,188.94506479634163,1110.9115509876533,0.0,-9.094947017729282e-13,-1.3926637620897964e-12,0,0,0,0.0,0,0,True,1008,0,6.374040058060492e-11,1.1966930041560606e-13,4.4197857242791473e-10,0.7396109999717737,1.2606938802036878,2.2443569996539736,0.6250680757667417,1.7952524470165372,-1.5984266744926572,0.9343352600451493,9.929430553247558,1138.8211956391738,0,16.664081151738408,16.492857980259323,1221.949887887449,1500.0,-0.6586706275120378,2.9700945602839646e-05,0.0,0.0,0.0,0.0,0.0,23848.897352394495,14850.0,80.86984285605566,8639.977397425873,0.0,-1.432454155292362e-11,1.3500311979441904e-12,0,0,0,0.0,0,0,True,1008,0,6.374040058060492e-11,1.1966930041560606e-13,4.4197857242791473e-10,0.710893000359647,1.222912119956164,2.2443569996539736,0.27733849947253475,0.5283571293875863,0.7135359992389567,0.27733849947253475,0.5283571293875863,0.7135359992389567,0.27733849947253475,0.5283571293875863,0.7135359992389567
d5419d24e3f12cc98db8a0792babd5f886758ddd3fc42e7ea513816b648d1aed,baseline,Mar2015,550.0,swmpc,2,1500.0,0.5,96.75,72.0,10.0,1500.0,600.0,0.5770632967764961,2.0139801865443587,-1.3078949395567179,3.3824655456084445,5.2023007046775795,1138.48099373626,0,59.730033856676464,59.70718033711333,1350.0,1500.0,-0.16032672859728336,0.22274775974850647,34.269521045718854,0.0,1.3514247497007142e-14,34.269521045718854,0.0,75613.44686967085,65250.0,292.7637100264781,9920.683159644379,0.0,7.275957614183426e-12,-8.526512829121202e-13,0,0,0,0.0,0,0,True,1008,0,7.045722966346868e-11,1.4618870684669057e-13,2.993891441863654e-10,0.7296409994523856,1.566119159870141,4.937575999974797,0.5616281171251537,1.956605770625174,-1.3078949395567179,2.1865717945377985,5.2023007046775795,1138.48099373626,0,38.54740167076004,38.597299720027294,1279.3909643020781,1223.2306229553699,0.33352346904575825,0.2885862846944206,34.269521045718854,0.0,1.2245645167706377e-14,34.269521045718854,0.0,44401.20136244141,43200.0,189.25510464970338,1068.106599138426,0.0,1.0800249583553523e-11,1.4210854715202004e-13,0,0,0,0.0,0,0,True,1008,0,7.045722966346868e-11,1.4618870684669057e-13,2.993891441863654e-10,0.7645185000910715,1.8783123298180726,4.937575999974797,0.710874215119209,2.0139801865443587,-1.1456535533070564,0.9400456228794507,9.936111779088868,1138.9564944643864,0,16.66405319227046,16.593657133698905,1223.2306229553699,1500.0,-0.16032672859728336,2.688898186509192e-05,0.0,0.0,0.0,0.0,0.0,23849.001746548263,14850.0,81.36409386509554,8640.868275638531,0.0,-6.59383658785373e-12,-9.521272659185342e-13,0,0,0,0.0,0,0,True,1008,0,7.045722966346868e-11,1.4618870684669057e-13,2.993891441863654e-10,0.7296409994523856,1.566119159870141,4.937575999974797,0.28656199992838083,0.5619027300053858,1.9032620002690237,0.28656199992838083,0.5619027300053858,1.9032620002690237,0.28656199992838083,0.5619027300053858,1.9032620002690237
d5419d24e3f12cc98db8a0792babd5f886758ddd3fc42e7ea513816b648d1aed,baseline,May2024,400.0,pid_lowdrag_preview,0,1500.0,0.5,96.58333333333333,72.0,10.0,1500.0,600.0,2.3803282816757676,9.268796454183757,-8.149639281444252,106.4819105635536,7.152640010860226,1102.019185760844,0,1878.9375600648762,1879.615490810536,1350.0,1500.0,4.603752812370658,0.19706773877253647,0.0,0.0,0.0,0.0,0.0007674597083653108,83838.98329661085,65150.0,9216.365626478548,9322.617670132291,0.0,-1.2732925824820995e-11,0.0,0,0,0,0.0,0,0,True,0,0,,,,0.17324100008409005,0.4223627401916021,1.038637999954517,2.484048492790168,9.268796454183757,-8.149639281444252,72.98945751048056,7.154917552323152,1102.019185760844,0,1288.312617088159,1288.4077142912693,1156.7780028270247,1456.2809390820403,-0.5448001231998205,0.2490033777608287,0.0,0.0,0.0,0.0,0.0011574074074074073,52451.18894278134,43200.0,6317.481755677235,2634.204250849083,0.0,-2.9558577807620168e-12,-4.3655745685100555e-11,0,0,0,0.0,0,0,True,0,0,,,,0.17243549973500194,0.42315243013945286,0.6871269997645868,2.2508222772046738,6.367754399776459,-6.367754399776459,25.986002455236914,8.637300722264984,1120.4216416459235,0,457.9459969916729,458.7041357597809,1456.2809390820403,1500.0,4.603752812370658,0.0006303840638027802,0.0,0.0,0.0,0.0,0.0,23300.0,14750.0,2249.1754564743096,6257.105482607732,0.0,9.094947017729282e-13,4.3655745685100555e-11,0,0,0,0.0,0,0,True,0,0,,,,0.17324100008409005,0.4223627401916021,1.038637999954517,,,,,,,,,
d5419d24e3f12cc98db8a0792babd5f886758ddd3fc42e7ea513816b648d1aed,baseline,May2024,400.0,pid_lowdrag_preview,1,1500.0,0.5,96.58333333333333,72.0,10.0,1500.0,600.0,2.382993915568487,8.13801728002727,-8.13801728002727,106.46056270404536,7.120839149108313,1102.0399390759899,0,1879.1759817797613,1879.2386590349283,1350.0,1500.0,0.42544490564614534,0.1971440183790497,0.0,0.0,0.0,0.0,0.0023023791250959325,83831.8761164631,65150.0,9214.517897812464,9317.358218650645,0.0,9.094947017729282e-12,2.9103830456733704e-11,0,0,0,0.0,0,0,True,0,0,,,,0.1618149999558227,0.376510779842647,0.7883400003265706,2.423166273874802,8.13801728002727,-8.13801728002727,73.00428615299299,7.128306269771107,1102.0399390759899,0,1288.5276355100852,1288.6694690440436,1159.8159156041486,1453.5310343376195,-0.05518308375030756,0.2491015849066216,0.0,0.0,0.0,0.0,0.003472222222222222,52431.6059336553,43200.0,6318.76522430043,2619.1255906214033,0.0,3.865352482534945e-12,2.546585164964199e-11,0,0,0,0.0,0,0,True,0,0,,,,0.1635164994695515,0.376467729865908,0.7883400003265706,2.513520552302623,7.152795542031527,-6.919551400467753,25.94833733127892,8.747435873158809,1116.4481972947171,0,457.96849178579987,458.0392721216208,1453.5310343376195,1500.0,0.42544490564614534,0.0005733368207202494,0.0,0.0,0.0,0.0,0.0,23300.0,14750.0,2245.9154139757225,6257.615620361897,0.0,0.0,2.2737367544323206e-12,0,0,0,0.0,0,0,True,0,0,,,,0.1618149999558227,0.376510779842647,0.7883400003265706,,,,,,,,,
d5419d24e3f12cc98db8a0792babd5f886758ddd3fc42e7ea513816b648d1aed,baseline,May2024,400.0,pid_lowdrag_preview,2,1500.0,0.5,96.58333333333333,72.0,10.0,1500.0,600.0,2.443122798525845,9.27201157156378,-9.222238269634545,106.45863567826655,7.123705767186344,1100.5003188986468,0,1878.8307875625514,1879.204643233681,1350.0,1500.0,2.538709670305252,0.19718854487963677,0.0,0.0,0.0,0.0,0.0023023791250959325,83838.01435642318,65150.0,9214.351107283826,9323.66324913935,0.0,-7.275957614183426e-12,-9.094947017729282e-12,0,0,0,0.0,0,0,True,0,0,,,,0.161212999955751,0.290081939619995,1.6499100001965417,2.5030644492573497,9.27201157156378,-9.222238269634545,72.96641001518388,7.123705767186344,1100.5003188986468,0,1288.151877160289,1288.000880595726,1156.7387175239828,1455.30263993087,-1.5767441736534238,0.24918578617724263,0.0,0.0,0.0,0.0,0.003472222222222222,52437.671027812874,43200.0,6315.486917847023,2623.620187558957,0.0,-7.275957614183426e-12,-1.1823431123048067e-11,0,0,0,0.0,0,0,True,0,0,,,,0.16162900010385783,0.2882329600743105,1.6499100001965417,2.5161739512029437,7.752763085067272,-6.200367441400886,25.977407617365458,8.644260930560069,1118.5908972318775,0,457.9463856353036,458.55241993949653,1455.30263993087,1500.0,2.538709670305252,0.000624073942302461,0.0,0.0,0.0,0.0,0.0,23300.0,14750.0,2248.431544499884,6256.8710954309845,0.0,-1.8189894035458565e-12,3.183231456205249e-12,0,0,0,0.0,0,0,True,0,0,,,,0.161212999955751,0.290081939619995,1.6499100001965417,,,,,,,,,
d5419d24e3f12cc98db8a0792babd5f886758ddd3fc42e7ea513816b648d1aed,baseline,May2024,400.0,swmpc,0,1500.0,0.5,96.58333333333333,72.0,10.0,1500.0,600.0,4.39803274090427,20.460589633323252,-7.181825398467481,98.00201682875728,2.944161979979915,645.837040330187,0,1729.2505480840882,1729.9286610007143,1350.0,1500.0,4.603909408673644,0.27047438429119586,35.99251775822902,3.0340960634902383,1.185322148599283e-14,35.99251775822902,0.0,79693.45556913048,65150.0,8482.40245170135,5911.053117429116,0.0,-1.9099388737231493e-11,1.8189894035458565e-12,0,0,0,0.0,0,0,True,1008,0,6.821210263296962e-12,3.177764317901346e-13,2.555386681225714e-10,0.8266980003099889,1.262971140040463,3.4279339997738134,5.18578093868438,20.460589633323252,-7.181825398467481,65.17128108829803,3.1229627103381885,645.837040330187,0,1150.0432765856647,1150.401498632204,1159.9237339272922,1073.4323503532314,1.1476392084732652,0.3468090908688647,35.99251775822902,3.0340960634902383,1.185322148599283e-14,35.99251775822902,0.0,48764.95740616592,43200.0,5640.792428280757,10.656361459220307,0.0,-5.6843418860808015e-12,5.4569682106375694e-12,0,0,0,0.0,0,0,True,1008,0,6.821210263296962e-12,3.177764317901346e-13,2.555386681225714e-10,0.8780500002103508,1.3050598799600248,3.4279339997738134,2.2495120153813137,6.3676708759739995,-6.3676708759739995,25.940130734933362,7.00777273401885,742.1886741315969,0,457.38546762461897,457.8944095291174,1073.4323503532314,1500.0,4.603909408673644,0.0022357561669253956,0.0,0.0,0.0,0.0,0.0,23300.0,14750.0,2245.2051056043774,5878.227244748847,0.0,-7.275957614183426e-12,-2.7284841053187847e-12,0,0,0,0.0,0,0,True,1008,0,6.821210263296962e-12,3.177764317901346e-13,2.555386681225714e-10,0.8266980003099889,1.262971140040463,3.4279339997738134,0.4094730002179858,0.6658293796317585,2.417362999949546,0.4094730002179858,0.6658293796317585,2.417362999949546,0.4094730002179858,0.6658293796317585,2.417362999949546
d5419d24e3f12cc98db8a0792babd5f886758ddd3fc42e7ea513816b648d1aed,baseline,May2024,400.0,swmpc,1,1500.0,0.5,96.58333333333333,72.0,10.0,1500.0,600.0,4.410270860274867,20.029246589168906,-8.10873251222074,98.11436640065092,2.687540617333741,645.8373641418156,0,1731.8490081384446,1731.9118522733022,1350.0,1500.0,0.4256357504054904,0.26913775290531006,35.970018146390764,2.6108890735613843,9.802232939740397e-15,35.970018146390764,0.0,79736.25707373771,65150.0,8492.126683047982,5944.130390689716,0.0,-1.2732925824820995e-11,1.2732925824820995e-11,0,0,0,0.0,0,0,True,1008,0,6.59383658785373e-12,3.1743619000456085e-13,3.7874968671046827e-10,0.8446140000160085,1.2391611395105429,1.7864060000647441,5.170541115483499,20.029246589168906,-8.10873251222074,65.32635564371556,3.1329267456226835,645.8373641418156,0,1152.6905812799794,1153.1388700322068,1162.2217842175717,1050.7772097346192,1.6612130515277386,0.34433221178162343,35.970018146390764,2.6108890735613843,9.802232939740397e-15,35.970018146390764,0.0,48784.17595671779,43200.0,5654.2146499006485,41.40588130010474,0.0,1.3869794202037156e-11,2.3646862246096134e-11,0,0,0,0.0,0,0,True,1008,0,6.59383658785373e-12,3.1743619000456085e-13,3.7874968671046827e-10,0.8971984998424887,1.2489327103321555,1.7864060000647441,2.51317940066355,7.152836551889777,-6.91960971057415,25.898695614898912,6.912380762428832,717.9959295097275,0,457.3449598861564,457.1629980333216,1050.7772097346192,1500.0,0.4256357504054904,0.002360027050191338,0.0,0.0,0.0,0.0,0.0,23300.0,14750.0,2241.6187573317557,5859.158452402857,0.0,-6.821210263296962e-12,-8.185452315956354e-12,0,0,0,0.0,0,0,True,1008,0,6.59383658785373e-12,3.1743619000456085e-13,3.7874968671046827e-10,0.8446140000160085,1.2391611395105429,1.7864060000647441,0.4184115000498423,0.672759730641701,1.3137619998815353,0.4184115000498423,0.672759730641701,1.3137619998815353,0.4184115000498423,0.672759730641701,1.3137619998815353
d5419d24e3f12cc98db8a0792babd5f886758ddd3fc42e7ea513816b648d1aed,baseline,May2024,400.0,swmpc,2,1500.0,0.5,96.58333333333333,72.0,10.0,1500.0,600.0,4.378198874279879,16.917252272367477,-9.404451325535774,98.01216097502093,2.9790309112110513,656.3879572082436,0,1729.7337023563334,1730.1077251662357,1350.0,1500.0,2.538835565559566,0.27088581265202005,36.00188944366223,2.7215733590248368,1.2579252249951069e-14,36.00188944366223,0.0,79739.56936623482,65150.0,8483.280461500739,5956.288904734092,0.0,1.0913936421275139e-11,-1.4551915228366852e-11,0,0,0,0.0,0,0,True,1008,0,6.821210263296962e-12,1.452990929003309e-07,2.4817681672046784e-10,0.8031520001168246,1.2216087398883246,2.5954169996111887,5.1245814190392,16.917252272367477,-9.404451325535774,65.17433966991561,3.137461126780031,656.3879572082436,0,1150.5342574549097,1150.455488623151,1159.7124328927346,1087.4393222954602,-1.0997660541906953,0.3471834180073946,36.00188944366223,2.7215733590248368,1.2579252249951069e-14,36.00188944366223,0.0,48785.460209402714,43200.0,5641.05715875313,16.676161246864012,0.0,5.9117155615240335e-12,-2.637534635141492e-11,0,0,0,0.0,0,0,True,1008,0,6.821210263296962e-12,1.452990929003309e-07,2.4817681672046784e-10,0.8660869998493581,1.2420575999294663,2.5954169996111887,2.5152473932546453,7.752720773220062,-6.200239408761263,25.941039981266627,6.986865841154266,754.7668739768118,0,457.37463132008725,457.91045951812407,1087.4393222954602,1500.0,2.538835565559566,0.0022629641427427405,0.0,0.0,0.0,0.0,0.0,23300.0,14750.0,2245.283803916693,5892.155518378759,0.0,-8.86757334228605e-12,1.2278178473934531e-11,0,0,0,0.0,0,0,True,1008,0,6.821210263296962e-12,1.452990929003309e-07,2.4817681672046784e-10,0.8031520001168246,1.2216087398883246,2.5954169996111887,0.40321350024896674,0.6807244296942372,1.998896999793942,0.40321350024896674,0.6807244296942372,1.998896999793942,0.40321350024896674,0.6807244296942372,1.998896999793942
d5419d24e3f12cc98db8a0792babd5f886758ddd3fc42e7ea513816b648d1aed,baseline,May2024,550.0,pid_lowdrag_preview,0,1500.0,0.5,97.0,72.0,10.0,1500.0,600.0,0.9597519582757703,2.935899673961103,-2.935899673961103,12.746950014931182,6.590001866753889,1146.660725580407,0,225.22792766368875,225.0087792550655,1350.0,1500.0,-1.5374590326100588,0.2802747346634278,0.0,0.0,0.0,0.0,0.0,77613.15274439442,65400.0,1103.2911725408412,10959.86157185359,0.0,9.094947017729282e-12,9.094947017729282e-13,0,0,0,0.0,0,0,True,0,0,,,,0.16075299981821445,0.3484191995630681,0.43940300020040013,0.9643951614330717,2.877389293164015,-2.6151785664260387,8.662459206950931,6.590001866753889,1146.660725580407,0,152.81613029872568,152.9094700473223,1419.368263410894,1235.9972500287718,0.3072894234210253,0.36368035553122424,0.0,0.0,0.0,0.0,0.0,45192.65375842483,43200.0,749.7648272197835,1426.2599445871765,0.0,8.640199666842818e-12,2.2737367544323206e-13,0,0,0,0.0,0,0,True,0,0,,,,0.1613135000297916,0.35630448932352,0.43940300020040013,1.0036333766994294,2.935899673961103,-2.935899673961103,3.2778815581473175,8.00352266573789,1156.5558286075368,0,58.12401824114616,57.86106692796977,1235.9972500287718,1500.0,-1.5374590326100588,0.0011664303349815386,0.0,0.0,0.0,0.0,0.0,24745.244643446298,15000.0,283.7116159945878,9197.530277480479,0.0,-4.092726157978177e-12,7.958078640513122e-13,0,0,0,0.0,0,0,True,0,0,,,,0.16075299981821445,0.3484191995630681,0.43940300020040013,,,,,,,,,
d5419d24e3f12cc98db8a0792babd5f886758ddd3fc42e7ea513816b648d1aed,baseline,May2024,550.0,pid_lowdrag_preview,1,1500.0,0.5,97.0,72.0,10.0,1500.0,600.0,0.8800423158859911,2.9697717055678368,-2.662637498229742,12.753484583614291,6.5977243386107185,1146.9845676003615,0,225.24148332138222,225.12412726542394,1350.0,1500.0,-0.823329602368176,0.2802204821752712,0.0,0.0,0.0,0.0,0.0,77603.39871459422,65400.0,1103.856761323735,10949.541953270496,0.0,9.094947017729282e-12,1.000444171950221e-11,0,0,0,0.0,0,0,True,0,0,,,,0.162085000283696,0.34902355929261836,0.5607269995380193,0.9018822717832066,2.9697717055678368,-2.5862878831103444,8.661405007618425,6.5977243386107185,1146.9845676003615,0,152.83527329980552,152.89086135233222,1419.5152000348874,1236.039937431222,0.2985482634976506,0.36354859011194796,0.0,0.0,0.0,0.0,0.0,45181.20591028549,43200.0,749.6735827404225,1415.0075901487446,0.0,1.0686562745831907e-11,8.071765478234738e-12,0,0,0,0.0,0,0,True,0,0,,,,0.16325599972333293,0.3492651001033664,0.5607269995380193,0.9313889113144602,2.7240320313721895,-2.662637498229742,3.2837273278096113,8.014548117963011,1156.248659760449,0,58.12416921038502,57.96425627867535,1236.039937431222,1500.0,-0.823329602368176,0.0011568057018126465,0.0,0.0,0.0,0.0,0.0,24745.33167997219,15000.0,284.2175869176383,9197.154030485777,0.0,3.637978807091713e-12,2.1600499167107046e-12,0,0,0,0.0,0,0,True,0,0,,,,0.162085000283696,0.34902355929261836,0.5607269995380193,,,,,,,,,
d5419d24e3f12cc98db8a0792babd5f886758ddd3fc42e7ea513816b648d1aed,baseline,May2024,550.0,pid_lowdrag_preview,2,1500.0,0.5,97.0,72.0,10.0,1500.0,600.0,0.9129096794588091,3.5300377663224936,-2.5230640890076756,12.769014385793119,6.585518218843422,1147.731806926049,0,225.24858388033914,225.39825886758874,1350.0,1500.0,1.050041669048369,0.2802475868683897,0.0,0.0,0.0,0.0,0.0,77625.77299689277,65400.0,1105.2009176619167,10970.572079230877,0.0,2.000888343900442e-11,-1.8189894035458565e-12,0,0,0,0.0,0,0,True,0,0,,,,0.15975099995557684,0.3204583297701902,0.36425999951461563,0.9189094421931434,3.2377560259774327,-2.5230640890076756,8.65219224343809,6.585518218843422,1147.731806926049,0,152.83871569325763,152.72823791540202,1419.381623355074,1238.4370014778776,-0.6454586060717702,0.36362269789890356,0.0,0.0,0.0,0.0,0.0,45204.774711945414,43200.0,748.8761871765366,1436.8431466460815,0.0,7.503331289626658e-12,-1.1368683772161603e-12,0,0,0,0.0,0,0,True,0,0,,,,0.1614439997865702,0.3228144606964633,0.36425999951461563,1.0155025091505712,3.5300377663224936,-2.1696730330586433,3.3064459477233843,7.993401420364245,1155.8969498832541,0,58.12360559825743,58.36528467583477,1238.4370014778776,1500.0,1.050041669048369,0.0011752683231059935,0.0,0.0,0.0,0.0,0.0,24745.164650545456,15000.0,286.18395948313645,9197.417692540203,0.0,5.6843418860808015e-12,-9.663381206337363e-13,0,0,0,0.0,0,0,True,0,0,,,,0.15975099995557684,0.3204583297701902,0.36425999951461563,,,,,,,,,
d5419d24e3f12cc98db8a0792babd5f886758ddd3fc42e7ea513816b648d1aed,baseline,May2024,550.0,swmpc,0,1500.0,0.5,97.0,72.0,10.0,1500.0,600.0,0.9578078582819126,3.1076288605108857,-2.9358416218310595,12.815938372981783,5.224254813667747,1146.5508529471003,0,226.44570820768186,226.22655968172498,1350.0,1500.0,-1.5374584589153528,0.24261390438475805,34.57776219486435,0.0,1.0763787545103843e-14,34.57776219486435,0.0,76352.24854404063,65400.0,1109.2623457513848,9692.986198289242,0.0,-3.637978807091713e-12,-6.821210263296962e-13,0,0,0,0.0,0,0,True,1008,0,9.780321008204531e-11,1.9166449125408735e-13,4.631418248304922e-10,0.7504120003432035,1.8084119403829424,4.468163000638015,0.9742191032800418,3.1076288605108857,-2.0826163850724697,8.733911195401348,5.224254813667747,1146.5508529471003,0,154.18420461468688,154.17073840388935,1419.3132787060458,1236.0355627677948,-0.5051296977326274,0.31452260478834093,34.57776219486435,0.0,1.0763787545103843e-14,34.57776219486435,0.0,44172.70656703327,43200.0,755.9492358842449,400.03504708726587,0.0,-7.048583938740194e-12,-2.7284841053187847e-12,0,0,0,0.0,0,0,True,1008,0,9.780321008204531e-11,1.9166449125408735e-13,4.631418248304922e-10,0.7827960002941836,1.7592474395678435,4.468163000638015,1.0051511285277508,2.9358416218310595,-2.9358416218310595,3.2857968737021626,9.901243377346006,1156.5533607837353,0,58.14793509809283,58.00078784068546,1236.0355627677948,1500.0,-1.5374584589153528,4.114859277248861e-05,0.0,0.0,0.0,0.0,0.0,24750.0,15000.0,284.3967130389258,9201.638849728872,0.0,3.410605131648481e-12,2.1600499167107046e-12,0,0,0,0.0,0,0,True,1008,0,9.780321008204531e-11,1.9166449125408735e-13,4.631418248304922e-10,0.7504120003432035,1.8084119403829424,4.468163000638015,0.3019755004061153,0.6140189000052477,3.9404769995599054,0.3019755004061153,0.6140189000052477,3.9404769995599054,0.3019755004061153,0.6140189000052477,3.9404769995599054
d5419d24e3f12cc98db8a0792babd5f886758ddd3fc42e7ea513816b648d1aed,baseline,May2024,550.0,swmpc,1,1500.0,0.5,97.0,72.0,10.0,1500.0,600.0,0.8768876455901838,3.114487459883094,-2.6624806225299835,12.8327737714753,5.214043767241286,1146.6831620271591,0,226.64108931453836,226.52373763086845,1350.0,1500.0,-0.8232977064326406,0.2418045448303141,34.587394266621345,0.0,1.3041189624204074e-14,34.587394266621345,0.0,76394.45483480018,65400.0,1110.7195058188768,9733.735328981309,0.0,1.8189894035458565e-12,-3.183231456205249e-12,0,0,0,0.0,0,0,True,1008,0,6.967229490332101e-11,2.071914261473046e-13,3.787779439989674e-10,0.7392409997919458,1.8682162702407368,4.022847000669572,0.9009719635961707,3.114487459883094,-2.3499280782416463,8.74125085454639,5.225952063905165,1146.6831620271591,0,154.35373687843028,154.30029784692766,1419.4725807137213,1236.0601453819954,-0.3243351327255368,0.31354527096793294,34.587394266621345,0.0,1.3041189624204074e-14,34.587394266621345,0.0,44201.07997005944,43200.0,756.5845079402843,427.9078974508973,0.0,1.2278178473934531e-11,-1.1368683772161603e-13,0,0,0,0.0,0,0,True,1008,0,6.967229490332101e-11,2.071914261473046e-13,3.787779439989674e-10,0.7704979998379713,1.949169270492346,4.022847000669572,0.9308955682274243,2.7241327231749892,-2.6624806225299835,3.2901007339879484,9.900473134028303,1156.2512731168317,0,58.14788071061977,58.07675945333244,1236.0601453819954,1500.0,-0.8232977064326406,4.1469527488180447e-05,0.0,0.0,0.0,0.0,0.0,24750.0,15000.0,284.7692265465123,9201.290918835479,0.0,-4.547473508864641e-12,-2.8990143619012088e-12,0,0,0,0.0,0,0,True,1008,0,6.967229490332101e-11,2.071914261473046e-13,3.787779439989674e-10,0.7392409997919458,1.8682162702407368,4.022847000669572,0.2881949994844035,0.6977934501810519,2.9642540002896567,0.2881949994844035,0.6977934501810519,2.9642540002896567,0.2881949994844035,0.6977934501810519,2.9642540002896567
d5419d24e3f12cc98db8a0792babd5f886758ddd3fc42e7ea513816b648d1aed,baseline,May2024,550.0,swmpc,2,1500.0,0.5,97.0,72.0,10.0,1500.0,600.0,0.9147205642388996,3.530263011343777,-2.357039392925799,12.832889735567921,5.212129055652328,1147.0387876948075,0,226.37610919826528,226.5257846255522,1350.0,1500.0,1.0500476732850075,0.24276776519931043,34.554423378225096,0.0,1.2837389199940037e-14,34.554423378225096,0.0,76370.65287518303,65400.0,1110.7295428990888,9709.923332283966,0.0,2.1827872842550278e-11,-2.2737367544323206e-13,0,0,0,0.0,0,0,True,1008,0,8.68118401148841e-11,2.0895779564565572e-13,4.831095411306499e-10,0.7157750001169916,0.9891260995300412,2.3152240000854363,0.9285542719623223,3.114484189078212,-2.357039392925799,8.725660491212038,5.22385668702989,1147.0387876948075,0,154.09452713416954,154.02509722106086,1419.2652629339234,1237.2852748773203,-0.6953707244247198,0.3149263412826607,34.554423378225096,0.0,1.2837389199940037e-14,34.554423378225096,0.0,44179.24115707935,43200.0,755.2351098314595,405.98603530449964,0.0,7.617018127348274e-12,4.661160346586257e-12,0,0,0,0.0,0,0,True,1008,0,8.68118401148841e-11,2.0895779564565572e-13,4.831095411306499e-10,0.7449740000993188,1.050367559664662,2.3152240000854363,1.0172006310808237,3.530263011343777,-2.169225787743926,3.308217724559279,9.90712577314668,1155.8928487565317,0,58.14776557367267,58.39656002738735,1237.2852748773203,1500.0,1.0500476732850075,3.8697594522241197e-05,0.0,0.0,0.0,0.0,0.0,24750.0,15000.0,286.33731269629067,9200.947962181039,0.0,9.094947017729282e-12,-4.831690603168681e-12,0,0,0,0.0,0,0,True,1008,0,8.68118401148841e-11,2.0895779564565572e-13,4.831095411306499e-10,0.7157750001169916,0.9891260995300412,2.3152240000854363,0.2871879996746429,0.44643995977821715,1.624020999770437,0.2871879996746429,0.44643995977821715,1.624020999770437,0.2871879996746429,0.44643995977821715,1.624020999770437
d5419d24e3f12cc98db8a0792babd5f886758ddd3fc42e7ea513816b648d1aed,delay6,Feb2022,400.0,pid_lowdrag_preview,0,1500.0,0.5,96.16666666666667,78.0,10.0,1500.0,600.0,1.2331629265141428,4.8629050850868225,-4.263723473064601,27.976297252031515,6.865544560413195,1126.623413730231,0,494.1070891999029,493.83675980394446,1350.0,1500.0,-1.8353430097922683,0.26256304350089565,0.0,0.0,0.0,0.0,0.0,74818.81099978872,64900.0,2421.4421302656774,7347.368869523029,0.0,-1.546140993013978e-11,1.0459189070388675e-11,0,0,0,0.0,0,0,True,0,0,,,,0.15864999977566185,0.2545371804990279,4.8135139995793,1.2290381433099438,4.8629050850868225,-3.8746841670945287,17.98837331557321,6.865544560413195,1132.782434566555,0,317.496428397418,317.5302261152972,1284.316186377139,1211.6639387400019,0.0714892316609621,0.3147895408029774,0.0,0.0,0.0,0.0,0.0,46354.63450815805,43200.0,1556.9538959668057,1670.3328598283815,0.0,-1.1368683772161603e-12,8.185452315956354e-12,0,0,0,0.0,0,0,True,0,0,,,,0.15925500019875471,0.26891232978414337,4.8135139995793,1.3344397250037543,4.263723473064601,-4.263723473064601,7.454172524023903,6.973491627269138,1126.623413730231,0,131.86169481483057,131.58082976889773,1211.6639387400019,1500.0,-1.8353430097922683,0.07781700290230775,0.0,0.0,0.0,0.0,0.0,20886.119121571195,14500.0,645.1835721265655,5452.599488184627,0.0,-4.547473508864641e-12,2.3874235921539366e-12,0,0,0,0.0,0,0,True,0,0,,,,0.15864999977566185,0.2545371804990279,4.8135139995793,,,,,,,,,
d5419d24e3f12cc98db8a0792babd5f886758ddd3fc42e7ea513816b648d1aed,delay6,Feb2022,400.0,pid_lowdrag_preview,1,1500.0,0.5,96.16666666666667,78.0,10.0,1500.0,600.0,1.2588938207582916,5.4494449486956,-4.782498856075108,27.983092821174267,6.854847534672427,1126.1778629646872,0,494.1933226976539,493.95671498658305,1350.0,1500.0,-1.6064074216410518,0.2625128711156298,0.0,0.0,0.0,0.0,0.0,74846.6115072749,64900.0,2422.030309511576,7374.581197763322,0.0,3.637978807091713e-12,-1.3642420526593924e-11,0,0,0,0.0,0,0,True,0,0,,,,0.15976600025169319,0.3049387998726161,3.9623289994779043,1.2805190466848269,5.4494449486956,-4.782498856075108,18.002536702341366,6.860907116201167,1130.4833577394284,0,317.57327528343615,317.7802377936288,1284.181199455481,1210.384236477752,1.4058743612840772,0.31465346034111286,0.0,0.0,0.0,0.0,0.0,46373.36020772885,43200.0,1558.1797844794376,1688.9773862271422,0.0,-1.5916157281026244e-12,-7.048583938740194e-12,0,0,0,0.0,0,0,True,0,0,,,,0.15977100019881618,0.27911842943467485,3.5629980002340744,1.3409757591268032,4.147278710268438,-4.147278710268438,7.444254123534577,6.957537301487806,1126.1778629646872,0,131.84944725451987,131.40575046100793,1210.384236477752,1500.0,-1.6064074216410518,0.07788887125153365,0.0,0.0,0.0,0.0,0.0,20885.774318637566,14500.0,644.3251013792187,5451.833453736107,0.0,7.275957614183426e-12,-6.366462912410498e-12,0,0,0,0.0,0,0,True,0,0,,,,0.15976600025169319,0.3049387998726161,3.9623289994779043,,,,,,,,,
d5419d24e3f12cc98db8a0792babd5f886758ddd3fc42e7ea513816b648d1aed,delay6,Feb2022,400.0,pid_lowdrag_preview,2,1500.0,0.5,96.16666666666667,78.0,10.0,1500.0,600.0,1.2571393057497673,4.319005864672363,-4.319005864672363,27.982286801877947,6.847836173448682,1126.6974093967538,0,494.21526366913366,493.94248715814393,1350.0,1500.0,-1.8519659657031298,0.2625156142862871,0.0,0.0,0.0,0.0,0.0,74852.72633197778,64900.0,2421.960545844712,7380.7657861330745,0.0,1.8189894035458565e-12,-9.094947017729282e-13,0,0,0,0.0,0,0,True,0,0,,,,0.18156399983126903,0.4441940096239704,1.609658999768726,1.2837500956035257,4.319005864672363,-4.319005864672363,17.97990982669584,6.847836173448682,1131.6059421460955,0,317.59647169660104,317.3808288635375,1283.4898377351242,1215.3963982686182,-1.4296638360247016,0.3146741638780912,0.0,0.0,0.0,0.0,0.0,46380.65484010861,43200.0,1556.2213526873134,1692.5269268878035,0.0,-2.2737367544323206e-13,-4.774847184307873e-12,0,0,0,0.0,0,0,True,0,0,,,,0.1711279996925441,0.4151791099411637,1.609658999768726,1.2628097607580118,3.4588445965200663,-3.4588445965200663,7.465847985138332,6.937087490149646,1126.6974093967538,0,131.8491186204867,131.78692465822337,1215.3963982686182,1500.0,-1.8519659657031298,0.07789730274655715,0.0,0.0,0.0,0.0,0.0,20886.813107407525,14500.0,646.1941223497812,5456.015383326368,0.0,6.366462912410498e-12,3.410605131648481e-12,0,0,0,0.0,0,0,True,0,0,,,,0.18156399983126903,0.4441940096239704,1.609658999768726,,,,,,,,,
d5419d24e3f12cc98db8a0792babd5f886758ddd3fc42e7ea513816b648d1aed,delay6,Feb2022,400.0,swmpc,0,1500.0,0.5,96.16666666666667,78.0,10.0,1500.0,600.0,1.1693334146418641,4.537740035913885,-4.2242329167202115,28.161883757329896,6.3349440011409435,1126.623474837675,0,497.3830584896441,497.1127272278764,1350.0,1500.0,-1.8353420235216618,0.22518430512338827,34.465759736944996,0.0,1.2947840417104316e-14,34.465759736944996,0.0,73332.40706526324,64900.0,2437.505263234613,5844.9018020286185,0.0,-5.4569682106375694e-12,-5.002220859751105e-12,0,0,0,0.0,0,0,True,1080,0,3.780086273167783e-11,1.606150117288547e-13,1.2231007582128735e-10,0.857834499583987,1.2449660903530455,2.8402460002325824,1.1600054665036201,4.537740035913885,-3.2117571560665965,18.11462317223406,6.348087665998379,1129.3666172076632,0,319.87969436264984,319.75878479757966,1327.1244437556124,1210.5961257825725,0.03881135303527117,0.2713890854601515,34.441331009649126,0.0,1.1156747791749159e-14,34.441331009649126,0.0,45059.68892752609,43200.0,1567.8812434675935,408.33600203153014,0.0,-7.275957614183426e-12,-2.5011104298755527e-12,0,0,0,0.0,0,0,True,1008,0,3.780086273167783e-11,1.606150117288547e-13,1.0595839036891006e-10,1.0457084995323385,1.258749169828661,2.8402460002325824,1.2529247902082028,4.2242329167202115,-4.2242329167202115,7.4689991167170255,6.626214255212339,1126.623474837675,0,132.11859990302656,131.842548338318,1210.5961257825725,1500.0,-1.8353420235216618,0.06745663405960822,34.405618294308695,0.0,8.348720607867047e-15,34.405618294308695,0.0,20790.856370288326,14500.0,646.4668633309676,5354.985632739923,0.0,-7.73070496506989e-12,-2.8421709430404007e-12,0,0,0,0.0,0,0,True,1080,0,3.780086273167783e-11,1.606150117288547e-13,1.2231007582128735e-10,0.857834499583987,1.2449660903530455,2.8402460002325824,0.3522564998093003,0.5356680100976519,0.767697999435768,0.35852100018018973,0.5359423294885346,0.767697999435768,0.3522564998093003,0.5356680100976519,0.767697999435768
d5419d24e3f12cc98db8a0792babd5f886758ddd3fc42e7ea513816b648d1aed,delay6,Feb2022,400.0,swmpc,1,1500.0,0.5,96.16666666666667,78.0,10.0,1500.0,600.0,1.1520882046656074,4.14800919778645,-4.14800919778645,28.165292675071438,6.3770080048280136,1126.1778862378712,0,497.409511414763,497.1729013415838,1350.0,1500.0,-1.6064070519059896,0.22516658684294466,34.47868333860492,0.0,1.4917590655730063e-14,34.47868333860492,0.0,73324.52240706583,64900.0,2437.800316470717,5836.722090595118,0.0,5.4569682106375694e-12,1.0913936421275139e-11,0,0,0,0.0,0,0,True,1080,0,3.1073294127847534e-11,2.2198888877571017e-13,1.3042262172548952e-10,0.9439994992135325,1.9216736103680883,3.8462140000774525,1.1220969961224705,3.6154296584427357,-3.3948669005185366,18.111382764802833,6.401930301084191,1129.8378830755148,0,319.8141569258734,319.7015852228193,1325.6365784243487,1210.4677574081784,0.2613919246941805,0.27174247927403883,34.4252006527416,0.0,1.4917590655730063e-14,34.4252006527416,0.0,45056.12955884024,43200.0,1567.600775362676,403.6976044937328,0.0,-4.320099833421409e-12,8.412825991399586e-12,0,0,0,0.0,0,0,True,1008,0,3.1073294127847534e-11,2.2198888877571017e-13,1.3042262172548952e-10,1.0182965002059063,2.363800170678572,3.8462140000774525,1.3702138588070285,4.14800919778645,-4.14800919778645,7.467591442953925,6.612071295276199,1126.1778862378712,0,132.09281623103567,131.81770012327974,1210.4677574081784,1500.0,-1.6064070519059896,0.06777874175031018,34.39975379779879,0.0,1.2303635580437722e-14,34.39975379779879,0.0,20787.358057334495,14500.0,646.345024456981,5351.480790285695,0.0,2.2737367544323206e-12,2.1600499167107046e-12,0,0,0,0.0,0,0,True,1080,0,3.1073294127847534e-11,2.2198888877571017e-13,1.3042262172548952e-10,0.9439994992135325,1.9216736103680883,3.8462140000774525,0.34845599975596997,0.6771757601654848,2.8110920002291095,0.3420514999561419,0.7182560798810271,2.8110920002291095,0.34845599975596997,0.6771757601654848,2.8110920002291095
d5419d24e3f12cc98db8a0792babd5f886758ddd3fc42e7ea513816b648d1aed,delay6,Feb2022,400.0,swmpc,2,1500.0,0.5,96.16666666666667,78.0,10.0,1500.0,600.0,1.1240619402510155,3.9563875114545226,-3.45982604380697,28.176246535050787,6.288292564402535,1126.6974291635086,0,497.63903694583905,497.36625854932356,1350.0,1500.0,-1.851962961256504,0.22461446680061448,34.46725703430446,0.0,1.2369262153885234e-14,34.46725703430446,0.0,73326.73055942392,64900.0,2438.748409701355,5837.982149722544,0.0,-1.6370904631912708e-11,8.640199666842818e-12,0,0,0,0.0,0,0,True,1080,0,2.2463455030454696e-11,1.9303198630526506e-13,1.4672795206843614e-10,1.026599499709846,1.3988174697351494,4.6052549996602465,1.1200107780299586,3.9563875114545226,-3.0067501943558455,18.115709992760298,6.288292564402535,1129.130145118421,0,320.06337217088924,319.7779693209044,1327.9491891119899,1212.8789496594204,-1.0415062196552753,0.2707088472718956,34.437066245414094,0.0,1.2369262153885234e-14,34.437066245414094,0.0,45059.139914456005,43200.0,1567.9753114204177,406.23484248814975,0.0,-7.503331289626658e-12,-8.640199666842818e-12,0,0,0,0.0,0,0,True,1008,0,2.2463455030454696e-11,1.6912765024733012e-13,1.4672795206843614e-10,1.0626285002217628,1.4806149096602874,4.6052549996602465,1.2378451482881367,3.45982604380697,-3.45982604380697,7.478234389167291,6.7316463235167365,1126.6974291635086,0,132.12493770220487,132.00556909055308,1212.8789496594204,1500.0,-1.851962961256504,0.06754096099492979,34.40103370434804,0.0,8.220509660496358e-15,34.40103370434804,0.0,20787.651452838178,14500.0,647.2662070609351,5353.264195436663,0.0,-4.547473508864641e-13,1.7394086171407253e-11,0,0,0,0.0,0,0,True,1080,0,2.2463455030454696e-11,1.9303198630526506e-13,1.4672795206843614e-10,1.026599499709846,1.3988174697351494,4.6052549996602465,0.36808050026593264,0.5668382696239862,2.665702999365749,0.367905499842891,0.5702129102792239,2.665702999365749,0.36808050026593264,0.5668382696239862,2.665702999365749
d5419d24e3f12cc98db8a0792babd5f886758ddd3fc42e7ea513816b648d1aed,delay6,Feb2022,550.0,pid_lowdrag_preview,0,1500.0,0.5,96.58333333333333,78.0,10.0,1500.0,600.0,0.5718134145813172,2.3094534343108535,-2.3094534343108535,2.164657031996562,6.63158139103847,1138.803565414371,0,38.26344380456352,38.21046098909266,1350.0,1500.0,-0.3716903254389763,0.2994038862918661,0.0,0.0,0.0,0.0,0.0,73692.98402756822,65150.0,187.3583086293425,8205.625718938887,0.0,7.275957614183426e-12,1.2789769243681803e-12,0,0,0,0.0,0,0,True,0,0,,,,0.26003199945989763,0.4576421794627096,1.3527910004995647,0.5656407063889904,1.8475272478535771,-1.1600695345550776,1.3875150489708028,6.646086431226074,1139.4018080979165,0,24.33774829668839,24.49237401898127,1179.512882489787,1247.8528084820448,0.5159521838650107,0.3605386455757774,0.0,0.0,0.0,0.0,0.0,44820.1860480686,43200.0,120.0940698366211,1431.752052239722,0.0,0.0,4.121147867408581e-13,0,0,0,0.0,0,0,True,0,0,,,,0.2673884996511333,0.45001623957432435,1.2751840004057158,0.6116039771202895,2.3094534343108535,-2.3094534343108535,0.594829029369689,6.714150245105049,1138.803565414371,0,10.62643432600768,10.499904181563057,1247.8528084820448,1500.0,-0.3716903254389763,0.08854372820103285,0.0,0.0,0.0,0.0,0.0,21620.61668435495,14750.0,51.48444267106262,6566.985050165931,0.0,-2.0463630789890885e-12,8.739675649849232e-13,0,0,0,0.0,0,0,True,0,0,,,,0.26003199945989763,0.4576421794627096,1.3527910004995647,,,,,,,,,
d5419d24e3f12cc98db8a0792babd5f886758ddd3fc42e7ea513816b648d1aed,delay6,Feb2022,550.0,pid_lowdrag_preview,1,1500.0,0.5,96.58333333333333,78.0,10.0,1500.0,600.0,0.5398585730787926,1.7702995957806706,-1.457524823024869,2.1639911330524373,6.624661534625228,1138.9100887786178,0,38.260613624879696,38.19870656090791,1350.0,1500.0,-0.43429678957909346,0.29939050327159134,0.0,0.0,0.0,0.0,0.0,73689.63326952598,65150.0,187.30067284776226,8202.332596678232,0.0,1.8189894035458565e-11,-1.4210854715202004e-13,0,0,0,0.0,0,0,True,0,0,,,,0.16572999993513804,0.424779600216425,1.4450610005951603,0.5807192091758844,1.7702995957806706,-1.457524823024869,1.3819075082125716,6.624661534625228,1139.2746737684242,0,24.334247985230807,24.393389877743076,1179.5749504056932,1247.7884152512686,0.6704103359952569,0.36051909980700403,0.0,0.0,0.0,0.0,0.0,44815.17474368164,43200.0,119.60871842228455,1427.3525604137856,0.0,8.640199666842818e-12,4.263256414560601e-14,0,0,0,0.0,0,0,True,0,0,,,,0.1661255000726669,0.4247761002079642,1.3483250004355796,0.4924630499478342,1.4236549539491534,-1.1530894208699465,0.5930936069298309,6.71696419009996,1138.9100887786178,0,10.626742436378738,10.46927055671743,1247.7884152512686,1500.0,-0.43429678957909346,0.08854159590572463,0.0,0.0,0.0,0.0,0.0,21621.565905727475,14750.0,51.334236052514996,6568.020084926235,0.0,5.6843418860808015e-12,-2.0605739337042905e-13,0,0,0,0.0,0,0,True,0,0,,,,0.16572999993513804,0.424779600216425,1.4450610005951603,,,,,,,,,
d5419d24e3f12cc98db8a0792babd5f886758ddd3fc42e7ea513816b648d1aed,delay6,Feb2022,550.0,pid_lowdrag_preview,2,1500.0,0.5,96.58333333333333,78.0,10.0,1500.0,600.0,0.48741311452562947,1.4925903026014566,-1.0037228167057037,2.1644921593759037,6.623402681160899,1138.9775300738606,0,38.265917469147766,38.20755066253859,1350.0,1500.0,-0.40946080535650253,0.2993533947498519,0.0,0.0,0.0,0.0,0.0,73693.65342928213,65150.0,187.34403835239257,8206.309390929746,0.0,7.275957614183426e-12,1.7053025658242404e-13,0,0,0,0.0,0,0,True,0,0,,,,0.2639190006448189,0.3532333000657673,0.4187819995422615,0.4778122373834178,1.2619681181386113,-0.9952679621055722,1.3829356683949179,6.623402681160899,1138.9775300738606,0,24.339004382810792,24.411538930436794,1179.4531466964643,1247.3510181002528,0.2798703759908676,0.36047676786189753,0.0,0.0,0.0,0.0,0.0,44818.694943745366,43200.0,119.69770912608499,1431.0993632154948,0.0,2.5011104298755527e-12,-1.8474111129762605e-13,0,0,0,0.0,0,0,True,0,0,,,,0.2778845000648289,0.35913232985876675,0.4187819995422615,0.52785601474754,1.4925903026014566,-0.8514679772779346,0.5964892227203125,6.713632157660106,1139.0589646008832,0,10.62747132486771,10.529209864782434,1247.3510181002528,1500.0,-0.40946080535650253,0.08851157492532902,0.0,0.0,0.0,0.0,0.0,21622.95710073543,14750.0,51.62813796023387,6568.6799808754495,0.0,-6.821210263296962e-13,3.339550858072471e-13,0,0,0,0.0,0,0,True,0,0,,,,0.2639190006448189,0.3532333000657673,0.4187819995422615,,,,,,,,,
d5419d24e3f12cc98db8a0792babd5f886758ddd3fc42e7ea513816b648d1aed,delay6,Feb2022,550.0,swmpc,0,1500.0,0.5,96.58333333333333,78.0,10.0,1500.0,600.0,0.5659896609830447,2.3719922518357635,-2.3719922518357635,2.1911256759208246,5.203457162447441,1138.7989751745204,0,38.731533541236104,38.67768469758428,1350.0,1500.0,-0.37776537984609604,0.23937754712122317,34.202885670923465,0.0,1.5512582883103013e-14,34.202885670923465,0.0,73643.78959676546,65150.0,189.64925831978144,8154.140338445683,0.0,1.8189894035458565e-12,-1.7053025658242404e-13,0,0,0,0.0,0,0,True,1080,0,6.490580405945109e-11,1.0511400682462812e-13,3.703685879060469e-10,0.7364709999819752,1.2208923206708278,1.9699029999173945,0.5463615558709644,1.7142466679215431,-1.1142235798761249,1.4096467256338936,5.2055385713842774,1139.2686798824302,0,24.728639754280625,24.88304171148789,1179.5358278389126,1311.7187929478998,0.5425389017909765,0.28862461487806024,34.202885670923465,0.0,1.5512582883103013e-14,34.202885670923465,0.0,44782.429812250535,43200.0,122.00964049998082,1328.2372066415692,0.0,2.0463630789890885e-12,2.984279490192421e-13,0,0,0,0.0,0,0,True,1008,0,5.102681832592641e-11,1.0511400682462812e-13,3.703685879060469e-10,0.7557500002803863,1.236543050126783,1.9699029999173945,0.6122749334088166,2.3719922518357635,-2.3719922518357635,0.5957427709631824,5.203457162447441,1138.7989751745204,0,10.64721947285765,10.516033520758967,1311.7187929478998,1500.0,-0.37776537984609604,0.07452777348713746,34.146121833186164,0.0,6.6546885431437846e-15,34.146121833186164,0.0,21527.932974768446,14750.0,51.563530063175016,6538.088237653174,0.0,2.5011104298755527e-12,-4.334310688136611e-13,0,0,0,0.0,0,0,True,1080,0,6.490580405945109e-11,1.0511400682462812e-13,3.703685879060469e-10,0.7364709999819752,1.2208923206708278,1.9699029999173945,0.2847295004357875,0.5289244702817089,0.8172739999281475,0.286878000224533,0.5322415095815811,0.8172739999281475,0.2847295004357875,0.5289244702817089,0.8172739999281475
d5419d24e3f12cc98db8a0792babd5f886758ddd3fc42e7ea513816b648d1aed,delay6,Feb2022,550.0,swmpc,1,1500.0,0.5,96.58333333333333,78.0,10.0,1500.0,600.0,0.539422287623875,1.5970523785799742,-1.3534749010577798,2.1909778525584316,5.199999999999999,1138.8517440228818,0,38.737552832179084,38.67507532402611,1350.0,1500.0,-0.4382981713861227,0.2399652007677695,34.16544262706483,0.0,1.1806741772419576e-14,34.16544262706483,0.0,73706.13151481914,65150.0,189.63646371317932,8216.495051105967,0.0,1.0913936421275139e-11,2.5579538487363607e-13,0,0,0,0.0,0,0,True,1080,0,6.870608530229593e-11,1.278635947847362e-13,3.447674824092811e-10,0.7040520004011341,1.1188810402381932,1.2262299997019,0.5834829555475008,1.5970523785799742,-1.3534749010577798,1.40621207112651,5.199999999999999,1138.8517440228818,0,24.7357258601582,24.822413293163045,1179.4230232880334,1309.9293538370237,0.7278129383921623,0.28940636992986424,34.16544262706483,0.0,1.1806741772419576e-14,34.16544262706483,0.0,44850.583808036856,43200.0,121.71235966069813,1398.3651178271866,0.0,1.9326762412674725e-11,-4.263256414560601e-13,0,0,0,0.0,0,0,True,1008,0,6.870608530229593e-11,1.278635947847362e-13,3.447674824092811e-10,0.7206374998531828,1.1311769000712957,1.2262299997019,0.4766908435422263,1.1593470089137554,-1.1593470089137554,0.5937207620038987,5.200766456053227,1138.913531443079,0,10.646565865806348,10.4803410792702,1309.9293538370237,1500.0,-0.4382981713861227,0.0746637629358552,34.15033280995975,0.0,6.212150696221948e-15,34.15033280995975,0.0,21523.61984385034,14750.0,51.38851842251205,6532.160679264849,0.0,-4.320099833421409e-12,6.821210263296962e-13,0,0,0,0.0,0,0,True,1080,0,6.870608530229593e-11,1.278635947847362e-13,3.447674824092811e-10,0.7040520004011341,1.1188810402381932,1.2262299997019,0.2706234995457635,0.4592771199622803,0.5157080004210002,0.2708689999053604,0.46069696000813554,0.5157080004210002,0.2706234995457635,0.4592771199622803,0.5157080004210002
d5419d24e3f12cc98db8a0792babd5f886758ddd3fc42e7ea513816b648d1aed,delay6,Feb2022,550.0,swmpc,2,1500.0,0.5,96.58333333333333,78.0,10.0,1500.0,600.0,0.46108935724079875,1.1908932412043214,-0.8977564768865705,2.1899466765567674,5.202557146898728,1138.890575778508,0,38.71451197986418,38.65687303618002,1350.0,1500.0,-0.40435417369008064,0.23947887258838063,34.18358654458215,0.0,1.3296003620382329e-14,34.18358654458215,0.0,73631.64383193615,65150.0,189.547211980127,8142.096619956016,0.0,-4.547473508864641e-12,9.094947017729282e-13,0,0,0,0.0,0,0,True,1080,0,6.21297221970885e-11,1.3419375170421693e-13,4.0884067086120363e-10,0.7266969996635453,1.2140773597275256,1.3049090002823505,0.45155375714056056,1.1748686088249087,-0.8697062870487571,1.405835524883068,5.2030421620569545,1138.890575778508,0,24.717872414393227,24.815766510170494,1179.4346101731805,1311.1760133151329,0.3508426398038864,0.2887276771262658,34.18358654458215,0.0,1.1225758499730662e-14,34.18358654458215,0.0,44795.65551135826,43200.0,121.67976832348084,1342.234339892809,0.0,-1.5916157281026244e-11,7.105427357601002e-13,0,0,0,0.0,0,0,True,1008,0,6.21297221970885e-11,1.3419375170421693e-13,4.0884067086120363e-10,0.7388250000985863,1.2111338799877556,1.263347000531212,0.5092977120296907,1.1908932412043214,-0.8445595819503069,0.5967607737232439,5.202557146898728,1139.059216113299,0,10.641653637262255,10.53400327493943,1311.1760133151329,1500.0,-0.40435417369008064,0.07463822083253058,34.171755450738154,0.0,1.1064841765441028e-14,34.171755450738154,0.0,21507.291907739513,14750.0,51.651641608092895,6516.81627944655,0.0,-2.7284841053187847e-12,2.2737367544323206e-13,0,0,0,0.0,0,0,True,1080,0,6.21297221970885e-11,1.3419375170421693e-13,4.0884067086120363e-10,0.7266969996635453,1.2140773597275256,1.3049090002823505,0.28162500075268326,0.5260114100292415,0.7088390002536471,0.2775340003609017,0.5241438099801596,0.7088390002536471,0.28162500075268326,0.5260114100292415,0.7088390002536471
d5419d24e3f12cc98db8a0792babd5f886758ddd3fc42e7ea513816b648d1aed,delay6,Mar2015,400.0,pid_lowdrag_preview,0,1500.0,0.5,96.33333333333333,78.0,10.0,1500.0,600.0,1.5340346529562594,6.26647774130106,-5.347763958387077,40.02154974015206,6.972012574920267,1117.5857176624536,0,706.7050943197777,706.4591953666754,1350.0,1500.0,-1.6696009300649166,0.248502327059681,0.0,0.0,0.0,0.0,0.0,76126.72505747648,65000.0,3463.9990341213006,7512.726023355142,0.0,-3.3651303965598345e-11,1.4097167877480388e-11,0,0,0,0.0,0,0,True,0,0,,,,0.164863999998488,0.4052636295091361,1.9470289998935186,1.5330331674251594,6.26647774130106,-4.567946584895253,26.291822969535634,6.978888557431247,1117.5857176624536,0,464.06114763794426,464.1024703035506,1203.6225843540778,1301.1745792910856,0.27729934733361006,0.2982230350967876,0.0,0.0,0.0,0.0,0.0,47425.59986023411,43200.0,2275.6452452011617,1852.4026200959179,0.0,-2.5920599000528455e-11,-1.1823431123048067e-11,0,0,0,0.0,0,0,True,0,0,,,,0.16515400011485326,0.3904636799870784,1.9470289998935186,1.6121270870040707,5.347763958387077,-5.347763958387077,10.37603002063847,7.059878257144754,1119.477191433555,0,183.4441240384624,183.15737064341647,1301.1745792910856,1500.0,-1.6696009300649166,0.07409812417681838,0.0,0.0,0.0,0.0,0.0,21056.86430191451,14600.0,898.0801144101222,5359.958766795468,0.0,-4.092726157978177e-12,2.5693225325085223e-11,0,0,0,0.0,0,0,True,0,0,,,,0.164863999998488,0.4052636295091361,1.9470289998935186,,,,,,,,,
d5419d24e3f12cc98db8a0792babd5f886758ddd3fc42e7ea513816b648d1aed,delay6,Mar2015,400.0,pid_lowdrag_preview,1,1500.0,0.5,96.33333333333333,78.0,10.0,1500.0,600.0,1.5759220863968844,6.8905286164954305,-4.968410225585103,40.02787730929652,6.958421568028311,1119.257698816919,0,706.8962607439697,706.570889427387,1350.0,1500.0,-2.20918498467654,0.24838809781152948,0.0,0.0,0.0,0.0,0.0,76160.1041919023,65000.0,3464.5467064015293,7545.557485500768,0.0,0.0,7.275957614183426e-12,0,0,0,0.0,0,0,True,0,0,,,,0.1612789997125219,0.32908130054238405,1.2119590001020697,1.5936763948714603,6.8905286164954305,-4.968410225585103,26.318485530553822,6.958421568028311,1119.257698816919,0,464.28599948511936,464.5731170307703,1204.112773847834,1299.1800459199806,2.4449614342302084,0.2979364039022182,0.0,0.0,0.0,0.0,0.0,47455.406051693084,43200.0,2277.9529790648976,1882.3858005560458,0.0,5.9117155615240335e-12,-3.183231456205249e-12,0,0,0,0.0,0,0,True,0,0,,,,0.16134900033648591,0.3873510195626281,1.2119590001020697,1.6974897993742317,5.482771623879671,-4.473233281634748,10.350223154685402,7.056153881523387,1119.769355302412,0,183.38733798532417,182.70182861981596,1299.1800459199806,1500.0,-2.20918498467654,0.07435926214275557,0.0,0.0,0.0,0.0,0.0,21053.938745080046,14600.0,895.8464438172505,5357.272347182771,0.0,-4.774847184307873e-12,1.0459189070388675e-11,0,0,0,0.0,0,0,True,0,0,,,,0.1612789997125219,0.32908130054238405,1.2119590001020697,,,,,,,,,
d5419d24e3f12cc98db8a0792babd5f886758ddd3fc42e7ea513816b648d1aed,delay6,Mar2015,400.0,pid_lowdrag_preview,2,1500.0,0.5,96.33333333333333,78.0,10.0,1500.0,600.0,1.6013965039773261,5.5302272429689765,-5.5302272429689765,40.05106864918573,6.954998419568011,1116.9839076122962,0,706.9155920780037,706.980262263366,1350.0,1500.0,0.4389764051884413,0.24834651390586704,0.0,0.0,0.0,0.0,0.0,76144.75916303362,65000.0,3466.553994462515,7528.205168571119,0.0,1.000444171950221e-11,-8.640199666842818e-12,0,0,0,0.0,0,0,True,0,0,,,,0.16580550027356367,0.3524217504218541,0.7842129998607561,1.6245142839105626,5.5302272429689765,-5.5302272429689765,26.284031870534342,6.967852505892134,1116.9839076122962,0,464.24798197990805,463.96494205771245,1203.751360393896,1301.679950211266,-1.4641929483041167,0.29799325848423097,0.0,0.0,0.0,0.0,0.0,47444.15453097408,43200.0,2274.9708995151423,1871.2550416415663,0.0,-4.547473508864641e-12,-8.185452315956354e-12,0,0,0,0.0,0,0,True,0,0,,,,0.16770299998825067,0.3519125602451822,0.7842129998607561,1.645397480250546,4.184141149744391,-3.673360670916736,10.406858912074824,7.0616364797961815,1119.5473734739812,0,183.42123510937552,183.70156131018007,1301.679950211266,1500.0,0.4389764051884413,0.07417674362727078,0.0,0.0,0.0,0.0,0.0,21051.024855732343,14600.0,900.7484581112258,5351.956347832385,0.0,2.0463630789890885e-12,1.1368683772161603e-13,0,0,0,0.0,0,0,True,0,0,,,,0.16580550027356367,0.3524217504218541,0.7842129998607561,,,,,,,,,
d5419d24e3f12cc98db8a0792babd5f886758ddd3fc42e7ea513816b648d1aed,delay6,Mar2015,400.0,swmpc,0,1500.0,0.5,96.33333333333333,78.0,10.0,1500.0,600.0,1.3632202813484369,5.496765381656587,-5.341783822514117,39.77265198670112,5.108842503760288,1117.5971698908495,0,702.3115644244467,702.0656596896886,1350.0,1500.0,-1.6696028411388397,0.23331767503254008,34.62165381976174,0.0,1.1736997568507456e-14,34.62165381976174,0.0,74319.13572752531,65000.0,3442.4561007979523,5726.6796267273585,0.0,0.0,1.0459189070388675e-11,0,0,0,0.0,0,0,True,1080,0,1.7164578146549465e-11,2.508919980109106e-13,2.584695340542878e-10,0.7516089995078801,1.2370992300384387,1.5627790007783915,1.3340838902397105,5.496765381656587,-3.7202554792165756,26.05356147435958,5.586401236455162,1117.5971698908495,0,459.98236930237033,459.8966855385515,1233.4325167466711,1300.7318006368696,0.4129279786720872,0.281647128920003,34.62165381976174,0.0,1.1736997568507456e-14,34.62165381976174,0.0,45963.1454992941,43200.0,2255.0229156183204,440.82329978558596,0.0,5.002220859751105e-12,5.002220859751105e-12,0,0,0,0.0,0,0,True,1008,0,1.7164578146549465e-11,2.508919980109106e-13,2.584695340542878e-10,0.7762465002087993,1.2451673698433294,1.5627790007783915,1.5174291743134396,5.341783822514117,-5.341783822514117,10.362813357234888,6.471960463312286,1119.4775585648254,0,183.23080215600692,182.9240704975092,1300.7318006368696,1500.0,-1.6696028411388397,0.06938886572197822,34.529387008190405,0.0,6.665582923334055e-15,34.529387008190405,0.0,20928.672435146276,14600.0,896.9361679722068,5232.468067810936,0.0,-2.7284841053187847e-12,6.0254023992456496e-12,0,0,0,0.0,0,0,True,1080,0,1.7164578146549465e-11,2.508919980109106e-13,2.584695340542878e-10,0.7516089995078801,1.2370992300384387,1.5627790007783915,0.31083949988897075,0.5265984005382052,0.8376140003747423,0.31019350035421667,0.5264793305559579,0.8376140003747423,0.31083949988897075,0.5265984005382052,0.8376140003747423
d5419d24e3f12cc98db8a0792babd5f886758ddd3fc42e7ea513816b648d1aed,delay6,Mar2015,400.0,swmpc,1,1500.0,0.5,96.33333333333333,78.0,10.0,1500.0,600.0,1.3477081899128174,5.482763197273016,-4.473230829462409,39.75510344151636,4.956276942593465,1118.370682681025,0,702.0812709877672,701.7558932965402,1350.0,1500.0,-2.20918576605618,0.23346942006606142,34.6504994255121,0.0,1.2193138319140785e-14,34.6504994255121,0.0,74313.31575307173,65000.0,3440.9372154982693,5722.378537573457,0.0,-2.7284841053187847e-12,-5.002220859751105e-12,0,0,0,0.0,0,0,True,1080,0,1.666625276704912e-11,2.17398663418151e-13,1.922267713983975e-10,0.7135515002119064,1.1643100704259268,6.729415000336303,1.2982866745013044,4.731371201574802,-3.750710300169885,26.056001756824077,5.61536203509872,1118.370682681025,0,459.96083103409364,459.9397613314027,1234.3592804515329,1300.21201438205,0.8015409363433719,0.28139361549515884,34.59612662029449,0.0,1.2193138319140785e-14,34.59612662029449,0.0,45959.930914645505,43200.0,2255.234130230302,438.84405048470717,0.0,2.114575181622058e-11,-1.3642420526593924e-11,0,0,0,0.0,0,0,True,1008,0,1.666625276704912e-11,2.17398663418151e-13,1.922267713983975e-10,0.7318289999602712,1.2792178399104122,6.729415000336303,1.6624019926480718,5.482763197273016,-4.473230829462409,10.337801747383548,6.017580987321733,1119.7693483813205,0,182.92601159815774,182.48256631076174,1300.21201438205,1500.0,-2.20918576605618,0.07136442471960536,34.528052489898606,0.0,6.067451160396046e-15,34.528052489898606,0.0,20924.55638547041,14600.0,894.7713294557253,5229.997070396714,0.0,-1.978150976356119e-11,8.526512829121202e-12,0,0,0,0.0,0,0,True,1080,0,1.666625276704912e-11,2.17398663418151e-13,1.922267713983975e-10,0.7135515002119064,1.1643100704259268,6.729415000336303,0.26612650026436313,0.44566458959707306,2.16307400023652,0.26729799992608605,0.4416187293463736,2.16307400023652,0.26612650026436313,0.44566458959707306,2.16307400023652
d5419d24e3f12cc98db8a0792babd5f886758ddd3fc42e7ea513816b648d1aed,delay6,Mar2015,400.0,swmpc,2,1500.0,0.5,96.33333333333333,78.0,10.0,1500.0,600.0,1.4143378707963616,4.7338547660037875,-3.8000976722687483,39.79172241719857,5.135837707260327,1117.7092951472314,0,702.3376264190588,702.4022903567142,1350.0,1500.0,0.4389734482392669,0.23314470435219115,34.61038640085189,0.0,1.4128740909413275e-14,34.61038640085189,0.0,74326.42754897338,65000.0,3444.1067103633504,5732.320838610024,0.0,-1.000444171950221e-11,3.183231456205249e-12,0,0,0,0.0,0,0,True,1080,0,1.7273169163134208e-11,2.241140791838984e-13,3.240272536188971e-10,0.7407630000670906,1.2222831902272446,2.0492730000114534,1.3933953304730082,4.7338547660037875,-3.8000976722687483,26.035676139594628,5.135837707260327,1117.7092951472314,0,459.97509280969246,459.58097414583455,1233.4992513839068,1302.402431592868,-1.2997373091056943,0.2813818599347486,34.61038640085189,0.0,1.4128740909413275e-14,34.61038640085189,0.0,45970.12940482091,43200.0,2253.474880053641,447.7513445583161,0.0,8.86757334228605e-12,-1.0913936421275139e-11,0,0,0,0.0,0,0,True,1008,0,1.7273169163134208e-11,2.241140791838984e-13,2.427664321023315e-10,0.7588154999211838,1.2277286699554677,2.0492730000114534,1.6151644713572582,4.184138051234186,-3.673288581892848,10.390789206324449,6.515414242980116,1119.5473987817893,0,183.16179679886955,183.41789934636608,1302.402431592868,1500.0,0.4389734482392669,0.07001109077438394,34.52039186929069,0.0,5.974951969185667e-15,34.52039186929069,0.0,20925.979746729176,14600.0,899.3575713125196,5229.024607009522,0.0,-2.5011104298755527e-12,1.4438228390645236e-11,0,0,0,0.0,0,0,True,1080,0,1.7273169163134208e-11,2.241140791838984e-13,3.240272536188971e-10,0.7407630000670906,1.2222831902272446,2.0492730000114534,0.2786860004562186,0.5349977699825105,1.0433749994263053,0.27869099994859425,0.5381924099219757,1.0433749994263053,0.2786860004562186,0.5349977699825105,1.0433749994263053
d5419d24e3f12cc98db8a0792babd5f886758ddd3fc42e7ea513816b648d1aed,delay6,Mar2015,550.0,pid_lowdrag_preview,0,1500.0,0.5,96.75,78.0,10.0,1500.0,600.0,0.6418907110547921,2.841385245323181,-2.841385245323181,3.2592480983905485,6.699864325616601,1137.8153507399913,0,57.576830208592774,57.532149655346984,1350.0,1500.0,-0.31345050409436226,0.2938345042306658,0.0,0.0,0.0,0.0,0.0,74083.13395761457,65250.0,282.09882770880256,8401.03512990577,0.0,1.8189894035458565e-12,-1.7621459846850485e-12,0,0,0,0.0,0,0,True,0,0,,,,0.1740120005706558,0.45590424000693053,3.471899000032863,0.6039430380466259,2.208284303545952,-1.690995546989143,2.144092109542965,6.703402355901005,1138.3914523272988,0,37.73464489970982,37.8474495948892,1279.7083627065124,1188.8903392596349,0.47641474660485983,0.3546259554295721,0.0,0.0,0.0,0.0,0.0,44792.11086641975,43200.0,185.57834578485895,1497.3505440817853,0.0,1.4097167877480388e-11,-7.673861546209082e-13,0,0,0,0.0,0,0,True,0,0,,,,0.17452849988330854,0.49384191923309073,3.471899000032863,0.7789502845246784,2.841385245323181,-2.841385245323181,0.8650263236229327,6.699864325616601,1137.8153507399913,0,15.382010654966237,15.269418713802203,1188.8903392596349,1500.0,-0.31345050409436226,0.08769909901016981,0.0,0.0,0.0,0.0,0.0,21858.54070839868,14850.0,74.87092251485362,6622.560125143454,0.0,-7.275957614183426e-12,-1.0373923942097463e-12,0,0,0,0.0,0,0,True,0,0,,,,0.1740120005706558,0.45590424000693053,3.471899000032863,,,,,,,,,
d5419d24e3f12cc98db8a0792babd5f886758ddd3fc42e7ea513816b648d1aed,delay6,Mar2015,550.0,pid_lowdrag_preview,1,1500.0,0.5,96.75,78.0,10.0,1500.0,600.0,0.632253447909075,2.051138929091394,-1.8882421609014273,3.256345404492873,6.694054152364561,1137.9326962208365,0,57.574459155689844,57.48091138974609,1350.0,1500.0,-0.6562696537002921,0.2938092296974597,0.0,0.0,0.0,0.0,0.0,74076.23239996108,65250.0,281.84758984012655,8394.38481012097,0.0,1.4551915228366852e-11,0.0,0,0,0,0.0,0,0,True,0,0,,,,0.18748299953585956,0.3872287599733682,0.5261639998934697,0.6642387473224728,2.051138929091394,-1.8882421609014273,2.1380646326854613,6.698983399225674,1137.9326962208365,0,37.73180817733749,37.74105275422448,1279.7074496035523,1189.045679266678,0.739377367310226,0.35456095012839717,0.0,0.0,0.0,0.0,0.0,44782.99849405636,43200.0,185.05664749610762,1488.603616897139,0.0,1.3415046851150692e-11,-1.5916157281026244e-12,0,0,0,0.0,0,0,True,0,0,,,,0.19684150038301595,0.3870635200019022,0.5261639998934697,0.6132272353423943,1.552648724988103,-1.390507415868342,0.8601428649129983,6.694054152364561,1138.8502282718111,0,15.38215953160514,15.183216047158616,1189.045679266678,1500.0,-0.6562696537002921,0.08772672027774464,0.0,0.0,0.0,0.0,0.0,21859.666381061244,14850.0,74.44824282443395,6624.2638175034845,0.0,-4.320099833421409e-12,1.4921397450962104e-12,0,0,0,0.0,0,0,True,0,0,,,,0.18748299953585956,0.3872287599733682,0.5261639998934697,,,,,,,,,
d5419d24e3f12cc98db8a0792babd5f886758ddd3fc42e7ea513816b648d1aed,delay6,Mar2015,550.0,pid_lowdrag_preview,2,1500.0,0.5,96.75,78.0,10.0,1500.0,600.0,0.6066885958876295,1.9774551102891564,-1.465547169558704,3.2608130765786503,6.700858864823994,1138.45684885204,0,57.582974770383636,57.55977460337488,1350.0,1500.0,-0.16275953315198421,0.29380476019838775,0.0,0.0,0.0,0.0,0.0,74088.6520416442,65250.0,282.2342818070918,8406.417759837104,0.0,-1.0913936421275139e-11,2.8421709430404007e-12,0,0,0,0.0,0,0,True,0,0,,,,0.16207499993470265,0.3813406398694497,1.6835400001582457,0.5990366885157367,1.7466735020279884,-1.465547169558704,2.1406243930392916,6.7047601946212065,1138.45684885204,0,37.739963478567866,37.786237567198114,1279.3819903997066,1189.2176092110203,0.406524526886642,0.3545559479682028,0.0,0.0,0.0,0.0,0.0,44794.61600366399,43200.0,185.2782033191811,1499.5021815334937,0.0,-3.637978807091713e-12,1.0516032489249483e-12,0,0,0,0.0,0,0,True,0,0,,,,0.1620245002413867,0.355546719647463,0.6023890000506071,0.690424510437071,1.9774551102891564,-1.1532781952992082,0.866855528521695,6.7067348888215434,1138.951041246825,0,15.382856676550304,15.301707783799614,1189.2176092110203,1500.0,-0.16275953315198421,0.08771516631791543,0.0,0.0,0.0,0.0,0.0,21861.38758878843,14850.0,75.02924631899853,6625.575951680455,0.0,1.8189894035458565e-12,1.8047785488306545e-12,0,0,0,0.0,0,0,True,0,0,,,,0.16207499993470265,0.3813406398694497,1.6835400001582457,,,,,,,,,
d5419d24e3f12cc98db8a0792babd5f886758ddd3fc42e7ea513816b648d1aed,delay6,Mar2015,550.0,swmpc,0,1500.0,0.5,96.75,78.0,10.0,1500.0,600.0,0.6095130704507383,2.8381186071783304,-2.8381186071783304,3.3097418736964226,5.199999999999999,1137.8137817531579,0,58.468397037669604,58.42346426223308,1350.0,1500.0,-0.31521893851459026,0.24017208015735614,34.23864898148023,0.0,1.1756961295979386e-14,34.23864898148023,0.0,73539.74005282018,65250.0,286.4692329036119,7853.27081991656,0.0,-1.1823431123048067e-11,-1.8758328224066645e-12,0,0,0,0.0,0,0,True,1080,0,1.0425851001842046e-10,1.4726256780835326e-13,2.799323672887417e-10,0.7283689992618747,1.2373126004968071,6.269612000323832,0.558965900977334,2.079281585291028,-1.4640881288796663,2.1880978824987856,5.2048638880453275,1137.8413957669807,0,38.546971891964866,38.624238178931826,1279.5447451385628,1221.3345457762273,0.3265220392495394,0.2888434714343675,34.23864898148023,0.0,1.1130946911121243e-14,34.23864898148023,0.0,44403.274539032915,43200.0,189.38719266871027,1072.097545726535,0.0,-5.002220859751105e-12,-1.9042545318370685e-12,0,0,0,0.0,0,0,True,1008,0,1.0425851001842046e-10,1.4726256780835326e-13,2.799323672887417e-10,0.7505624998884741,1.258593030088377,6.269612000323832,0.7541269974008139,2.8381186071783304,-2.8381186071783304,0.8674259853205357,5.212036903027649,1137.8137817531579,0,15.403254884887211,15.31177747009884,1221.3345457762273,1500.0,-0.31521893851459026,0.0756144416450596,34.19868353272547,0.0,1.1756961295979386e-14,34.19868353272547,0.0,21765.673592283358,14850.0,75.07862126357092,6561.92951679601,0.0,-3.865352482534945e-12,2.842170943040401e-14,0,0,0,0.0,0,0,True,1080,0,1.0425851001842046e-10,1.4726256780835326e-13,2.799323672887417e-10,0.7283689992618747,1.2373126004968071,6.269612000323832,0.2807339997161762,0.5560671502007611,1.0235850004391978,0.2816400001393049,0.5631339504452622,1.0235850004391978,0.2807339997161762,0.5560671502007611,1.0235850004391978
d5419d24e3f12cc98db8a0792babd5f886758ddd3fc42e7ea513816b648d1aed,delay6,Mar2015,550.0,swmpc,1,1500.0,0.5,96.75,78.0,10.0,1500.0,600.0,0.6122483692322461,2.2118180133402348,-1.7734589874744415,3.3057969793486537,5.199999999999999,1138.0479742194668,0,58.447113571060854,58.353829105552464,1350.0,1500.0,-0.6544214431196451,0.24087006459497895,34.24432383110536,0.0,1.1408964758737681e-14,34.24432383110536,0.0,73567.98223841024,65250.0,286.12778909898475,7881.854449311257,0.0,-2.7284841053187847e-12,-1.1368683772161603e-12,0,0,0,0.0,0,0,True,1080,0,6.374040058060492e-11,1.1966930041560606e-13,4.4197857242791473e-10,0.7532159997936105,1.2833021602273222,3.475194999737141,0.6531434914263401,2.2118180133402348,-1.7734589874744415,2.1829897278886854,5.199999999999999,1138.0479742194668,0,38.52499388100496,38.534069186998806,1279.6562330723298,1221.949887887449,0.5425111735239625,0.28985308398656484,34.24432383110536,0.0,1.0900706196126304e-14,34.24432383110536,0.0,44442.150270599115,43200.0,188.94506479634163,1110.9115509876533,0.0,-9.094947017729282e-13,-1.3926637620897964e-12,0,0,0,0.0,0,0,True,1008,0,6.374040058060492e-11,1.1966930041560606e-13,4.4197857242791473e-10,0.7756199997857038,1.3635203997364431,3.475194999737141,0.5946754553310415,1.392540437169373,-1.392540437169373,0.8630388631943875,5.2116676549281,1138.8622968566522,0,15.40495364978954,15.234336121941254,1221.949887887449,1500.0,-0.6544214431196451,0.07544620610903807,34.1932467848105,0.0,7.461235187407094e-15,34.1932467848105,0.0,21765.37204169764,14850.0,74.69890116511871,6562.62302841997,0.0,2.2737367544323206e-13,2.4158453015843406e-13,0,0,0,0.0,0,0,True,1080,0,6.374040058060492e-11,1.1966930041560606e-13,4.4197857242791473e-10,0.7532159997936105,1.2833021602273222,3.475194999737141,0.2947300004052522,0.5508876198564394,1.5639009998267284,0.2960369997708767,0.5517674597194854,1.5639009998267284,0.2947300004052522,0.5508876198564394,1.5639009998267284
d5419d24e3f12cc98db8a0792babd5f886758ddd3fc42e7ea513816b648d1aed,delay6,Mar2015,550.0,swmpc,2,1500.0,0.5,96.75,78.0,10.0,1500.0,600.0,0.566629171510651,1.9702721424400806,-1.3078949395567179,3.311003350025113,5.2023007046775795,1138.48099373626,0,58.46902169988497,58.44573180454227,1350.0,1500.0,-0.163387811742723,0.23987609433933044,34.269521045718854,0.0,1.3514247497007142e-14,34.269521045718854,0.0,73516.99281591321,65250.0,286.5784179005094,7830.414398012714,0.0,1.2732925824820995e-11,-3.410605131648481e-13,0,0,0,0.0,0,0,True,1080,0,7.045722966346868e-11,1.4618870684669057e-13,2.993891441863654e-10,0.7134870002118987,1.04765504005627,2.201852999860421,0.5616281171251537,1.956605770625174,-1.3078949395567179,2.1865717945377985,5.2023007046775795,1138.48099373626,0,38.54740167076004,38.597299720027294,1279.3909643020781,1223.2306229553699,0.33352346904575825,0.2885862846944206,34.269521045718854,0.0,1.2245645167706377e-14,34.269521045718854,0.0,44401.20136244141,43200.0,189.25510464970338,1068.106599138426,0.0,1.0800249583553523e-11,1.4210854715202004e-13,0,0,0,0.0,0,0,True,1008,0,7.045722966346868e-11,1.4618870684669057e-13,2.993891441863654e-10,0.7273579999491631,1.066341999612631,2.201852999860421,0.6729839369789661,1.9702721424400806,-1.150585071183741,0.868583427296119,5.206628982053184,1138.9478017066956,0,15.403041035478964,15.332208601127846,1223.2306229553699,1500.0,-0.163387811742723,0.07528775309306135,34.21710195443285,0.0,6.027865312185045e-15,34.21710195443285,0.0,21752.547692790627,14850.0,75.17880173912687,6550.59951400687,0.0,-2.2737367544323206e-13,-4.263256414560601e-13,0,0,0,0.0,0,0,True,1080,0,7.045722966346868e-11,1.4618870684669057e-13,2.993891441863654e-10,0.7134870002118987,1.04765504005627,2.201852999860421,0.27085849978902843,0.4605717004506005,0.5972110002403497,0.27073299997937283,0.4602668506504413,0.5972110002403497,0.27085849978902843,0.4605717004506005,0.5972110002403497
d5419d24e3f12cc98db8a0792babd5f886758ddd3fc42e7ea513816b648d1aed,delay6,May2024,400.0,pid_lowdrag_preview,0,1500.0,0.5,96.58333333333333,78.0,10.0,1500.0,600.0,2.367675129891723,9.268796454183757,-8.149639281444252,105.15155567385166,7.1471674848778495,1102.019185760844,0,1855.4541691615357,1856.132106208156,1350.0,1500.0,4.603777380660176,0.21211735974878676,0.0,0.0,0.0,0.0,0.0007674597083653108,82397.75985930588,65150.0,9101.218959673075,7996.540899632796,0.0,-8.185452315956354e-12,-4.729372449219227e-11,0,0,0,0.0,0,0,True,0,0,,,,0.1610529998288257,0.4187303399885424,1.126260000091861,2.484048492790168,9.268796454183757,-8.149639281444252,72.98945751048056,7.154917552323152,1102.019185760844,0,1288.312617088159,1288.4077142912693,1156.7780028270247,1456.2809390820403,-0.5448001231998205,0.2490033777608287,0.0,0.0,0.0,0.0,0.0011574074074074073,52451.18894278134,43200.0,6317.481755677235,2634.204250849083,0.0,-2.9558577807620168e-12,-4.3655745685100555e-11,0,0,0,0.0,0,0,True,0,0,,,,0.1616189997548645,0.42137091935728666,1.126260000091861,2.191082598012882,6.367741296067834,-6.367741296067834,24.655647565534977,7.1471674848778495,1120.707717910584,0,434.46260608833245,435.2207511574011,1456.2809390820403,1500.0,4.603777380660176,0.06710379468093597,0.0,0.0,0.0,0.0,0.0,21858.776562695028,14750.0,2134.028789668838,4931.0287121082365,0.0,6.366462912410498e-12,-3.183231456205249e-12,0,0,0,0.0,0,0,True,0,0,,,,0.1610529998288257,0.4187303399885424,1.126260000091861,,,,,,,,,
d5419d24e3f12cc98db8a0792babd5f886758ddd3fc42e7ea513816b648d1aed,delay6,May2024,400.0,pid_lowdrag_preview,1,1500.0,0.5,96.58333333333333,78.0,10.0,1500.0,600.0,2.367025331581505,8.13801728002727,-8.13801728002727,105.12155289030005,7.120839149108313,1102.0399390759899,0,1855.5398165375318,1855.6024979729946,1350.0,1500.0,0.42547552566975355,0.21225460823414988,0.0,0.0,0.0,0.0,0.0023023791250959325,82386.03311032886,65150.0,9098.622118373487,7987.410991955372,0.0,-3.637978807091713e-12,7.821654435247183e-11,0,0,0,0.0,0,0,True,0,0,,,,0.16010199942684267,0.33622416085563617,0.5053329996371758,2.423166273874802,8.13801728002727,-8.13801728002727,73.00428615299299,7.128306269771107,1102.0399390759899,0,1288.5276355100852,1288.6694690440436,1159.8159156041486,1453.5310343376195,-0.05518308375030756,0.2491015849066216,0.0,0.0,0.0,0.0,0.003472222222222222,52431.6059336553,43200.0,6318.76522430043,2619.1255906214033,0.0,3.865352482534945e-12,2.546585164964199e-11,0,0,0,0.0,0,0,True,0,0,,,,0.16100799939522403,0.36324982023870545,0.5053329996371758,2.445967129303599,7.152818778529763,-6.919560755603015,24.609327517533615,7.164865080010837,1120.277449854316,0,434.3323265435704,434.40311105968703,1453.5310343376195,1500.0,0.42547552566975355,0.06731604387562051,0.0,0.0,0.0,0.0,0.0,21854.156993865752,14750.0,2130.019634536746,4927.668393666625,0.0,-9.094947017729282e-13,5.093170329928398e-11,0,0,0,0.0,0,0,True,0,0,,,,0.16010199942684267,0.33622416085563617,0.5053329996371758,,,,,,,,,
d5419d24e3f12cc98db8a0792babd5f886758ddd3fc42e7ea513816b648d1aed,delay6,May2024,400.0,pid_lowdrag_preview,2,1500.0,0.5,96.58333333333333,78.0,10.0,1500.0,600.0,2.4357608983099888,9.27201157156378,-9.222238269634545,105.12393180529098,7.123705767186344,1100.5003188986468,0,1855.270630650972,1855.6444905090402,1350.0,1500.0,2.5387295642867684,0.2122636059744617,0.0,0.0,0.0,0.0,0.0023023791250959325,82388.49864976257,65150.0,9098.8280214252,7989.6706283373605,0.0,-3.637978807091713e-12,-4.729372449219227e-11,0,0,0,0.0,0,0,True,0,0,,,,0.1601410003786441,0.28227290005816036,0.6596060002266313,2.5030644492573497,9.27201157156378,-9.222238269634545,72.96641001518388,7.123705767186344,1100.5003188986468,0,1288.151877160289,1288.000880595726,1156.7387175239828,1455.30263993087,-1.5767441736534238,0.24918578617724263,0.0,0.0,0.0,0.0,0.003472222222222222,52437.671027812874,43200.0,6315.486917847023,2623.620187558957,0.0,-7.275957614183426e-12,-1.1823431123048067e-11,0,0,0,0.0,0,0,True,0,0,,,,0.1596659999449912,0.27434868057753176,0.45843099997000536,2.4844484325036844,7.752756014466286,-6.20035015232861,24.64270374438989,7.194163900817062,1120.2284815702108,0,434.3862287237241,434.9922672148557,1455.30263993087,1500.0,2.5387295642867684,0.06720985226961451,0.0,0.0,0.0,0.0,0.0,21850.48429333938,14750.0,2132.9084586412587,4922.878474628993,0.0,9.094947017729282e-13,-3.501554601825774e-11,0,0,0,0.0,0,0,True,0,0,,,,0.1601410003786441,0.28227290005816036,0.6596060002266313,,,,,,,,,
d5419d24e3f12cc98db8a0792babd5f886758ddd3fc42e7ea513816b648d1aed,delay6,May2024,400.0,swmpc,0,1500.0,0.5,96.58333333333333,78.0,10.0,1500.0,600.0,4.401203755784415,20.460589633323252,-7.181825398467481,96.39749840458425,2.944161979979915,645.837040330187,0,1700.9276275574553,1701.6057499127828,1350.0,1500.0,4.603939035907388,0.2880900457124629,35.99251775822902,3.0340960634902383,1.185322148599283e-14,35.99251775822902,0.0,78109.12815671529,65150.0,8343.526013691058,4465.602143024226,0.0,-6.366462912410498e-12,3.092281986027956e-11,0,0,0,0.0,0,0,True,1080,0,6.821210263296962e-12,3.177764317901346e-13,2.555386681225714e-10,0.8507039992764476,1.2777841800198078,2.287692000209063,5.18578093868438,20.460589633323252,-7.181825398467481,65.17128108829803,3.1229627103381885,645.837040330187,0,1150.0432765856647,1150.401498632204,1159.9237339272922,1073.4323503532314,1.1476392084732652,0.3468090908688647,35.99251775822902,3.0340960634902383,1.185322148599283e-14,35.99251775822902,0.0,48764.95740616592,43200.0,5640.792428280757,10.656361459220307,0.0,-5.6843418860808015e-12,5.4569682106375694e-12,0,0,0,0.0,0,0,True,1008,0,6.821210263296962e-12,3.177764317901346e-13,2.555386681225714e-10,0.8835690000523755,1.2898878700070775,2.080238999951689,2.2767407130911015,6.693857430480421,-6.367655071429908,24.33561231076034,4.231952862724743,752.3274261264067,0,429.062547097986,429.5714984411859,1073.4323503532314,1500.0,4.603939035907388,0.08004323695306459,35.137142005304604,0.0,5.656357006527594e-15,35.137142005304604,0.0,21715.672587584813,14750.0,2106.328667594085,4432.7762703439585,0.0,-9.094947017729282e-13,2.4556356947869062e-11,0,0,0,0.0,0,0,True,1080,0,6.821210263296962e-12,3.177764317901346e-13,2.555386681225714e-10,0.8507039992764476,1.2777841800198078,2.287692000209063,0.4091020000487333,0.7087773406510679,1.5357769998445292,0.409062000017002,0.7072007306123844,1.5105200000107288,0.4091020000487333,0.7087773406510679,1.5357769998445292
d5419d24e3f12cc98db8a0792babd5f886758ddd3fc42e7ea513816b648d1aed,delay6,May2024,400.0,swmpc,1,1500.0,0.5,96.58333333333333,78.0,10.0,1500.0,600.0,4.417850019210087,20.029246589168906,-8.10873251222074,96.50506312837155,2.687540617333741,645.8373641418156,0,1703.4416280878809,1703.5044791901255,1350.0,1500.0,0.4256725450977683,0.2868016237061608,35.970018146390764,2.6108890735613843,9.802232939740397e-15,35.970018146390764,0.0,78161.56028297899,65150.0,8352.83610042492,4508.724182554051,0.0,-1.4551915228366852e-11,2.1827872842550278e-11,0,0,0,0.0,0,0,True,1080,0,6.59383658785373e-12,3.1743619000456085e-13,3.7874968671046827e-10,0.8718649996808381,1.6286847203082293,3.5770489994320087,5.170541115483499,20.029246589168906,-8.10873251222074,65.32635564371556,3.1329267456226835,645.8373641418156,0,1152.6905812799794,1153.1388700322068,1162.2217842175717,1050.7772097346192,1.6612130515277386,0.34433221178162343,35.970018146390764,2.6108890735613843,9.802232939740397e-15,35.970018146390764,0.0,48784.17595671779,43200.0,5654.2146499006485,41.40588130010474,0.0,1.3869794202037156e-11,2.3646862246096134e-11,0,0,0,0.0,0,0,True,1008,0,6.59383658785373e-12,3.1743619000456085e-13,3.7874968671046827e-10,0.9045050005624944,1.8179923295974683,3.5770489994320087,2.5713046456300823,8.767136996611953,-6.919620952568948,24.289392342619536,4.066824839366843,729.0169145974563,0,428.9375798355927,428.7556249501449,1050.7772097346192,1500.0,0.4256725450977683,0.08038044621462681,35.12444653802778,0.0,5.448638359955499e-15,35.12444653802778,0.0,21725.303209241276,14750.0,2102.3281747086935,4423.7522442671925,0.0,-9.549694368615746e-12,9.094947017729282e-13,0,0,0,0.0,0,0,True,1080,0,6.59383658785373e-12,3.1743619000456085e-13,3.7874968671046827e-10,0.8718649996808381,1.6286847203082293,3.5770489994320087,0.4161424999438168,0.80644204973396,2.1192180001889938,0.4158724996159435,0.8134296501611966,2.1192180001889938,0.4161424999438168,0.80644204973396,2.1192180001889938
d5419d24e3f12cc98db8a0792babd5f886758ddd3fc42e7ea513816b648d1aed,delay6,May2024,400.0,swmpc,2,1500.0,0.5,96.58333333333333,78.0,10.0,1500.0,600.0,4.386335759610631,16.917252272367477,-9.404451325535774,96.35890373703029,2.9790309112110513,656.3879572082436,0,1700.5504484138305,1700.9244779989504,1350.0,1500.0,2.538860206492245,0.2890922115494877,36.00188944366223,2.7215733590248368,1.2579252249951069e-14,36.00188944366223,0.0,78121.74657040813,65150.0,8340.185516084184,4481.561054323951,0.0,9.094947017729282e-12,0.0,0,0,0,0.0,0,0,True,1080,0,6.821210263296962e-12,1.452990929003309e-07,2.4817681672046784e-10,0.8381940006074728,1.5979814004458606,8.149019000484259,5.1245814190392,16.917252272367477,-9.404451325535774,65.17433966991561,3.137461126780031,656.3879572082436,0,1150.5342574549097,1150.455488623151,1159.7124328927346,1087.4393222954602,-1.0997660541906953,0.3471834180073946,36.00188944366223,2.7215733590248368,1.2579252249951069e-14,36.00188944366223,0.0,48785.460209402714,43200.0,5641.05715875313,16.676161246864012,0.0,5.9117155615240335e-12,-2.637534635141492e-11,0,0,0,0.0,0,0,True,1008,0,6.821210263296962e-12,1.452990929003309e-07,2.4817681672046784e-10,0.896072500381706,1.7943434998414802,8.149019000484259,2.5771047036845816,7.822063009254634,-6.200218667276204,24.287782743275983,4.012847672356449,764.9692673265859,0,428.19137737758433,428.7272123508387,1087.4393222954602,1500.0,2.538860206492245,0.0826797023237611,35.10352620895862,0.0,1.0554308624590224e-14,35.10352620895862,0.0,21682.17720417329,14750.0,2102.1888585001398,4417.427667968617,0.0,5.6843418860808015e-12,2.9103830456733704e-11,0,0,0,0.0,0,0,True,1080,0,6.821210263296962e-12,1.452990929003309e-07,2.4817681672046784e-10,0.8381940006074728,1.5979814004458606,8.149019000484259,0.40299350030181813,0.8817870105849583,7.611277000250993,0.40984300039781374,0.8914933304185972,7.611277000250993,0.40299350030181813,0.8817870105849583,7.611277000250993
d5419d24e3f12cc98db8a0792babd5f886758ddd3fc42e7ea513816b648d1aed,delay6,May2024,550.0,pid_lowdrag_preview,0,1500.0,0.5,97.0,78.0,10.0,1500.0,600.0,0.9576790643035428,2.9861748460680246,-2.9861748460680246,12.516046854138587,6.590001866753889,1146.660725580407,0,221.15186248156638,220.93288358784966,1350.0,1500.0,-1.5362679567188025,0.3006056005335974,0.0,0.0,0.0,0.0,0.0,75413.97600636233,65400.0,1083.305731418393,8780.670274943945,0.0,1.2732925824820995e-11,4.774847184307873e-12,0,0,0,0.0,0,0,True,0,0,,,,0.1585139998496743,0.26080264977281353,0.44533199979923666,0.9643951614330717,2.877389293164015,-2.6151785664260387,8.662459206950931,6.590001866753889,1146.660725580407,0,152.81613029872568,152.9094700473223,1419.368263410894,1235.9972500287718,0.3072894234210253,0.36368035553122424,0.0,0.0,0.0,0.0,0.0,45192.65375842483,43200.0,749.7648272197835,1426.2599445871765,0.0,8.640199666842818e-12,2.2737367544323206e-13,0,0,0,0.0,0,0,True,0,0,,,,0.15901000006124377,0.26080264977281314,0.44533199979923666,0.9949625936458317,2.9861748460680246,-2.9861748460680246,3.0469783973547226,6.606431225183334,1157.598920602545,0,54.0479530590238,53.78517126075394,1235.9972500287718,1500.0,-1.5362679567188025,0.08980900552892124,0.0,0.0,0.0,0.0,0.0,22546.067905414202,15000.0,263.7261748721396,7018.338980570836,0.0,1.3642420526593924e-12,4.774847184307873e-12,0,0,0,0.0,0,0,True,0,0,,,,0.1585139998496743,0.26080264977281353,0.44533199979923666,,,,,,,,,
d5419d24e3f12cc98db8a0792babd5f886758ddd3fc42e7ea513816b648d1aed,delay6,May2024,550.0,pid_lowdrag_preview,1,1500.0,0.5,97.0,78.0,10.0,1500.0,600.0,0.8700964887006543,2.9697717055678368,-2.6691983630880713,12.522304215177861,6.5977243386107185,1146.9845676003615,0,221.16083256741348,221.04333833719494,1350.0,1500.0,-0.8242978155612946,0.30055803933590586,0.0,0.0,0.0,0.0,0.0,75402.54961553667,65400.0,1083.8473269522224,8768.702288584454,0.0,5.4569682106375694e-12,4.774847184307873e-12,0,0,0,0.0,0,0,True,0,0,,,,0.160306500220031,0.2845303403137226,0.4254420000506798,0.9018822717832066,2.9697717055678368,-2.5862878831103444,8.661405007618425,6.5977243386107185,1146.9845676003615,0,152.83527329980552,152.89086135233222,1419.5152000348874,1236.039937431222,0.2985482634976506,0.36354859011194796,0.0,0.0,0.0,0.0,0.0,45181.20591028549,43200.0,749.6735827404225,1415.0075901487446,0.0,1.0686562745831907e-11,8.071765478234738e-12,0,0,0,0.0,0,0,True,0,0,,,,0.15990600013537914,0.27965806007159694,0.4254420000506798,0.8897149114183569,2.719934903085232,-2.6691983630880713,3.0525469593731813,6.615821743311619,1157.5035347547948,0,54.04351845641628,53.88346735044635,1236.039937431222,1500.0,-0.8242978155612946,0.08982855492218011,0.0,0.0,0.0,0.0,0.0,22544.482580914635,15000.0,264.20815254612546,7016.314365799735,0.0,3.637978807091713e-12,-3.183231456205249e-12,0,0,0,0.0,0,0,True,0,0,,,,0.160306500220031,0.2845303403137226,0.4254420000506798,,,,,,,,,
d5419d24e3f12cc98db8a0792babd5f886758ddd3fc42e7ea513816b648d1aed,delay6,May2024,550.0,pid_lowdrag_preview,2,1500.0,0.5,97.0,78.0,10.0,1500.0,600.0,0.905641241708691,3.5202123848721385,-2.5230640890076756,12.537857102949397,6.585518218843422,1147.731806926049,0,221.16828123561405,221.31787744555095,1350.0,1500.0,1.0494885938242078,0.3005853278742998,0.0,0.0,0.0,0.0,0.0,75427.37837414906,65400.0,1085.193481425702,8792.184892723382,0.0,2.1827872842550278e-11,2.2737367544323206e-12,0,0,0,0.0,0,0,True,0,0,,,,0.16010699982871301,0.27691982949363597,0.45102099920768524,0.9189094421931434,3.2377560259774327,-2.5230640890076756,8.65219224343809,6.585518218843422,1147.731806926049,0,152.83871569325763,152.72823791540202,1419.381623355074,1238.4370014778776,-0.6454586060717702,0.36362269789890356,0.0,0.0,0.0,0.0,0.0,45204.774711945414,43200.0,748.8761871765366,1436.8431466460815,0.0,7.503331289626658e-12,-1.1368683772161603e-12,0,0,0,0.0,0,0,True,0,0,,,,0.16005650013539707,0.2747592301329859,0.45102099920768524,0.9867191904121807,3.5202123848721385,-2.1742533575743437,3.075288664879663,6.591541945175255,1157.1246998196104,0,54.04330295353233,54.28490325379698,1238.4370014778776,1500.0,1.0494885938242078,0.08984781910887396,0.0,0.0,0.0,0.0,0.0,22546.77002780175,15000.0,266.1765232469218,7019.030506032708,0.0,1.1368683772161603e-12,3.240074875066057e-12,0,0,0,0.0,0,0,True,0,0,,,,0.16010699982871301,0.27691982949363597,0.45102099920768524,,,,,,,,,
d5419d24e3f12cc98db8a0792babd5f886758ddd3fc42e7ea513816b648d1aed,delay6,May2024,550.0,swmpc,0,1500.0,0.5,97.0,78.0,10.0,1500.0,600.0,0.945911700554278,3.1076288605108857,-2.9636976653710008,12.575281021407916,5.224254813667747,1146.5508529471003,0,222.1974199443059,221.97848333146214,1350.0,1500.0,-1.5359696382656693,0.2610305080604477,34.57776219486435,0.0,1.0763787545103843e-14,34.57776219486435,0.0,74044.53571517709,65400.0,1088.4326467812375,7406.103068395841,0.0,-1.000444171950221e-11,-2.7284841053187847e-12,0,0,0,0.0,0,0,True,1080,0,9.780321008204531e-11,1.9166449125408735e-13,4.631418248304922e-10,0.7361309999396326,1.2416798798221864,1.4546950005751569,0.9742191032800418,3.1076288605108857,-2.0826163850724697,8.733911195401348,5.224254813667747,1146.5508529471003,0,154.18420461468688,154.17073840388935,1419.3132787060458,1236.0355627677948,-0.5051296977326274,0.31452260478834093,34.57776219486435,0.0,1.0763787545103843e-14,34.57776219486435,0.0,44172.70656703327,43200.0,755.9492358842449,400.03504708726587,0.0,-7.048583938740194e-12,-2.7284841053187847e-12,0,0,0,0.0,0,0,True,1008,0,9.780321008204531e-11,1.9166449125408735e-13,4.631418248304922e-10,0.7579534999422322,1.2464479599020706,1.4546950005751569,0.9547712277218151,2.9636976653710008,-2.9636976653710008,3.045139522128295,5.231475477869938,1156.3991098311187,0,53.89964683471686,53.75271149042263,1236.0355627677948,1500.0,-1.5359696382656693,0.08033754061877896,34.37616089949287,0.0,5.602176101640252e-15,34.37616089949287,0.0,22442.287171136457,15000.0,263.5670140687784,6914.755719835471,0.0,-2.9558577807620168e-12,5.684341886080802e-14,0,0,0,0.0,0,0,True,1080,0,9.780321008204531e-11,1.9166449125408735e-13,4.631418248304922e-10,0.7361309999396326,1.2416798798221864,1.4546950005751569,0.29008699993937626,0.5506594199687244,0.6583640006283531,0.2892469997277658,0.5501701899538601,0.6583640006283531,0.29008699993937626,0.5506594199687244,0.6583640006283531
d5419d24e3f12cc98db8a0792babd5f886758ddd3fc42e7ea513816b648d1aed,delay6,May2024,550.0,swmpc,1,1500.0,0.5,97.0,78.0,10.0,1500.0,600.0,0.8683912218277156,3.114487459883094,-2.666827301494777,12.592468511679618,5.214043767241286,1146.6831620271591,0,222.39932737815593,222.28187639411476,1350.0,1500.0,-0.8239931222051382,0.260209202793504,34.587394266621345,0.0,1.3041189624204074e-14,34.587394266621345,0.0,74092.0479001333,65400.0,1089.9202815701717,7452.127618563136,0.0,7.275957614183426e-12,6.366462912410498e-12,0,0,0,0.0,0,0,True,1080,0,6.967229490332101e-11,2.071914261473046e-13,3.787779439989674e-10,0.74070299979212,1.1165227396486446,1.874418999250338,0.9009719635961707,3.114487459883094,-2.3499280782416463,8.74125085454639,5.225952063905165,1146.6831620271591,0,154.35373687843028,154.30029784692766,1419.4725807137213,1236.0601453819954,-0.3243351327255368,0.31354527096793294,34.587394266621345,0.0,1.3041189624204074e-14,34.587394266621345,0.0,44201.07997005944,43200.0,756.5845079402843,427.9078974508973,0.0,1.2278178473934531e-11,-1.1368683772161603e-13,0,0,0,0.0,0,0,True,1008,0,6.967229490332101e-11,2.071914261473046e-13,3.787779439989674e-10,0.7623859996783722,1.1755599296884593,1.874418999250338,0.895496363587006,2.721503783017397,-2.666827301494777,3.0497954741922673,5.229286570523993,1157.2336160992502,0,53.90611877423734,53.83489821657875,1236.0601453819954,1500.0,-0.8239931222051382,0.08028577824699634,34.36348707910733,0.0,5.9034857037300815e-15,34.36348707910733,0.0,22447.593065333116,15000.0,263.97000229780724,6919.683208417306,0.0,9.094947017729282e-13,6.536993168992922e-12,0,0,0,0.0,0,0,True,1080,0,6.967229490332101e-11,2.071914261473046e-13,3.787779439989674e-10,0.74070299979212,1.1165227396486446,1.874418999250338,0.28515500025605434,0.503528519802786,0.6526750003104098,0.2872234999813372,0.5233371598660583,0.6526750003104098,0.28515500025605434,0.503528519802786,0.6526750003104098
d5419d24e3f12cc98db8a0792babd5f886758ddd3fc42e7ea513816b648d1aed,delay6,May2024,550.0,swmpc,2,1500.0,0.5,97.0,78.0,10.0,1500.0,600.0,0.9052810842386667,3.532158389687538,-2.357039392925799,12.595068409583384,5.212129055652328,1147.0387876948075,0,222.17809937981608,222.32776971391226,1350.0,1500.0,1.0500116031616926,0.2609751653513107,34.554423378225096,0.0,1.2837389199940037e-14,34.554423378225096,0.0,74067.12548910477,65400.0,1090.1453114324777,7426.980177672301,0.0,6.366462912410498e-12,2.5011104298755527e-12,0,0,0,0.0,0,0,True,1080,0,8.68118401148841e-11,2.0895779564565572e-13,4.831095411306499e-10,0.7370274997811066,1.2033313296888086,3.0443040004684008,0.9285542719623223,3.114484189078212,-2.357039392925799,8.725660491212038,5.22385668702989,1147.0387876948075,0,154.09452713416954,154.02509722106086,1419.2652629339234,1237.2852748773203,-0.6953707244247198,0.3149263412826607,34.554423378225096,0.0,1.2837389199940037e-14,34.554423378225096,0.0,44179.24115707935,43200.0,755.2351098314595,405.98603530449964,0.0,7.617018127348274e-12,4.661160346586257e-12,0,0,0,0.0,0,0,True,1008,0,8.68118401148841e-11,2.0895779564565572e-13,4.831095411306499e-10,0.7533919997513294,1.1959265095902076,3.0443040004684008,0.9796902032420334,3.532158389687538,-2.170916572213173,3.070396398574742,5.239325165684765,1156.1782508324723,0,53.949755755223464,54.19854511574741,1237.2852748773203,1500.0,1.0500116031616926,0.07942296225724321,34.3435454078949,0.0,7.102941276742694e-15,34.3435454078949,0.0,22446.47261392174,15000.0,265.75308122967965,6918.004807569378,0.0,-9.094947017729282e-13,-2.1600499167107046e-12,0,0,0,0.0,0,0,True,1080,0,8.68118401148841e-11,2.0895779564565572e-13,4.831095411306499e-10,0.7370274997811066,1.2033313296888086,3.0443040004684008,0.2898125003412133,0.49043807971429504,0.779476999923645,0.2890609998758009,0.4636386302991013,0.779476999923645,0.2898125003412133,0.49043807971429504,0.779476999923645
d5419d24e3f12cc98db8a0792babd5f886758ddd3fc42e7ea513816b648d1aed,delay12,Feb2022,400.0,pid_lowdrag_preview,0,1500.0,0.5,96.16666666666667,84.0,10.0,1500.0,600.0,1.2257506286891582,4.8629050850868225,-3.8746841670945287,27.496001157530863,6.865544560413195,1126.655977809848,0,485.6288914140549,485.35858755270385,1350.0,1500.0,-1.835167002864182,0.2799300912780561,0.0,0.0,0.0,0.0,0.0,73136.74723495639,64900.0,2379.8708963118706,5706.876338644527,0.0,7.275957614183426e-12,2.773958840407431e-11,0,0,0,0.0,0,0,True,0,0,,,,0.1675274997978704,0.45706443032941,3.6749569999301457,1.2290381433099438,4.8629050850868225,-3.8746841670945287,17.98837331557321,6.865544560413195,1132.782434566555,0,317.496428397418,317.5302261152972,1284.316186377139,1211.6639387400019,0.0714892316609621,0.3147895408029774,0.0,0.0,0.0,0.0,0.0,46354.63450815805,43200.0,1556.9538959668057,1670.3328598283815,0.0,-1.1368683772161603e-12,8.185452315956354e-12,0,0,0,0.0,0,0,True,0,0,,,,0.16506399970239727,0.4769424498226725,3.6749569999301457,1.3035150264689033,3.776431430131197,-3.776431430131197,6.973876429523251,6.9526999383018,1126.655977809848,0,123.38349702898262,123.10265751765712,1211.6639387400019,1500.0,-1.835167002864182,0.15554951329801225,0.0,0.0,0.0,0.0,0.0,19204.055356738878,14500.0,603.6123381727587,3812.106957306125,0.0,3.637978807091713e-12,2.000888343900442e-11,0,0,0,0.0,0,0,True,0,0,,,,0.1675274997978704,0.45706443032941,3.6749569999301457,,,,,,,,,
d5419d24e3f12cc98db8a0792babd5f886758ddd3fc42e7ea513816b648d1aed,delay12,Feb2022,400.0,pid_lowdrag_preview,1,1500.0,0.5,96.16666666666667,84.0,10.0,1500.0,600.0,1.2536243753406642,5.4494449486956,-4.782498856075108,27.502193641255673,6.854847534672427,1126.1780594434952,0,485.70449498008617,485.46789708963973,1350.0,1500.0,-1.6063377670943737,0.27988127999476786,0.0,0.0,0.0,0.0,0.0,73164.1333284326,64900.0,2380.4068764970384,5733.7264519355485,0.0,-9.094947017729282e-12,-4.547473508864641e-13,0,0,0,0.0,0,0,True,0,0,,,,0.15844900008232798,0.2095684001687914,0.39370400008920114,1.2805190466848269,5.4494449486956,-4.782498856075108,18.002536702341366,6.860907116201167,1130.4833577394284,0,317.57327528343615,317.7802377936288,1284.181199455481,1210.384236477752,1.4058743612840772,0.31465346034111286,0.0,0.0,0.0,0.0,0.0,46373.36020772885,43200.0,1558.1797844794376,1688.9773862271422,0.0,-1.5916157281026244e-12,-7.048583938740194e-12,0,0,0,0.0,0,0,True,0,0,,,,0.1584544997967896,0.20964039940736257,0.39370400008920114,1.3186953643074972,4.201492696069181,-4.201492696069181,6.9633549436159825,6.948582027498075,1126.1780594434952,0,123.36061953695213,122.91693256406461,1210.384236477752,1500.0,-1.6063377670943737,0.15562747375195096,0.0,0.0,0.0,0.0,0.0,19203.296139795275,14500.0,602.7016683646809,3810.9787079083344,0.0,-1.1823431123048067e-11,6.59383658785373e-12,0,0,0,0.0,0,0,True,0,0,,,,0.15844900008232798,0.2095684001687914,0.39370400008920114,,,,,,,,,
d5419d24e3f12cc98db8a0792babd5f886758ddd3fc42e7ea513816b648d1aed,delay12,Feb2022,400.0,pid_lowdrag_preview,2,1500.0,0.5,96.16666666666667,84.0,10.0,1500.0,600.0,1.250789208773457,4.319005864672363,-4.319005864672363,27.502173868521858,6.847836173448682,1126.6971632814732,0,485.74030868505724,485.46754806193115,1350.0,1500.0,-1.851853869855404,0.2798628535965205,0.0,0.0,0.0,0.0,0.0,73171.36469399749,64900.0,2380.4051651007776,5740.959528896709,0.0,9.094947017729282e-13,6.366462912410498e-12,0,0,0,0.0,0,0,True,0,0,,,,0.1600519999556127,0.26022441966233595,0.3513510000630049,1.2837500956035257,4.319005864672363,-4.319005864672363,17.97990982669584,6.847836173448682,1131.6059421460955,0,317.59647169660104,317.3808288635375,1283.4898377351242,1215.3963982686182,-1.4296638360247016,0.3146741638780912,0.0,0.0,0.0,0.0,0.0,46380.65484010861,43200.0,1556.2213526873134,1692.5269268878035,0.0,-2.2737367544323206e-13,-4.774847184307873e-12,0,0,0,0.0,0,0,True,0,0,,,,0.1599964998604264,0.25682413030153833,0.3513510000630049,1.2342640523386432,3.360823038034141,-3.1617254354059696,6.9857350517822425,6.937087490149646,1126.6971632814732,0,123.37416363641029,123.31198556201059,1215.3963982686182,1500.0,-1.851853869855404,0.15554115317649864,0.0,0.0,0.0,0.0,0.0,19205.45146942723,14500.0,604.6387416058465,3816.2091260900024,0.0,9.094947017729282e-13,1.0686562745831907e-11,0,0,0,0.0,0,0,True,0,0,,,,0.1600519999556127,0.26022441966233595,0.3513510000630049,,,,,,,,,
d5419d24e3f12cc98db8a0792babd5f886758ddd3fc42e7ea513816b648d1aed,delay12,Feb2022,400.0,swmpc,0,1500.0,0.5,96.16666666666667,84.0,10.0,1500.0,600.0,1.157487835922027,4.537740035913885,-3.3587599834427238,27.696330113838577,6.3349440011409435,1126.663959830051,0,489.165087998496,488.8947882795742,1350.0,1500.0,-1.8351248493418097,0.24010472435187724,34.465759736944996,0.0,1.2947840417104316e-14,34.465759736944996,0.0,71558.3861710889,64900.0,2397.210037740945,4111.176133347939,0.0,-1.9099388737231493e-11,-2.2737367544323206e-12,0,0,0,0.0,0,0,True,1152,0,3.780086273167783e-11,1.606150117288547e-13,1.3039862748329583e-10,0.7686450003348,1.263481839578162,1.594035000380245,1.1600054665036201,4.537740035913885,-3.2117571560665965,18.11462317223406,6.348087665998379,1129.3666172076632,0,319.87969436264984,319.75878479757966,1327.1244437556124,1210.5961257825725,0.03881135303527117,0.2713890854601515,34.441331009649126,0.0,1.1156747791749159e-14,34.441331009649126,0.0,45059.68892752609,43200.0,1567.8812434675935,408.33600203153014,0.0,-7.275957614183426e-12,-2.5011104298755527e-12,0,0,0,0.0,0,0,True,1008,0,3.780086273167783e-11,1.606150117288547e-13,1.0595839036891006e-10,0.7959059994391282,1.321710739939588,1.594035000380245,1.2026863196212214,3.360429298132658,-3.3587599834427238,7.003445473225707,6.61364836279666,1126.663959830051,0,123.90062941187847,123.62460939001579,1210.5961257825725,1500.0,-1.8351248493418097,0.13423837253746584,34.405618294308695,0.0,1.1651376809731855e-14,34.405618294308695,0.0,19016.835476113985,14500.0,606.1716378372998,3621.259964059244,0.0,-1.4097167877480388e-11,-2.2737367544323206e-13,0,0,0,0.0,0,0,True,1152,0,3.780086273167783e-11,1.606150117288547e-13,1.3039862748329583e-10,0.7686450003348,1.263481839578162,1.594035000380245,0.28852050036221044,0.5554684500202711,0.9519069999441854,0.2916550001828,0.5567906506439612,0.9519069999441854,0.28852050036221044,0.5554684500202711,0.9519069999441854
d5419d24e3f12cc98db8a0792babd5f886758ddd3fc42e7ea513816b648d1aed,delay12,Feb2022,400.0,swmpc,1,1500.0,0.5,96.16666666666667,84.0,10.0,1500.0,600.0,1.1466909024338285,4.21097569540143,-4.21097569540143,27.70122130686274,6.3770080048280136,1126.1784657129963,0,489.2177221395853,488.9811274721059,1350.0,1500.0,-1.6062993137165904,0.24003983605142865,34.47868333860492,0.0,1.4917590655730063e-14,34.47868333860492,0.0,71553.42752791528,64900.0,2397.6333868621564,4105.794141053116,0.0,-6.366462912410498e-12,1.2278178473934531e-11,0,0,0,0.0,0,0,True,1152,0,3.1073294127847534e-11,2.2198888877571017e-13,1.3042262172548952e-10,0.717167500170035,1.246267430451553,2.9988950000188197,1.1220969961224705,3.6154296584427357,-3.3948669005185366,18.111382764802833,6.401930301084191,1129.8378830755148,0,319.8141569258734,319.7015852228193,1325.6365784243487,1210.4677574081784,0.2613919246941805,0.27174247927403883,34.4252006527416,0.0,1.4917590655730063e-14,34.4252006527416,0.0,45056.12955884024,43200.0,1567.600775362676,403.6976044937328,0.0,-4.320099833421409e-12,8.412825991399586e-12,0,0,0,0.0,0,0,True,1008,0,3.1073294127847534e-11,2.2198888877571017e-13,1.3042262172548952e-10,0.7311035001293931,1.2512391106974972,2.9988950000188197,1.3497974210662362,4.21097569540143,-4.21097569540143,7.003520074745229,6.612071295276199,1126.1784657129963,0,123.90102695585796,123.62592625380188,1210.4677574081784,1500.0,-1.6062993137165904,0.13434935372483525,34.39975379779879,0.0,1.2303635580437722e-14,34.39975379779879,0.0,19016.263178183937,14500.0,606.1780948484205,3620.5528407436923,0.0,-2.7284841053187847e-12,4.092726157978177e-12,0,0,0,0.0,0,0,True,1152,0,3.1073294127847534e-11,2.2198888877571017e-13,1.3042262172548952e-10,0.717167500170035,1.246267430451553,2.9988950000188197,0.2678994997040718,0.5264743703173735,0.7243330001074355,0.269216499873437,0.5290064906876067,0.7243330001074355,0.2678994997040718,0.5264743703173735,0.7243330001074355
d5419d24e3f12cc98db8a0792babd5f886758ddd3fc42e7ea513816b648d1aed,delay12,Feb2022,400.0,swmpc,2,1500.0,0.5,96.16666666666667,84.0,10.0,1500.0,600.0,1.1071210906023599,3.9563875114545226,-3.0067501943558455,27.710283113093606,6.288292564402535,1126.697344693069,0,489.4138496121981,489.141086203835,1350.0,1500.0,-1.851856148801744,0.23954043766046296,34.46725703430446,0.0,1.2369262153885234e-14,34.46725703430446,0.0,71553.82063494142,64900.0,2398.4177165104225,4105.402918431,0.0,-1.8189894035458565e-12,3.637978807091713e-12,0,0,0,0.0,0,0,True,1152,0,2.2463455030454696e-11,1.9303198630526506e-13,1.4672795206843614e-10,0.7074630002534832,1.1961780903129693,4.378175999590894,1.1200107780299586,3.9563875114545226,-3.0067501943558455,18.115709992760298,6.288292564402535,1129.130145118421,0,320.06337217088924,319.7779693209044,1327.9491891119899,1212.8789496594204,-1.0415062196552753,0.2707088472718956,34.437066245414094,0.0,1.2369262153885234e-14,34.437066245414094,0.0,45059.139914456005,43200.0,1567.9753114204177,406.23484248814975,0.0,-7.503331289626658e-12,-8.640199666842818e-12,0,0,0,0.0,0,0,True,1008,0,2.2463455030454696e-11,1.6912765024733012e-13,1.4672795206843614e-10,0.7157654999900842,1.1993916606297716,4.378175999590894,1.167510756591744,2.791614105924964,-2.7674575839191675,7.01227096721011,6.637747271128869,1126.697344693069,0,123.8997503685639,123.78039674506454,1212.8789496594204,1500.0,-1.851856148801744,0.13434754780901048,34.40103370434804,0.0,8.220509660496358e-15,34.40103370434804,0.0,19014.74152835569,14500.0,606.9355138700025,3620.684964145121,0.0,1.1823431123048067e-11,1.2391865311656147e-11,0,0,0,0.0,0,0,True,1152,0,2.2463455030454696e-11,1.9303198630526506e-13,1.4672795206843614e-10,0.7074630002534832,1.1961780903129693,4.378175999590894,0.2603370003271266,0.47848955997324083,3.773264000301424,0.26149899986194214,0.4794769199361325,3.773264000301424,0.2603370003271266,0.47848955997324083,3.773264000301424
d5419d24e3f12cc98db8a0792babd5f886758ddd3fc42e7ea513816b648d1aed,delay12,Feb2022,550.0,pid_lowdrag_preview,0,1500.0,0.5,96.58333333333333,84.0,10.0,1500.0,600.0,0.5645448701243648,1.9734739335253835,-1.9734739335253835,2.121692000436499,6.63158139103847,1138.7956100814893,0,37.50546596911921,37.45204354094504,1350.0,1500.0,-0.374774357303977,0.31896322685919787,0.0,0.0,0.0,0.0,0.0,71664.79215073766,65150.0,183.63954139540374,6181.152609342268,0.0,1.1823431123048067e-11,-7.389644451905042e-13,0,0,0,0.0,0,0,True,0,0,,,,0.16003100063244347,0.2606759198897635,0.441725999735354,0.5656407063889904,1.8475272478535771,-1.1600695345550776,1.3875150489708028,6.646086431226074,1139.4018080979165,0,24.33774829668839,24.49237401898127,1179.512882489787,1247.8528084820448,0.5159521838650107,0.3605386455757774,0.0,0.0,0.0,0.0,0.0,44820.1860480686,43200.0,120.0940698366211,1431.752052239722,0.0,0.0,4.121147867408581e-13,0,0,0,0.0,0,0,True,0,0,,,,0.15977600014593918,0.257949310398544,0.35762900006375276,0.581013665312888,1.9734739335253835,-1.9734739335253835,0.5518639978096262,6.714150245105049,1138.7956100814893,0,9.868456490563364,9.741486733415439,1247.8528084820448,1500.0,-0.374774357303977,0.1749363409441972,0.0,0.0,0.0,0.0,0.0,19592.42480752438,14750.0,47.765675437123875,4542.511940569311,0.0,8.86757334228605e-12,-1.1084466677857563e-12,0,0,0,0.0,0,0,True,0,0,,,,0.16003100063244347,0.2606759198897635,0.441725999735354,,,,,,,,,
d5419d24e3f12cc98db8a0792babd5f886758ddd3fc42e7ea513816b648d1aed,delay12,Feb2022,550.0,pid_lowdrag_preview,1,1500.0,0.5,96.58333333333333,84.0,10.0,1500.0,600.0,0.5380606182346221,1.7702995957806706,-1.457524823024869,2.1209559413559447,6.624661534625228,1138.8861653108215,0,37.50247040698047,37.439050648136835,1350.0,1500.0,-0.4449086943641305,0.3189552904893318,0.0,0.0,0.0,0.0,0.0,71661.6283091721,65150.0,183.57583301927616,6178.052476152845,0.0,2.3646862246096134e-11,3.410605131648481e-13,0,0,0,0.0,0,0,True,0,0,,,,0.15883900050539523,0.24752216053457235,0.31431400020665023,0.5807192091758844,1.7702995957806706,-1.457524823024869,1.3819075082125716,6.624661534625228,1139.2746737684242,0,24.334247985230807,24.393389877743076,1179.5749504056932,1247.7884152512686,0.6704103359952569,0.36051909980700403,0.0,0.0,0.0,0.0,0.0,44815.17474368164,43200.0,119.60871842228455,1427.3525604137856,0.0,8.640199666842818e-12,4.263256414560601e-14,0,0,0,0.0,0,0,True,0,0,,,,0.1588240002092789,0.2501372897677355,0.31431400020665023,0.4836936914195375,1.4236549539491534,-1.1427827151492238,0.5500584152333383,6.71696419009996,1138.8861653108215,0,9.868599218479513,9.709614643946356,1247.7884152512686,1500.0,-0.4449086943641305,0.17495826622679544,0.0,0.0,0.0,0.0,0.0,19593.560945373607,14750.0,47.609396224028906,4543.739964400847,0.0,1.1368683772161603e-12,2.7711166694643907e-13,0,0,0,0.0,0,0,True,0,0,,,,0.15883900050539523,0.24752216053457235,0.31431400020665023,,,,,,,,,
d5419d24e3f12cc98db8a0792babd5f886758ddd3fc42e7ea513816b648d1aed,delay12,Feb2022,550.0,pid_lowdrag_preview,2,1500.0,0.5,96.58333333333333,84.0,10.0,1500.0,600.0,0.4860346881227675,1.4925903026014566,-1.0037228167057037,2.1215736730310115,6.623402681160899,1138.9775300738606,0,37.50864144356246,37.449954829132885,1350.0,1500.0,-0.41170425806194544,0.318911641847225,0.0,0.0,0.0,0.0,0.0,71666.60476659385,65150.0,183.6292997625588,6182.975466831312,0.0,1.7280399333685637e-11,-8.526512829121202e-13,0,0,0,0.0,0,0,True,0,0,,,,0.15974100006133085,0.25936609979908104,1.9335080005475902,0.4778122373834178,1.2619681181386113,-0.9952679621055722,1.3829356683949179,6.623402681160899,1138.9775300738606,0,24.339004382810792,24.411538930436794,1179.4531466964643,1247.3510181002528,0.2798703759908676,0.36047676786189753,0.0,0.0,0.0,0.0,0.0,44818.694943745366,43200.0,119.69770912608499,1431.0993632154948,0.0,2.5011104298755527e-12,-1.8474111129762605e-13,0,0,0,0.0,0,0,True,0,0,,,,0.15924499939501402,0.2623007504280393,1.9335080005475902,0.5222118290654642,1.4925903026014566,-0.8460975717753172,0.5535707363754203,6.713632157660106,1139.0677230753286,0,9.870195299282404,9.771614031376732,1247.3510181002528,1500.0,-0.41170425806194544,0.17489935786728583,0.0,0.0,0.0,0.0,0.0,19595.90843804716,14750.0,47.91339937040009,4545.346056777014,0.0,2.2737367544323206e-13,-6.892264536872972e-13,0,0,0,0.0,0,0,True,0,0,,,,0.15974100006133085,0.25936609979908104,1.9335080005475902,,,,,,,,,
d5419d24e3f12cc98db8a0792babd5f886758ddd3fc42e7ea513816b648d1aed,delay12,Feb2022,550.0,swmpc,0,1500.0,0.5,96.58333333333333,84.0,10.0,1500.0,600.0,0.5585753383975274,1.830587630160153,-1.830587630160153,2.1496341684876046,5.203457162447441,1138.7762735914305,0,37.99948126675158,37.945277853117986,1350.0,1500.0,-0.38025281857699156,0.2552576390028918,34.202885670923465,0.0,1.5512582883103013e-14,34.202885670923465,0.0,71638.55470763925,65150.0,186.0580295291401,6152.4966781101,0.0,-1.3642420526593924e-11,-3.979039320256561e-13,0,0,0,0.0,0,0,True,1152,0,6.490580405945109e-11,1.0511400682462812e-13,3.703685879060469e-10,0.7072769994920236,0.9128113199767541,2.2151819994178368,0.5463615558709644,1.7142466679215431,-1.1142235798761249,1.4096467256338936,5.2055385713842774,1139.2686798824302,0,24.728639754280625,24.88304171148789,1179.5358278389126,1311.7187929478998,0.5425389017909765,0.28862461487806024,34.202885670923465,0.0,1.5512582883103013e-14,34.202885670923465,0.0,44782.429812250535,43200.0,122.00964049998082,1328.2372066415692,0.0,2.0463630789890885e-12,2.984279490192421e-13,0,0,0,0.0,0,0,True,1008,0,5.102681832592641e-11,1.0511400682462812e-13,3.703685879060469e-10,0.7187799997154798,0.9329183607223963,2.2151819994178368,0.5814228824066283,1.830587630160153,-1.830587630160153,0.5542512635299623,5.203457162447441,1138.7762735914305,0,9.915167198373126,9.78362667629267,1311.7187929478998,1500.0,-0.38025281857699156,0.14466933186616904,34.146121833186164,0.0,6.6546885431437846e-15,34.146121833186164,0.0,19522.698085642227,14750.0,47.972301272533656,4536.44457731759,0.0,-2.9558577807620168e-12,-6.608047442568932e-13,0,0,0,0.0,0,0,True,1152,0,6.490580405945109e-11,1.0511400682462812e-13,3.703685879060469e-10,0.7072769994920236,0.9128113199767541,2.2151819994178368,0.26601150011629215,0.3859519894740515,0.9592469996277941,0.2674140000635816,0.3861944295113062,0.9592469996277941,0.26601150011629215,0.3859519894740515,0.9592469996277941
d5419d24e3f12cc98db8a0792babd5f886758ddd3fc42e7ea513816b648d1aed,delay12,Feb2022,550.0,swmpc,1,1500.0,0.5,96.58333333333333,84.0,10.0,1500.0,600.0,0.5380464625679463,1.5970523785799742,-1.3534749010577798,2.149337456224883,5.199999999999999,1138.8517440228818,0,38.003869036442595,37.940040297158134,1350.0,1500.0,-0.44777737371623516,0.2559747943627527,34.16544262706483,0.0,1.1806741772419576e-14,34.16544262706483,0.0,71700.62830018732,65150.0,186.03234809006108,6214.595952097277,0.0,1.4551915228366852e-11,-8.526512829121202e-13,0,0,0,0.0,0,0,True,1152,0,6.870608530229593e-11,1.278635947847362e-13,3.447674824092811e-10,0.7171420002123341,1.0334795600829239,1.260802000615513,0.5834829555475008,1.5970523785799742,-1.3534749010577798,1.40621207112651,5.199999999999999,1138.8517440228818,0,24.7357258601582,24.822413293163045,1179.4230232880334,1309.9293538370237,0.7278129383921623,0.28940636992986424,34.16544262706483,0.0,1.1806741772419576e-14,34.16544262706483,0.0,44850.583808036856,43200.0,121.71235966069813,1398.3651178271866,0.0,1.9326762412674725e-11,-4.263256414560601e-13,0,0,0,0.0,0,0,True,1008,0,6.870608530229593e-11,1.278635947847362e-13,3.447674824092811e-10,0.7283990003088547,1.0412400899440395,1.260802000615513,0.4697727507356822,1.144612144678831,-1.144612144678831,0.5520803656703499,5.200766456053227,1138.8768127580238,0,9.912882070069859,9.745306052402224,1309.9293538370237,1500.0,-0.44777737371623516,0.14537732379776414,34.15033280995975,0.0,6.212150696221948e-15,34.15033280995975,0.0,19518.11662921853,14750.0,47.784402799393796,4530.2615802561595,0.0,2.2737367544323206e-13,-4.618527782440651e-13,0,0,0,0.0,0,0,True,1152,0,6.870608530229593e-11,1.278635947847362e-13,3.447674824092811e-10,0.7171420002123341,1.0334795600829239,1.260802000615513,0.2675034997992043,0.44934775985893793,0.5798849997518118,0.26882100019065547,0.4595721201349074,0.5798849997518118,0.2675034997992043,0.44934775985893793,0.5798849997518118
d5419d24e3f12cc98db8a0792babd5f886758ddd3fc42e7ea513816b648d1aed,delay12,Feb2022,550.0,swmpc,2,1500.0,0.5,96.58333333333333,84.0,10.0,1500.0,600.0,0.45709504868671186,1.2504399409517646,-0.8977564768865705,2.14827209506762,5.202557146898728,1138.890575778508,0,37.977720715785736,37.921234573970985,1350.0,1500.0,-0.3962668450549245,0.2555325155416974,34.18358654458215,0.0,1.3296003620382329e-14,34.18358654458215,0.0,71612.669328705,65150.0,185.94013751741517,6126.729191187573,0.0,-1.2732925824820995e-11,-5.684341886080802e-14,0,0,0,0.0,0,0,True,1152,0,6.21297221970885e-11,1.3419375170421693e-13,4.0884067086120363e-10,0.7152189991757041,0.964882740045141,1.8575180001789704,0.45155375714056056,1.1748686088249087,-0.8697062870487571,1.405835524883068,5.2030421620569545,1138.890575778508,0,24.717872414393227,24.815766510170494,1179.4346101731805,1311.1760133151329,0.3508426398038864,0.2887276771262658,34.18358654458215,0.0,1.1225758499730662e-14,34.18358654458215,0.0,44795.65551135826,43200.0,121.67976832348084,1342.234339892809,0.0,-1.5916157281026244e-11,7.105427357601002e-13,0,0,0,0.0,0,0,True,1008,0,6.21297221970885e-11,1.3419375170421693e-13,4.0884067086120363e-10,0.7250284998008283,0.9822100896508341,1.8575180001789704,0.49313785721970493,1.2504399409517646,-0.8307511750608683,0.5550861922340964,5.202557146898728,1139.066770333518,0,9.904862373183814,9.79836481273039,1311.1760133151329,1500.0,-0.3962668450549245,0.14554634547040146,34.171755450738154,0.0,1.1064841765441028e-14,34.171755450738154,0.0,19488.31740450836,14750.0,48.044567145381066,4501.448850678108,0.0,-5.4569682106375694e-12,-7.176481631177012e-13,0,0,0,0.0,0,0,True,1152,0,6.21297221970885e-11,1.3419375170421693e-13,4.0884067086120363e-10,0.7152189991757041,0.964882740045141,1.8575180001789704,0.26836999950319296,0.40768958985609066,0.8889419996194192,0.2687804994820908,0.41649744020105545,0.8889419996194192,0.26836999950319296,0.40768958985609066,0.8889419996194192
d5419d24e3f12cc98db8a0792babd5f886758ddd3fc42e7ea513816b648d1aed,delay12,Mar2015,400.0,pid_lowdrag_preview,0,1500.0,0.5,96.33333333333333,84.0,10.0,1500.0,600.0,1.5289145744768762,6.26647774130106,-5.08844749070704,39.35541117334605,6.972012574920267,1117.5857176624536,0,694.9464375650167,694.7005373695614,1350.0,1500.0,-1.6696059191599488,0.2651252128822872,0.0,0.0,0.0,0.0,0.0,74520.21120451594,65000.0,3406.3425123976135,5963.8686921183125,0.0,-1.8189894035458565e-11,-2.9103830456733704e-11,0,0,0,0.0,0,0,True,0,0,,,,0.1591049999660754,0.24661773971274667,0.7172420000642887,1.5330331674251594,6.26647774130106,-4.567946584895253,26.291822969535634,6.978888557431247,1117.5857176624536,0,464.06114763794426,464.1024703035506,1203.6225843540778,1301.1745792910856,0.27729934733361006,0.2982230350967876,0.0,0.0,0.0,0.0,0.0,47425.59986023411,43200.0,2275.6452452011617,1852.4026200959179,0.0,-2.5920599000528455e-11,-1.1823431123048067e-11,0,0,0,0.0,0,0,True,0,0,,,,0.1588150003044575,0.2332038495660525,0.4616670003088075,1.5903251917053125,5.08844749070704,-5.08844749070704,9.709891453832459,7.056942731302794,1119.9820856314263,0,171.68546728370143,171.39871264630244,1301.1745792910856,1500.0,-1.6696059191599488,0.14810412270212014,0.0,0.0,0.0,0.0,0.0,19450.35044895399,14600.0,840.4235926864349,3811.101435558639,0.0,0.0,-1.7962520360015333e-11,0,0,0,0.0,0,0,True,0,0,,,,0.1591049999660754,0.24661773971274667,0.7172420000642887,,,,,,,,,
d5419d24e3f12cc98db8a0792babd5f886758ddd3fc42e7ea513816b648d1aed,delay12,Mar2015,400.0,pid_lowdrag_preview,1,1500.0,0.5,96.33333333333333,84.0,10.0,1500.0,600.0,1.5697619104340654,6.8905286164954305,-4.968410225585103,39.36248861976649,6.958421568028311,1119.257698816919,0,695.1508406503439,694.8254682414505,1350.0,1500.0,-2.2091864310204983,0.26495810222924143,0.0,0.0,0.0,0.0,0.0,74551.47655788984,65000.0,3406.9550890650444,5994.521468824802,0.0,9.094947017729282e-12,-9.549694368615746e-12,0,0,0,0.0,0,0,True,0,0,,,,0.15985099980753148,0.27721934055989544,0.5137850002938649,1.5936763948714603,6.8905286164954305,-4.968410225585103,26.318485530553822,6.958421568028311,1119.257698816919,0,464.28599948511936,464.5731170307703,1204.112773847834,1299.1800459199806,2.4449614342302084,0.2979364039022182,0.0,0.0,0.0,0.0,0.0,47455.406051693084,43200.0,2277.9529790648976,1882.3858005560458,0.0,5.9117155615240335e-12,-3.183231456205249e-12,0,0,0,0.0,0,0,True,0,0,,,,0.15927049980746233,0.26052085996525415,0.5137850002938649,1.6718851181641963,5.481469777412713,-4.473285144194961,9.684834465155369,7.047742019319825,1122.8712363896148,0,171.6419178916983,170.95640743387946,1299.1800459199806,1500.0,-2.2091864310204983,0.1481298297558572,0.0,0.0,0.0,0.0,0.0,19445.311111067593,14600.0,838.2548264807663,3806.2363305068047,0.0,-2.0463630789890885e-12,-5.5706550483591855e-12,0,0,0,0.0,0,0,True,0,0,,,,0.15985099980753148,0.27721934055989544,0.5137850002938649,,,,,,,,,
d5419d24e3f12cc98db8a0792babd5f886758ddd3fc42e7ea513816b648d1aed,delay12,Mar2015,400.0,pid_lowdrag_preview,2,1500.0,0.5,96.33333333333333,84.0,10.0,1500.0,600.0,1.592038519781193,5.5302272429689765,-5.5302272429689765,39.386341643313116,6.954998419568011,1116.9839076122962,0,695.1818519737177,695.2465210975147,1350.0,1500.0,0.4389694379642606,0.26491217903012176,0.0,0.0,0.0,0.0,0.0,74536.12297094808,65000.0,3409.019648060458,5977.103322887616,0.0,-9.094947017729282e-12,-8.185452315956354e-12,0,0,0,0.0,0,0,True,0,0,,,,0.1596054999026819,0.2697214102590806,0.5010160002711928,1.6245142839105626,5.5302272429689765,-5.5302272429689765,26.284031870534342,6.967852505892134,1116.9839076122962,0,464.24798197990805,463.96494205771245,1203.751360393896,1301.679950211266,-1.4641929483041167,0.29799325848423097,0.0,0.0,0.0,0.0,0.0,47444.15453097408,43200.0,2274.9708995151423,1871.2550416415663,0.0,-4.547473508864641e-12,-8.185452315956354e-12,0,0,0,0.0,0,0,True,0,0,,,,0.1599365000402031,0.2755108998917418,0.5010160002711928,1.6044585232556305,4.190933126024902,-3.5973849231377244,9.74213190620221,7.0616364797961815,1119.5968226232533,0,171.68749500508954,171.9678201443288,1301.679950211266,1500.0,0.4389694379642606,0.14792799246813082,0.0,0.0,0.0,0.0,0.0,19442.38866364679,14600.0,843.2141117091691,3800.8545021488817,0.0,-5.6843418860808015e-12,5.684341886080801e-13,0,0,0,0.0,0,0,True,0,0,,,,0.1596054999026819,0.2697214102590806,0.5010160002711928,,,,,,,,,
d5419d24e3f12cc98db8a0792babd5f886758ddd3fc42e7ea513816b648d1aed,delay12,Mar2015,400.0,swmpc,0,1500.0,0.5,96.33333333333333,84.0,10.0,1500.0,600.0,1.3489967696430492,5.496765381656587,-3.9474152280017734,39.09869731977911,5.108842503760288,1117.5971698908495,0,690.4149382638318,690.1690321278245,1350.0,1500.0,-1.669607736170292,0.24873352236007018,34.62165381976174,0.0,1.1736997568507456e-14,34.62165381976174,0.0,72587.63057940314,65000.0,3384.123069458151,4053.5075099449687,0.0,-1.6370904631912708e-11,1.8189894035458565e-12,0,0,0,0.0,0,0,True,1152,0,1.7164578146549465e-11,2.508919980109106e-13,2.584695340542878e-10,0.7285599999704573,1.2045217499962746,5.274147999443812,1.3340838902397105,5.496765381656587,-3.7202554792165756,26.05356147435958,5.586401236455162,1117.5971698908495,0,459.98236930237033,459.8966855385515,1233.4325167466711,1300.7318006368696,0.4129279786720872,0.281647128920003,34.62165381976174,0.0,1.1736997568507456e-14,34.62165381976174,0.0,45963.1454992941,43200.0,2255.0229156183204,440.82329978558596,0.0,5.002220859751105e-12,5.002220859751105e-12,0,0,0,0.0,0,0,True,1008,0,1.7164578146549465e-11,2.508919980109106e-13,2.584695340542878e-10,0.7402820001516375,1.2110923799627924,5.274147999443812,1.4597408207989475,3.9474152280017734,-3.9474152280017734,9.68885869031288,6.471960463312286,1119.9873746918065,0,171.334175995392,171.02744293564513,1300.7318006368696,1500.0,-1.669607736170292,0.13802106272810544,34.53246964887419,0.0,8.648500708807716e-15,34.53246964887419,0.0,19197.167287024087,14600.0,838.6031366324052,3559.2959510285455,0.0,-6.366462912410498e-12,-2.7284841053187847e-12,0,0,0,0.0,0,0,True,1152,0,1.7164578146549465e-11,2.508919980109106e-13,2.584695340542878e-10,0.7285599999704573,1.2045217499962746,5.274147999443812,0.2718199998525961,0.5182147797586367,1.426591999916127,0.2722549997997703,0.5236031397726035,1.426591999916127,0.2718199998525961,0.5182147797586367,1.426591999916127
d5419d24e3f12cc98db8a0792babd5f886758ddd3fc42e7ea513816b648d1aed,delay12,Mar2015,400.0,swmpc,1,1500.0,0.5,96.33333333333333,84.0,10.0,1500.0,600.0,1.3405111494640871,5.479277617298067,-4.4732935801148415,39.082842426865376,4.956276942593465,1118.370682681025,0,690.2145409202379,689.8891620337507,1350.0,1500.0,-2.2091870242729783,0.24882482344319867,34.6504994255121,0.0,1.2193138319140785e-14,34.6504994255121,0.0,72582.90056726089,65000.0,3382.75077542916,4050.149791831748,0.0,1.7280399333685637e-11,-4.547473508864641e-13,0,0,0,0.0,0,0,True,1152,0,1.7113702146248894e-11,2.17398663418151e-13,1.922267713983975e-10,0.7077124996612838,0.9446446502988692,2.0402889995239093,1.2982866745013044,4.731371201574802,-3.750710300169885,26.056001756824077,5.61536203509872,1118.370682681025,0,459.96083103409364,459.9397613314027,1234.3592804515329,1300.21201438205,0.8015409363433719,0.28139361549515884,34.59612662029449,0.0,1.2193138319140785e-14,34.59612662029449,0.0,45959.930914645505,43200.0,2255.234130230302,438.84405048470717,0.0,2.114575181622058e-11,-1.3642420526593924e-11,0,0,0,0.0,0,0,True,1008,0,1.666625276704912e-11,2.17398663418151e-13,1.922267713983975e-10,0.7186739999269776,0.9687352404216648,2.0402889995239093,1.6362901597257575,5.479277617298067,-4.4732935801148415,9.665540732732563,6.017580987321733,1122.883702807098,0,171.05928153062848,170.61583504797227,1300.21201438205,1500.0,-2.2091870242729783,0.13972752194658689,34.528052489898606,0.0,6.067451160396046e-15,34.528052489898606,0.0,19194.141199659578,14600.0,836.5848893866162,3557.7683246550046,0.0,-7.503331289626658e-12,1.2960299500264227e-11,0,0,0,0.0,0,0,True,1152,0,1.7113702146248894e-11,2.17398663418151e-13,1.922267713983975e-10,0.7077124996612838,0.9446446502988692,2.0402889995239093,0.26171499985139235,0.4009568896890415,0.5942970001342474,0.26270650005244534,0.39526668044345553,0.5942970001342474,0.26171499985139235,0.4009568896890415,0.5942970001342474
d5419d24e3f12cc98db8a0792babd5f886758ddd3fc42e7ea513816b648d1aed,delay12,Mar2015,400.0,swmpc,2,1500.0,0.5,96.33333333333333,84.0,10.0,1500.0,600.0,1.3849585925125822,4.7338547660037875,-3.8000976722687483,39.110787638421684,5.135837707260327,1117.7092951472314,0,690.3177874409057,690.3824500697807,1350.0,1500.0,0.43896663188934326,0.2487017166187636,34.61038640085189,0.0,1.4128740909413275e-14,34.61038640085189,0.0,72595.14479045398,65000.0,3385.1695269884403,4059.9752634655406,0.0,-9.094947017729282e-13,-1.4551915228366852e-11,0,0,0,0.0,0,0,True,1152,0,1.768270932156845e-11,2.241140791838984e-13,3.240272536188971e-10,0.7301370005734498,1.603110509913676,51.13726099989435,1.3933953304730082,4.7338547660037875,-3.8000976722687483,26.035676139594628,5.135837707260327,1117.7092951472314,0,459.97509280969246,459.58097414583455,1233.4992513839068,1302.402431592868,-1.2997373091056943,0.2813818599347486,34.61038640085189,0.0,1.4128740909413275e-14,34.61038640085189,0.0,45970.12940482091,43200.0,2253.474880053641,447.7513445583161,0.0,8.86757334228605e-12,-1.0913936421275139e-11,0,0,0,0.0,0,0,True,1008,0,1.7273169163134208e-11,2.241140791838984e-13,2.427664321023315e-10,0.7486600002266641,2.671557169533087,51.13726099989435,1.497535793214029,4.193590152077377,-3.3851299518719316,9.709854427547562,6.356775926116473,1119.6013583227673,0,171.14195782071647,171.39805905943263,1302.402431592868,1500.0,0.43896663188934326,0.1392717618241932,34.53299395491618,0.0,6.869206572464291e-15,34.53299395491618,0.0,19194.696988209784,14600.0,840.4203879376093,3556.6790318650364,0.0,-6.139089236967266e-12,-3.183231456205249e-12,0,0,0,0.0,0,0,True,1152,0,1.768270932156845e-11,2.241140791838984e-13,3.240272536188971e-10,0.7301370005734498,1.603110509913676,51.13726099989435,0.2712795003390056,0.5531953499303199,50.43460100023367,0.2724259998103662,0.5635720502868931,50.43460100023367,0.2712795003390056,0.5531953499303199,50.43460100023367
d5419d24e3f12cc98db8a0792babd5f886758ddd3fc42e7ea513816b648d1aed,delay12,Mar2015,550.0,pid_lowdrag_preview,0,1500.0,0.5,96.75,84.0,10.0,1500.0,600.0,0.6342692035993593,2.5172010473906994,-2.5172010473906994,3.194312609814947,6.699864325616601,1137.7805444713988,0,56.43294369844303,56.38591035907527,1350.0,1500.0,-0.3299560658633709,0.31334766380879386,0.0,0.0,0.0,0.0,0.0,72042.01674507673,65250.0,276.4784439114105,6365.5383011653275,0.0,4.547473508864641e-12,-1.5916157281026244e-12,0,0,0,0.0,0,0,True,0,0,,,,0.160212000082538,0.25747767980647046,1.3978189999761526,0.6039430380466259,2.208284303545952,-1.690995546989143,2.144092109542965,6.703402355901005,1138.3914523272988,0,37.73464489970982,37.8474495948892,1279.7083627065124,1188.8903392596349,0.47641474660485983,0.3546259554295721,0.0,0.0,0.0,0.0,0.0,44792.11086641975,43200.0,185.57834578485895,1497.3505440817853,0.0,1.4097167877480388e-11,-7.673861546209082e-13,0,0,0,0.0,0,0,True,0,0,,,,0.15955100025166757,0.2287568595602351,1.3978189999761526,0.7510172692211246,2.5172010473906994,-2.5172010473906994,0.8000908350473313,6.699864325616601,1137.7805444713988,0,14.238124144816496,14.123179417530487,1188.8903392596349,1500.0,-0.3299560658633709,0.17343873958073253,0.0,0.0,0.0,0.0,0.0,19817.423495860843,14850.0,69.25053871746162,4587.063296403014,0.0,-2.7284841053187847e-12,-8.100187187665142e-13,0,0,0,0.0,0,0,True,0,0,,,,0.160212000082538,0.25747767980647046,1.3978189999761526,,,,,,,,,
d5419d24e3f12cc98db8a0792babd5f886758ddd3fc42e7ea513816b648d1aed,delay12,Mar2015,550.0,pid_lowdrag_preview,1,1500.0,0.5,96.75,84.0,10.0,1500.0,600.0,0.6305703241357854,2.051138929091394,-1.8882421609014273,3.191440885058532,6.694054152364561,1137.9326962208365,0,56.430105751676464,56.335218759826915,1350.0,1500.0,-0.6656646179035306,0.31332673705985536,0.0,0.0,0.0,0.0,0.0,72035.074049935,65250.0,276.22988652552715,6358.8441634095,0.0,2.000888343900442e-11,1.7053025658242404e-13,0,0,0,0.0,0,0,True,0,0,,,,0.16538999989279546,0.4386779599735746,0.5412559994510957,0.6642387473224728,2.051138929091394,-1.8882421609014273,2.1380646326854613,6.698983399225674,1137.9326962208365,0,37.73180817733749,37.74105275422448,1279.7074496035523,1189.045679266678,0.739377367310226,0.35456095012839717,0.0,0.0,0.0,0.0,0.0,44782.99849405636,43200.0,185.05664749610762,1488.603616897139,0.0,1.3415046851150692e-11,-1.5916157281026244e-12,0,0,0,0.0,0,0,True,0,0,,,,0.16574500023125438,0.4427829606629529,0.5412559994510957,0.605564508191943,1.552648724988103,-1.3756650742143393,0.7952383454786571,6.694054152364561,1138.8837459722072,0,14.23780612759176,14.037523417239441,1189.045679266678,1500.0,-0.6656646179035306,0.17348546474887694,0.0,0.0,0.0,0.0,0.0,19818.508031035177,14850.0,68.83053950983452,4588.723170792016,0.0,-4.320099833421409e-12,1.6484591469634324e-12,0,0,0,0.0,0,0,True,0,0,,,,0.16538999989279546,0.4386779599735746,0.5412559994510957,,,,,,,,,
d5419d24e3f12cc98db8a0792babd5f886758ddd3fc42e7ea513816b648d1aed,delay12,Mar2015,550.0,pid_lowdrag_preview,2,1500.0,0.5,96.75,84.0,10.0,1500.0,600.0,0.604624252803144,2.0014564404264092,-1.465547169558704,3.195930300828853,6.700858864823994,1138.45684885204,0,56.43956358596452,56.41446579232221,1350.0,1500.0,-0.17607185244560242,0.31331910641517,0.0,0.0,0.0,0.0,0.0,72048.29012780104,65250.0,276.6184604811377,6371.671667319894,0.0,-7.275957614183426e-12,9.663381206337363e-13,0,0,0,0.0,0,0,True,0,0,,,,0.16448800033685984,0.45807279984728766,1.2197050000395393,0.5990366885157367,1.7466735020279884,-1.465547169558704,2.1406243930392916,6.7047601946212065,1138.45684885204,0,37.739963478567866,37.786237567198114,1279.3819903997066,1189.2176092110203,0.406524526886642,0.3545559479682028,0.0,0.0,0.0,0.0,0.0,44794.61600366399,43200.0,185.2782033191811,1499.5021815334937,0.0,-3.637978807091713e-12,1.0516032489249483e-12,0,0,0,0.0,0,0,True,0,0,,,,0.16513399987161392,0.4719605302489071,1.2197050000395393,0.6824211838909936,2.0014564404264092,-1.1539216423407197,0.8019727527718978,6.7067348888215434,1138.9436674567194,0,14.239445492131189,14.156398972746942,1189.2176092110203,1500.0,-0.17607185244560242,0.1734600209068069,0.0,0.0,0.0,0.0,0.0,19821.025674945267,14850.0,69.41342499304442,4590.829859163246,0.0,2.7284841053187847e-12,-5.684341886080802e-14,0,0,0,0.0,0,0,True,0,0,,,,0.16448800033685984,0.45807279984728766,1.2197050000395393,,,,,,,,,
d5419d24e3f12cc98db8a0792babd5f886758ddd3fc42e7ea513816b648d1aed,delay12,Mar2015,550.0,swmpc,0,1500.0,0.5,96.75,84.0,10.0,1500.0,600.0,0.6056992170713851,2.3505341978743672,-2.3505341978743672,3.246456119264837,5.199999999999999,1137.7720053508308,0,57.35376559358811,57.30634602357903,1350.0,1500.0,-0.3326645754277706,0.25665095148109307,34.23864898148023,0.0,1.1756961295979386e-14,34.23864898148023,0.0,71487.96375834606,65250.0,280.9916391160658,5806.972119229977,0.0,-1.4551915228366852e-11,-1.2505552149377763e-12,0,0,0,0.0,0,0,True,1152,0,1.0425851001842046e-10,1.4726256780835326e-13,2.799323672887417e-10,0.7151990002967068,1.1115084798802854,1.532813000267197,0.558965900977334,2.079281585291028,-1.4640881288796663,2.1880978824987856,5.2048638880453275,1137.8413957669807,0,38.546971891964866,38.624238178931826,1279.5447451385628,1221.3345457762273,0.3265220392495394,0.2888434714343675,34.23864898148023,0.0,1.1130946911121243e-14,34.23864898148023,0.0,44403.274539032915,43200.0,189.38719266871027,1072.097545726535,0.0,-5.002220859751105e-12,-1.9042545318370685e-12,0,0,0,0.0,0,0,True,1008,0,1.0425851001842046e-10,1.4726256780835326e-13,2.799323672887417e-10,0.725724999938393,1.1252186599540437,1.532813000267197,0.7405019881078753,2.3505341978743672,-2.3505341978743672,0.80414023088895,5.212036903027649,1137.7720053508308,0,14.288623440805715,14.194659231444788,1221.3345457762273,1500.0,-0.3326645754277706,0.14802160352208515,34.21338654515794,0.0,1.1756961295979386e-14,34.21338654515794,0.0,19713.897297809228,14850.0,69.60102747602484,4515.6308161094275,0.0,-2.9558577807620168e-12,6.821210263296962e-13,0,0,0,0.0,0,0,True,1152,0,1.0425851001842046e-10,1.4726256780835326e-13,2.799323672887417e-10,0.7151990002967068,1.1115084798802854,1.532813000267197,0.26960200011671986,0.43999960021210427,1.015212000311294,0.2707534999899508,0.44019320016559504,1.015212000311294,0.26960200011671986,0.43999960021210427,1.015212000311294
d5419d24e3f12cc98db8a0792babd5f886758ddd3fc42e7ea513816b648d1aed,delay12,Mar2015,550.0,swmpc,1,1500.0,0.5,96.75,84.0,10.0,1500.0,600.0,0.610065807964348,2.2118180133402348,-1.7734589874744415,3.2428680565653063,5.199999999999999,1138.0479742194668,0,57.338360633670945,57.24300964844879,1350.0,1500.0,-0.6689185425639153,0.2572174058345065,34.24432383110536,0.0,1.1408964758737681e-14,34.24432383110536,0.0,71527.12297049571,65250.0,280.6810802844808,5846.441890211238,0.0,1.1823431123048067e-11,-7.958078640513122e-13,0,0,0,0.0,0,0,True,1152,0,6.374040058060492e-11,1.2295775498203679e-13,4.4197857242791473e-10,0.7296109997696476,1.4815000801536373,1.7302100004599197,0.6531434914263401,2.2118180133402348,-1.7734589874744415,2.1829897278886854,5.199999999999999,1138.0479742194668,0,38.52499388100496,38.534069186998806,1279.6562330723298,1221.949887887449,0.5425111735239625,0.28985308398656484,34.24432383110536,0.0,1.0900706196126304e-14,34.24432383110536,0.0,44442.150270599115,43200.0,188.94506479634163,1110.9115509876533,0.0,-9.094947017729282e-13,-1.3926637620897964e-12,0,0,0,0.0,0,0,True,1008,0,6.374040058060492e-11,1.1966930041560606e-13,4.4197857242791473e-10,0.7382489998235542,1.4660276397080436,1.7302100004599197,0.5847365671449691,1.3648905390873551,-1.3648905390873551,0.8001099404110401,5.2116676549281,1138.8932002709112,0,14.296200712399632,14.123516664837581,1221.949887887449,1500.0,-0.6689185425639153,0.14727543276756794,34.1932467848105,0.0,1.0437194249932192e-14,34.1932467848105,0.0,19724.51277378311,14850.0,69.25219235061472,4527.210469319951,0.0,6.59383658785373e-12,5.542233338928781e-13,0,0,0,0.0,0,0,True,1152,0,6.374040058060492e-11,1.2295775498203679e-13,4.4197857242791473e-10,0.7296109997696476,1.4815000801536373,1.7302100004599197,0.27390850027586566,0.6108241201491186,1.044126000124379,0.2728559998104174,0.5943079002463488,1.029302999995707,0.27390850027586566,0.6108241201491186,1.044126000124379
d5419d24e3f12cc98db8a0792babd5f886758ddd3fc42e7ea513816b648d1aed,delay12,Mar2015,550.0,swmpc,2,1500.0,0.5,96.75,84.0,10.0,1500.0,600.0,0.5596731092411443,2.0072861602529883,-1.3078949395567179,3.2477804463197617,5.2023007046775795,1138.48099373626,0,57.354632752673226,57.32972300502305,1350.0,1500.0,-0.17475140746682882,0.2563200122948708,34.269521045718854,0.0,1.3514247497007142e-14,34.269521045718854,0.0,71461.92376618518,65250.0,281.10626405360557,5780.817502131582,0.0,7.275957614183426e-12,9.663381206337363e-13,0,0,0,0.0,0,0,True,1152,0,7.045722966346868e-11,1.4618870684669057e-13,2.993891441863654e-10,0.7338169998547528,1.1891713599470677,1.724201999422803,0.5616281171251537,1.956605770625174,-1.3078949395567179,2.1865717945377985,5.2023007046775795,1138.48099373626,0,38.54740167076004,38.597299720027294,1279.3909643020781,1223.2306229553699,0.33352346904575825,0.2885862846944206,34.269521045718854,0.0,1.2245645167706377e-14,34.269521045718854,0.0,44401.20136244141,43200.0,189.25510464970338,1068.106599138426,0.0,1.0800249583553523e-11,1.4210854715202004e-13,0,0,0,0.0,0,0,True,1008,0,7.045722966346868e-11,1.4618870684669057e-13,2.993891441863654e-10,0.7453644998349773,1.2104109702704584,1.724201999422803,0.6469022301043844,2.0072861602529883,-1.1420481782406569,0.8053605235907679,5.206628982053184,1138.9653306652767,0,14.28865208826722,14.216199801608624,1223.2306229553699,1500.0,-0.17475140746682882,0.1475413319886173,34.2186422965846,0.0,1.0933743906391359e-14,34.2186422965846,0.0,19697.478643062594,14850.0,69.70664789222299,4501.002618125736,0.0,-3.865352482534945e-12,8.668621376273222e-13,0,0,0,0.0,0,0,True,1152,0,7.045722966346868e-11,1.4618870684669057e-13,2.993891441863654e-10,0.7338169998547528,1.1891713599470677,1.724201999422803,0.276717500128143,0.5586361302903243,0.7529960003012093,0.276717500128143,0.5633604097511119,0.7529960003012093,0.276717500128143,0.5586361302903243,0.7529960003012093
d5419d24e3f12cc98db8a0792babd5f886758ddd3fc42e7ea513816b648d1aed,delay12,May2024,400.0,pid_lowdrag_preview,0,1500.0,0.5,96.58333333333333,84.0,10.0,1500.0,600.0,2.357062293732184,9.268796454183757,-8.149639281444252,103.76096195256524,7.146318890065496,1102.019185760844,0,1830.907442925244,1831.585387557817,1350.0,1500.0,4.603803062811494,0.22773362070356074,0.0,0.0,0.0,0.0,0.0007674597083653108,80945.92517722784,65150.0,8980.8584204469,6665.066756780917,0.0,-1.9099388737231493e-11,-6.184563972055912e-11,0,0,0,0.0,0,0,True,0,0,,,,0.15989100029401015,0.3031601005750418,0.587807000556495,2.484048492790168,9.268796454183757,-8.149639281444252,72.98945751048056,7.154917552323152,1102.019185760844,0,1288.312617088159,1288.4077142912693,1156.7780028270247,1456.2809390820403,-0.5448001231998205,0.2490033777608287,0.0,0.0,0.0,0.0,0.0011574074074074073,52451.18894278134,43200.0,6317.481755677235,2634.204250849083,0.0,-2.9558577807620168e-12,-4.3655745685100555e-11,0,0,0,0.0,0,0,True,0,0,,,,0.1598260000719165,0.303358129622211,0.587807000556495,2.1399449688944183,6.367727600038052,-6.367727600038052,23.265053844248555,7.146318890065496,1125.1775459336213,0,409.9158798520407,410.67403250706207,1456.2809390820403,1500.0,4.603803062811494,0.13608002527100516,0.0,0.0,0.0,0.0,0.0,20406.94188061698,14750.0,2013.668250442663,3599.554569256357,0.0,-1.8189894035458565e-12,-1.750777300912887e-11,0,0,0,0.0,0,0,True,0,0,,,,0.15989100029401015,0.3031601005750418,0.587807000556495,,,,,,,,,
d5419d24e3f12cc98db8a0792babd5f886758ddd3fc42e7ea513816b648d1aed,delay12,May2024,400.0,pid_lowdrag_preview,1,1500.0,0.5,96.58333333333333,84.0,10.0,1500.0,600.0,2.3569316575152537,8.13801728002727,-8.13801728002727,103.7364251648345,7.120839149108313,1102.0399390759899,0,1831.0895785808793,1831.1522649168992,1350.0,1500.0,0.42550719901919365,0.22780357985449096,0.0,0.0,0.0,0.0,0.0023023791250959325,80930.96345124739,65150.0,8978.734679373718,6652.228771873677,0.0,9.094947017729282e-12,4.18367562815547e-11,0,0,0,0.0,0,0,True,0,0,,,,0.1599710003574728,0.3037721804503235,0.4533040000751498,2.423166273874802,8.13801728002727,-8.13801728002727,73.00428615299299,7.128306269771107,1102.0399390759899,0,1288.5276355100852,1288.6694690440436,1159.8159156041486,1453.5310343376195,-0.05518308375030756,0.2491015849066216,0.0,0.0,0.0,0.0,0.003472222222222222,52431.6059336553,43200.0,6318.76522430043,2619.1255906214033,0.0,3.865352482534945e-12,2.546585164964199e-11,0,0,0,0.0,0,0,True,0,0,,,,0.1601564999873517,0.30370763042810717,0.4533040000751498,2.402529056075217,6.92528079636395,-6.919567791745067,23.224199792068063,7.160865558530226,1122.444808698688,0,409.8820885869179,409.95287800359165,1453.5310343376195,1500.0,0.42550719901919365,0.1359950608969912,0.0,0.0,0.0,0.0,0.0,20399.087334784283,14750.0,2010.1321955369765,3592.4861735849295,0.0,4.092726157978177e-12,1.546140993013978e-11,0,0,0,0.0,0,0,True,0,0,,,,0.1599710003574728,0.3037721804503235,0.4533040000751498,,,,,,,,,
d5419d24e3f12cc98db8a0792babd5f886758ddd3fc42e7ea513816b648d1aed,delay12,May2024,400.0,pid_lowdrag_preview,2,1500.0,0.5,96.58333333333333,84.0,10.0,1500.0,600.0,2.41717385122557,9.27201157156378,-9.222238269634545,103.73772467338557,7.106281469431551,1100.5003188986468,0,1830.8013392091482,1831.1752038028621,1350.0,1500.0,2.538750223815441,0.2278153428336953,0.0,0.0,0.0,0.0,0.0023023791250959325,80941.049842991,65150.0,8978.847156186665,6662.202686804335,0.0,6.366462912410498e-12,-1.8189894035458565e-12,0,0,0,0.0,0,0,True,0,0,,,,0.160192000294046,0.28841791990998905,1.272880000215082,2.5030644492573497,9.27201157156378,-9.222238269634545,72.96641001518388,7.123705767186344,1100.5003188986468,0,1288.151877160289,1288.000880595726,1156.7387175239828,1455.30263993087,-1.5767441736534238,0.24918578617724263,0.0,0.0,0.0,0.0,0.003472222222222222,52437.671027812874,43200.0,6315.486917847023,2623.620187558957,0.0,-7.275957614183426e-12,-1.1823431123048067e-11,0,0,0,0.0,0,0,True,0,0,,,,0.16011700017770636,0.29300090963261005,1.272880000215082,2.4029289572355217,7.753013965673745,-6.212834857404232,23.256496612484483,7.106281469431551,1126.8307809317216,0,409.91693728190035,410.5229805086776,1455.30263993087,1500.0,2.538750223815441,0.13590108321056849,0.0,0.0,0.0,0.0,0.0,20403.035486567816,14750.0,2012.9275934027214,3595.4105330959674,0.0,2.2737367544323206e-12,9.322320693172514e-12,0,0,0,0.0,0,0,True,0,0,,,,0.160192000294046,0.28841791990998905,1.272880000215082,,,,,,,,,
d5419d24e3f12cc98db8a0792babd5f886758ddd3fc42e7ea513816b648d1aed,delay12,May2024,400.0,swmpc,0,1500.0,0.5,96.58333333333333,84.0,10.0,1500.0,600.0,4.402836058043952,20.460589633323252,-7.181825398467481,94.71185429888426,2.944161979979915,645.837040330187,0,1671.1726786144384,1671.8508107282844,1350.0,1500.0,4.603970159776509,0.3066627837199004,35.99251775822902,3.0340960634902383,1.185322148599283e-14,35.99251775822902,0.0,76489.88978898257,65150.0,8197.627876514252,2992.261912468325,0.0,2.7284841053187847e-12,2.9103830456733704e-11,0,0,0,0.0,0,0,True,1152,0,6.821210263296962e-12,3.177764317901346e-13,2.555386681225714e-10,0.8462769992547692,1.1938567198558303,1.7035600003509899,5.18578093868438,20.460589633323252,-7.181825398467481,65.17128108829803,3.1229627103381885,645.837040330187,0,1150.0432765856647,1150.401498632204,1159.9237339272922,1073.4323503532314,1.1476392084732652,0.3468090908688647,35.99251775822902,3.0340960634902383,1.185322148599283e-14,35.99251775822902,0.0,48764.95740616592,43200.0,5640.792428280757,10.656361459220307,0.0,-5.6843418860808015e-12,5.4569682106375694e-12,0,0,0,0.0,0,0,True,1008,0,6.821210263296962e-12,3.177764317901346e-13,2.555386681225714e-10,0.8757215000514407,1.2001901299663582,1.7035600003509899,2.290638253064338,6.693857430480421,-6.367638467811048,22.649968205060347,4.0745840216865705,752.3274261264067,0,399.3075981549691,399.81655925668747,1073.4323503532314,1500.0,4.603970159776509,0.1620780763554075,35.137142005304604,0.0,6.5804245741191955e-15,35.137142005304604,0.0,20096.434219852097,14750.0,1960.4305304172794,2959.4360397880564,0.0,7.275957614183426e-12,2.3646862246096134e-11,0,0,0,0.0,0,0,True,1152,0,6.821210263296962e-12,3.177764317901346e-13,2.555386681225714e-10,0.8462769992547692,1.1938567198558303,1.7035600003509899,0.398741500248434,0.6472813705204317,0.7586550000269199,0.40702400019654306,0.6483917005243711,0.7586550000269199,0.398741500248434,0.6472813705204317,0.7586550000269199
d5419d24e3f12cc98db8a0792babd5f886758ddd3fc42e7ea513816b648d1aed,delay12,May2024,400.0,swmpc,1,1500.0,0.5,96.58333333333333,84.0,10.0,1500.0,600.0,4.420170557031849,20.029246589168906,-8.10873251222074,94.76775842365352,2.687540617333741,645.8373641418156,0,1672.774770822938,1672.837628661593,1350.0,1500.0,0.42571226321160793,0.30595207579042805,35.970018146390764,2.6108890735613843,9.802232939740397e-15,35.970018146390764,0.0,76536.72877766023,65150.0,8202.466565557057,3034.26221210316,0.0,-1.4551915228366852e-11,2.000888343900442e-11,0,0,0,0.0,0,0,True,1152,0,6.59383658785373e-12,3.1743619000456085e-13,3.7874968671046827e-10,0.8862179993229802,2.6165265796225934,4.556595000394736,5.170541115483499,20.029246589168906,-8.10873251222074,65.32635564371556,3.1329267456226835,645.8373641418156,0,1152.6905812799794,1153.1388700322068,1162.2217842175717,1050.7772097346192,1.6612130515277386,0.34433221178162343,35.970018146390764,2.6108890735613843,9.802232939740397e-15,35.970018146390764,0.0,48784.17595671779,43200.0,5654.2146499006485,41.40588130010474,0.0,1.3869794202037156e-11,2.3646862246096134e-11,0,0,0,0.0,0,0,True,1008,0,6.59383658785373e-12,3.1743619000456085e-13,3.7874968671046827e-10,0.9216755001943966,2.881835860098354,4.556595000394736,2.588859713970795,8.767136996611953,-6.919642163440585,22.552087637901508,3.9529417446090873,729.0169145974563,0,398.2707225706499,398.08877442161247,1050.7772097346192,1500.0,0.42571226321160793,0.16496701931903412,35.12444653802778,0.0,5.450705386351366e-15,35.12444653802778,0.0,20100.471703922518,14750.0,1951.9586398408305,2949.290273816301,0.0,-5.4569682106375694e-12,-1.8189894035458565e-12,0,0,0,0.0,0,0,True,1152,0,6.59383658785373e-12,3.1743619000456085e-13,3.7874968671046827e-10,0.8862179993229802,2.6165265796225934,4.556595000394736,0.409953499911353,0.8885041201119748,3.0238230001486954,0.4150815002503805,0.8905668403076559,3.0238230001486954,0.409953499911353,0.8885041201119748,3.0238230001486954
d5419d24e3f12cc98db8a0792babd5f886758ddd3fc42e7ea513816b648d1aed,delay12,May2024,400.0,swmpc,2,1500.0,0.5,96.58333333333333,84.0,10.0,1500.0,600.0,4.37374930213672,16.917252272367477,-9.404451325535774,94.66488429444149,2.9790309112110513,656.3879572082436,0,1670.647661779044,1671.021697618943,1350.0,1500.0,2.5388854518532753,0.30772119476065485,36.00188944366223,2.7215733590248368,1.2579252249951069e-14,36.00188944366223,0.0,76504.10886149047,65150.0,8193.562465477382,3010.5463960131037,0.0,1.2732925824820995e-11,-6.730260793119669e-11,0,0,0,0.0,0,0,True,1152,0,6.821210263296962e-12,1.452990929003309e-07,2.5304331990849686e-10,0.8475089998682961,1.2486626995450936,2.3069609997037333,5.1245814190392,16.917252272367477,-9.404451325535774,65.17433966991561,3.137461126780031,656.3879572082436,0,1150.5342574549097,1150.455488623151,1159.7124328927346,1087.4393222954602,-1.0997660541906953,0.3471834180073946,36.00188944366223,2.7215733590248368,1.2579252249951069e-14,36.00188944366223,0.0,48785.460209402714,43200.0,5641.05715875313,16.676161246864012,0.0,5.9117155615240335e-12,-2.637534635141492e-11,0,0,0,0.0,0,0,True,1008,0,6.821210263296962e-12,1.452990929003309e-07,2.4817681672046784e-10,0.8733330005270545,1.2375707800219962,2.3069609997037333,2.480818965389786,7.822063009254634,-6.2275593327358365,22.593763300687186,4.012847672356449,764.9692673265859,0,398.28859074279785,398.8244319708315,1087.4393222954602,1500.0,2.5388854518532753,0.16496297393105186,35.10352620895862,0.0,1.2544067877296699e-14,35.10352620895862,0.0,20064.539495255634,14750.0,1955.5658078933357,2946.41300965777,0.0,1.1141310096718371e-11,-3.979039320256561e-11,0,0,0,0.0,0,0,True,1152,0,6.821210263296962e-12,1.452990929003309e-07,2.5304331990849686e-10,0.8475089998682961,1.2486626995450936,2.3069609997037333,0.39768550004737335,0.6318270500833023,0.775178999901982,0.4017014998680679,0.6499076601448894,0.775178999901982,0.39768550004737335,0.6318270500833023,0.775178999901982
d5419d24e3f12cc98db8a0792babd5f886758ddd3fc42e7ea513816b648d1aed,delay12,May2024,550.0,pid_lowdrag_preview,0,1500.0,0.5,97.0,84.0,10.0,1500.0,600.0,0.9517365304998642,2.9352784603834152,-2.9352784603834152,12.288119016208194,6.572035248011772,1146.660725580407,0,217.12784167296718,216.9095082305376,1350.0,1500.0,-1.5317388819530606,0.32115180533570375,0.0,0.0,0.0,0.0,0.0,73326.4893781093,65400.0,1063.5778144445017,6712.911563664797,0.0,0.0,6.139089236967266e-12,0,0,0,0.0,0,0,True,0,0,,,,0.16077300006145379,0.4110449500512916,1.4948660000300151,0.9643951614330717,2.877389293164015,-2.6151785664260387,8.662459206950931,6.590001866753889,1146.660725580407,0,152.81613029872568,152.9094700473223,1419.368263410894,1235.9972500287718,0.3072894234210253,0.36368035553122424,0.0,0.0,0.0,0.0,0.0,45192.65375842483,43200.0,749.7648272197835,1426.2599445871765,0.0,8.640199666842818e-12,2.2737367544323206e-13,0,0,0,0.0,0,0,True,0,0,,,,0.1605220004421426,0.40750180952272763,1.4948660000300151,0.9697827900445635,2.9352784603834152,-2.9352784603834152,2.81905055942433,6.572035248011772,1157.598920602545,0,50.02393225042459,49.76179590344188,1235.9972500287718,1500.0,-1.5317388819530606,0.17939045846610435,0.0,0.0,0.0,0.0,0.0,20458.58127716117,15000.0,243.99825789824803,4950.580269291688,0.0,-6.821210263296962e-12,5.8264504332328215e-12,0,0,0,0.0,0,0,True,0,0,,,,0.16077300006145379,0.4110449500512916,1.4948660000300151,,,,,,,,,
d5419d24e3f12cc98db8a0792babd5f886758ddd3fc42e7ea513816b648d1aed,delay12,May2024,550.0,pid_lowdrag_preview,1,1500.0,0.5,97.0,84.0,10.0,1500.0,600.0,0.8676197420120881,2.9697717055678368,-2.6564958337694407,12.294232856446092,6.572461525443317,1146.9845676003615,0,217.1344904908317,217.01742955500208,1350.0,1500.0,-0.8212573993951082,0.3210942790585375,0.0,0.0,0.0,0.0,0.0,73312.58325240127,65400.0,1064.1069877727816,6698.476264628485,0.0,9.094947017729282e-13,7.958078640513122e-12,0,0,0,0.0,0,0,True,0,0,,,,0.1641579997340159,0.35082674984551,0.6039019999661832,0.9018822717832066,2.9697717055678368,-2.5862878831103444,8.661405007618425,6.5977243386107185,1146.9845676003615,0,152.83527329980552,152.89086135233222,1419.5152000348874,1236.039937431222,0.2985482634976506,0.36354859011194796,0.0,0.0,0.0,0.0,0.0,45181.20591028549,43200.0,749.6735827404225,1415.0075901487446,0.0,1.0686562745831907e-11,8.071765478234738e-12,0,0,0,0.0,0,0,True,0,0,,,,0.16367150010410114,0.32821097959640594,0.5774510000264854,0.8791061904392451,2.734465488232672,-2.6564958337694407,2.824475600641412,6.572461525443317,1157.5035347547948,0,50.017176379834495,49.857558568253495,1236.039937431222,1500.0,-0.8212573993951082,0.17936656011285423,0.0,0.0,0.0,0.0,0.0,20454.516217779226,15000.0,244.46781336668465,4946.088341843767,0.0,3.637978807091713e-12,-2.5579538487363607e-13,0,0,0,0.0,0,0,True,0,0,,,,0.1641579997340159,0.35082674984551,0.6039019999661832,,,,,,,,,
d5419d24e3f12cc98db8a0792babd5f886758ddd3fc42e7ea513816b648d1aed,delay12,May2024,550.0,pid_lowdrag_preview,2,1500.0,0.5,97.0,84.0,10.0,1500.0,600.0,0.9010512842620557,3.691130363382399,-2.5230640890076756,12.309850602069268,6.564846333157195,1147.731806926049,0,217.14285813172904,217.29311353221004,1350.0,1500.0,1.0541125033050776,0.32113369937002434,0.0,0.0,0.0,0.0,0.0,73340.41236263138,65400.0,1065.4587559103225,6724.9536067210865,0.0,2.7284841053187847e-11,5.4569682106375694e-12,0,0,0,0.0,0,0,True,0,0,,,,0.16061250016718986,0.3272499405647989,0.483658999655745,0.9189094421931434,3.2377560259774327,-2.5230640890076756,8.65219224343809,6.585518218843422,1147.731806926049,0,152.83871569325763,152.72823791540202,1419.381623355074,1238.4370014778776,-0.6454586060717702,0.36362269789890356,0.0,0.0,0.0,0.0,0.0,45204.774711945414,43200.0,748.8761871765366,1436.8431466460815,0.0,7.503331289626658e-12,-1.1368683772161603e-12,0,0,0,0.0,0,0,True,0,0,,,,0.16086300001916243,0.385515850130102,0.483658999655745,0.9682245826363953,3.691130363382399,-2.138794216327369,2.847282163999534,6.564846333157195,1157.1246998196104,0,50.01787984964733,50.26013934045608,1238.4370014778776,1500.0,1.0541125033050776,0.17943871883023277,0.0,0.0,0.0,0.0,0.0,20459.804016284077,15000.0,246.44179773154247,4951.7992200304125,0.0,2.2737367544323206e-13,6.707523425575346e-12,0,0,0,0.0,0,0,True,0,0,,,,0.16061250016718986,0.3272499405647989,0.483658999655745,,,,,,,,,
d5419d24e3f12cc98db8a0792babd5f886758ddd3fc42e7ea513816b648d1aed,delay12,May2024,550.0,swmpc,0,1500.0,0.5,97.0,84.0,10.0,1500.0,600.0,0.9403599248767991,3.1076288605108857,-2.933479723520577,12.354596661133632,5.224254813667747,1146.5508529471003,0,218.30157178635343,218.0829696244324,1350.0,1500.0,-1.5336222546175122,0.27817449242049863,34.57776219486435,0.0,1.0763787545103843e-14,34.57776219486435,0.0,71897.70974703573,65400.0,1069.331677033712,5278.378070001996,0.0,-1.8189894035458565e-11,-1.3642420526593924e-12,0,0,0,0.0,0,0,True,1152,0,9.780321008204531e-11,1.9166449125408735e-13,4.631418248304922e-10,0.7440630001838144,1.312656820036864,5.204803999731666,0.9742191032800418,3.1076288605108857,-2.0826163850724697,8.733911195401348,5.224254813667747,1146.5508529471003,0,154.18420461468688,154.17073840388935,1419.3132787060458,1236.0355627677948,-0.5051296977326274,0.31452260478834093,34.57776219486435,0.0,1.0763787545103843e-14,34.57776219486435,0.0,44172.70656703327,43200.0,755.9492358842449,400.03504708726587,0.0,-7.048583938740194e-12,-2.7284841053187847e-12,0,0,0,0.0,0,0,True,1008,0,9.780321008204531e-11,1.9166449125408735e-13,4.631418248304922e-10,0.7640574999641103,1.3186099199174348,5.204803999731666,0.9305533262878856,2.933479723520577,-2.933479723520577,2.8244551618540115,5.231475477869938,1156.3991098311187,0,50.003798676764404,49.85719778339288,1236.0355627677948,1500.0,-1.5336222546175122,0.15508531242860146,34.404485100785074,0.0,6.0396946812463364e-15,34.404485100785074,0.0,20295.461202995084,15000.0,244.46604432125304,4787.030721441627,0.0,1.5916157281026244e-12,1.7337242752546445e-12,0,0,0,0.0,0,0,True,1152,0,9.780321008204531e-11,1.9166449125408735e-13,4.631418248304922e-10,0.7440630001838144,1.312656820036864,5.204803999731666,0.2950305001832021,0.5485738798506646,0.6151079996925546,0.2964620002785523,0.5584346997693498,0.6151079996925546,0.2950305001832021,0.5485738798506646,0.6151079996925546
d5419d24e3f12cc98db8a0792babd5f886758ddd3fc42e7ea513816b648d1aed,delay12,May2024,550.0,swmpc,1,1500.0,0.5,97.0,84.0,10.0,1500.0,600.0,0.8673199916572101,3.114487459883094,-2.6659855525940657,12.37132971318564,5.214043767241286,1146.6831620271591,0,218.4956281918832,218.37834095726268,1350.0,1500.0,-0.8228435292840004,0.2773880856084472,34.587394266621345,0.0,1.3041189624204074e-14,34.587394266621345,0.0,71950.52826380674,65400.0,1070.779978674269,5329.748285132471,0.0,-3.637978807091713e-12,4.774847184307873e-12,0,0,0,0.0,0,0,True,1152,0,8.354566118575829e-11,2.071914261473046e-13,3.787779439989674e-10,0.7356199998866941,1.2891765904078056,2.7083680006398936,0.9009719635961707,3.114487459883094,-2.3499280782416463,8.74125085454639,5.225952063905165,1146.6831620271591,0,154.35373687843028,154.30029784692766,1419.4725807137213,1236.0601453819954,-0.3243351327255368,0.31354527096793294,34.587394266621345,0.0,1.3041189624204074e-14,34.587394266621345,0.0,44201.07997005944,43200.0,756.5845079402843,427.9078974508973,0.0,1.2278178473934531e-11,-1.1368683772161603e-13,0,0,0,0.0,0,0,True,1008,0,6.967229490332101e-11,2.071914261473046e-13,3.787779439989674e-10,0.7501670002056926,1.301098890362482,2.7083680006398936,0.8909584657445999,2.7269756039604545,-2.6659855525940657,2.828656675698289,5.229286570523993,1157.2336160992502,0,50.002419587964624,49.93136277972667,1236.0601453819954,1500.0,-0.8228435292840004,0.1551857073201487,34.375393270924384,0.0,6.446810791139224e-15,34.375393270924384,0.0,20306.07342900656,15000.0,244.82969940190452,4797.303874986643,0.0,-7.275957614183426e-12,4.916955731459893e-12,0,0,0,0.0,0,0,True,1152,0,8.354566118575829e-11,2.071914261473046e-13,3.787779439989674e-10,0.7356199998866941,1.2891765904078056,2.7083680006398936,0.28894599972772994,0.5428010798004834,0.7006179994277772,0.2904735006268311,0.5441212299865583,0.7006179994277772,0.28894599972772994,0.5428010798004834,0.7006179994277772
d5419d24e3f12cc98db8a0792babd5f886758ddd3fc42e7ea513816b648d1aed,delay12,May2024,550.0,swmpc,2,1500.0,0.5,97.0,84.0,10.0,1500.0,600.0,0.8959413134280889,3.7252929816022515,-2.357039392925799,12.374881601353039,5.212129055652328,1147.0387876948075,0,218.2909723538583,218.4410387806356,1350.0,1500.0,1.0527899032458663,0.2780767508545071,34.554423378225096,0.0,1.2837389199940037e-14,34.554423378225096,0.0,71924.53195763842,65400.0,1071.0874064790628,5303.444551159351,0.0,-7.275957614183426e-12,1.8189894035458565e-12,0,0,0,0.0,0,0,True,1152,0,8.68118401148841e-11,2.0895779564565572e-13,4.831095411306499e-10,0.7557559997621865,1.1625605898098004,1.2470419997043791,0.9285542719623223,3.114484189078212,-2.357039392925799,8.725660491212038,5.22385668702989,1147.0387876948075,0,154.09452713416954,154.02509722106086,1419.2652629339234,1237.2852748773203,-0.6953707244247198,0.3149263412826607,34.554423378225096,0.0,1.2837389199940037e-14,34.554423378225096,0.0,44179.24115707935,43200.0,755.2351098314595,405.98603530449964,0.0,7.617018127348274e-12,4.661160346586257e-12,0,0,0,0.0,0,0,True,1008,0,8.68118401148841e-11,2.0895779564565572e-13,4.831095411306499e-10,0.7649300000593939,1.0890966204715364,1.2089150004612748,0.9415118667662967,3.7252929816022515,-2.1338826855644584,2.850209590344397,5.239325165684765,1156.1782508324723,0,50.0626287292657,50.311814182470755,1237.2852748773203,1500.0,1.0527899032458663,0.15398587505117933,34.38932291977551,0.0,7.102941276742694e-15,34.38932291977551,0.0,20303.87908245538,15000.0,246.69517627626482,4794.469181056426,0.0,-9.094947017729282e-12,-2.6432189770275727e-12,0,0,0,0.0,0,0,True,1152,0,8.68118401148841e-11,2.0895779564565572e-13,4.831095411306499e-10,0.7557559997621865,1.1625605898098004,1.2470419997043791,0.2957915003207745,0.5027022795820814,0.6132759999672999,0.29199049959061085,0.4898021591907305,0.6132759999672999,0.2957915003207745,0.5027022795820814,0.6132759999672999
d5419d24e3f12cc98db8a0792babd5f886758ddd3fc42e7ea513816b648d1aed,delay24,Feb2022,400.0,pid_lowdrag_preview,0,1500.0,0.5,96.16666666666667,96.0,10.0,1500.0,600.0,1.2094453378642946,4.8629050850868225,-3.8746841670945287,26.53798563264891,6.865544560413195,1130.0517890027788,0,468.6990570332346,468.4477262479486,1350.0,1500.0,-1.7063483018428087,0.31436995781074173,0.0,0.0,0.0,0.0,0.0,69867.28638613186,64900.0,2296.9514473047398,2520.3349388271226,0.0,4.547473508864641e-13,1.2732925824820995e-11,0,0,0,0.0,0,0,True,0,0,,,,0.16140900015670923,0.35301702998367546,0.5127839995111572,1.2290381433099438,4.8629050850868225,-3.8746841670945287,17.98837331557321,6.865544560413195,1132.782434566555,0,317.496428397418,317.5302261152972,1284.316186377139,1211.6639387400019,0.0714892316609621,0.3147895408029774,0.0,0.0,0.0,0.0,0.0,46354.63450815805,43200.0,1556.9538959668057,1670.3328598283815,0.0,-1.1368683772161603e-12,8.185452315956354e-12,0,0,0,0.0,0,0,True,0,0,,,,0.1603570003680943,0.3535493501567542,0.5127839995111572,1.2334627095525117,3.776431430131197,-3.776431430131197,6.015860904641297,6.94719361910241,1130.0517890027788,0,106.45366264816232,106.19179621290186,1211.6639387400019,1500.0,-1.7063483018428087,0.30969760557189496,0.0,0.0,0.0,0.0,0.0,15934.594507914348,14500.0,520.6928891656278,625.5655574887198,0.0,-1.8189894035458565e-12,4.888534022029489e-12,0,0,0,0.0,0,0,True,0,0,,,,0.16140900015670923,0.35301702998367546,0.5127839995111572,,,,,,,,,
d5419d24e3f12cc98db8a0792babd5f886758ddd3fc42e7ea513816b648d1aed,delay24,Feb2022,400.0,pid_lowdrag_preview,1,1500.0,0.5,96.16666666666667,96.0,10.0,1500.0,600.0,1.2340153692798352,5.4494449486956,-4.782498856075108,26.541050204583463,6.854847534672427,1129.6148649492332,0,468.7969015469544,468.5018219798009,1350.0,1500.0,-2.003367045894265,0.3142468397327972,0.0,0.0,0.0,0.0,0.0,69896.49697404649,64900.0,2297.216696259106,2549.280277787387,0.0,5.4569682106375694e-12,-2.2737367544323206e-12,0,0,0,0.0,0,0,True,0,0,,,,0.16164400039997417,0.43365483938941896,3.72659399999975,1.2805190466848269,5.4494449486956,-4.782498856075108,18.002536702341366,6.860907116201167,1130.4833577394284,0,317.57327528343615,317.7802377936288,1284.181199455481,1210.384236477752,1.4058743612840772,0.31465346034111286,0.0,0.0,0.0,0.0,0.0,46373.36020772885,43200.0,1558.1797844794376,1688.9773862271422,0.0,-1.5916157281026244e-12,-7.048583938740194e-12,0,0,0,0.0,0,0,True,0,0,,,,0.1607125000191445,0.43726023987801366,3.72659399999975,1.2331359506709514,3.631402887403965,-3.631402887403965,6.002211506943773,6.948582027498075,1129.6148649492332,0,106.45302610382038,105.9508574542258,1210.384236477752,1500.0,-2.003367045894265,0.309442979062165,0.0,0.0,0.0,0.0,0.0,15935.659785409163,14500.0,519.5114881267483,626.5325337601728,0.0,5.7980287238024175e-12,4.320099833421409e-12,0,0,0,0.0,0,0,True,0,0,,,,0.16164400039997417,0.43365483938941896,3.72659399999975,,,,,,,,,
d5419d24e3f12cc98db8a0792babd5f886758ddd3fc42e7ea513816b648d1aed,delay24,Feb2022,400.0,pid_lowdrag_preview,2,1500.0,0.5,96.16666666666667,96.0,10.0,1500.0,600.0,1.2351267133018287,4.319005864672363,-4.319005864672363,26.542723764914882,6.847836173448682,1129.9992660616144,0,468.77051541388676,468.53136361656135,1350.0,1500.0,-1.6236706469208002,0.31433790231714787,0.0,0.0,0.0,0.0,0.0,69888.13068072776,64900.0,2297.3615485051887,2540.769132222559,0.0,-1.000444171950221e-11,-2.2737367544323206e-12,0,0,0,0.0,0,0,True,0,0,,,,0.16943050013651373,0.39864327003670025,2.901658999689971,1.2837500956035257,4.319005864672363,-4.319005864672363,17.97990982669584,6.847836173448682,1131.6059421460955,0,317.59647169660104,317.3808288635375,1283.4898377351242,1215.3963982686182,-1.4296638360247016,0.3146741638780912,0.0,0.0,0.0,0.0,0.0,46380.65484010861,43200.0,1556.2213526873134,1692.5269268878035,0.0,-2.2737367544323206e-13,-4.774847184307873e-12,0,0,0,0.0,0,0,True,0,0,,,,0.16419299981862423,0.40815858004862043,2.901658999689971,1.1615236398493192,3.360823038034141,-3.1617254354059696,6.026284948175267,6.937087490149646,1129.9992660616144,0,106.4043703652398,106.37580111664079,1215.3963982686182,1500.0,-1.6236706469208002,0.30984671607089287,0.0,0.0,0.0,0.0,0.0,15922.217456157498,14500.0,521.5951250102574,616.0187294158527,0.0,-5.5706550483591855e-12,2.0463630789890885e-12,0,0,0,0.0,0,0,True,0,0,,,,0.16943050013651373,0.39864327003670025,2.901658999689971,,,,,,,,,
d5419d24e3f12cc98db8a0792babd5f886758ddd3fc42e7ea513816b648d1aed,delay24,Feb2022,400.0,swmpc,0,1500.0,0.5,96.16666666666667,96.0,10.0,1500.0,600.0,1.1180443736513355,4.537740035913885,-3.2117571560665965,26.774640851560584,6.3349440011409435,1128.9255849547421,0,472.82327169246514,472.6251570725225,1350.0,1500.0,-1.3450431283563375,0.269392826504536,34.465759736944996,0.0,1.2947840417104316e-14,34.465759736944996,0.0,68091.67323563904,64900.0,2317.4347483026213,724.2384873364172,0.0,-3.637978807091713e-12,-1.8189894035458565e-12,0,0,0,0.0,0,0,True,1296,0,3.780086273167783e-11,1.606150117288547e-13,1.3039862748329583e-10,0.7172924997576047,1.1446049099049558,1.6323230001944466,1.1600054665036201,4.537740035913885,-3.2117571560665965,18.11462317223406,6.348087665998379,1129.3666172076632,0,319.87969436264984,319.75878479757966,1327.1244437556124,1210.5961257825725,0.03881135303527117,0.2713890854601515,34.441331009649126,0.0,1.1156747791749159e-14,34.441331009649126,0.0,45059.68892752609,43200.0,1567.8812434675935,408.33600203153014,0.0,-7.275957614183426e-12,-2.5011104298755527e-12,0,0,0,0.0,0,0,True,1008,0,3.780086273167783e-11,1.606150117288547e-13,1.0595839036891006e-10,0.71745249988453,1.162410429633382,1.6323230001944466,1.0221173956034695,2.786741504445672,-2.786741504445672,6.081756210947713,6.61364836279666,1128.9255849547421,0,107.5588131058476,107.35497818296409,1210.5961257825725,1500.0,-1.3450431283563375,0.26532787803453894,34.405618294308695,0.0,1.2273299454354164e-14,34.405618294308695,0.0,15550.122540664133,14500.0,526.396348398976,234.32231804772323,0.0,-6.59383658785373e-12,4.547473508864641e-13,0,0,0,0.0,0,0,True,1296,0,3.780086273167783e-11,1.606150117288547e-13,1.3039862748329583e-10,0.7172924997576047,1.1446049099049558,1.6323230001944466,0.2640134998728172,0.45650804981960386,0.7509230008508894,0.266336999629857,0.466408680367749,0.7509230008508894,0.2640134998728172,0.45650804981960386,0.7509230008508894
d5419d24e3f12cc98db8a0792babd5f886758ddd3fc42e7ea513816b648d1aed,delay24,Feb2022,400.0,swmpc,1,1500.0,0.5,96.16666666666667,96.0,10.0,1500.0,600.0,1.0982775094227761,3.8178687300533056,-3.4579040305688977,26.777924098708354,6.3770080048280136,1128.7966063447857,0,472.80732707146484,472.68311285268356,1350.0,1500.0,-0.8433283669874072,0.2694976426510326,34.47868333860492,0.0,1.4917590655730063e-14,34.47868333860492,0.0,68088.21104218709,64900.0,2317.7189243283733,720.4921178587133,0.0,-2.7284841053187847e-12,2.1373125491663814e-11,0,0,0,0.0,0,0,True,1296,0,3.1073294127847534e-11,2.2198888877571017e-13,1.3042262172548952e-10,0.7269669999914186,1.2213266995968295,3.1924079994496424,1.1220969961224705,3.6154296584427357,-3.3948669005185366,18.111382764802833,6.401930301084191,1129.8378830755148,0,319.8141569258734,319.7015852228193,1325.6365784243487,1210.4677574081784,0.2613919246941805,0.27174247927403883,34.4252006527416,0.0,1.4917590655730063e-14,34.4252006527416,0.0,45056.12955884024,43200.0,1567.600775362676,403.6976044937328,0.0,-4.320099833421409e-12,8.412825991399586e-12,0,0,0,0.0,0,0,True,1008,0,3.1073294127847534e-11,2.2198888877571017e-13,1.3042262172548952e-10,0.7196110000222689,1.0865463700611124,1.9741500000236556,1.1556327811997311,3.8178687300533056,-3.4579040305688977,6.080222866590841,6.612071295276199,1128.7966063447857,0,107.49063188773749,107.32791163437952,1210.4677574081784,1500.0,-0.8433283669874072,0.2661984329189242,34.39975379779879,0.0,1.2303635580437722e-14,34.39975379779879,0.0,15551.046692455753,14500.0,526.2636323146376,235.25081754929033,0.0,-3.637978807091713e-12,1.318767317570746e-11,0,0,0,0.0,0,0,True,1296,0,3.1073294127847534e-11,2.2198888877571017e-13,1.3042262172548952e-10,0.7269669999914186,1.2213266995968295,3.1924079994496424,0.2656060000845173,0.5027292502290946,1.683260999925551,0.25902099969243864,0.43459687976792255,0.7020390003162902,0.2656060000845173,0.5027292502290946,1.683260999925551
d5419d24e3f12cc98db8a0792babd5f886758ddd3fc42e7ea513816b648d1aed,delay24,Feb2022,400.0,swmpc,2,1500.0,0.5,96.16666666666667,96.0,10.0,1500.0,600.0,1.0745805048384924,3.9563875114545226,-3.0067501943558455,26.779627507263253,6.288292564402535,1127.8062494674825,0,472.97955360499054,472.71318136938675,1350.0,1500.0,-1.808453632518649,0.26906693020775396,34.46725703430446,0.0,1.3832602290311437e-14,34.46725703430446,0.0,68086.29177523311,64900.0,2317.8663600380432,718.4254151950518,0.0,-1.7280399333685637e-11,0.0,0,0,0,0.0,0,0,True,1296,0,2.2463455030454696e-11,1.9303198630526506e-13,1.4672795206843614e-10,0.7370169996647746,1.0739821003608079,2.1926290000919835,1.1200107780299586,3.9563875114545226,-3.0067501943558455,18.115709992760298,6.288292564402535,1129.130145118421,0,320.06337217088924,319.7779693209044,1327.9491891119899,1212.8789496594204,-1.0415062196552753,0.2707088472718956,34.437066245414094,0.0,1.2369262153885234e-14,34.437066245414094,0.0,45059.139914456005,43200.0,1567.9753114204177,406.23484248814975,0.0,-7.503331289626658e-12,-8.640199666842818e-12,0,0,0,0.0,0,0,True,1008,0,2.2463455030454696e-11,1.6912765024733012e-13,1.4672795206843614e-10,0.7321294997382211,1.0504353604665078,2.1926290000919835,1.022410238559906,2.7674575839191675,-2.7674575839191675,6.0816153613797574,6.612179947800828,1127.8062494674825,0,107.46545436135636,107.35249191061627,1212.8789496594204,1500.0,-1.808453632518649,0.2665040558310231,34.40103370434804,0.0,1.3832602290311437e-14,34.40103370434804,0.0,15547.212668647368,14500.0,526.3841573976231,233.70746090917146,0.0,6.59383658785373e-12,8.640199666842818e-12,0,0,0,0.0,0,0,True,1296,0,2.2463455030454696e-11,1.9303198630526506e-13,1.4672795206843614e-10,0.7370169996647746,1.0739821003608079,2.1926290000919835,0.26527049976721173,0.47610680030629693,1.0231740006929613,0.2639529998305079,0.4673320702568156,1.0231740006929613,0.26527049976721173,0.47610680030629693,1.0231740006929613
d5419d24e3f12cc98db8a0792babd5f886758ddd3fc42e7ea513816b648d1aed,delay24,Feb2022,550.0,pid_lowdrag_preview,0,1500.0,0.5,96.58333333333333,96.0,10.0,1500.0,600.0,0.5596520500934963,1.9734739335253835,-1.9734739335253835,2.0383332942995813,6.63158139103847,1139.182255511157,0,36.0306152513385,35.98059816097758,1350.0,1500.0,-0.350884810090065,0.3581649743553429,0.0,0.0,0.0,0.0,0.0,67906.5559912291,65150.0,176.42456647767432,2430.1314247514442,0.0,1.2278178473934531e-11,-8.526512829121202e-14,0,0,0,0.0,0,0,True,0,0,,,,0.15972100027283886,0.25668997926914017,0.5563999993682955,0.5656407063889904,1.8475272478535771,-1.1600695345550776,1.3875150489708028,6.646086431226074,1139.4018080979165,0,24.33774829668839,24.49237401898127,1179.512882489787,1247.8528084820448,0.5159521838650107,0.3605386455757774,0.0,0.0,0.0,0.0,0.0,44820.1860480686,43200.0,120.0940698366211,1431.752052239722,0.0,0.0,4.121147867408581e-13,0,0,0,0.0,0,0,True,0,0,,,,0.1587899996593478,0.25294093049524236,0.4680459996961872,0.5597155353019608,1.9734739335253835,-1.9734739335253835,0.4685052916727084,6.7016739997311525,1139.182255511157,0,8.39360577278266,8.270041353447976,1247.8528084820448,1500.0,-0.350884810090065,0.34808846632547497,0.0,0.0,0.0,0.0,0.0,15834.188648015828,14750.0,40.55070051939445,791.4907559784874,0.0,8.86757334228605e-12,-4.618527782440651e-13,0,0,0,0.0,0,0,True,0,0,,,,0.15972100027283886,0.25668997926914017,0.5563999993682955,,,,,,,,,
d5419d24e3f12cc98db8a0792babd5f886758ddd3fc42e7ea513816b648d1aed,delay24,Feb2022,550.0,pid_lowdrag_preview,1,1500.0,0.5,96.58333333333333,96.0,10.0,1500.0,600.0,0.5335017428446488,1.7702995957806706,-1.457524823024869,2.037101919530248,6.624661534625228,1139.1750347814293,0,36.02774299177092,35.95886197049004,1350.0,1500.0,-0.48322076164186,0.3581519354539826,0.0,0.0,0.0,0.0,0.0,67904.28873049218,65150.0,176.31798687145442,2427.970743620744,0.0,2.319211489520967e-11,-1.9895196601282805e-13,0,0,0,0.0,0,0,True,0,0,,,,0.16032199982873863,0.30827782013147964,1.4444999997067498,0.5807192091758844,1.7702995957806706,-1.457524823024869,1.3819075082125716,6.624661534625228,1139.2746737684242,0,24.334247985230807,24.393389877743076,1179.5749504056932,1247.7884152512686,0.6704103359952569,0.36051909980700403,0.0,0.0,0.0,0.0,0.0,44815.17474368164,43200.0,119.60871842228455,1427.3525604137856,0.0,8.640199666842818e-12,4.263256414560601e-14,0,0,0,0.0,0,0,True,0,0,,,,0.1599059996806318,0.31553111990433524,1.4444999997067498,0.4608495021908636,1.4236549539491534,-0.9216113928705454,0.46620439340764186,6.712158839298493,1139.1750347814293,0,8.393871803269963,8.229425966299562,1247.7884152512686,1500.0,-0.48322076164186,0.348087853985914,0.0,0.0,0.0,0.0,0.0,15836.221366693682,14750.0,40.351550076207175,793.6582318687476,0.0,3.865352482534945e-12,-2.3447910280083306e-13,0,0,0,0.0,0,0,True,0,0,,,,0.16032199982873863,0.30827782013147964,1.4444999997067498,,,,,,,,,
d5419d24e3f12cc98db8a0792babd5f886758ddd3fc42e7ea513816b648d1aed,delay24,Feb2022,550.0,pid_lowdrag_preview,2,1500.0,0.5,96.58333333333333,96.0,10.0,1500.0,600.0,0.4804287450789527,1.4925903026014566,-1.0037228167057037,2.0387598683332695,6.623402681160899,1138.9775300738606,0,36.03398179624331,35.98812803302245,1350.0,1500.0,-0.32167808152735233,0.3581169600138637,0.0,0.0,0.0,0.0,0.0,67909.09268432218,65150.0,176.4614878875213,2432.631196434666,0.0,5.002220859751105e-12,-3.410605131648481e-13,0,0,0,0.0,0,0,True,0,0,,,,0.16159299957507756,0.382233339623781,0.6844629997431184,0.4778122373834178,1.2619681181386113,-0.9952679621055722,1.3829356683949179,6.623402681160899,1138.9775300738606,0,24.339004382810792,24.411538930436794,1179.4531466964643,1247.3510181002528,0.2798703759908676,0.36047676786189753,0.0,0.0,0.0,0.0,0.0,44818.694943745366,43200.0,119.69770912608499,1431.0993632154948,0.0,2.5011104298755527e-12,-1.8474111129762605e-13,0,0,0,0.0,0,0,True,0,0,,,,0.16009149976525805,0.3195718603728891,0.5031900000176392,0.4987729278098142,1.4925903026014566,-0.7896805461496115,0.4707569316776783,6.70569772435025,1139.324207042417,0,8.395535651963254,8.309787235266295,1247.3510181002528,1500.0,-0.32167808152735233,0.3480672547185748,0.0,0.0,0.0,0.0,0.0,15838.396355775485,14750.0,40.74558749536259,795.0017863803689,0.0,-6.366462912410498e-12,-1.5631940186722204e-13,0,0,0,0.0,0,0,True,0,0,,,,0.16159299957507756,0.382233339623781,0.6844629997431184,,,,,,,,,
d5419d24e3f12cc98db8a0792babd5f886758ddd3fc42e7ea513816b648d1aed,delay24,Feb2022,550.0,swmpc,0,1500.0,0.5,96.58333333333333,96.0,10.0,1500.0,600.0,0.5507299268756338,1.830587630160153,-1.830587630160153,2.0715091734710755,5.203062299963409,1139.2686798824302,0,36.615725022204664,36.56621778483631,1350.0,1500.0,-0.34730762522667646,0.28593723241735447,34.202885670923465,0.0,1.5512582883103013e-14,34.202885670923465,0.0,67932.89528450578,65150.0,179.29604981983186,2453.5992346859352,0.0,-1.2278178473934531e-11,-1.7053025658242404e-13,0,0,0,0.0,0,0,True,1296,0,6.490580405945109e-11,1.0511400682462812e-13,3.703685879060469e-10,0.780708000093,1.8214300001454835,7.09246400037955,0.5463615558709644,1.7142466679215431,-1.1142235798761249,1.4096467256338936,5.2055385713842774,1139.2686798824302,0,24.728639754280625,24.88304171148789,1179.5358278389126,1311.7187929478998,0.5425389017909765,0.28862461487806024,34.202885670923465,0.0,1.5512582883103013e-14,34.202885670923465,0.0,44782.429812250535,43200.0,122.00964049998082,1328.2372066415692,0.0,2.0463630789890885e-12,2.984279490192421e-13,0,0,0,0.0,0,0,True,1008,0,5.102681832592641e-11,1.0511400682462812e-13,3.703685879060469e-10,0.7958319997669605,1.9646166898837691,7.09246400037955,0.547368297118403,1.830587630160153,-1.830587630160153,0.4761262685134333,5.203062299963409,1139.2883260906392,0,8.53141095382621,8.404566608010995,1311.7187929478998,1500.0,-0.34730762522667646,0.2801795359985243,34.146121833186164,0.0,7.347798277487546e-15,34.146121833186164,0.0,15817.038662508754,14750.0,41.210321563225435,837.5471338934258,0.0,-2.5011104298755527e-12,-4.334310688136611e-13,0,0,0,0.0,0,0,True,1296,0,6.490580405945109e-11,1.0511400682462812e-13,3.703685879060469e-10,0.780708000093,1.8214300001454835,7.09246400037955,0.2828819997375831,0.6019698493673779,2.3918289998619002,0.2871535002668679,0.6634402897725501,2.3918289998619002,0.2828819997375831,0.6019698493673779,2.3918289998619002
d5419d24e3f12cc98db8a0792babd5f886758ddd3fc42e7ea513816b648d1aed,delay24,Feb2022,550.0,swmpc,1,1500.0,0.5,96.58333333333333,96.0,10.0,1500.0,600.0,0.5331330153741454,1.5970523785799742,-1.3534749010577798,2.070861533599131,5.199999999999999,1138.8517440228818,0,36.62222446354977,36.55478566524588,1350.0,1500.0,-0.47310269717127085,0.2866000863455721,34.16544262706483,0.0,1.2671380008994782e-14,34.16544262706483,0.0,67998.41807720516,65150.0,179.23999442204087,2519.1780827831235,0.0,2.2737367544323206e-12,-7.389644451905042e-13,0,0,0,0.0,0,0,True,1296,0,6.870608530229593e-11,1.278635947847362e-13,3.447674824092811e-10,0.7416700000248966,1.2059449005937495,3.4815939998225076,0.5834829555475008,1.5970523785799742,-1.3534749010577798,1.40621207112651,5.199999999999999,1138.8517440228818,0,24.7357258601582,24.822413293163045,1179.4230232880334,1309.9293538370237,0.7278129383921623,0.28940636992986424,34.16544262706483,0.0,1.1806741772419576e-14,34.16544262706483,0.0,44850.583808036856,43200.0,121.71235966069813,1398.3651178271866,0.0,1.9326762412674725e-11,-4.263256414560601e-13,0,0,0,0.0,0,0,True,1008,0,6.870608530229593e-11,1.278635947847362e-13,3.447674824092811e-10,0.744317999760824,1.2312066702361328,3.4815939998225076,0.4443413351342614,1.1067363386973739,-0.7989638829603791,0.47360444304459803,5.200766456053227,1139.207796707293,0,8.531237497177035,8.36005142048997,1309.9293538370237,1500.0,-0.47310269717127085,0.2806476812676415,34.15033280995975,0.0,1.2671380008994782e-14,34.15033280995975,0.0,15815.906406236358,14750.0,40.99204913137359,834.8437109420056,0.0,-2.2737367544323206e-12,-3.055333763768431e-13,0,0,0,0.0,0,0,True,1296,0,6.870608530229593e-11,1.278635947847362e-13,3.447674824092811e-10,0.7416700000248966,1.2059449005937495,3.4815939998225076,0.27297750011712196,0.5415859496679329,1.327683999988949,0.2753155004029395,0.5596761297874757,1.327683999988949,0.27297750011712196,0.5415859496679329,1.327683999988949
d5419d24e3f12cc98db8a0792babd5f886758ddd3fc42e7ea513816b648d1aed,delay24,Feb2022,550.0,swmpc,2,1500.0,0.5,96.58333333333333,96.0,10.0,1500.0,600.0,0.4464006636824822,1.1908932412043214,-0.8977564768865705,2.070406482427215,5.202557146898728,1138.890575778508,0,36.593668821313905,36.546753115611125,1350.0,1500.0,-0.3291272986680269,0.2861913193083768,34.18358654458215,0.0,1.3296003620382329e-14,34.18358654458215,0.0,67901.93519484204,65150.0,179.20060822060162,2422.734586621418,0.0,-1.7280399333685637e-11,-3.126388037344441e-13,0,0,0,0.0,0,0,True,1296,0,6.21297221970885e-11,1.3419375170421693e-13,4.0884067086120363e-10,0.7434319995809346,1.2128499595382893,2.2945319997234037,0.45155375714056056,1.1748686088249087,-0.8697062870487571,1.405835524883068,5.2030421620569545,1138.890575778508,0,24.717872414393227,24.815766510170494,1179.4346101731805,1311.1760133151329,0.3508426398038864,0.2887276771262658,34.18358654458215,0.0,1.1225758499730662e-14,34.18358654458215,0.0,44795.65551135826,43200.0,121.67976832348084,1342.234339892809,0.0,-1.5916157281026244e-11,7.105427357601002e-13,0,0,0,0.0,0,0,True,1008,0,6.21297221970885e-11,1.3419375170421693e-13,4.0884067086120363e-10,0.743446999877051,1.3100458194185165,2.2945319997234037,0.4477799923077849,1.1908932412043214,-0.8288703886792064,0.47722057959369124,5.202557146898728,1139.3409748369802,0,8.520810478711983,8.423883354370531,1311.1760133151329,1500.0,-0.3291272986680269,0.2809647227855987,34.171755450738154,0.0,1.1064841765441028e-14,34.171755450738154,0.0,15777.583270645391,14750.0,41.30503784856753,797.4542461119524,0.0,-4.092726157978177e-12,-9.521272659185342e-13,0,0,0,0.0,0,0,True,1296,0,6.21297221970885e-11,1.3419375170421693e-13,4.0884067086120363e-10,0.7434319995809346,1.2128499595382893,2.2945319997234037,0.2689259999897331,0.5431401003988867,1.3993020002089906,0.27084849989478244,0.5486691494752448,1.3993020002089906,0.2689259999897331,0.5431401003988867,1.3993020002089906
d5419d24e3f12cc98db8a0792babd5f886758ddd3fc42e7ea513816b648d1aed,delay24,Mar2015,400.0,pid_lowdrag_preview,0,1500.0,0.5,96.33333333333333,96.0,10.0,1500.0,600.0,1.5092194589557115,6.26647774130106,-5.08844749070704,38.075623913982035,6.972012574920267,1117.5857176624536,0,672.3568200856519,672.1097710608952,1350.0,1500.0,-1.677393488585949,0.29901634045518355,0.0,0.0,0.0,0.0,0.0,71345.31819565571,65000.0,3295.5726431871676,2899.7455524685074,0.0,-3.410605131648481e-11,1.2278178473934531e-11,0,0,0,0.0,0,0,True,0,0,,,,0.16197949980778503,0.2989140492627484,0.48812600016390206,1.5330331674251594,6.26647774130106,-4.567946584895253,26.291822969535634,6.978888557431247,1117.5857176624536,0,464.06114763794426,464.1024703035506,1203.6225843540778,1301.1745792910856,0.27729934733361006,0.2982230350967876,0.0,0.0,0.0,0.0,0.0,47425.59986023411,43200.0,2275.6452452011617,1852.4026200959179,0.0,-2.5920599000528455e-11,-1.1823431123048067e-11,0,0,0,0.0,0,0,True,0,0,,,,0.16055700007200358,0.2988760993048345,0.48812600016390206,1.5042404330739245,5.08844749070704,-5.08844749070704,8.430104194468445,6.983234757809898,1124.8584863453461,0,149.09584980433658,148.80794633763628,1301.1745792910856,1500.0,-1.677393488585949,0.2989892797047409,0.0,0.0,0.0,0.0,0.0,16275.457440093742,14600.0,729.653723475989,746.9782959088332,0.0,-5.229594535194337e-12,2.3646862246096134e-11,0,0,0,0.0,0,0,True,0,0,,,,0.16197949980778503,0.2989140492627484,0.48812600016390206,,,,,,,,,
d5419d24e3f12cc98db8a0792babd5f886758ddd3fc42e7ea513816b648d1aed,delay24,Mar2015,400.0,pid_lowdrag_preview,1,1500.0,0.5,96.33333333333333,96.0,10.0,1500.0,600.0,1.5418726522001425,6.8905286164954305,-4.968410225585103,38.08504766699693,6.958421568028311,1119.257698816919,0,672.5745754315416,672.2761188663928,1350.0,1500.0,-2.0264299120754004,0.29882613417448,0.0,0.0,0.0,0.0,0.0,71386.01745749611,65000.0,3296.3883005405805,2939.629156955545,0.0,1.2732925824820995e-11,-8.640199666842818e-12,0,0,0,0.0,0,0,True,0,0,,,,0.1696809999884863,0.3541998100172349,0.4633389999071369,1.5936763948714603,6.8905286164954305,-4.968410225585103,26.318485530553822,6.958421568028311,1119.257698816919,0,464.28599948511936,464.5731170307703,1204.112773847834,1299.1800459199806,2.4449614342302084,0.2979364039022182,0.0,0.0,0.0,0.0,0.0,47455.406051693084,43200.0,2277.9529790648976,1882.3858005560458,0.0,5.9117155615240335e-12,-3.183231456205249e-12,0,0,0,0.0,0,0,True,0,0,,,,0.1727354997456132,0.353608370032816,0.4633389999071369,1.5520455149664076,4.664639079943299,-3.9102529929950833,8.40739351238581,7.009250281770861,1125.0605037639639,0,149.06565267289602,148.4070580588218,1299.1800459199806,1500.0,-2.0264299120754004,0.2989121637586315,0.0,0.0,0.0,0.0,0.0,16279.852010673872,14600.0,727.688037956302,751.3440186375492,0.0,-1.8189894035458565e-12,-5.343281372915953e-12,0,0,0,0.0,0,0,True,0,0,,,,0.1696809999884863,0.3541998100172349,0.4633389999071369,,,,,,,,,
d5419d24e3f12cc98db8a0792babd5f886758ddd3fc42e7ea513816b648d1aed,delay24,Mar2015,400.0,pid_lowdrag_preview,2,1500.0,0.5,96.33333333333333,96.0,10.0,1500.0,600.0,1.5695379084479961,5.5302272429689765,-5.5302272429689765,38.09962014357879,6.954998419568011,1116.9839076122962,0,672.4841618561582,672.5333517858452,1350.0,1500.0,0.3338775746524334,0.29890112916919864,0.0,0.0,0.0,0.0,0.0,71352.83196969128,65000.0,3297.6495971453305,2905.1823725459376,0.0,-1.2278178473934531e-11,-1.4551915228366852e-11,0,0,0,0.0,0,0,True,0,0,,,,0.16102800009321072,0.2952169405853055,0.4935449996992247,1.6245142839105626,5.5302272429689765,-5.5302272429689765,26.284031870534342,6.967852505892134,1116.9839076122962,0,464.24798197990805,463.96494205771245,1203.751360393896,1301.679950211266,-1.4641929483041167,0.29799325848423097,0.0,0.0,0.0,0.0,0.0,47444.15453097408,43200.0,2274.9708995151423,1871.2550416415663,0.0,-4.547473508864641e-12,-8.185452315956354e-12,0,0,0,0.0,0,0,True,0,0,,,,0.16004650024115108,0.29806342060510344,0.4706010004156269,1.5025243889436646,3.8531481474637985,-3.5973849231377244,8.455410406467884,6.975469800343155,1122.3637064759957,0,148.98980488753,149.2546508326593,1301.679950211266,1500.0,0.3338775746524334,0.2992486608955278,0.0,0.0,0.0,0.0,0.0,16259.097662389988,14600.0,731.8440607940411,728.9335518072037,0.0,-9.094947017729282e-12,-6.0254023992456496e-12,0,0,0,0.0,0,0,True,0,0,,,,0.16102800009321072,0.2952169405853055,0.4935449996992247,,,,,,,,,
d5419d24e3f12cc98db8a0792babd5f886758ddd3fc42e7ea513816b648d1aed,delay24,Mar2015,400.0,swmpc,0,1500.0,0.5,96.33333333333333,96.0,10.0,1500.0,600.0,1.284244158020803,5.496765381656587,-3.9321915013715625,37.818585169313025,5.108842503760288,1117.5971698908495,0,667.8156734299596,667.5725308511563,1350.0,1500.0,-1.6508274441584945,0.2797878520849131,34.62165381976174,0.0,1.1736997568507456e-14,34.62165381976174,0.0,69190.51734628194,65000.0,3273.325079835752,767.1922664461724,0.0,-1.2050804798491299e-11,-4.092726157978177e-12,0,0,0,0.0,0,0,True,1296,0,1.7164578146549465e-11,2.508919980109106e-13,2.584695340542878e-10,0.7761319998280669,1.3991651001651915,5.619021999336837,1.3340838902397105,5.496765381656587,-3.7202554792165756,26.05356147435958,5.586401236455162,1117.5971698908495,0,459.98236930237033,459.8966855385515,1233.4325167466711,1300.7318006368696,0.4129279786720872,0.281647128920003,34.62165381976174,0.0,1.1736997568507456e-14,34.62165381976174,0.0,45963.1454992941,43200.0,2255.0229156183204,440.82329978558596,0.0,5.002220859751105e-12,5.002220859751105e-12,0,0,0,0.0,0,0,True,1008,0,1.7164578146549465e-11,2.508919980109106e-13,2.584695340542878e-10,0.7877940001890238,1.553469139289511,5.619021999336837,1.171207429066428,3.9321915013715625,-3.9321915013715625,8.408746539846792,6.462830968267406,1124.0768211608713,0,148.7349111615198,148.43094165897696,1300.7318006368696,1500.0,-1.6508274441584945,0.27627664027021404,34.53246964887419,0.0,1.08997007381046e-14,34.53246964887419,0.0,15800.054053902892,14600.0,727.8051470100067,272.9807075297492,0.0,-5.229594535194337e-12,-8.185452315956354e-12,0,0,0,0.0,0,0,True,1296,0,1.7164578146549465e-11,2.508919980109106e-13,2.584695340542878e-10,0.7761319998280669,1.3991651001651915,5.619021999336837,0.3033275002053415,0.5428156004199988,2.177726999434526,0.30805500000496977,0.5577131602149162,2.177726999434526,0.3033275002053415,0.5428156004199988,2.177726999434526
d5419d24e3f12cc98db8a0792babd5f886758ddd3fc42e7ea513816b648d1aed,delay24,Mar2015,400.0,swmpc,1,1500.0,0.5,96.33333333333333,96.0,10.0,1500.0,600.0,1.2503779334408007,4.731371201574802,-3.750710300169885,37.80223353374719,4.956276942593465,1118.370682681025,0,667.5846205673121,667.283892270696,1350.0,1500.0,-2.0418040324002504,0.27987851223946236,34.6504994255121,0.0,1.2193138319140785e-14,34.6504994255121,0.0,69181.41440225023,65000.0,3271.909791068227,759.5046111820054,0.0,2.9558577807620168e-12,0.0,0,0,0,0.0,0,0,True,1296,0,1.7113702146248894e-11,2.17398663418151e-13,3.1756757141480135e-10,0.7153749997996783,0.9140197694341622,1.8020800007434445,1.2982866745013044,4.731371201574802,-3.750710300169885,26.056001756824077,5.61536203509872,1118.370682681025,0,459.96083103409364,459.9397613314027,1234.3592804515329,1300.21201438205,0.8015409363433719,0.28139361549515884,34.59612662029449,0.0,1.2193138319140785e-14,34.59612662029449,0.0,45959.930914645505,43200.0,2255.234130230302,438.84405048470717,0.0,2.114575181622058e-11,-1.3642420526593924e-11,0,0,0,0.0,0,0,True,1008,0,1.666625276704912e-11,2.17398663418151e-13,1.922267713983975e-10,0.7163864997892233,0.8916482401036772,1.8020800007434445,1.279757263916434,4.350189958699048,-3.6943128323182464,8.384931839614378,6.017580987321733,1123.9392862963232,0,148.42936117770262,148.01056528491756,1300.21201438205,1500.0,-2.0418040324002504,0.2779802460395414,34.54552876630765,0.0,7.562012879816303e-15,34.54552876630765,0.0,15792.65503464891,14600.0,725.743905025683,267.1231440052618,0.0,-1.4551915228366852e-11,1.3415046851150692e-11,0,0,0,0.0,0,0,True,1296,0,1.7113702146248894e-11,2.17398663418151e-13,3.1756757141480135e-10,0.7153749997996783,0.9140197694341622,1.8020800007434445,0.25995199985118234,0.39562205051879573,0.5576120001933305,0.26273700041201664,0.39557320046696987,0.5576120001933305,0.25995199985118234,0.39562205051879573,0.5576120001933305
d5419d24e3f12cc98db8a0792babd5f886758ddd3fc42e7ea513816b648d1aed,delay24,Mar2015,400.0,swmpc,2,1500.0,0.5,96.33333333333333,96.0,10.0,1500.0,600.0,1.3434271965075908,4.7338547660037875,-3.8000976722687483,37.826789060360454,5.135837707260327,1117.7092951472314,0,667.6776321965273,667.7173456898039,1350.0,1500.0,0.2695833658799529,0.2797978411272155,34.61038640085189,0.0,1.4128740909413275e-14,34.61038640085189,0.0,69207.51515244762,65000.0,3274.0351540544784,783.4799983931423,0.0,-3.410605131648481e-12,-1.318767317570746e-11,0,0,0,0.0,0,0,True,1296,0,1.768270932156845e-11,2.241140791838984e-13,3.240272536188971e-10,0.7561864999843237,1.61214046029272,4.705854000349063,1.3933953304730082,4.7338547660037875,-3.8000976722687483,26.035676139594628,5.135837707260327,1117.7092951472314,0,459.97509280969246,459.58097414583455,1233.4992513839068,1302.402431592868,-1.2997373091056943,0.2813818599347486,34.61038640085189,0.0,1.4128740909413275e-14,34.61038640085189,0.0,45970.12940482091,43200.0,2253.474880053641,447.7513445583161,0.0,8.86757334228605e-12,-1.0913936421275139e-11,0,0,0,0.0,0,0,True,1008,0,1.7273169163134208e-11,2.241140791838984e-13,2.427664321023315e-10,0.753672000428196,1.3548252702548773,4.705854000349063,1.3183833968988932,3.448417741805315,-2.535165822133422,8.425855849486332,6.356775926116473,1122.4608620765587,0,148.50180257633804,148.73295467945582,1302.402431592868,1500.0,0.2695833658799529,0.2777134120330541,34.53991182047701,0.0,1.0898459001652415e-14,34.53991182047701,0.0,15807.06735020342,14600.0,729.2860150036475,280.1837667926384,0.0,-2.6147972675971687e-12,-2.1600499167107046e-12,0,0,0,0.0,0,0,True,1296,0,1.768270932156845e-11,2.241140791838984e-13,3.240272536188971e-10,0.7561864999843237,1.61214046029272,4.705854000349063,0.28467499987527844,0.560059999997975,4.015951999463141,0.28316199995970237,0.5599692900614173,4.015951999463141,0.28467499987527844,0.560059999997975,4.015951999463141
d5419d24e3f12cc98db8a0792babd5f886758ddd3fc42e7ea513816b648d1aed,delay24,Mar2015,550.0,pid_lowdrag_preview,0,1500.0,0.5,96.75,96.0,10.0,1500.0,600.0,0.6278969051421781,2.5172010473906994,-2.5172010473906994,3.0736895994847973,6.685266640758197,1138.2816925183756,0,54.29997479776883,54.25667659941783,1350.0,1500.0,-0.30375265423208475,0.3529009181245578,0.0,0.0,0.0,0.0,0.0,68301.56806470474,65250.0,266.0381187868396,2635.529945917901,0.0,-4.547473508864641e-13,5.684341886080802e-14,0,0,0,0.0,0,0,True,0,0,,,,0.16535000031581149,0.4278515604528366,0.571061999835365,0.6039430380466259,2.208284303545952,-1.690995546989143,2.144092109542965,6.703402355901005,1138.3914523272988,0,37.73464489970982,37.8474495948892,1279.7083627065124,1188.8903392596349,0.47641474660485983,0.3546259554295721,0.0,0.0,0.0,0.0,0.0,44792.11086641975,43200.0,185.57834578485895,1497.3505440817853,0.0,1.4097167877480388e-11,-7.673861546209082e-13,0,0,0,0.0,0,0,True,0,0,,,,0.16340199999831384,0.42781823043696926,0.571061999835365,0.7271086076116391,2.5172010473906994,-2.5172010473906994,0.6794678247171815,6.685266640758197,1138.2816925183756,0,12.105155244142296,11.993945657873049,1188.8903392596349,1500.0,-0.30375265423208475,0.3472333418772712,0.0,0.0,0.0,0.0,0.0,16076.974815488844,14850.0,58.81021359289068,857.0549411555862,0.0,-1.8189894035458565e-12,8.313350008393172e-13,0,0,0,0.0,0,0,True,0,0,,,,0.16535000031581149,0.4278515604528366,0.571061999835365,,,,,,,,,
d5419d24e3f12cc98db8a0792babd5f886758ddd3fc42e7ea513816b648d1aed,delay24,Mar2015,550.0,pid_lowdrag_preview,1,1500.0,0.5,96.75,96.0,10.0,1500.0,600.0,0.6254553995921427,2.051138929091394,-1.8882421609014273,3.070503694244877,6.681751696601753,1137.9326962208365,0,54.29717581640755,54.200439095700055,1350.0,1500.0,-0.678640604019165,0.35288307955986453,0.0,0.0,0.0,0.0,0.0,68296.4160847427,65250.0,265.76236802892186,2630.653716713784,0.0,8.185452315956354e-12,-5.684341886080802e-14,0,0,0,0.0,0,0,True,0,0,,,,0.16755300021031871,0.44165208026242914,2.0589830000972142,0.6642387473224728,2.051138929091394,-1.8882421609014273,2.1380646326854613,6.698983399225674,1137.9326962208365,0,37.73180817733749,37.74105275422448,1279.7074496035523,1189.045679266678,0.739377367310226,0.35456095012839717,0.0,0.0,0.0,0.0,0.0,44782.99849405636,43200.0,185.05664749610762,1488.603616897139,0.0,1.3415046851150692e-11,-1.5916157281026244e-12,0,0,0,0.0,0,0,True,0,0,,,,0.16723299995646812,0.4367123102201725,2.0589830000972142,0.5817900066837891,1.552648724988103,-1.1383838821202517,0.6743011546650024,6.681751696601753,1139.255173333013,0,12.104876192322848,11.902743753112581,1189.045679266678,1500.0,-0.678640604019165,0.3472936363398267,0.0,0.0,0.0,0.0,0.0,16079.850065842864,14850.0,58.363021013229286,860.5327240963,0.0,-1.2732925824820995e-11,1.4779288903810084e-12,0,0,0,0.0,0,0,True,0,0,,,,0.16755300021031871,0.44165208026242914,2.0589830000972142,,,,,,,,,
d5419d24e3f12cc98db8a0792babd5f886758ddd3fc42e7ea513816b648d1aed,delay24,Mar2015,550.0,pid_lowdrag_preview,2,1500.0,0.5,96.75,96.0,10.0,1500.0,600.0,0.5951958852911174,1.7728914069011807,-1.465547169558704,3.0756328866016736,6.681197115813966,1138.45684885204,0,54.30649209793183,54.290979445306476,1350.0,1500.0,-0.10882893949747086,0.35287533946540983,0.0,0.0,0.0,0.0,0.0,68308.39423192931,65250.0,266.20631678865715,2642.187915140651,0.0,-4.547473508864641e-12,1.4210854715202004e-12,0,0,0,0.0,0,0,True,0,0,,,,0.1902069998322986,0.39674735991866356,0.7185849999586935,0.5990366885157367,1.7466735020279884,-1.465547169558704,2.1406243930392916,6.7047601946212065,1138.45684885204,0,37.739963478567866,37.786237567198114,1279.3819903997066,1189.2176092110203,0.406524526886642,0.3545559479682028,0.0,0.0,0.0,0.0,0.0,44794.61600366399,43200.0,185.2782033191811,1499.5021815334937,0.0,-3.637978807091713e-12,1.0516032489249483e-12,0,0,0,0.0,0,0,True,0,0,,,,0.21861549976165406,0.39653612990150544,0.7185849999586935,0.6449751258505094,1.7728914069011807,-1.2388719897717237,0.6816753385447183,6.681197115813966,1139.2720201197908,0,12.106374004098498,12.032912625731207,1189.2176092110203,1500.0,-0.10882893949747086,0.34726771158210323,0.0,0.0,0.0,0.0,0.0,16081.129779073548,14850.0,59.00128130056388,861.3461069840016,0.0,-2.7284841053187847e-12,3.979039320256561e-13,0,0,0,0.0,0,0,True,0,0,,,,0.1902069998322986,0.39674735991866356,0.7185849999586935,,,,,,,,,
d5419d24e3f12cc98db8a0792babd5f886758ddd3fc42e7ea513816b648d1aed,delay24,Mar2015,550.0,swmpc,0,1500.0,0.5,96.75,96.0,10.0,1500.0,600.0,0.5939159500062792,2.3505341978743672,-2.3505341978743672,3.1362072729392123,5.199999999999999,1137.8413957669807,0,55.40099271676084,55.36023669570487,1350.0,1500.0,-0.285917398519814,0.28765360370663196,34.24762158493531,0.0,1.1756961295979386e-14,34.24762158493531,0.0,67787.54451203426,65250.0,271.44923259596504,2116.0952794382956,0.0,-2.2737367544323206e-12,-1.5916157281026244e-12,0,0,0,0.0,0,0,True,1296,0,1.0425851001842046e-10,1.4726256780835326e-13,2.799323672887417e-10,0.7309239999813144,1.238383439995232,1.563149000503472,0.558965900977334,2.079281585291028,-1.4640881288796663,2.1880978824987856,5.2048638880453275,1137.8413957669807,0,38.546971891964866,38.624238178931826,1279.5447451385628,1221.3345457762273,0.3265220392495394,0.2888434714343675,34.23864898148023,0.0,1.1130946911121243e-14,34.23864898148023,0.0,44403.274539032915,43200.0,189.38719266871027,1072.097545726535,0.0,-5.002220859751105e-12,-1.9042545318370685e-12,0,0,0,0.0,0,0,True,1008,0,1.0425851001842046e-10,1.4726256780835326e-13,2.799323672887417e-10,0.723612499768933,1.241340219567064,1.563149000503472,0.6973042130127871,2.3505341978743672,-2.3505341978743672,0.6938913845633254,5.200000000000001,1138.3918471151717,0,12.335850563978447,12.248549903570627,1221.3345457762273,1500.0,-0.285917398519814,0.2842453784524831,34.24762158493531,0.0,1.1756961295979386e-14,34.24762158493531,0.0,16013.47805149744,14850.0,60.05862095592405,824.7539763177458,0.0,1.5916157281026244e-12,2.913225216616411e-13,0,0,0,0.0,0,0,True,1296,0,1.0425851001842046e-10,1.4726256780835326e-13,2.799323672887417e-10,0.7309239999813144,1.238383439995232,1.563149000503472,0.27931199974773335,0.5133171503075572,1.0111960000358522,0.2744344992606784,0.506752760229574,1.0111960000358522,0.27931199974773335,0.5133171503075572,1.0111960000358522
d5419d24e3f12cc98db8a0792babd5f886758ddd3fc42e7ea513816b648d1aed,delay24,Mar2015,550.0,swmpc,1,1500.0,0.5,96.75,96.0,10.0,1500.0,600.0,0.6041703153569856,2.2118180133402348,-1.7734589874744415,3.1331276460219444,5.199999999999999,1138.0479742194668,0,55.39744558142211,55.30587521374926,1350.0,1500.0,-0.6423958232626319,0.2879554175604687,34.24432383110536,0.0,1.1408964758737681e-14,34.24432383110536,0.0,67838.89768642152,65250.0,271.1826805824582,2167.715005839079,0.0,1.5006662579253316e-11,-2.3874235921539366e-12,0,0,0,0.0,0,0,True,1296,0,8.439156388685099e-11,1.2295775498203679e-13,4.4197857242791473e-10,0.7442330006597331,1.9224357996426995,2.569989999756217,0.6531434914263401,2.2118180133402348,-1.7734589874744415,2.1829897278886854,5.199999999999999,1138.0479742194668,0,38.52499388100496,38.534069186998806,1279.6562330723298,1221.949887887449,0.5425111735239625,0.28985308398656484,34.24432383110536,0.0,1.0900706196126304e-14,34.24432383110536,0.0,44442.150270599115,43200.0,188.94506479634163,1110.9115509876533,0.0,-9.094947017729282e-13,-1.3926637620897964e-12,0,0,0,0.0,0,0,True,1008,0,6.374040058060492e-11,1.1966930041560606e-13,4.4197857242791473e-10,0.7405369997286471,1.9605791603407847,2.5472349998381105,0.5571918426688706,1.1179982740432024,-0.9758745776489377,0.6903695298676782,5.208348065259958,1138.9253881554957,0,12.355285660150798,12.18638223013805,1221.949887887449,1500.0,-0.6423958232626319,0.2823363933816444,34.2070605579321,0.0,1.0437194249932192e-14,34.2070605579321,0.0,16036.287489708924,14850.0,59.75379264859219,848.4835849477915,0.0,1.0686562745831907e-11,-9.734435479913373e-13,0,0,0,0.0,0,0,True,1296,0,8.439156388685099e-11,1.2295775498203679e-13,4.4197857242791473e-10,0.7442330006597331,1.9224357996426995,2.569989999756217,0.2790509997794288,0.527263049843895,1.5477959996132995,0.27779500032920623,0.5409773307474097,1.5477959996132995,0.2790509997794288,0.527263049843895,1.5477959996132995
d5419d24e3f12cc98db8a0792babd5f886758ddd3fc42e7ea513816b648d1aed,delay24,Mar2015,550.0,swmpc,2,1500.0,0.5,96.75,96.0,10.0,1500.0,600.0,0.5452901645788947,1.956605770625174,-1.3078949395567179,3.1378379474675393,5.2023007046775795,1138.48099373626,0,55.402730071301974,55.38902131355859,1350.0,1500.0,-0.09617271181195974,0.2873127442937248,34.269521045718854,0.0,1.3514247497007142e-14,34.269521045718854,0.0,67754.63805024879,65250.0,271.5903729323052,2083.0476773164855,0.0,2.7284841053187847e-12,5.684341886080801e-13,0,0,0,0.0,0,0,True,1296,0,7.045722966346868e-11,1.4618870684669057e-13,3.198230810945969e-10,0.759116000153881,1.2655187201016818,2.5545360003889073,0.5616281171251537,1.956605770625174,-1.3078949395567179,2.1865717945377985,5.2023007046775795,1138.48099373626,0,38.54740167076004,38.597299720027294,1279.3909643020781,1223.2306229553699,0.33352346904575825,0.2885862846944206,34.269521045718854,0.0,1.2245645167706377e-14,34.269521045718854,0.0,44401.20136244141,43200.0,189.25510464970338,1068.106599138426,0.0,1.0800249583553523e-11,1.4210854715202004e-13,0,0,0,0.0,0,0,True,1008,0,7.045722966346868e-11,1.4618870684669057e-13,2.993891441863654e-10,0.7589449996885378,1.290308300149262,2.5545360003889073,0.5904669859729913,1.657064319588244,-1.272183938883245,0.6954180247385455,5.205659669149925,1138.9306576079266,0,12.336749406895969,12.275498110144163,1223.2306229553699,1500.0,-0.09617271181195974,0.28372151804418777,34.23773140628163,0.0,1.1026878448905008e-14,34.23773140628163,0.0,15990.192927126203,14850.0,60.19075677092255,803.2327933106399,0.0,-1.0913936421275139e-11,4.121147867408581e-13,0,0,0,0.0,0,0,True,1296,0,7.045722966346868e-11,1.4618870684669057e-13,3.198230810945969e-10,0.759116000153881,1.2655187201016818,2.5545360003889073,0.27754399980040034,0.5365987500226764,1.8315709994567442,0.27589149976847693,0.5402257600235316,1.8315709994567442,0.27754399980040034,0.5365987500226764,1.8315709994567442
d5419d24e3f12cc98db8a0792babd5f886758ddd3fc42e7ea513816b648d1aed,delay24,May2024,400.0,pid_lowdrag_preview,0,1500.0,0.5,96.58333333333333,96.0,10.0,1500.0,600.0,2.3327310527006904,9.268796454183757,-8.149639281444252,100.91201062463676,7.134508953293861,1102.019185760844,0,1780.6450271210479,1781.295784185761,1350.0,1500.0,4.419127081520855,0.2584293156526454,0.0,0.0,0.0,0.0,0.0007674597083653108,78080.24297645551,65150.0,8734.272150992641,4045.970825462865,0.0,-6.366462912410498e-12,-4.547473508864641e-11,0,0,0,0.0,0,0,True,0,0,,,,0.16554000012547476,0.43669775977832664,1.5633599996363046,2.484048492790168,9.268796454183757,-8.149639281444252,72.98945751048056,7.154917552323152,1102.019185760844,0,1288.312617088159,1288.4077142912693,1156.7780028270247,1456.2809390820403,-0.5448001231998205,0.2490033777608287,0.0,0.0,0.0,0.0,0.0011574074074074073,52451.18894278134,43200.0,6317.481755677235,2634.204250849083,0.0,-2.9558577807620168e-12,-4.3655745685100555e-11,0,0,0,0.0,0,0,True,0,0,,,,0.16376700023101876,0.4025102296964178,1.5633599996363046,2.018750371277828,6.325083610601723,-6.325083610601723,20.41610251632008,7.134508953293861,1128.8056895373982,0,359.65346404784464,360.38442913500603,1456.2809390820403,1500.0,4.419127081520855,0.27166134906306394,0.0,0.0,0.0,0.0,0.0,17541.259679844665,14750.0,1767.0819809884033,980.4586379383054,0.0,3.637978807091713e-12,-2.5011104298755527e-12,0,0,0,0.0,0,0,True,0,0,,,,0.16554000012547476,0.43669775977832664,1.5633599996363046,,,,,,,,,
d5419d24e3f12cc98db8a0792babd5f886758ddd3fc42e7ea513816b648d1aed,delay24,May2024,400.0,pid_lowdrag_preview,1,1500.0,0.5,96.58333333333333,96.0,10.0,1500.0,600.0,2.3164741714548875,8.13801728002727,-8.13801728002727,100.90162540526322,7.11851440943099,1102.0399390759899,0,1781.07809253665,1781.1124646049361,1350.0,1500.0,0.23322596866637468,0.258341984667245,0.0,0.0,0.0,0.0,0.0023023791250959325,78083.48585276623,65150.0,8733.373275509055,4050.1125772571872,0.0,1.318767317570746e-11,1.8189894035458565e-11,0,0,0,0.0,0,0,True,0,0,,,,0.2023859997279942,0.3790697405747779,0.8178539992513834,2.423166273874802,8.13801728002727,-8.13801728002727,73.00428615299299,7.128306269771107,1102.0399390759899,0,1288.5276355100852,1288.6694690440436,1159.8159156041486,1453.5310343376195,-0.05518308375030756,0.2491015849066216,0.0,0.0,0.0,0.0,0.003472222222222222,52431.6059336553,43200.0,6318.76522430043,2619.1255906214033,0.0,3.865352482534945e-12,2.546585164964199e-11,0,0,0,0.0,0,0,True,0,0,,,,0.18875999967349344,0.3913640302016574,0.8178539992513834,2.2219393582563436,6.50077067874372,-6.078610436990857,20.38940003249678,7.11851440943099,1124.2821284320032,0,359.87060254268863,359.9130776916286,1453.5310343376195,1500.0,0.23322596866637468,0.27088164215468136,0.0,0.0,0.0,0.0,0.0,17551.609736303133,14750.0,1764.7707916723143,990.3699789684399,0.0,1.5916157281026244e-12,-7.958078640513122e-12,0,0,0,0.0,0,0,True,0,0,,,,0.2023859997279942,0.3790697405747779,0.8178539992513834,,,,,,,,,
d5419d24e3f12cc98db8a0792babd5f886758ddd3fc42e7ea513816b648d1aed,delay24,May2024,400.0,pid_lowdrag_preview,2,1500.0,0.5,96.58333333333333,96.0,10.0,1500.0,600.0,2.374350794674364,9.27201157156378,-9.222238269634545,100.8869452463023,7.106281469431551,1100.5003188986468,0,1780.4901446820281,1780.8533308793753,1350.0,1500.0,2.466213123872876,0.25851093362967936,0.0,0.0,0.0,0.0,0.0023023791250959325,78070.89311426741,65150.0,8732.102658634096,4038.7904556333287,0.0,1.2732925824820995e-11,5.4569682106375694e-12,0,0,0,0.0,0,0,True,0,0,,,,0.1691050001682015,0.44192159943122544,1.8054050005957833,2.5030644492573497,9.27201157156378,-9.222238269634545,72.96641001518388,7.123705767186344,1100.5003188986468,0,1288.151877160289,1288.000880595726,1156.7387175239828,1455.30263993087,-1.5767441736534238,0.24918578617724263,0.0,0.0,0.0,0.0,0.003472222222222222,52437.671027812874,43200.0,6315.486917847023,2623.620187558957,0.0,-7.275957614183426e-12,-1.1823431123048067e-11,0,0,0,0.0,0,0,True,0,0,,,,0.16610600005151355,0.4058057901511346,1.8054050005957833,2.206300931311929,6.812442758120596,-5.11232861597091,20.405717185401215,7.106281469431551,1126.8307809317216,0,359.6057427547803,360.2011075851908,1455.30263993087,1500.0,2.466213123872876,0.27148194696367767,0.0,0.0,0.0,0.0,0.0,17532.878757844235,14750.0,1766.1830958501523,971.9983019249621,0.0,9.094947017729282e-12,1.7053025658242404e-11,0,0,0,0.0,0,0,True,0,0,,,,0.1691050001682015,0.44192159943122544,1.8054050005957833,,,,,,,,,
d5419d24e3f12cc98db8a0792babd5f886758ddd3fc42e7ea513816b648d1aed,delay24,May2024,400.0,swmpc,0,1500.0,0.5,96.58333333333333,96.0,10.0,1500.0,600.0,4.416154940561295,20.460589633323252,-7.181825398467481,90.98157961237033,2.944161979979915,645.837040330187,0,1605.366439301088,1606.0041138701831,1350.0,1478.2632014127657,4.329144569113851,0.3463935391341263,35.99251775822902,3.0340960634902383,1.185322148599283e-14,35.99251775822902,0.0,73185.8491957355,65150.0,7874.760121642475,32.82587268026896,0.0,9.322320693172514e-12,1.0913936421275139e-11,0,0,0,0.0,0,0,True,1296,0,6.821210263296962e-12,3.177764317901346e-13,2.979218746704376e-10,1.053660000252421,1.68303956019372,3.5783510002147523,5.18578093868438,20.460589633323252,-7.181825398467481,65.17128108829803,3.1229627103381885,645.837040330187,0,1150.0432765856647,1150.401498632204,1159.9237339272922,1073.4323503532314,1.1476392084732652,0.3468090908688647,35.99251775822902,3.0340960634902383,1.185322148599283e-14,35.99251775822902,0.0,48764.95740616592,43200.0,5640.792428280757,10.656361459220307,0.0,-5.6843418860808015e-12,5.4569682106375694e-12,0,0,0,0.0,0,0,True,1008,0,6.821210263296962e-12,3.177764317901346e-13,2.555386681225714e-10,1.1924600003112573,1.6823359601767145,3.1509059999734745,2.4012152133515303,6.693857430480421,-6.500057006254792,18.91969351854641,3.8840852749066217,752.3274261264067,0,333.50135884161864,333.9698623985862,1073.4323503532314,1478.2632014127657,4.329144569113851,0.33756680281214047,35.137142005304604,0.0,7.18125876046419e-15,35.137142005304604,0.0,16792.39362660503,14750.0,1637.5627755455014,0.0,0.0,6.139089236967266e-12,5.4569682106375694e-12,0,0,0,0.0,0,0,True,1296,0,6.821210263296962e-12,3.177764317901346e-13,2.979218746704376e-10,1.053660000252421,1.68303956019372,3.5783510002147523,0.47131600013017305,0.8983888994407602,3.024214999641117,0.5221630003688915,0.8949880700401989,1.0779869999169023,0.47131600013017305,0.8983888994407602,3.024214999641117
d5419d24e3f12cc98db8a0792babd5f886758ddd3fc42e7ea513816b648d1aed,delay24,May2024,400.0,swmpc,1,1500.0,0.5,96.58333333333333,96.0,10.0,1500.0,600.0,4.406401321285741,20.029246589168906,-8.10873251222074,91.06254452676356,2.687540617333741,645.8373641418156,0,1607.415217592538,1607.4333041101063,1350.0,1464.9170063142242,0.12165142316371202,0.34531134271766606,35.970018146390764,2.6108890735613843,1.1531997640010518e-14,35.970018146390764,0.0,73231.65685047672,65150.0,7881.76790587564,84.97193828685909,0.0,3.410605131648481e-12,1.1823431123048067e-11,0,0,0,0.0,0,0,True,1296,0,6.59383658785373e-12,3.1743619000456085e-13,3.7874968671046827e-10,1.2484639992180746,1.7390637598145988,3.397098000277765,5.170541115483499,20.029246589168906,-8.10873251222074,65.32635564371556,3.1329267456226835,645.8373641418156,0,1152.6905812799794,1153.1388700322068,1162.2217842175717,1050.7772097346192,1.6612130515277386,0.34433221178162343,35.970018146390764,2.6108890735613843,9.802232939740397e-15,35.970018146390764,0.0,48784.17595671779,43200.0,5654.2146499006485,41.40588130010474,0.0,1.3869794202037156e-11,2.3646862246096134e-11,0,0,0,0.0,0,0,True,1008,0,6.59383658785373e-12,3.1743619000456085e-13,3.7874968671046827e-10,1.2759059995914868,1.6540099296889814,1.808098999390495,2.4830183336298215,8.767136996611953,-5.094477764330804,18.84687374101155,3.8887649787426217,729.0169145974563,0,332.9111693402499,332.6844498701257,1050.7772097346192,1464.9170063142242,0.12165142316371202,0.3388149000179872,35.12444653802778,0.0,1.1531997640010518e-14,35.12444653802778,0.0,16795.399776739017,14750.0,1631.259980159414,0.0,0.0,1.5916157281026244e-12,-9.777068044058979e-12,0,0,0,0.0,0,0,True,1296,0,6.59383658785373e-12,3.1743619000456085e-13,3.7874968671046827e-10,1.2484639992180746,1.7390637598145988,3.397098000277765,0.5499699996107665,0.9236129994860673,2.7609879998635734,0.5847125003128895,0.9147523301817263,1.1254090004513273,0.5499699996107665,0.9236129994860673,2.7609879998635734
d5419d24e3f12cc98db8a0792babd5f886758ddd3fc42e7ea513816b648d1aed,delay24,May2024,400.0,swmpc,2,1500.0,0.5,96.58333333333333,96.0,10.0,1500.0,600.0,4.402798142848936,16.917252272367477,-9.404451325535774,90.92912051324072,2.9790309112110513,656.3879572082436,0,1604.7211806279772,1605.0781074260944,1350.0,1456.736321227108,2.422636089846492,0.34739139902879157,36.00188944366223,2.7215733590248368,1.2579252249951069e-14,36.00188944366223,0.0,73191.08931867749,65150.0,7870.21961109506,64.13338635533364,0.0,9.549694368615746e-12,-6.912159733474255e-11,0,0,0,0.0,0,0,True,1296,0,6.821210263296962e-12,1.452990929003309e-07,2.5304331990849686e-10,0.9589780001988402,1.6302027198253202,2.6026890000139247,5.1245814190392,16.917252272367477,-9.404451325535774,65.17433966991561,3.137461126780031,656.3879572082436,0,1150.5342574549097,1150.455488623151,1159.7124328927346,1087.4393222954602,-1.0997660541906953,0.3471834180073946,36.00188944366223,2.7215733590248368,1.2579252249951069e-14,36.00188944366223,0.0,48785.460209402714,43200.0,5641.05715875313,16.676161246864012,0.0,5.9117155615240335e-12,-2.637534635141492e-11,0,0,0,0.0,0,0,True,1008,0,6.821210263296962e-12,1.452990929003309e-07,2.4817681672046784e-10,0.9123874997385428,1.9882716896245123,2.6026890000139247,2.698250808758335,8.631821209564805,-3.60121635440737,18.857999519486413,3.8591511983164883,764.9692673265859,0,332.36210959173104,332.8808417779828,1087.4393222954602,1456.736321227108,2.422636089846492,0.34018424905438127,35.11382383427843,0.0,1.2544067877296699e-14,35.11382383427843,0.0,16751.519952442664,14750.0,1632.222953511015,0.0,0.0,-1.5916157281026244e-12,-4.0472514228895307e-11,0,0,0,0.0,0,0,True,1296,0,6.821210263296962e-12,1.452990929003309e-07,2.5304331990849686e-10,0.9589780001988402,1.6302027198253202,2.6026890000139247,0.4571750000650354,0.8542605496131728,1.9779759995799395,0.42049949979627854,0.8665696499610929,1.9779759995799395,0.4571750000650354,0.8542605496131728,1.9779759995799395
d5419d24e3f12cc98db8a0792babd5f886758ddd3fc42e7ea513816b648d1aed,delay24,May2024,550.0,pid_lowdrag_preview,0,1500.0,0.5,97.0,96.0,10.0,1500.0,600.0,0.9396214100843472,2.877389293164015,-2.7151421420276165,11.805076393924862,6.569546347872013,1146.660725580407,0,208.63164401872186,208.38285435327242,1350.0,1500.0,-1.7454018853604794,0.3624968578860156,0.0,0.0,0.0,0.0,0.0,69263.6897503729,65400.0,1021.7688593217564,2691.9208910511493,0.0,7.73070496506989e-12,9.549694368615746e-12,0,0,0,0.0,0,0,True,0,0,,,,0.16466850001961575,0.44228977934835734,1.6431399999419227,0.9643951614330717,2.877389293164015,-2.6151785664260387,8.662459206950931,6.590001866753889,1146.660725580407,0,152.81613029872568,152.9094700473223,1419.368263410894,1235.9972500287718,0.3072894234210253,0.36368035553122424,0.0,0.0,0.0,0.0,0.0,45192.65375842483,43200.0,749.7648272197835,1426.2599445871765,0.0,8.640199666842818e-12,2.2737367544323206e-13,0,0,0,0.0,0,0,True,0,0,,,,0.1638319995436177,0.44248453981708674,1.6431399999419227,0.9168279514493883,2.7151421420276165,-2.7151421420276165,2.336007937140998,6.569546347872013,1157.598920602545,0,41.52773459617927,41.2351420261767,1235.9972500287718,1500.0,-1.7454018853604794,0.3596548875854644,0.0,0.0,0.0,0.0,0.0,16395.781649424764,15000.0,202.18930277550285,929.5895966780406,0.0,8.185452315956354e-12,9.379164112033322e-12,0,0,0,0.0,0,0,True,0,0,,,,0.16466850001961575,0.44228977934835734,1.6431399999419227,,,,,,,,,
d5419d24e3f12cc98db8a0792babd5f886758ddd3fc42e7ea513816b648d1aed,delay24,May2024,550.0,pid_lowdrag_preview,1,1500.0,0.5,97.0,96.0,10.0,1500.0,600.0,0.8542478288034466,2.9697717055678368,-2.5862878831103444,11.81180054431094,6.565928960190639,1146.9845676003615,0,208.64050534356872,208.50154885416188,1350.0,1500.0,-0.9748640805482864,0.36241326170366484,0.0,0.0,0.0,0.0,0.0,69251.35236580047,65400.0,1022.3508570353335,2679.0015087651545,0.0,1.7280399333685637e-11,7.73070496506989e-12,0,0,0,0.0,0,0,True,0,0,,,,0.16506499969182187,0.42390443030853936,2.986974999657832,0.9018822717832066,2.9697717055678368,-2.5862878831103444,8.661405007618425,6.5977243386107185,1146.9845676003615,0,152.83527329980552,152.89086135233222,1419.5152000348874,1236.039937431222,0.2985482634976506,0.36354859011194796,0.0,0.0,0.0,0.0,0.0,45181.20591028549,43200.0,749.6735827404225,1415.0075901487446,0.0,1.0686562745831907e-11,8.071765478234738e-12,0,0,0,0.0,0,0,True,0,0,,,,0.16357149979739916,0.42307821956455866,0.49657899944577366,0.8200244876080135,2.2998842485249043,-2.2970805866643786,2.342043288506259,6.565928960190639,1157.5035347547948,0,41.52319123257152,41.341677867413296,1236.039937431222,1500.0,-0.9748640805482864,0.35951732444560913,0.0,0.0,0.0,0.0,0.0,16393.28533117845,15000.0,202.71168262923663,926.6135859804353,0.0,9.094947017729282e-13,-2.8421709430404007e-13,0,0,0,0.0,0,0,True,0,0,,,,0.16506499969182187,0.42390443030853936,2.986974999657832,,,,,,,,,
d5419d24e3f12cc98db8a0792babd5f886758ddd3fc42e7ea513816b648d1aed,delay24,May2024,550.0,pid_lowdrag_preview,2,1500.0,0.5,97.0,96.0,10.0,1500.0,600.0,0.88909735826974,3.2377560259774327,-2.5230640890076756,11.82855165356085,6.564846333157195,1147.731806926049,0,208.64706105126103,208.79723893210905,1350.0,1500.0,1.0535676758736372,0.36246748682429797,0.0,0.0,0.0,0.0,0.0,69274.4496901448,65400.0,1023.8007215867775,2700.6489685580395,0.0,1.6825651982799172e-11,6.366462912410498e-12,0,0,0,0.0,0,0,True,0,0,,,,0.1696660001471173,0.33909080947523834,0.5081870003778022,0.9189094421931434,3.2377560259774327,-2.5230640890076756,8.65219224343809,6.585518218843422,1147.731806926049,0,152.83871569325763,152.72823791540202,1419.381623355074,1238.4370014778776,-0.6454586060717702,0.36362269789890356,0.0,0.0,0.0,0.0,0.0,45204.774711945414,43200.0,748.8761871765366,1436.8431466460815,0.0,7.503331289626658e-12,-1.1368683772161603e-12,0,0,0,0.0,0,0,True,0,0,,,,0.1702320000731561,0.32824700958371955,0.4586220002238406,0.9187806459049073,3.152272284962237,-1.8892048699781299,2.3659832154911165,6.564846333157195,1157.1246998196104,0,41.52208276917932,41.76426474035509,1238.4370014778776,1500.0,1.0535676758736372,0.35965403213086633,0.0,0.0,0.0,0.0,0.0,16393.841343797478,15000.0,204.7837634079974,927.4945818673652,0.0,7.275957614183426e-12,7.418066161335446e-12,0,0,0,0.0,0,0,True,0,0,,,,0.1696660001471173,0.33909080947523834,0.5081870003778022,,,,,,,,,
d5419d24e3f12cc98db8a0792babd5f886758ddd3fc42e7ea513816b648d1aed,delay24,May2024,550.0,swmpc,0,1500.0,0.5,97.0,96.0,10.0,1500.0,600.0,0.927454885791757,3.1076288605108857,-2.4519809037446976,11.879784621249714,5.224254813667747,1146.5508529471003,0,209.95974789966482,209.70160174076258,1350.0,1500.0,-1.8110409853979945,0.31300976456315044,34.57776219486435,0.0,1.240190226839563e-14,34.57776219486435,0.0,67701.0627117826,65400.0,1028.2351063555207,1122.827605427059,0.0,-1.3642420526593924e-11,2.2737367544323206e-12,0,0,0,0.0,0,0,True,1296,0,9.780321008204531e-11,1.9166449125408735e-13,4.631418248304922e-10,0.7739480006421218,1.2557647995527081,3.559112999937497,0.9742191032800418,3.1076288605108857,-2.0826163850724697,8.733911195401348,5.224254813667747,1146.5508529471003,0,154.18420461468688,154.17073840388935,1419.3132787060458,1236.0355627677948,-0.5051296977326274,0.31452260478834093,34.57776219486435,0.0,1.0763787545103843e-14,34.57776219486435,0.0,44172.70656703327,43200.0,755.9492358842449,400.03504708726587,0.0,-7.048583938740194e-12,-2.7284841053187847e-12,0,0,0,0.0,0,0,True,1008,0,9.780321008204531e-11,1.9166449125408735e-13,4.631418248304922e-10,0.777858999754244,1.2694060199464725,3.559112999937497,0.8722586085534196,2.4519809037446976,-2.4519809037446976,2.349643121970093,5.227961011686926,1156.3991098311187,0,41.66197479007579,41.47582989972307,1236.0355627677948,1500.0,-1.8110409853979945,0.30696709897056285,34.421632389518834,0.0,1.240190226839563e-14,34.421632389518834,0.0,16098.814167741955,15000.0,203.3694736430615,631.4802568666901,0.0,1.4779288903810084e-12,5.087485988042317e-12,0,0,0,0.0,0,0,True,1296,0,9.780321008204531e-11,1.9166449125408735e-13,4.631418248304922e-10,0.7739480006421218,1.2557647995527081,3.559112999937497,0.2884054997593921,0.5589545501607063,2.0610609999494045,0.2909945001192682,0.5582765201233992,2.0610609999494045,0.2884054997593921,0.5589545501607063,2.0610609999494045
d5419d24e3f12cc98db8a0792babd5f886758ddd3fc42e7ea513816b648d1aed,delay24,May2024,550.0,swmpc,1,1500.0,0.5,97.0,96.0,10.0,1500.0,600.0,0.8524763491209925,3.114487459883094,-2.3499280782416463,11.899560688169853,5.214043767241286,1146.6831620271591,0,210.19002360146703,210.05068828075557,1350.0,1500.0,-0.9775201259180903,0.3120629256636802,34.587394266621345,0.0,1.3041189624204074e-14,34.587394266621345,0.0,67762.01652508182,65400.0,1029.9467911142324,1182.0697339675933,0.0,1.1368683772161603e-12,6.366462912410498e-12,0,0,0,0.0,0,0,True,1296,0,8.354566118575829e-11,2.071914261473046e-13,3.787779439989674e-10,0.8756375000302796,1.360278659940377,5.058464999819989,0.9009719635961707,3.114487459883094,-2.3499280782416463,8.74125085454639,5.225952063905165,1146.6831620271591,0,154.35373687843028,154.30029784692766,1419.4725807137213,1236.0601453819954,-0.3243351327255368,0.31354527096793294,34.587394266621345,0.0,1.3041189624204074e-14,34.587394266621345,0.0,44201.07997005944,43200.0,756.5845079402843,427.9078974508973,0.0,1.2278178473934531e-11,-1.1368683772161603e-13,0,0,0,0.0,0,0,True,1008,0,6.967229490332101e-11,2.071914261473046e-13,3.787779439989674e-10,1.0209509991909727,1.3678506202450078,5.058464999819989,0.8261384412126132,2.1208832440897822,-1.5239694099873304,2.356887650682502,5.229286570523993,1157.2336160992502,0,41.696814997548444,41.603710103219555,1236.0601453819954,1500.0,-0.9775201259180903,0.30636800996096436,34.40981109523951,0.0,6.446810791139224e-15,34.40981109523951,0.0,16117.56169028164,15000.0,203.99651184186777,649.6253238217641,0.0,-3.524291969370097e-12,6.366462912410498e-12,0,0,0,0.0,0,0,True,1296,0,8.354566118575829e-11,2.071914261473046e-13,3.787779439989674e-10,0.8756375000302796,1.360278659940377,5.058464999819989,0.3545905005921668,0.592105500118123,0.9540699993522139,0.36545149987432524,0.6004577599924229,0.9540699993522139,0.3545905005921668,0.592105500118123,0.9540699993522139
d5419d24e3f12cc98db8a0792babd5f886758ddd3fc42e7ea513816b648d1aed,delay24,May2024,550.0,swmpc,2,1500.0,0.5,97.0,96.0,10.0,1500.0,600.0,0.8971214231153173,3.114484189078212,-2.357039392925799,11.903558169311895,5.212129055652328,1147.0387876948075,0,209.9641945609873,210.12125169794723,1350.0,1500.0,1.1018323889002204,0.3128242524344249,34.554423378225096,0.0,1.2837389199940037e-14,34.554423378225096,0.0,67726.6039082811,65400.0,1030.2927864818455,1146.3111217992598,0.0,1.3642420526593924e-12,2.2737367544323206e-12,0,0,0,0.0,0,0,True,1296,0,8.68118401148841e-11,2.0895779564565572e-13,4.831095411306499e-10,1.1297604996798327,1.393837589521354,2.9764629998680903,0.9285542719623223,3.114484189078212,-2.357039392925799,8.725660491212038,5.22385668702989,1147.0387876948075,0,154.09452713416954,154.02509722106086,1419.2652629339234,1237.2852748773203,-0.6953707244247198,0.3149263412826607,34.554423378225096,0.0,1.2837389199940037e-14,34.554423378225096,0.0,44179.24115707935,43200.0,755.2351098314595,405.98603530449964,0.0,7.617018127348274e-12,4.661160346586257e-12,0,0,0,0.0,0,0,True,1008,0,8.68118401148841e-11,2.0895779564565572e-13,4.831095411306499e-10,1.1273869999968156,1.397940910019315,2.9764629998680903,0.946398648528432,2.8117715399712324,-1.6981552578508854,2.378886158303253,5.229288290163435,1156.1782508324723,0,41.735850936394684,41.992027099782376,1237.2852748773203,1500.0,1.1018323889002204,0.3054849819396209,34.442557341027495,0.0,7.102941276742694e-15,34.442557341027495,0.0,16105.951033098067,15000.0,205.90055627904744,637.3357516963351,0.0,-4.206412995699793e-12,-2.2453150450019166e-12,0,0,0,0.0,0,0,True,1296,0,8.68118401148841e-11,2.0895779564565572e-13,4.831095411306499e-10,1.1297604996798327,1.393837589521354,2.9764629998680903,0.4057324999848788,0.6190915498336835,1.3116700001774007,0.3965184996559401,0.6142457098849261,1.3116700001774007,0.4057324999848788,0.6190915498336835,1.3116700001774007
d5419d24e3f12cc98db8a0792babd5f886758ddd3fc42e7ea513816b648d1aed,area8,Feb2022,400.0,pid_lowdrag_preview,0,1500.0,0.5,96.16666666666667,72.0,8.0,1500.0,600.0,1.2146646292430376,4.8629050850868225,-3.8746841670945287,26.899660273698878,6.865544560413195,1129.1873382625106,0,475.0806841342457,474.8319961615216,1350.0,1500.0,-1.6884090509265661,0.30103304666445674,0.0,0.0,0.0,0.0,0.0,70845.19187821752,64900.0,2328.2555975787127,3466.9362806387962,0.0,-1.0913936421275139e-11,6.366462912410498e-12,0,0,0,0.0,0,0,True,0,0,,,,0.16014699986044434,0.3785693100599018,1.3239089994385722,1.2290381433099438,4.8629050850868225,-3.8746841670945287,17.98837331557321,6.865544560413195,1132.782434566555,0,317.496428397418,317.5302261152972,1284.316186377139,1211.6639387400019,0.0714892316609621,0.3147895408029774,0.0,0.0,0.0,0.0,0.0,46354.63450815805,43200.0,1556.9538959668057,1670.3328598283815,0.0,-1.1368683772161603e-12,8.185452315956354e-12,0,0,0,0.0,0,0,True,0,0,,,,0.1610429999345797,0.38990783036751925,1.3239089994385722,1.2562083714895151,3.819944901391864,-3.819944901391864,6.377535545691266,7.992040416227146,1129.1873382625106,0,112.8352897491734,112.57606612647487,1211.6639387400019,1500.0,-1.6884090509265661,0.2500034308550745,0.0,0.0,0.0,0.0,0.0,16912.5,14500.0,551.9970394396007,1572.1668993003939,0.0,-7.275957614183426e-12,-1.4779288903810084e-12,0,0,0,0.0,0,0,True,0,0,,,,0.16014699986044434,0.3785693100599018,1.3239089994385722,,,,,,,,,
d5419d24e3f12cc98db8a0792babd5f886758ddd3fc42e7ea513816b648d1aed,area8,Feb2022,400.0,pid_lowdrag_preview,1,1500.0,0.5,96.16666666666667,72.0,8.0,1500.0,600.0,1.2409367725999565,5.4494449486956,-4.782498856075108,26.907711378991433,6.854847534672427,1128.7357869121813,0,475.1793919653518,474.97411403062176,1350.0,1500.0,-1.3936987044289708,0.3009660508822364,0.0,0.0,0.0,0.0,0.0,70873.33718863732,64900.0,2328.952447679178,3494.384740958146,0.0,3.183231456205249e-12,1.0913936421275139e-11,0,0,0,0.0,0,0,True,0,0,,,,0.16513950049557025,0.4776389303788163,4.078857000422431,1.2805190466848269,5.4494449486956,-4.782498856075108,18.002536702341366,6.860907116201167,1130.4833577394284,0,317.57327528343615,317.7802377936288,1284.181199455481,1210.384236477752,1.4058743612840772,0.31465346034111286,0.0,0.0,0.0,0.0,0.0,46373.36020772885,43200.0,1558.1797844794376,1688.9773862271422,0.0,-1.5916157281026244e-12,-7.048583938740194e-12,0,0,0,0.0,0,0,True,0,0,,,,0.16521950010428554,0.46774457001447417,4.078857000422431,1.263841930593137,3.67833836004138,-3.67833836004138,6.368872681351743,8.0,1128.7357869121813,0,112.83551652221774,112.42314950504664,1210.384236477752,1500.0,-1.3936987044289708,0.25,0.0,0.0,0.0,0.0,0.0,16912.5,14500.0,551.2472395468203,1571.6369969309314,0.0,-2.2737367544323206e-13,1.750777300912887e-11,0,0,0,0.0,0,0,True,0,0,,,,0.16513950049557025,0.4776389303788163,4.078857000422431,,,,,,,,,
d5419d24e3f12cc98db8a0792babd5f886758ddd3fc42e7ea513816b648d1aed,area8,Feb2022,400.0,pid_lowdrag_preview,2,1500.0,0.5,96.16666666666667,72.0,8.0,1500.0,600.0,1.2415637810937,4.319005864672363,-4.319005864672363,26.905470220636037,6.847836173448682,1129.1485808751988,0,475.2005719785808,474.93455317056276,1350.0,1500.0,-1.80607639439404,0.30096790127152384,0.0,0.0,0.0,0.0,0.0,70878.41322457025,64900.0,2328.7584679250504,3499.6547566452005,0.0,1.3642420526593924e-12,1.0913936421275139e-11,0,0,0,0.0,0,0,True,0,0,,,,0.16095299997687107,0.39071282029908555,1.3078940000923467,1.2837500956035257,4.319005864672363,-4.319005864672363,17.97990982669584,6.847836173448682,1131.6059421460955,0,317.59647169660104,317.3808288635375,1283.4898377351242,1215.3963982686182,-1.4296638360247016,0.3146741638780912,0.0,0.0,0.0,0.0,0.0,46380.65484010861,43200.0,1556.2213526873134,1692.5269268878035,0.0,-2.2737367544323206e-13,-4.774847184307873e-12,0,0,0,0.0,0,0,True,0,0,,,,0.16119849988172064,0.38850617057505527,1.3078940000923467,1.1918448534557684,3.4091035900637507,-3.2304645581170917,6.389031403896421,7.989709573289401,1129.1485808751988,0,112.83442692993384,112.7789906706422,1215.3963982686182,1500.0,-1.80607639439404,0.2500044355287545,0.0,0.0,0.0,0.0,0.0,16912.5,14500.0,552.9920444301196,1574.904353838494,0.0,-4.547473508864641e-12,1.5916157281026244e-11,0,0,0,0.0,0,0,True,0,0,,,,0.16095299997687107,0.39071282029908555,1.3078940000923467,,,,,,,,,
d5419d24e3f12cc98db8a0792babd5f886758ddd3fc42e7ea513816b648d1aed,area8,Feb2022,400.0,swmpc,0,1500.0,0.5,96.16666666666667,72.0,8.0,1500.0,600.0,1.1702088317791373,4.537740035913885,-3.8301084088161588,27.07097024488801,6.3349440011409435,1129.1873587758346,0,478.10464444076695,477.8559546336524,1350.0,1500.0,-1.6884094662964344,0.26595792425871234,34.465759736944996,0.0,1.2947840417104316e-14,34.465759736944996,0.0,69454.05069497491,64900.0,2343.0830487540634,2060.9676462208545,0.0,7.275957614183426e-12,-6.821210263296962e-12,0,0,0,0.0,0,0,True,1008,0,3.780086273167783e-11,1.606150117288547e-13,1.0595839036891006e-10,0.7162259998949594,1.4670866296637535,9.312898999269237,1.1600054665036201,4.537740035913885,-3.2117571560665965,18.11462317223406,6.348087665998379,1129.3666172076632,0,319.87969436264984,319.75878479757966,1327.1244437556124,1210.5961257825725,0.03881135303527117,0.2713890854601515,34.441331009649126,0.0,1.1156747791749159e-14,34.441331009649126,0.0,45059.68892752609,43200.0,1567.8812434675935,408.33600203153014,0.0,-7.275957614183426e-12,-2.5011104298755527e-12,0,0,0,0.0,0,0,True,1008,0,3.780086273167783e-11,1.606150117288547e-13,1.0595839036891006e-10,0.7464720001735259,1.6532949799056895,9.312898999269237,1.2565776668426047,3.8301084088161588,-3.8301084088161588,6.378085604275139,8.0,1129.1873587758346,0,112.84018585414941,112.58577574409401,1210.5961257825725,1500.0,-1.6884094662964344,0.249953729361852,0.0,0.0,0.0,0.0,0.0,16912.5,14500.0,552.0446488504183,1571.0514769321608,0.0,6.59383658785373e-12,-4.206412995699793e-12,0,0,0,0.0,0,0,True,1008,0,3.780086273167783e-11,1.606150117288547e-13,1.0595839036891006e-10,0.7162259998949594,1.4670866296637535,9.312898999269237,0.2745595002124901,0.5424118802784503,2.187961999879917,0.2745595002124901,0.5424118802784503,2.187961999879917,0.2745595002124901,0.5424118802784503,2.187961999879917
d5419d24e3f12cc98db8a0792babd5f886758ddd3fc42e7ea513816b648d1aed,area8,Feb2022,400.0,swmpc,1,1500.0,0.5,96.16666666666667,72.0,8.0,1500.0,600.0,1.1238380000645338,3.6783848386257887,-3.6783848386257887,27.07635986049831,6.3770080048280136,1128.7357899217195,0,478.15637233911247,477.9510919667236,1350.0,1500.0,-1.3937001200392842,0.2658691436683497,34.47868333860492,0.0,1.4917590655730063e-14,34.47868333860492,0.0,69449.66434973133,64900.0,2343.549538017729,2056.1148117136063,0.0,9.094947017729282e-13,1.000444171950221e-11,0,0,0,0.0,0,0,True,1008,0,3.1073294127847534e-11,2.2198888877571017e-13,1.3042262172548952e-10,0.7120400000530935,2.660636239879748,5.603022999821405,1.1220969961224705,3.6154296584427357,-3.3948669005185366,18.111382764802833,6.401930301084191,1129.8378830755148,0,319.8141569258734,319.7015852228193,1325.6365784243487,1210.4677574081784,0.2613919246941805,0.27174247927403883,34.4252006527416,0.0,1.4917590655730063e-14,34.4252006527416,0.0,45056.12955884024,43200.0,1567.600775362676,403.6976044937328,0.0,-4.320099833421409e-12,8.412825991399586e-12,0,0,0,0.0,0,0,True,1008,0,3.1073294127847534e-11,2.2198888877571017e-13,1.3042262172548952e-10,0.7431764997818391,2.8375203300129175,5.603022999821405,1.2608365326660143,3.6783848386257887,-3.6783848386257887,6.378658628380798,8.0,1128.7357899217195,0,112.83967715538512,112.59589074841955,1210.4677574081784,1500.0,-1.3937001200392842,0.24995777195505398,0.0,0.0,0.0,0.0,0.0,16912.5,14500.0,552.0942460039935,1570.873511404183,0.0,-1.8189894035458565e-12,1.9326762412674725e-12,0,0,0,0.0,0,0,True,1008,0,3.1073294127847534e-11,2.2198888877571017e-13,1.3042262172548952e-10,0.7120400000530935,2.660636239879748,5.603022999821405,0.26993800020136405,0.5704365301698995,3.9498219994129613,0.26993800020136405,0.5704365301698995,3.9498219994129613,0.26993800020136405,0.5704365301698995,3.9498219994129613
d5419d24e3f12cc98db8a0792babd5f886758ddd3fc42e7ea513816b648d1aed,area8,Feb2022,400.0,swmpc,2,1500.0,0.5,96.16666666666667,72.0,8.0,1500.0,600.0,1.113746854711567,3.9563875114545226,-3.2305941926315427,27.084076998825964,6.288292564402535,1129.130145118421,0,478.3533355518503,478.0873146609659,1350.0,1500.0,-1.8060752786695957,0.265369665433684,34.46725703430446,0.0,1.2369262153885234e-14,34.46725703430446,0.0,69451.57910658573,64900.0,2344.217482159975,2057.3616244257482,0.0,-1.0459189070388675e-11,-5.4569682106375694e-12,0,0,0,0.0,0,0,True,1008,0,2.2463455030454696e-11,1.6912765024733012e-13,1.4672795206843614e-10,0.7682895002290024,1.5037330699669822,2.8647890003412613,1.1200107780299586,3.9563875114545226,-3.0067501943558455,18.115709992760298,6.288292564402535,1129.130145118421,0,320.06337217088924,319.7779693209044,1327.9491891119899,1212.8789496594204,-1.0415062196552753,0.2707088472718956,34.437066245414094,0.0,1.2369262153885234e-14,34.437066245414094,0.0,45059.139914456005,43200.0,1567.9753114204177,406.23484248814975,0.0,-7.503331289626658e-12,-8.640199666842818e-12,0,0,0,0.0,0,0,True,1008,0,2.2463455030454696e-11,1.6912765024733012e-13,1.4672795206843614e-10,0.8482554994770908,1.5779607296917668,2.8647890003412613,1.1953842229315481,3.417366022244096,-3.2305941926315427,6.386064852942468,8.0,1129.1485843586581,0,112.83923630821613,112.72662520219541,1212.8789496594204,1500.0,-1.8060752786695957,0.24995560866984112,0.0,0.0,0.0,0.0,0.0,16912.5,14500.0,552.7352795195552,1572.643670139868,0.0,2.7284841053187847e-12,3.183231456205249e-12,0,0,0,0.0,0,0,True,1008,0,2.2463455030454696e-11,1.6912765024733012e-13,1.4672795206843614e-10,0.7682895002290024,1.5037330699669822,2.8647890003412613,0.31223650057654595,0.5596036496717708,2.3235369999383693,0.31223650057654595,0.5596036496717708,2.3235369999383693,0.31223650057654595,0.5596036496717708,2.3235369999383693
d5419d24e3f12cc98db8a0792babd5f886758ddd3fc42e7ea513816b648d1aed,area8,Feb2022,550.0,pid_lowdrag_preview,0,1500.0,0.5,96.58333333333333,72.0,8.0,1500.0,600.0,0.5630355582529122,2.051511690020561,-2.051511690020561,2.0841011058936787,6.63158139103847,1139.0620812329212,0,36.84358236373002,36.78849019820215,1350.0,1500.0,-0.3864879244938493,0.3359576853560987,0.0,0.0,0.0,0.0,0.0,69734.86734321328,65150.0,180.3859237010999,4254.481419512175,0.0,-2.7284841053187847e-12,9.094947017729282e-13,0,0,0,0.0,0,0,True,0,0,,,,0.1950249998117215,0.3654507402279706,0.6272470000112662,0.5656407063889904,1.8475272478535771,-1.1600695345550776,1.3875150489708028,6.646086431226074,1139.4018080979165,0,24.33774829668839,24.49237401898127,1179.512882489787,1247.8528084820448,0.5159521838650107,0.3605386455757774,0.0,0.0,0.0,0.0,0.0,44820.1860480686,43200.0,120.0940698366211,1431.752052239722,0.0,0.0,4.121147867408581e-13,0,0,0,0.0,0,0,True,0,0,,,,0.2370024999436282,0.362444789852816,0.44027500007359777,0.5745083147355289,2.051511690020561,-2.051511690020561,0.5142731032668058,8.0,1139.0620812329212,0,9.206572885174179,9.077933390672545,1247.8528084820448,1500.0,-0.3864879244938493,0.25,0.0,0.0,0.0,0.0,0.0,17662.5,14750.0,44.512057742820005,2615.8407507392185,0.0,-6.139089236967266e-12,4.902744876744691e-13,0,0,0,0.0,0,0,True,0,0,,,,0.1950249998117215,0.3654507402279706,0.6272470000112662,,,,,,,,,
d5419d24e3f12cc98db8a0792babd5f886758ddd3fc42e7ea513816b648d1aed,area8,Feb2022,550.0,pid_lowdrag_preview,1,1500.0,0.5,96.58333333333333,72.0,8.0,1500.0,600.0,0.5358690051492564,1.7702995957806706,-1.457524823024869,2.083261503117456,6.624661534625228,1139.0896275661994,0,36.84043291773407,36.773669555184284,1350.0,1500.0,-0.4683649158105254,0.335944785088791,0.0,0.0,0.0,0.0,0.0,69730.5673637985,65150.0,180.313253271674,4250.254110526832,0.0,3.637978807091713e-12,2.5579538487363607e-13,0,0,0,0.0,0,0,True,0,0,,,,0.1620640005057794,0.3402714796175133,0.6576229998245253,0.5807192091758844,1.7702995957806706,-1.457524823024869,1.3819075082125716,6.624661534625228,1139.2746737684242,0,24.334247985230807,24.393389877743076,1179.5749504056932,1247.7884152512686,0.6704103359952569,0.36051909980700403,0.0,0.0,0.0,0.0,0.0,44815.17474368164,43200.0,119.60871842228455,1427.3525604137856,0.0,8.640199666842818e-12,4.263256414560601e-14,0,0,0,0.0,0,0,True,0,0,,,,0.16278549992421176,0.32061980995422323,0.6576229998245253,0.47282521802277916,1.4688540501520038,-1.029180116020143,0.5123639769948496,8.0,1139.0896275661994,0,9.206561729233112,9.044233550993805,1247.7884152512686,1500.0,-0.4683649158105254,0.25,0.0,0.0,0.0,0.0,0.0,17662.5,14750.0,44.346816476426746,2615.9415987748353,0.0,-6.59383658785373e-12,1.9895196601282805e-13,0,0,0,0.0,0,0,True,0,0,,,,0.1620640005057794,0.3402714796175133,0.6576229998245253,,,,,,,,,
d5419d24e3f12cc98db8a0792babd5f886758ddd3fc42e7ea513816b648d1aed,area8,Feb2022,550.0,pid_lowdrag_preview,2,1500.0,0.5,96.58333333333333,72.0,8.0,1500.0,600.0,0.4842383820659782,1.5963055547326803,-1.0037228167057037,2.0844040434181683,6.623402681160899,1138.9775300738606,0,36.844975809074505,36.793837642296154,1350.0,1500.0,-0.35874972213059664,0.335914473335445,0.0,0.0,0.0,0.0,0.0,69733.19632854669,65150.0,180.4121439574119,4252.784184589298,0.0,1.8189894035458565e-11,-1.1368683772161603e-13,0,0,0,0.0,0,0,True,0,0,,,,0.16040199989220127,0.3491895602383012,0.8657469998070155,0.4778122373834178,1.2619681181386113,-0.9952679621055722,1.3829356683949179,6.623402681160899,1138.9775300738606,0,24.339004382810792,24.411538930436794,1179.4531466964643,1247.3510181002528,0.2798703759908676,0.36047676786189753,0.0,0.0,0.0,0.0,0.0,44818.694943745366,43200.0,119.69770912608499,1431.0993632154948,0.0,2.5011104298755527e-12,-1.8474111129762605e-13,0,0,0,0.0,0,0,True,0,0,,,,0.1607520002835372,0.348770960254114,0.8657469998070155,0.5147881710807511,1.5963055547326803,-0.7480415338650346,0.5164011067625771,8.0,1139.238909179084,0,9.206529664794449,9.11549684454,1247.3510181002528,1500.0,-0.35874972213059664,0.25,0.0,0.0,0.0,0.0,0.0,17662.5,14750.0,44.69624356525321,2615.1547745350013,0.0,1.5916157281026244e-12,5.684341886080802e-14,0,0,0,0.0,0,0,True,0,0,,,,0.16040199989220127,0.3491895602383012,0.8657469998070155,,,,,,,,,
d5419d24e3f12cc98db8a0792babd5f886758ddd3fc42e7ea513816b648d1aed,area8,Feb2022,550.0,swmpc,0,1500.0,0.5,96.58333333333333,72.0,8.0,1500.0,600.0,0.5574036261962042,2.0565314702689648,-2.0565314702689648,2.109400508115995,5.204178642906008,1139.0543662085724,0,37.29089589012245,37.2350744872484,1350.0,1500.0,-0.391603353433311,0.2791044165971208,34.202885670923465,0.0,1.5512582883103013e-14,34.202885670923465,0.0,69778.38110877198,65150.0,182.57567161018653,4295.805437161792,0.0,-1.8189894035458565e-12,-2.2737367544323206e-13,0,0,0,0.0,0,0,True,1008,0,5.102681832592641e-11,1.0511400682462812e-13,3.703685879060469e-10,0.7599069995194441,1.7103786195366417,4.811492999579059,0.5463615558709644,1.7142466679215431,-1.1142235798761249,1.4096467256338936,5.2055385713842774,1139.2686798824302,0,24.728639754280625,24.88304171148789,1179.5358278389126,1311.7187929478998,0.5425389017909765,0.28862461487806024,34.202885670923465,0.0,1.5512582883103013e-14,34.202885670923465,0.0,44782.429812250535,43200.0,122.00964049998082,1328.2372066415692,0.0,2.0463630789890885e-12,2.984279490192421e-13,0,0,0,0.0,0,0,True,1008,0,5.102681832592641e-11,1.0511400682462812e-13,3.703685879060469e-10,0.8811845000309404,1.9840349602873137,4.811492999579059,0.576434678194306,2.0565314702689648,-2.0565314702689648,0.5140176031583528,8.0,1139.0543662085724,0,9.206581821743995,9.073423310423081,1311.7187929478998,1500.0,-0.391603353433311,0.2499993359518654,0.0,0.0,0.0,0.0,0.0,17662.524486774964,14750.0,44.489943353580074,2679.753336369283,0.0,-1.1368683772161603e-12,-5.044853423896711e-13,0,0,0,0.0,0,0,True,1008,0,5.102681832592641e-11,1.0511400682462812e-13,3.703685879060469e-10,0.7599069995194441,1.7103786195366417,4.811492999579059,0.32338800019715563,0.5812808502196274,3.4882059999290504,0.32338800019715563,0.5812808502196274,3.4882059999290504,0.32338800019715563,0.5812808502196274,3.4882059999290504
d5419d24e3f12cc98db8a0792babd5f886758ddd3fc42e7ea513816b648d1aed,area8,Feb2022,550.0,swmpc,1,1500.0,0.5,96.58333333333333,72.0,8.0,1500.0,600.0,0.537604681178496,1.5970523785799742,-1.3534749010577798,2.1090686174175186,5.199999999999999,1138.8517440228818,0,37.29755879596986,37.22921596259529,1350.0,1500.0,-0.4794449331238866,0.27966125898557326,34.16544262706483,0.0,1.1806741772419576e-14,34.16544262706483,0.0,69845.03993048434,65150.0,182.54694535979252,4362.4929851245515,0.0,-9.094947017729282e-13,-1.1084466677857563e-12,0,0,0,0.0,0,0,True,1008,0,6.870608530229593e-11,1.278635947847362e-13,3.447674824092811e-10,0.747066999792878,1.2941089998639654,5.368413999349286,0.5834829555475008,1.5970523785799742,-1.3534749010577798,1.40621207112651,5.199999999999999,1138.8517440228818,0,24.7357258601582,24.822413293163045,1179.4230232880334,1309.9293538370237,0.7278129383921623,0.28940636992986424,34.16544262706483,0.0,1.1806741772419576e-14,34.16544262706483,0.0,44850.583808036856,43200.0,121.71235966069813,1398.3651178271866,0.0,1.9326762412674725e-11,-4.263256414560601e-13,0,0,0,0.0,0,0,True,1008,0,6.870608530229593e-11,1.278635947847362e-13,3.447674824092811e-10,0.7952900000418595,1.2989475300400954,5.368413999349286,0.4675334120266896,1.4356443891301751,-1.0316590508446097,0.5118115268629857,8.0,1139.122382646995,0,9.206571829597127,9.03448171783938,1309.9293538370237,1500.0,-0.4794449331238866,0.24999923364025656,0.0,0.0,0.0,0.0,0.0,17662.528259515537,14750.0,44.29900006912525,2678.1586132834336,0.0,-1.5916157281026244e-12,-6.892264536872972e-13,0,0,0,0.0,0,0,True,1008,0,6.870608530229593e-11,1.278635947847362e-13,3.447674824092811e-10,0.747066999792878,1.2941089998639654,5.368413999349286,0.31378349967781105,0.5409756601602566,2.1836859996255953,0.31378349967781105,0.5409756601602566,2.1836859996255953,0.31378349967781105,0.5409756601602566,2.1836859996255953
d5419d24e3f12cc98db8a0792babd5f886758ddd3fc42e7ea513816b648d1aed,area8,Feb2022,550.0,swmpc,2,1500.0,0.5,96.58333333333333,72.0,8.0,1500.0,600.0,0.46486871168800564,1.6638576900586486,-0.8977564768865705,2.108994401940374,5.2030421620569545,1138.890575778508,0,37.27938654838264,37.22790591321977,1350.0,1500.0,-0.3611518107354641,0.2791808870583755,34.18358654458215,0.0,1.3296003620382329e-14,34.18358654458215,0.0,69786.85192419664,65150.0,182.5405217619375,4304.311402434696,0.0,-9.094947017729282e-12,8.810729923425242e-13,0,0,0,0.0,0,0,True,1008,0,6.21297221970885e-11,1.3419375170421693e-13,4.0884067086120363e-10,0.7109529997251229,1.1027390005619966,1.9581959995775833,0.45155375714056056,1.1748686088249087,-0.8697062870487571,1.405835524883068,5.2030421620569545,1138.890575778508,0,24.717872414393227,24.815766510170494,1179.4346101731805,1311.1760133151329,0.3508426398038864,0.2887276771262658,34.18358654458215,0.0,1.1225758499730662e-14,34.18358654458215,0.0,44795.65551135826,43200.0,121.67976832348084,1342.234339892809,0.0,-1.5916157281026244e-11,7.105427357601002e-13,0,0,0,0.0,0,0,True,1008,0,6.21297221970885e-11,1.3419375170421693e-13,4.0884067086120363e-10,0.7338824998441851,1.16789461015287,1.9581959995775833,0.5242531620521672,1.6638576900586486,-0.7496684612706304,0.5158084991068503,8.0,1139.233421588633,0,9.206528205780717,9.105036151979178,1311.1760133151329,1500.0,-0.3611518107354641,0.25,0.0,0.0,0.0,0.0,0.0,17662.5,14750.0,44.644951389903376,2679.03106192523,0.0,4.547473508864641e-13,2.2026824808563106e-13,0,0,0,0.0,0,0,True,1008,0,6.21297221970885e-11,1.3419375170421693e-13,4.0884067086120363e-10,0.7109529997251229,1.1027390005619966,1.9581959995775833,0.2707084995563491,0.48303765987839137,0.9258170002794941,0.2707084995563491,0.48303765987839137,0.9258170002794941,0.2707084995563491,0.48303765987839137,0.9258170002794941
d5419d24e3f12cc98db8a0792babd5f886758ddd3fc42e7ea513816b648d1aed,area8,Mar2015,400.0,pid_lowdrag_preview,0,1500.0,0.5,96.33333333333333,72.0,8.0,1500.0,600.0,1.5138547114754841,6.26647774130106,-5.155580478720367,38.49635566388769,6.972012574920267,1117.5857176624536,0,679.7878453999392,679.5365152882734,1350.0,1500.0,-1.7064636498689651,0.28801511618012476,0.0,0.0,0.0,0.0,0.0,72057.36075556197,65000.0,3331.9883838258766,3575.3723717360604,0.0,-3.0468072509393096e-11,-7.275957614183426e-12,0,0,0,0.0,0,0,True,0,0,,,,0.17297100021096412,0.6366701903061766,3.250675999879604,1.5330331674251594,6.26647774130106,-4.567946584895253,26.291822969535634,6.978888557431247,1117.5857176624536,0,464.06114763794426,464.1024703035506,1203.6225843540778,1301.1745792910856,0.27729934733361006,0.2982230350967876,0.0,0.0,0.0,0.0,0.0,47425.59986023411,43200.0,2275.6452452011617,1852.4026200959179,0.0,-2.5920599000528455e-11,-1.1823431123048067e-11,0,0,0,0.0,0,0,True,0,0,,,,0.17497399994681473,0.5364534297859787,1.7270159996769507,1.5248359396594393,5.155580478720367,-5.155580478720367,8.8508359443741,7.973775070337041,1123.545173826675,0,156.52687511862393,156.2346905650145,1301.1745792910856,1500.0,-1.7064636498689651,0.25001122642536944,0.0,0.0,0.0,0.0,0.0,16987.5,14600.0,766.0694641146979,1422.605115176386,0.0,-1.5916157281026244e-12,4.206412995699793e-12,0,0,0,0.0,0,0,True,0,0,,,,0.17297100021096412,0.6366701903061766,3.250675999879604,,,,,,,,,
d5419d24e3f12cc98db8a0792babd5f886758ddd3fc42e7ea513816b648d1aed,area8,Mar2015,400.0,pid_lowdrag_preview,1,1500.0,0.5,96.33333333333333,72.0,8.0,1500.0,600.0,1.5477358627099547,6.8905286164954305,-4.968410225585103,38.50726628482504,6.958421568028311,1119.257698816919,0,680.036913396434,679.7291092417457,1350.0,1500.0,-2.0898991832509637,0.2878404103536484,0.0,0.0,0.0,0.0,0.0,72093.66544682224,65000.0,3332.932734572785,3610.7327122494635,0.0,8.185452315956354e-12,1.546140993013978e-11,0,0,0,0.0,0,0,True,0,0,,,,0.16819400025269715,0.4648215102406539,2.2248380000746693,1.5936763948714603,6.8905286164954305,-4.968410225585103,26.318485530553822,6.958421568028311,1119.257698816919,0,464.28599948511936,464.5731170307703,1204.112773847834,1299.1800459199806,2.4449614342302084,0.2979364039022182,0.0,0.0,0.0,0.0,0.0,47455.406051693084,43200.0,2277.9529790648976,1882.3858005560458,0.0,5.9117155615240335e-12,-3.183231456205249e-12,0,0,0,0.0,0,0,True,0,0,,,,0.167743000019982,0.464157840096959,2.2248380000746693,1.5778131590740125,4.673455177806318,-3.9089453537017107,8.829612130213924,7.992713196485024,1123.777102646032,0,156.52799063778843,155.8600484341747,1299.1800459199806,1500.0,-2.0898991832509637,0.25000311935081976,0.0,0.0,0.0,0.0,0.0,16987.5,14600.0,764.2324719885066,1422.4475739314676,0.0,-6.366462912410498e-12,1.887201506178826e-11,0,0,0,0.0,0,0,True,0,0,,,,0.16819400025269715,0.4648215102406539,2.2248380000746693,,,,,,,,,
d5419d24e3f12cc98db8a0792babd5f886758ddd3fc42e7ea513816b648d1aed,area8,Mar2015,400.0,pid_lowdrag_preview,2,1500.0,0.5,96.33333333333333,72.0,8.0,1500.0,600.0,1.5774217622942754,5.5302272429689765,-5.5302272429689765,38.52474887712094,6.954998419568011,1116.9839076122962,0,680.0202397872914,680.0377114364733,1350.0,1500.0,0.11852875910699368,0.28784180994267183,0.0,0.0,0.0,0.0,0.0,72081.23430730129,65000.0,3334.445911429249,3596.788395872034,0.0,-5.9117155615240335e-12,7.73070496506989e-12,0,0,0,0.0,0,0,True,0,0,,,,0.1624155001991312,0.41068585960601917,0.8448750004390604,1.6245142839105626,5.5302272429689765,-5.5302272429689765,26.284031870534342,6.967852505892134,1116.9839076122962,0,464.24798197990805,463.96494205771245,1203.751360393896,1301.679950211266,-1.4641929483041167,0.29799325848423097,0.0,0.0,0.0,0.0,0.0,47444.15453097408,43200.0,2274.9708995151423,1871.2550416415663,0.0,-4.547473508864641e-12,-8.185452315956354e-12,0,0,0,0.0,0,0,True,0,0,,,,0.16137399961735355,0.36212826996234043,0.8448750004390604,1.538842349344501,3.989408127963543,-3.6440595854073763,8.880539140010036,7.972048103925305,1121.0471818769647,0,156.52588281866326,156.7590104832874,1301.679950211266,1500.0,0.11852875910699368,0.25001196570893613,0.0,0.0,0.0,0.0,0.0,16987.5,14600.0,768.6403750779598,1420.5395751332996,0.0,-6.59383658785373e-12,1.6484591469634324e-11,0,0,0,0.0,0,0,True,0,0,,,,0.1624155001991312,0.41068585960601917,0.8448750004390604,,,,,,,,,
d5419d24e3f12cc98db8a0792babd5f886758ddd3fc42e7ea513816b648d1aed,area8,Mar2015,400.0,swmpc,0,1500.0,0.5,96.33333333333333,72.0,8.0,1500.0,600.0,1.3651327192754605,5.496765381656587,-5.155451642349362,38.2596385639256,5.108842503760288,1117.5971698908495,0,675.6093274270214,675.3579921412621,1350.0,1500.0,-1.7064647749066353,0.27388571442421883,34.62165381976174,0.0,1.1736997568507456e-14,34.62165381976174,0.0,70377.96329237905,65000.0,3311.4997268160464,1916.4635655629932,0.0,-9.094947017729282e-12,1.4097167877480388e-11,0,0,0,0.0,0,0,True,1008,0,1.7164578146549465e-11,2.508919980109106e-13,2.584695340542878e-10,0.7291105002877885,1.2454147501830448,1.837883000007423,1.3340838902397105,5.496765381656587,-3.7202554792165756,26.05356147435958,5.586401236455162,1117.5971698908495,0,459.98236930237033,459.8966855385515,1233.4325167466711,1300.7318006368696,0.4129279786720872,0.281647128920003,34.62165381976174,0.0,1.1736997568507456e-14,34.62165381976174,0.0,45963.1454992941,43200.0,2255.0229156183204,440.82329978558596,0.0,5.002220859751105e-12,5.002220859751105e-12,0,0,0,0.0,0,0,True,1008,0,1.7164578146549465e-11,2.508919980109106e-13,2.584695340542878e-10,0.7652300005247525,1.256044729898349,1.837883000007423,1.5250643449355072,5.155451642349362,-5.155451642349362,8.849799934459366,8.0,1123.5451852444294,0,156.5285651585816,156.21640294908275,1300.7318006368696,1500.0,-1.7064647749066353,0.25,0.0,0.0,0.0,0.0,0.0,16987.5,14600.0,765.9797939903005,1422.25200664657,0.0,9.094947017729282e-13,9.322320693172514e-12,0,0,0,0.0,0,0,True,1008,0,1.7164578146549465e-11,2.508919980109106e-13,2.584695340542878e-10,0.7291105002877885,1.2454147501830448,1.837883000007423,0.2985555001941975,0.5374099701657539,0.7084389999363339,0.2985555001941975,0.5374099701657539,0.7084389999363339,0.2985555001941975,0.5374099701657539,0.7084389999363339
d5419d24e3f12cc98db8a0792babd5f886758ddd3fc42e7ea513816b648d1aed,area8,Mar2015,400.0,swmpc,1,1500.0,0.5,96.33333333333333,72.0,8.0,1500.0,600.0,1.322969626606904,4.731371201574802,-3.9089436111971736,38.26065342790678,4.956276942593465,1118.370682681025,0,675.6837165122735,675.3759064898047,1350.0,1500.0,-2.089899172075093,0.27359371851365766,34.6504994255121,0.0,1.2193138319140785e-14,34.6504994255121,0.0,70376.25936760132,65000.0,3311.5875666891307,1914.6718009122076,0.0,1.7962520360015333e-11,-5.002220859751105e-12,0,0,0,0.0,0,0,True,1008,0,1.666625276704912e-11,2.17398663418151e-13,1.922267713983975e-10,0.7316845003515482,1.2388023997482378,4.943670000102429,1.2982866745013044,4.731371201574802,-3.750710300169885,26.056001756824077,5.61536203509872,1118.370682681025,0,459.96083103409364,459.9397613314027,1234.3592804515329,1300.21201438205,0.8015409363433719,0.28139361549515884,34.59612662029449,0.0,1.2193138319140785e-14,34.59612662029449,0.0,45959.930914645505,43200.0,2255.234130230302,438.84405048470717,0.0,2.114575181622058e-11,-1.3642420526593924e-11,0,0,0,0.0,0,0,True,1008,0,1.666625276704912e-11,2.17398663418151e-13,1.922267713983975e-10,0.7682990003559098,1.2497820097451038,4.943670000102429,1.5714448030559227,4.6734504038468,-3.9089436111971736,8.843351733773968,8.0,1123.7771118225382,0,156.528457122664,156.10257950402627,1300.21201438205,1500.0,-2.089899172075093,0.25,0.0,0.0,0.0,0.0,0.0,16987.5,14600.0,765.4216806465864,1422.290333735464,0.0,4.547473508864641e-13,7.844391802791506e-12,0,0,0,0.0,0,0,True,1008,0,1.666625276704912e-11,2.17398663418151e-13,1.922267713983975e-10,0.7316845003515482,1.2388023997482378,4.943670000102429,0.3044194995709404,0.558732909839818,1.8443640001351014,0.3044194995709404,0.558732909839818,1.8443640001351014,0.3044194995709404,0.558732909839818,1.8443640001351014
d5419d24e3f12cc98db8a0792babd5f886758ddd3fc42e7ea513816b648d1aed,area8,Mar2015,400.0,swmpc,2,1500.0,0.5,96.33333333333333,72.0,8.0,1500.0,600.0,1.3952722551557197,4.7338547660037875,-3.8000976722687483,38.280202302874244,5.135837707260327,1117.7092951472314,0,675.7035170146966,675.7209826442614,1350.0,1500.0,0.11852621845901012,0.27357298242440653,34.61038640085189,0.0,1.4128740909413275e-14,34.61038640085189,0.0,70387.9478022442,65000.0,3313.2795872241813,1924.66821502003,0.0,5.9117155615240335e-12,-1.9099388737231493e-11,0,0,0,0.0,0,0,True,1008,0,1.7273169163134208e-11,2.241140791838984e-13,2.427664321023315e-10,0.6960860000617686,0.882524369726525,4.405118000249786,1.3933953304730082,4.7338547660037875,-3.8000976722687483,26.035676139594628,5.135837707260327,1117.7092951472314,0,459.97509280969246,459.58097414583455,1233.4992513839068,1302.402431592868,-1.2997373091056943,0.2813818599347486,34.61038640085189,0.0,1.4128740909413275e-14,34.61038640085189,0.0,45970.12940482091,43200.0,2253.474880053641,447.7513445583161,0.0,8.86757334228605e-12,-1.0913936421275139e-11,0,0,0,0.0,0,0,True,1008,0,1.7273169163134208e-11,2.241140791838984e-13,2.427664321023315e-10,0.7138729997677729,0.8890329595851653,4.405118000249786,1.5395691888894094,3.990033123642206,-3.644329806789756,8.879269092000122,8.0,1121.0501849868983,0,156.52768739450732,156.73659163391335,1302.402431592868,1500.0,0.11852621845901012,0.25,0.0,0.0,0.0,0.0,0.0,16987.5,14600.0,768.5304481733505,1421.371983419526,0.0,8.640199666842818e-12,-7.844391802791506e-12,0,0,0,0.0,0,0,True,1008,0,1.7273169163134208e-11,2.241140791838984e-13,2.427664321023315e-10,0.6960860000617686,0.882524369726525,4.405118000249786,0.26155500063396175,0.3860724894457234,3.902147999724548,0.26155500063396175,0.3860724894457234,3.902147999724548,0.26155500063396175,0.3860724894457234,3.902147999724548
d5419d24e3f12cc98db8a0792babd5f886758ddd3fc42e7ea513816b648d1aed,area8,Mar2015,550.0,pid_lowdrag_preview,0,1500.0,0.5,96.75,72.0,8.0,1500.0,600.0,0.6336868257304549,2.598148358054459,-2.598148358054459,3.142602777301993,6.701492714790956,1138.123641105279,0,55.526268931619356,55.47312994685185,1350.0,1500.0,-0.37278885301202536,0.33077371639092934,0.0,0.0,0.0,0.0,0.0,70111.80521482037,65250.0,272.0027848966459,4439.802429923724,0.0,-1.8189894035458565e-12,4.547473508864641e-13,0,0,0,0.0,0,0,True,0,0,,,,0.16792399947007652,0.48708219976106226,0.6991359996391111,0.6039430380466259,2.208284303545952,-1.690995546989143,2.144092109542965,6.703402355901005,1138.3914523272988,0,37.73464489970982,37.8474495948892,1279.7083627065124,1188.8903392596349,0.47641474660485983,0.3546259554295721,0.0,0.0,0.0,0.0,0.0,44792.11086641975,43200.0,185.57834578485895,1497.3505440817853,0.0,1.4097167877480388e-11,-7.673861546209082e-13,0,0,0,0.0,0,0,True,0,0,,,,0.17015699995681643,0.4867868497603917,0.6991359996391111,0.7488540071775329,2.598148358054459,-2.598148358054459,0.7483810025343773,7.981565798686503,1138.123641105279,0,13.331449377992818,13.210399005307067,1188.8903392596349,1500.0,-0.37278885301202536,0.25000775850223633,0.0,0.0,0.0,0.0,0.0,17887.211965604474,14850.0,64.77487970269698,2661.3274251614093,0.0,-2.7284841053187847e-12,1.2505552149377763e-12,0,0,0,0.0,0,0,True,0,0,,,,0.16792399947007652,0.48708219976106226,0.6991359996391111,,,,,,,,,
d5419d24e3f12cc98db8a0792babd5f886758ddd3fc42e7ea513816b648d1aed,area8,Mar2015,550.0,pid_lowdrag_preview,1,1500.0,0.5,96.75,72.0,8.0,1500.0,600.0,0.6274121075387407,2.051138929091394,-1.8882421609014273,3.140159329749348,6.698983399225674,1137.9326962208365,0,55.52373108243908,55.429998283955236,1350.0,1500.0,-0.6575674554333091,0.3307420565933946,0.0,0.0,0.0,0.0,0.0,70103.79414118918,65250.0,271.7912963356738,4432.002844853522,0.0,1.546140993013978e-11,-2.7284841053187847e-12,0,0,0,0.0,0,0,True,0,0,,,,0.16572999993513804,0.4289996004808929,1.6142370004672557,0.6642387473224728,2.051138929091394,-1.8882421609014273,2.1380646326854613,6.698983399225674,1137.9326962208365,0,37.73180817733749,37.74105275422448,1279.7074496035523,1189.045679266678,0.739377367310226,0.35456095012839717,0.0,0.0,0.0,0.0,0.0,44782.99849405636,43200.0,185.05664749610762,1488.603616897139,0.0,1.3415046851150692e-11,-1.5916157281026244e-12,0,0,0,0.0,0,0,True,0,0,,,,0.166761499713175,0.4427083604787178,1.6142370004672557,0.5909749029177305,1.606654685921967,-1.32098816242069,0.7439567901694732,7.982599826517793,1139.1007994343584,0,13.331431458354373,13.132302941367762,1189.045679266678,1500.0,-0.6575674554333091,0.2500073233053376,0.0,0.0,0.0,0.0,0.0,17887.22812228934,14850.0,64.39194931998124,2661.881852236038,0.0,1.5916157281026244e-12,-1.2079226507921703e-12,0,0,0,0.0,0,0,True,0,0,,,,0.16572999993513804,0.4289996004808929,1.6142370004672557,,,,,,,,,
d5419d24e3f12cc98db8a0792babd5f886758ddd3fc42e7ea513816b648d1aed,area8,Mar2015,550.0,pid_lowdrag_preview,2,1500.0,0.5,96.75,72.0,8.0,1500.0,600.0,0.5995550390719078,1.848056236281991,-1.465547169558704,3.144211249242388,6.700858864823994,1138.45684885204,0,55.53149687146547,55.5015226452892,1350.0,1500.0,-0.2102813981473446,0.330740372891126,0.0,0.0,0.0,0.0,0.0,70114.46708280023,65250.0,272.14200352471295,4442.32507927552,0.0,5.4569682106375694e-12,5.115907697472721e-13,0,0,0,0.0,0,0,True,0,0,,,,0.16481900001963368,0.48972696036798946,2.1029950003139675,0.5990366885157367,1.7466735020279884,-1.465547169558704,2.1406243930392916,6.7047601946212065,1138.45684885204,0,37.739963478567866,37.786237567198114,1279.3819903997066,1189.2176092110203,0.406524526886642,0.3545559479682028,0.0,0.0,0.0,0.0,0.0,44794.61600366399,43200.0,185.2782033191811,1499.5021815334937,0.0,-3.637978807091713e-12,1.0516032489249483e-12,0,0,0,0.0,0,0,True,0,0,,,,0.16689699987182394,0.4879847603024228,2.1029950003139675,0.6624779256284657,1.848056236281991,-1.0886534797027707,0.7502537011854327,7.980968316445727,1139.1621776463885,0,13.331378777632139,13.24345582571393,1189.2176092110203,1500.0,-0.2102813981473446,0.2500080099678258,0.0,0.0,0.0,0.0,0.0,17887.202629944462,14850.0,64.93696803661967,2661.48327111887,0.0,7.275957614183426e-12,-4.973799150320701e-13,0,0,0,0.0,0,0,True,0,0,,,,0.16481900001963368,0.48972696036798946,2.1029950003139675,,,,,,,,,
d5419d24e3f12cc98db8a0792babd5f886758ddd3fc42e7ea513816b648d1aed,area8,Mar2015,550.0,swmpc,0,1500.0,0.5,96.75,72.0,8.0,1500.0,600.0,0.6085247515445652,2.6069375909864902,-2.6069375909864902,3.1919214331406907,5.199999999999999,1137.8413957669807,0,56.39709243408768,56.343701380156375,1350.0,1500.0,-0.3745562881231308,0.27985052386125475,34.23864898148023,0.0,1.1130946911121243e-14,34.23864898148023,0.0,69663.08418526554,65250.0,276.2714795698538,3986.812705695672,0.0,-1.7280399333685637e-11,-1.9326762412674725e-12,0,0,0,0.0,0,0,True,1008,0,1.0425851001842046e-10,1.4726256780835326e-13,2.799323672887417e-10,0.7190959995568846,1.21627683951374,2.8857260003860574,0.558965900977334,2.079281585291028,-1.4640881288796663,2.1880978824987856,5.2048638880453275,1137.8413957669807,0,38.546971891964866,38.624238178931826,1279.5447451385628,1221.3345457762273,0.3265220392495394,0.2888434714343675,34.23864898148023,0.0,1.1130946911121243e-14,34.23864898148023,0.0,44403.274539032915,43200.0,189.38719266871027,1072.097545726535,0.0,-5.002220859751105e-12,-1.9042545318370685e-12,0,0,0,0.0,0,0,True,1008,0,1.0425851001842046e-10,1.4726256780835326e-13,2.799323672887417e-10,0.7484200000362762,1.2243737501830763,2.8857260003860574,0.7506117910551184,2.6069375909864902,-2.6069375909864902,0.7496055447648038,8.0,1138.1182758095522,0,13.33195028130529,13.232014588022132,1221.3345457762273,1500.0,-0.3745562881231308,0.24995911852582586,0.0,0.0,0.0,0.0,0.0,17889.017724728714,14850.0,64.88086792981282,2695.471402575122,0.0,-6.59383658785373e-12,-1.4210854715202004e-14,0,0,0,0.0,0,0,True,1008,0,1.0425851001842046e-10,1.4726256780835326e-13,2.799323672887417e-10,0.7190959995568846,1.21627683951374,2.8857260003860574,0.27673300019159797,0.5427868604965618,2.1660799993696855,0.27673300019159797,0.5427868604965618,2.1660799993696855,0.27673300019159797,0.5427868604965618,2.1660799993696855
d5419d24e3f12cc98db8a0792babd5f886758ddd3fc42e7ea513816b648d1aed,area8,Mar2015,550.0,swmpc,1,1500.0,0.5,96.75,72.0,8.0,1500.0,600.0,0.6104573185106952,2.2118180133402348,-1.7734589874744415,3.188300339066678,5.199999999999999,1138.0479742194668,0,56.37412447340398,56.27978193619427,1350.0,1500.0,-0.6618438977748156,0.28058598194305817,34.24432383110536,0.0,1.1408964758737681e-14,34.24432383110536,0.0,69691.76077750913,65250.0,275.95806176229166,4015.802715746835,0.0,-4.547473508864641e-12,-7.958078640513122e-13,0,0,0,0.0,0,0,True,1008,0,6.374040058060492e-11,1.1966930041560606e-13,4.4197857242791473e-10,0.7089900000210037,1.1995689993636918,1.5615980000802665,0.6531434914263401,2.2118180133402348,-1.7734589874744415,2.1829897278886854,5.199999999999999,1138.0479742194668,0,38.52499388100496,38.534069186998806,1279.6562330723298,1221.949887887449,0.5425111735239625,0.28985308398656484,34.24432383110536,0.0,1.0900706196126304e-14,34.24432383110536,0.0,44442.150270599115,43200.0,188.94506479634163,1110.9115509876533,0.0,-9.094947017729282e-13,-1.3926637620897964e-12,0,0,0,0.0,0,0,True,1008,0,6.374040058060492e-11,1.1966930041560606e-13,4.4197857242791473e-10,0.736652500108903,1.2024582299818576,1.5615980000802665,0.5865291865582603,1.6036444213241339,-1.3772117076441646,0.745542222912412,8.0,1139.1229149129888,0,13.331964552132668,13.160288952583059,1221.949887887449,1500.0,-0.6618438977748156,0.24995553991120456,0.0,0.0,0.0,0.0,0.0,17889.15058079653,14850.0,64.52917382842558,2696.5712948555474,0.0,-5.6843418860808015e-12,5.258016244624741e-13,0,0,0,0.0,0,0,True,1008,0,6.374040058060492e-11,1.1966930041560606e-13,4.4197857242791473e-10,0.7089900000210037,1.1995689993636918,1.5615980000802665,0.2783600002658204,0.5112038500010383,1.0548529999141465,0.2783600002658204,0.5112038500010383,1.0548529999141465,0.2783600002658204,0.5112038500010383,1.0548529999141465
d5419d24e3f12cc98db8a0792babd5f886758ddd3fc42e7ea513816b648d1aed,area8,Mar2015,550.0,swmpc,2,1500.0,0.5,96.75,72.0,8.0,1500.0,600.0,0.565303618912077,1.956605770625174,-1.3078949395567179,3.1932707634652595,5.2023007046775795,1138.48099373626,0,56.39794681124877,56.36751971856598,1350.0,1500.0,-0.2134572295472026,0.27962699297836546,34.269521045718854,0.0,1.3514247497007142e-14,34.269521045718854,0.0,69653.77194905007,65250.0,276.38826862403675,3977.3836804260545,0.0,1.6370904631912708e-11,-1.7053025658242404e-13,0,0,0,0.0,0,0,True,1008,0,7.045722966346868e-11,1.4618870684669057e-13,2.993891441863654e-10,0.7488309993277653,1.5728236403811036,5.332561000614078,0.5616281171251537,1.956605770625174,-1.3078949395567179,2.1865717945377985,5.2023007046775795,1138.48099373626,0,38.54740167076004,38.597299720027294,1279.3909643020781,1223.2306229553699,0.33352346904575825,0.2885862846944206,34.269521045718854,0.0,1.2245645167706377e-14,34.269521045718854,0.0,44401.20136244141,43200.0,189.25510464970338,1068.106599138426,0.0,1.0800249583553523e-11,1.4210854715202004e-13,0,0,0,0.0,0,0,True,1008,0,7.045722966346868e-11,1.4618870684669057e-13,2.993891441863654e-10,0.7864374997552659,2.2362658305610013,5.332561000614078,0.6680677754526377,1.8413696801289916,-1.0883840816095471,0.7508508407362657,8.0,1139.151230873074,0,13.331966146842767,13.253996515151556,1223.2306229553699,1500.0,-0.2134572295472026,0.24995079256760966,0.0,0.0,0.0,0.0,0.0,17889.326825927492,14850.0,64.98865246265419,2697.5687964202093,0.0,1.5916157281026244e-12,-2.5579538487363607e-13,0,0,0,0.0,0,0,True,1008,0,7.045722966346868e-11,1.4618870684669057e-13,2.993891441863654e-10,0.7488309993277653,1.5728236403811036,5.332561000614078,0.3013649998138135,0.5668592795700531,3.1439360000149463,0.3013649998138135,0.5668592795700531,3.1439360000149463,0.3013649998138135,0.5668592795700531,3.1439360000149463
d5419d24e3f12cc98db8a0792babd5f886758ddd3fc42e7ea513816b648d1aed,area8,May2024,400.0,pid_lowdrag_preview,0,1500.0,0.5,96.58333333333333,72.0,8.0,1500.0,600.0,2.3347104761674142,9.268796454183757,-8.149639281444252,101.30240643306466,7.152640010860226,1102.019185760844,0,1787.5479070300935,1788.1870392842586,1350.0,1500.0,4.340188739821315,0.25352592415768316,0.0,0.0,0.0,0.0,0.0007674597083653108,78013.98329661085,65150.0,8768.062214398466,3945.9210822123687,0.0,-1.7280399333685637e-11,-4.9112713895738125e-11,0,0,0,0.0,0,0,True,0,0,,,,0.1777179995769984,0.4142039599719284,0.6263049999688519,2.484048492790168,9.268796454183757,-8.149639281444252,72.98945751048056,7.154917552323152,1102.019185760844,0,1288.312617088159,1288.4077142912693,1156.7780028270247,1456.2809390820403,-0.5448001231998205,0.2490033777608287,0.0,0.0,0.0,0.0,0.0011574074074074073,52451.18894278134,43200.0,6317.481755677235,2634.204250849083,0.0,-2.9558577807620168e-12,-4.3655745685100555e-11,0,0,0,0.0,0,0,True,0,0,,,,0.18900500026575173,0.40113833028954066,0.5062740001449129,2.0288323150478864,6.037004611454904,-6.037004611454904,20.806498324747977,7.992169154654411,1126.9938353738607,0,366.55634395689026,367.2756842335036,1456.2809390820403,1500.0,4.340188739821315,0.2500033181548075,0.0,0.0,0.0,0.0,0.0,17475.0,14750.0,1800.8720443942264,880.4088946878092,0.0,-4.774847184307873e-12,-7.503331289626658e-12,0,0,0,0.0,0,0,True,0,0,,,,0.1777179995769984,0.4142039599719284,0.6263049999688519,,,,,,,,,
d5419d24e3f12cc98db8a0792babd5f886758ddd3fc42e7ea513816b648d1aed,area8,May2024,400.0,pid_lowdrag_preview,1,1500.0,0.5,96.58333333333333,72.0,8.0,1500.0,600.0,2.320949623313652,8.13801728002727,-8.13801728002727,101.2817790873811,7.120839149108313,1102.0399390759899,0,1787.765369928683,1787.8229259970808,1350.0,1500.0,0.3906682664528489,0.25361436806276993,0.0,0.0,0.0,0.0,0.0023023791250959325,78006.8761164631,65150.0,8766.27684861465,3940.599267848461,0.0,1.1823431123048067e-11,2.7284841053187847e-11,0,0,0,0.0,0,0,True,0,0,,,,0.1642580000407179,0.4209649401127537,1.4102189998084214,2.423166273874802,8.13801728002727,-8.13801728002727,73.00428615299299,7.128306269771107,1102.0399390759899,0,1288.5276355100852,1288.6694690440436,1159.8159156041486,1453.5310343376195,-0.05518308375030756,0.2491015849066216,0.0,0.0,0.0,0.0,0.003472222222222222,52431.6059336553,43200.0,6318.76522430043,2619.1255906214033,0.0,3.865352482534945e-12,2.546585164964199e-11,0,0,0,0.0,0,0,True,0,0,,,,0.16481899956488633,0.4029337900465179,1.4102189998084214,2.2424732726690952,6.623718257062137,-6.291488191112876,20.76955371461466,8.0,1122.6501934959836,0,366.55787993472154,366.62353908377327,1453.5310343376195,1500.0,0.3906682664528489,0.25,0.0,0.0,0.0,0.0,0.0,17475.0,14750.0,1797.6743647779101,880.8566695597135,0.0,4.092726157978177e-12,6.821210263296962e-13,0,0,0,0.0,0,0,True,0,0,,,,0.1642580000407179,0.4209649401127537,1.4102189998084214,,,,,,,,,
d5419d24e3f12cc98db8a0792babd5f886758ddd3fc42e7ea513816b648d1aed,area8,May2024,400.0,pid_lowdrag_preview,2,1500.0,0.5,96.58333333333333,72.0,8.0,1500.0,600.0,2.381084590874698,9.27201157156378,-9.222238269634545,101.28075443636422,7.123705767186344,1100.5003188986468,0,1787.4393390742875,1787.8048388880811,1350.0,1500.0,2.481929293833673,0.2536480922183867,0.0,0.0,0.0,0.0,0.0023023791250959325,78013.01435642318,65150.0,8766.188161640846,3946.8261947823403,0.0,2.7284841053187847e-12,1.0913936421275139e-11,0,0,0,0.0,0,0,True,0,0,,,,0.16731300001993077,0.4615125397504017,1.0655490004864987,2.5030644492573497,9.27201157156378,-9.222238269634545,72.96641001518388,7.123705767186344,1100.5003188986468,0,1288.151877160289,1288.000880595726,1156.7387175239828,1455.30263993087,-1.5767441736534238,0.24918578617724263,0.0,0.0,0.0,0.0,0.003472222222222222,52437.671027812874,43200.0,6315.486917847023,2623.620187558957,0.0,-7.275957614183426e-12,-1.1823431123048067e-11,0,0,0,0.0,0,0,True,0,0,,,,0.1681040002949885,0.4636983798081926,1.0655490004864987,2.238125092914359,6.906383669003844,-5.391950353048742,20.79952637546313,7.992864037035249,1125.311828341173,0,366.5549371470397,367.1526155938966,1455.30263993087,1500.0,2.481929293833673,0.25000302371312066,0.0,0.0,0.0,0.0,0.0,17475.0,14750.0,1800.2685988569035,880.0340410739736,0.0,7.048583938740194e-12,2.2737367544323206e-11,0,0,0,0.0,0,0,True,0,0,,,,0.16731300001993077,0.4615125397504017,1.0655490004864987,,,,,,,,,
d5419d24e3f12cc98db8a0792babd5f886758ddd3fc42e7ea513816b648d1aed,area8,May2024,400.0,swmpc,0,1500.0,0.5,96.58333333333333,72.0,8.0,1500.0,600.0,4.3735467724709425,20.460589633323252,-7.181825398467481,92.84431840895569,2.944161979979915,645.837040330187,0,1638.2458221117315,1638.8851232253319,1350.0,1500.0,4.340263805352151,0.3266683960895538,35.99251775822902,3.0340960634902383,1.185322148599283e-14,35.99251775822902,0.0,73868.45556913048,65150.0,8035.98639683885,532.4691722916186,0.0,-1.6370904631912708e-11,-8.185452315956354e-12,0,0,0,0.0,0,0,True,1008,0,6.821210263296962e-12,3.177764317901346e-13,2.555386681225714e-10,0.8125069998641266,1.229252719822398,13.340290999622084,5.18578093868438,20.460589633323252,-7.181825398467481,65.17128108829803,3.1229627103381885,645.837040330187,0,1150.0432765856647,1150.401498632204,1159.9237339272922,1073.4323503532314,1.1476392084732652,0.3468090908688647,35.99251775822902,3.0340960634902383,1.185322148599283e-14,35.99251775822902,0.0,48764.95740616592,43200.0,5640.792428280757,10.656361459220307,0.0,-5.6843418860808015e-12,5.4569682106375694e-12,0,0,0,0.0,0,0,True,1008,0,6.821210263296962e-12,3.177764317901346e-13,2.555386681225714e-10,0.8696530003362568,1.2858681595571397,13.340290999622084,2.0277152743764053,6.036940439604223,-6.036940439604223,20.78243231513177,7.00777273401885,746.2246073996284,0,366.38074165226226,366.85087175373496,1073.4323503532314,1500.0,4.340263805352151,0.250441848957639,0.0,0.0,0.0,0.0,0.0,17475.0,14750.0,1798.7890507418765,499.6432996113497,0.0,-5.229594535194337e-12,-1.3869794202037156e-11,0,0,0,0.0,0,0,True,1008,0,6.821210263296962e-12,3.177764317901346e-13,2.555386681225714e-10,0.8125069998641266,1.229252719822398,13.340290999622084,0.4054319997521816,0.6779719300993746,12.73657000001549,0.4054319997521816,0.6779719300993746,12.73657000001549,0.4054319997521816,0.6779719300993746,12.73657000001549
d5419d24e3f12cc98db8a0792babd5f886758ddd3fc42e7ea513816b648d1aed,area8,May2024,400.0,swmpc,1,1500.0,0.5,96.58333333333333,72.0,8.0,1500.0,600.0,4.3771373918837035,20.029246589168906,-8.10873251222074,92.95986279732726,2.687540617333741,645.8373641418156,0,1640.8669972189753,1640.9247093025426,1350.0,1500.0,0.39078635908663273,0.32531386913270555,35.970018146390764,2.6108890735613843,9.802232939740397e-15,35.970018146390764,0.0,73911.25707373771,65150.0,8045.987150240844,565.2699234968543,0.0,-1.1596057447604835e-11,-1.7280399333685637e-11,0,0,0,0.0,0,0,True,1008,0,6.59383658785373e-12,3.1743619000456085e-13,3.7874968671046827e-10,0.8688620000611991,1.3371315392760152,4.098467999938293,5.170541115483499,20.029246589168906,-8.10873251222074,65.32635564371556,3.1329267456226835,645.8373641418156,0,1152.6905812799794,1153.1388700322068,1162.2217842175717,1050.7772097346192,1.6612130515277386,0.34433221178162343,35.970018146390764,2.6108890735613843,9.802232939740397e-15,35.970018146390764,0.0,48784.17595671779,43200.0,5654.2146499006485,41.40588130010474,0.0,1.3869794202037156e-11,2.3646862246096134e-11,0,0,0,0.0,0,0,True,1008,0,6.59383658785373e-12,3.1743619000456085e-13,3.7874968671046827e-10,0.9080410000024131,1.3794759904067166,4.098467999938293,2.242775880581991,6.6237116027623415,-6.2914882795885205,20.74419201157525,6.912380762428832,722.0810246572485,0,366.3629489666871,366.17585506256205,1050.7772097346192,1500.0,0.39078635908663273,0.2504870760139073,0.0,0.0,0.0,0.0,0.0,17475.0,14750.0,1795.4792245246163,480.2979852099952,0.0,-7.73070496506989e-12,-3.979039320256561e-11,0,0,0,0.0,0,0,True,1008,0,6.59383658785373e-12,3.1743619000456085e-13,3.7874968671046827e-10,0.8688620000611991,1.3371315392760152,4.098467999938293,0.4238449996591953,0.6773503000295019,3.532223000547674,0.4238449996591953,0.6773503000295019,3.532223000547674,0.4238449996591953,0.6773503000295019,3.532223000547674
d5419d24e3f12cc98db8a0792babd5f886758ddd3fc42e7ea513816b648d1aed,area8,May2024,400.0,swmpc,2,1500.0,0.5,96.58333333333333,72.0,8.0,1500.0,600.0,4.343832789599826,16.917252272367477,-9.404451325535774,92.85649170488698,2.9790309112110513,656.3879572082436,0,1638.7343464411858,1639.100005879898,1350.0,1500.0,2.4820062816143036,0.32707590661711516,36.00188944366223,2.7215733590248368,1.2579252249951069e-14,36.00188944366223,0.0,73914.56936623482,65150.0,8037.0400363310855,577.5293299037494,0.0,1.4551915228366852e-11,-4.18367562815547e-11,0,0,0,0.0,0,0,True,1008,0,6.821210263296962e-12,1.452990929003309e-07,2.4817681672046784e-10,0.8120259999486734,1.2458162997063482,3.507164999973611,5.1245814190392,16.917252272367477,-9.404451325535774,65.17433966991561,3.137461126780031,656.3879572082436,0,1150.5342574549097,1150.455488623151,1159.7124328927346,1087.4393222954602,-1.0997660541906953,0.3471834180073946,36.00188944366223,2.7215733590248368,1.2579252249951069e-14,36.00188944366223,0.0,48785.460209402714,43200.0,5641.05715875313,16.676161246864012,0.0,5.9117155615240335e-12,-2.637534635141492e-11,0,0,0,0.0,0,0,True,1008,0,6.821210263296962e-12,1.452990929003309e-07,2.4817681672046784e-10,0.8750455003792013,1.2754596696959188,3.507164999973611,2.2366322738861584,6.906293123029172,-5.391792079433799,20.78537071113267,6.986865841154266,758.6953046469812,0,366.37527540493966,366.9027402317863,1087.4393222954602,1500.0,2.4820062816143036,0.2504517520631456,0.0,0.0,0.0,0.0,0.0,17475.0,14750.0,1799.04337874704,513.3959435484157,0.0,-4.547473508864641e-12,-1.432454155292362e-11,0,0,0,0.0,0,0,True,1008,0,6.821210263296962e-12,1.452990929003309e-07,2.4817681672046784e-10,0.8120259999486734,1.2458162997063482,3.507164999973611,0.4044204997626366,0.6627075292999507,1.276928000152111,0.4044204997626366,0.6627075292999507,1.276928000152111,0.4044204997626366,0.6627075292999507,1.276928000152111
d5419d24e3f12cc98db8a0792babd5f886758ddd3fc42e7ea513816b648d1aed,area8,May2024,550.0,pid_lowdrag_preview,0,1500.0,0.5,97.0,72.0,8.0,1500.0,600.0,0.9462600435333467,2.877389293164015,-2.7506052646785975,12.09025676629593,6.590001866753889,1146.660725580407,0,213.6222448779529,213.41684973095303,1350.0,1500.0,-1.4409680720418692,0.3373543438824621,0.0,0.0,0.0,0.0,0.0,71430.40810094813,65400.0,1046.452174707023,4833.955926241112,0.0,4.547473508864641e-12,-9.094947017729282e-13,0,0,0,0.0,0,0,True,0,0,,,,0.1645984998503991,0.4376852694531412,1.844164000431192,0.9643951614330717,2.877389293164015,-2.6151785664260387,8.662459206950931,6.590001866753889,1146.660725580407,0,152.81613029872568,152.9094700473223,1419.368263410894,1235.9972500287718,0.3072894234210253,0.36368035553122424,0.0,0.0,0.0,0.0,0.0,45192.65375842483,43200.0,749.7648272197835,1426.2599445871765,0.0,8.640199666842818e-12,2.2737367544323206e-13,0,0,0,0.0,0,0,True,0,0,,,,0.1649189998715883,0.4309569499037016,1.844164000431192,0.9461285740351574,2.7506052646785975,-2.7506052646785975,2.621188309512066,7.919536328068826,1157.1857824301467,0,46.51833545541032,46.269137403857314,1235.9972500287718,1500.0,-1.4409680720418692,0.25003352652997135,0.0,0.0,0.0,0.0,0.0,18562.5,15000.0,226.87261816076955,3071.6246318680032,0.0,9.094947017729282e-13,-9.947598300641403e-13,0,0,0,0.0,0,0,True,0,0,,,,0.1645984998503991,0.4376852694531412,1.844164000431192,,,,,,,,,
d5419d24e3f12cc98db8a0792babd5f886758ddd3fc42e7ea513816b648d1aed,area8,May2024,550.0,pid_lowdrag_preview,1,1500.0,0.5,97.0,72.0,8.0,1500.0,600.0,0.8620491749234604,2.9697717055678368,-2.5862878831103444,12.095812562244578,6.5977243386107185,1146.9845676003615,0,213.6356232563851,213.51492047436665,1350.0,1500.0,-0.8468058798462152,0.3373021682552262,0.0,0.0,0.0,0.0,0.0,71420.56703462203,65400.0,1046.9330474349767,4823.633987187072,0.0,2.091837814077735e-11,1.3869794202037156e-11,0,0,0,0.0,0,0,True,0,0,,,,0.16185899994525244,0.39705612008219776,2.375076000134868,0.9018822717832066,2.9697717055678368,-2.5862878831103444,8.661405007618425,6.5977243386107185,1146.9845676003615,0,152.83527329980552,152.89086135233222,1419.5152000348874,1236.039937431222,0.2985482634976506,0.36354859011194796,0.0,0.0,0.0,0.0,0.0,45181.20591028549,43200.0,749.6735827404225,1415.0075901487446,0.0,1.0686562745831907e-11,8.071765478234738e-12,0,0,0,0.0,0,0,True,0,0,,,,0.16287100015688338,0.4078027000196016,2.375076000134868,0.8548789749839112,2.452387641184032,-2.424861582927406,2.6260553064398984,7.92090317499871,1156.981868675511,0,46.51830914538789,46.35504948761806,1236.039937431222,1500.0,-0.8468058798462152,0.25003295701041717,0.0,0.0,0.0,0.0,0.0,18562.5,15000.0,227.29387302887977,3071.246064402354,0.0,1.1823431123048067e-11,5.7980287238024175e-12,0,0,0,0.0,0,0,True,0,0,,,,0.16185899994525244,0.39705612008219776,2.375076000134868,,,,,,,,,
d5419d24e3f12cc98db8a0792babd5f886758ddd3fc42e7ea513816b648d1aed,area8,May2024,550.0,pid_lowdrag_preview,2,1500.0,0.5,97.0,72.0,8.0,1500.0,600.0,0.8970688787617662,3.309965366497636,-2.5230640890076756,12.109845056049007,6.585518218843422,1147.731806926049,0,213.6431141185026,213.7626216340254,1350.0,1500.0,0.8383989669382572,0.3373252891495745,0.0,0.0,0.0,0.0,0.0,71443.10834634732,65400.0,1048.1476067236613,4844.960739623675,0.0,1.8189894035458565e-11,3.865352482534945e-12,0,0,0,0.0,0,0,True,0,0,,,,0.160111999775836,0.30722769954081747,0.5420480001703254,0.9189094421931434,3.2377560259774327,-2.5230640890076756,8.65219224343809,6.585518218843422,1147.731806926049,0,152.83871569325763,152.72823791540202,1419.381623355074,1238.4370014778776,-0.6454586060717702,0.36362269789890356,0.0,0.0,0.0,0.0,0.0,45204.774711945414,43200.0,748.8761871765366,1436.8431466460815,0.0,7.503331289626658e-12,-1.1368683772161603e-12,0,0,0,0.0,0,0,True,0,0,,,,0.1613530002941843,0.3141761602182665,0.5420480001703254,0.9519651066115421,3.309965366497636,-2.0147063694894314,2.647276617979273,7.918279354227137,1156.6331558576494,0,46.518135836420896,46.72964744227144,1238.4370014778776,1500.0,0.8383989669382572,0.250034050269072,0.0,0.0,0.0,0.0,0.0,18562.5,15000.0,229.13064854488115,3071.806352933,0.0,3.865352482534945e-12,4.888534022029489e-12,0,0,0,0.0,0,0,True,0,0,,,,0.160111999775836,0.30722769954081747,0.5420480001703254,,,,,,,,,
d5419d24e3f12cc98db8a0792babd5f886758ddd3fc42e7ea513816b648d1aed,area8,May2024,550.0,swmpc,0,1500.0,0.5,97.0,72.0,8.0,1500.0,600.0,0.9442760367691236,3.1076288605108857,-2.750453026033938,12.157970908473281,5.224254813667747,1146.5508529471003,0,214.81753480231677,214.6121377372454,1350.0,1500.0,-1.4409800954163074,0.2999377576307568,34.57776219486435,0.0,1.0763787545103843e-14,34.57776219486435,0.0,70164.74854404063,65400.0,1052.3130602704755,3562.435483770152,0.0,-3.183231456205249e-12,7.958078640513122e-12,0,0,0,0.0,0,0,True,1008,0,9.780321008204531e-11,1.9166449125408735e-13,4.631418248304922e-10,0.7101274995875428,1.0617834702134137,1.8943699997180374,0.9742191032800418,3.1076288605108857,-2.0826163850724697,8.733911195401348,5.224254813667747,1146.5508529471003,0,154.18420461468688,154.17073840388935,1419.3132787060458,1236.0355627677948,-0.5051296977326274,0.31452260478834093,34.57776219486435,0.0,1.0763787545103843e-14,34.57776219486435,0.0,44172.70656703327,43200.0,755.9492358842449,400.03504708726587,0.0,-7.048583938740194e-12,-2.7284841053187847e-12,0,0,0,0.0,0,0,True,1008,0,9.780321008204531e-11,1.9166449125408735e-13,4.631418248304922e-10,0.7380489996648976,1.0701496006913658,1.8943699997180374,0.9476857256404263,2.750453026033938,-2.750453026033938,2.6278294091936605,8.0,1157.1832952047869,0,46.51976169272774,46.38636589620589,1236.0355627677948,1500.0,-1.4409800954163074,0.2499731487453274,0.0,0.0,0.0,0.0,0.0,18562.5,15000.0,227.44742755801656,3071.088135209783,0.0,4.774847184307873e-12,1.1027623258996755e-11,0,0,0,0.0,0,0,True,1008,0,9.780321008204531e-11,1.9166449125408735e-13,4.631418248304922e-10,0.7101274995875428,1.0617834702134137,1.8943699997180374,0.2815054995153332,0.47479955040216654,0.6262659999265452,0.2815054995153332,0.47479955040216654,0.6262659999265452,0.2815054995153332,0.47479955040216654,0.6262659999265452
d5419d24e3f12cc98db8a0792babd5f886758ddd3fc42e7ea513816b648d1aed,area8,May2024,550.0,swmpc,1,1500.0,0.5,97.0,72.0,8.0,1500.0,600.0,0.8586509269957822,3.114487459883094,-2.42459437251091,12.17383843478985,5.214043767241286,1146.6831620271591,0,215.01292267477248,214.8922308357574,1350.0,1500.0,-0.8467278871685266,0.2991284216163348,34.587394266621345,0.0,1.3041189624204074e-14,34.587394266621345,0.0,70206.95483480018,65400.0,1053.6864477627407,3603.268387037446,0.0,1.8189894035458565e-12,6.821210263296962e-13,0,0,0,0.0,0,0,True,1008,0,6.967229490332101e-11,2.071914261473046e-13,3.787779439989674e-10,0.706170999819733,0.9215713602407051,1.8393069994999678,0.9009719635961707,3.114487459883094,-2.3499280782416463,8.74125085454639,5.225952063905165,1146.6831620271591,0,154.35373687843028,154.30029784692766,1419.4725807137213,1236.0601453819954,-0.3243351327255368,0.31354527096793294,34.587394266621345,0.0,1.3041189624204074e-14,34.587394266621345,0.0,44201.07997005944,43200.0,756.5845079402843,427.9078974508973,0.0,1.2278178473934531e-11,-1.1368683772161603e-13,0,0,0,0.0,0,0,True,1008,0,6.967229490332101e-11,2.071914261473046e-13,3.787779439989674e-10,0.7324510002035822,0.9309903996290814,1.8393069994999678,0.8535632691445121,2.4525571912527084,-2.42459437251091,2.6311653973024995,8.0,1156.9847639713505,0,46.519714070853894,46.44525265822139,1236.0601453819954,1500.0,-0.8467278871685266,0.24997357231453876,0.0,0.0,0.0,0.0,0.0,18562.5,15000.0,227.73616849037631,3070.8239768916164,0.0,-2.7284841053187847e-12,9.094947017729282e-13,0,0,0,0.0,0,0,True,1008,0,6.967229490332101e-11,2.071914261473046e-13,3.787779439989674e-10,0.706170999819733,0.9215713602407051,1.8393069994999678,0.2774535000753531,0.4022263498245591,0.6162709996715421,0.2774535000753531,0.4022263498245591,0.6162709996715421,0.2774535000753531,0.4022263498245591,0.6162709996715421
d5419d24e3f12cc98db8a0792babd5f886758ddd3fc42e7ea513816b648d1aed,area8,May2024,550.0,swmpc,2,1500.0,0.5,97.0,72.0,8.0,1500.0,600.0,0.8989592373497977,3.3105306271463633,-2.357039392925799,12.172438019438328,5.212129055652328,1147.0387876948075,0,214.74799690479264,214.86751074598567,1350.0,1500.0,0.8384462129324675,0.30009142259595256,34.554423378225096,0.0,1.2837389199940037e-14,34.554423378225096,0.0,70183.15287518303,65400.0,1053.5652371285616,3579.587638054476,0.0,3.637978807091713e-12,5.9117155615240335e-12,0,0,0,0.0,0,0,True,1008,0,8.68118401148841e-11,2.0895779564565572e-13,4.831095411306499e-10,0.7273934993463627,1.0865543696672835,2.8101130001232377,0.9285542719623223,3.114484189078212,-2.357039392925799,8.725660491212038,5.22385668702989,1147.0387876948075,0,154.09452713416954,154.02509722106086,1419.2652629339234,1237.2852748773203,-0.6953707244247198,0.3149263412826607,34.554423378225096,0.0,1.2837389199940037e-14,34.554423378225096,0.0,44179.24115707935,43200.0,755.2351098314595,405.98603530449964,0.0,7.617018127348274e-12,4.661160346586257e-12,0,0,0,0.0,0,0,True,1008,0,8.68118401148841e-11,2.0895779564565572e-13,4.831095411306499e-10,0.7538379995821742,1.1139827404622336,2.8101130001232377,0.9539717830681483,3.3105306271463633,-2.0138104306533933,2.647766008429686,8.0,1156.6306582450418,0,46.51965328020003,46.738286147820816,1237.2852748773203,1500.0,0.8384462129324675,0.24996984384388155,0.0,0.0,0.0,0.0,0.0,18562.5,15000.0,229.17300692576356,3070.612267951551,0.0,-5.4569682106375694e-12,1.3073986337985843e-12,0,0,0,0.0,0,0,True,1008,0,8.68118401148841e-11,2.0895779564565572e-13,4.831095411306499e-10,0.7273934993463627,1.0865543696672835,2.8101130001232377,0.28826549987570615,0.4846799298138648,0.6470369999078684,0.28826549987570615,0.4846799298138648,0.6470369999078684,0.28826549987570615,0.4846799298138648,0.6470369999078684
d5419d24e3f12cc98db8a0792babd5f886758ddd3fc42e7ea513816b648d1aed,area6,Feb2022,400.0,pid_lowdrag_preview,0,1500.0,0.5,96.16666666666667,72.0,6.0,1500.0,600.0,4.091782607735107,26.147856744006276,-26.147856744006276,25.365397023510443,6.000000000000001,0.0,31,446.89262180552515,447.749227297094,1350.0,112.25080352082932,5.815422329120338,0.3568559074428621,0.0,0.0,0.0,0.0,0.040832049306625574,65207.69187821752,64900.0,2195.459979936539,1894.7693813384026,2544.788286578253,-1.8189894035458565e-12,8.185452315956354e-12,0,0,0,2544.788286578253,218,161,False,0,0,,,,0.15897000002951245,0.3181669593686818,0.5304409996824688,1.2290381433099438,4.8629050850868225,-3.8746841670945287,17.98837331557321,6.865544560413195,1132.782434566555,0,317.496428397418,317.5302261152972,1284.316186377139,1211.6639387400019,0.0714892316609621,0.3147895408029774,0.0,0.0,0.0,0.0,0.0,46354.63450815805,43200.0,1556.9538959668057,1670.3328598283815,0.0,-1.1368683772161603e-12,8.185452315956354e-12,0,0,0,0.0,0,0,True,0,0,,,,0.16047199960667058,0.3457338597854686,0.5304409996824688,8.361356074889684,26.147856744006276,-26.147856744006276,4.843272295502832,6.000000000000001,0.0,31,84.64722742045285,85.49329726204729,1211.6639387400019,112.25080352082932,5.815422329120338,0.4998588559942818,0.0,0.0,0.0,0.0,0.18275862068965518,11275.000000000002,14500.0,419.2014217974273,0.0,2544.788286578253,0.0,1.7053025658242404e-13,0,0,0,2544.788286578253,218,161,False,0,0,,,,0.15897000002951245,0.3181669593686818,0.5304409996824688,,,,,,,,,
d5419d24e3f12cc98db8a0792babd5f886758ddd3fc42e7ea513816b648d1aed,area6,Feb2022,400.0,pid_lowdrag_preview,1,1500.0,0.5,96.16666666666667,72.0,6.0,1500.0,600.0,4.14124637764604,26.58967779390514,-26.58967779390514,25.38210343009146,6.000000000000001,0.0,32,446.9963021183811,448.0441282848711,1350.0,112.89527869388021,7.113632312044501,0.3567774735069854,0.0,0.0,0.0,0.0,0.04391371340523883,65235.837188637335,64900.0,2196.905975322403,1922.7477440272144,2546.711809406169,-6.821210263296962e-12,-1.4551915228366852e-11,0,0,0,2546.711809406169,218,162,False,0,0,,,,0.1604369999768096,0.31749249958011205,0.5424689998108079,1.2805190466848269,5.4494449486956,-4.782498856075108,18.002536702341366,6.860907116201167,1130.4833577394284,0,317.57327528343615,317.7802377936288,1284.181199455481,1210.384236477752,1.4058743612840772,0.31465346034111286,0.0,0.0,0.0,0.0,0.0,46373.36020772885,43200.0,1558.1797844794376,1688.9773862271422,0.0,-1.5916157281026244e-12,-7.048583938740194e-12,0,0,0,0.0,0,0,True,0,0,,,,0.16096299987111706,0.3009161305089947,0.45888300064689247,8.453726519898288,26.58967779390514,-26.58967779390514,4.843264732451768,6.000000000000001,0.0,32,84.65242667524706,85.49316375929595,1210.384236477752,112.89527869388021,7.113632312044501,0.49980422954111803,0.0,0.0,0.0,0.0,0.19655172413793104,11275.000000000002,14500.0,419.2007671900453,0.0,2546.711809406169,3.183231456205249e-12,-7.787548383930698e-12,0,0,0,2546.711809406169,218,162,False,0,0,,,,0.1604369999768096,0.31749249958011205,0.5424689998108079,,,,,,,,,
d5419d24e3f12cc98db8a0792babd5f886758ddd3fc42e7ea513816b648d1aed,area6,Feb2022,400.0,pid_lowdrag_preview,2,1500.0,0.5,96.16666666666667,72.0,6.0,1500.0,600.0,3.977726923414327,25.06862286478281,-25.06862286478281,25.377297112242246,6.000000000000001,0.0,30,447.0121788517744,447.95928730638366,1350.0,112.70629447514798,6.429856704548001,0.3567928132125756,0.0,0.0,0.0,0.0,0.0423728813559322,65240.913224570264,64900.0,2196.489972431579,1924.7504028067065,2543.0334451431763,-6.59383658785373e-12,-9.549694368615746e-12,0,0,0,2543.0334451431763,218,161,False,0,0,,,,0.1634964996810595,0.35656325995660043,0.5518830002984032,1.2837500956035257,4.319005864672363,-4.319005864672363,17.97990982669584,6.847836173448682,1131.6059421460955,0,317.59647169660104,317.3808288635375,1283.4898377351242,1215.3963982686182,-1.4296638360247016,0.3146741638780912,0.0,0.0,0.0,0.0,0.0,46380.65484010861,43200.0,1556.2213526873134,1692.5269268878035,0.0,-2.2737367544323206e-13,-4.774847184307873e-12,0,0,0,0.0,0,0,True,0,0,,,,0.16372199979741708,0.31301989960411447,0.49352499991073273,8.08328666389571,25.06862286478281,-25.06862286478281,4.860858295502631,6.000000000000001,0.0,30,84.64603380312747,85.8037248064631,1215.3963982686182,112.70629447514798,6.429856704548001,0.4998690413890484,0.0,0.0,0.0,0.0,0.1896551724137931,11275.000000000002,14500.0,420.7235489366479,0.0,2543.0334451431763,-2.2737367544323206e-13,-5.059064278611913e-12,0,0,0,2543.0334451431763,218,161,False,0,0,,,,0.1634964996810595,0.35656325995660043,0.5518830002984032,,,,,,,,,
d5419d24e3f12cc98db8a0792babd5f886758ddd3fc42e7ea513816b648d1aed,area6,Feb2022,400.0,swmpc,0,1500.0,0.5,96.16666666666667,72.0,6.0,1500.0,600.0,4.0786811072974745,26.147407215088606,-26.147407215088606,25.54159878552127,6.000000000000001,0.0,31,450.0029208328368,450.8595355140566,1350.0,112.25096681043806,5.815501815639436,0.3215627020228521,34.465759736944996,0.0,1.2947840417104316e-14,34.465759736944996,0.040832049306625574,63820.476687196235,64900.0,2210.7108319744566,489.91616928869394,2542.401280877354,-4.547473508864641e-13,-1.0913936421275139e-11,0,0,0,2542.401280877354,218,161,False,1008,0,3.780086273167783e-11,1.606150117288547e-13,1.0595839036891006e-10,0.6971924999561452,1.0185821301638494,1.8929970001408947,1.1600054665036201,4.537740035913885,-3.2117571560665965,18.11462317223406,6.348087665998379,1129.3666172076632,0,319.87969436264984,319.75878479757966,1327.1244437556124,1210.5961257825725,0.03881135303527117,0.2713890854601515,34.441331009649126,0.0,1.1156747791749159e-14,34.441331009649126,0.0,45059.68892752609,43200.0,1567.8812434675935,408.33600203153014,0.0,-7.275957614183426e-12,-2.5011104298755527e-12,0,0,0,0.0,0,0,True,1008,0,3.780086273167783e-11,1.606150117288547e-13,1.0595839036891006e-10,0.7205780002550455,1.048025930112999,1.8929970001408947,8.361137519201765,26.147407215088606,-26.147407215088606,4.848714144908399,6.000000000000001,0.0,31,84.73846224621929,85.58935662449818,1210.5961257825725,112.25096681043806,5.815501815639436,0.49883304500962233,0.0,0.0,0.0,0.0,0.18275862068965518,11278.92599222132,14500.0,419.6724320708113,0.0,2542.401280877354,2.2737367544323206e-12,-8.86757334228605e-12,0,0,0,2542.401280877354,218,161,False,1008,0,3.780086273167783e-11,1.606150117288547e-13,1.0595839036891006e-10,0.6971924999561452,1.0185821301638494,1.8929970001408947,0.2599329995973676,0.3889811505450778,0.6020079999871086,0.2599329995973676,0.3889811505450778,0.6020079999871086,0.2599329995973676,0.3889811505450778,0.6020079999871086
d5419d24e3f12cc98db8a0792babd5f886758ddd3fc42e7ea513816b648d1aed,area6,Feb2022,400.0,swmpc,1,1500.0,0.5,96.16666666666667,72.0,6.0,1500.0,600.0,4.107614014930897,26.58936413284391,-26.58936413284391,25.55516687952171,6.000000000000001,0.0,32,450.0511949321232,451.09903910230986,1350.0,112.89531931071761,7.113775284029543,0.3214837043630352,34.47868333860492,0.0,1.4917590655730063e-14,34.47868333860492,0.04391371340523883,63815.680425831975,64900.0,2211.8851959063277,485.24130030942297,2544.3413896944935,-4.547473508864641e-13,-1.0459189070388675e-11,0,0,0,2544.3413896944935,218,162,False,1008,0,3.1073294127847534e-11,2.2198888877571017e-13,1.3042262172548952e-10,0.6928210000296531,1.1065492603574962,1.2783100000888226,1.1220969961224705,3.6154296584427357,-3.3948669005185366,18.111382764802833,6.401930301084191,1129.8378830755148,0,319.8141569258734,319.7015852228193,1325.6365784243487,1210.4677574081784,0.2613919246941805,0.27174247927403883,34.4252006527416,0.0,1.4917590655730063e-14,34.4252006527416,0.0,45056.12955884024,43200.0,1567.600775362676,403.6976044937328,0.0,-4.320099833421409e-12,8.412825991399586e-12,0,0,0,0.0,0,0,True,1008,0,3.1073294127847534e-11,2.2198888877571017e-13,1.3042262172548952e-10,0.7149739994929405,1.125214380363104,1.2783100000888226,8.453141007273867,26.58936413284391,-26.58936413284391,4.857465647404197,6.000000000000001,0.0,32,84.73449974839588,85.74383788400581,1210.4677574081784,112.89531931071761,7.113775284029543,0.4988808746505775,0.0,0.0,0.0,0.0,0.19655172413793104,11278.516076100637,14500.0,420.42990389259205,0.0,2544.341389694494,0.0,-1.864464138634503e-11,0,0,0,2544.341389694494,218,162,False,1008,0,3.1073294127847534e-11,2.2198888877571017e-13,1.3042262172548952e-10,0.6928210000296531,1.1065492603574962,1.2783100000888226,0.2607835003800574,0.43226198028605706,0.740577999749803,0.2607835003800574,0.43226198028605706,0.740577999749803,0.2607835003800574,0.43226198028605706,0.740577999749803
d5419d24e3f12cc98db8a0792babd5f886758ddd3fc42e7ea513816b648d1aed,area6,Feb2022,400.0,swmpc,2,1500.0,0.5,96.16666666666667,72.0,6.0,1500.0,600.0,3.9396181316306462,25.068226663395762,-25.068226663395762,25.560746899368336,6.000000000000001,0.0,30,450.2504263512766,451.19753744524036,1350.0,112.70645434444096,6.429895702749491,0.3209789490998659,34.46725703430446,0.0,1.2369262153885234e-14,34.46725703430446,0.0423728813559322,63817.81582292049,64900.0,2212.368165293678,484.7179542858803,2541.9767510035276,-2.114575181622058e-11,-1.7280399333685637e-11,0,0,0,2541.9767510035276,218,161,False,1008,0,2.2463455030454696e-11,1.6912765024733012e-13,1.4672795206843614e-10,0.704253500316554,1.125908660214918,2.221865000137768,1.1200107780299586,3.9563875114545226,-3.0067501943558455,18.115709992760298,6.288292564402535,1129.130145118421,0,320.06337217088924,319.7779693209044,1327.9491891119899,1212.8789496594204,-1.0415062196552753,0.2707088472718956,34.437066245414094,0.0,1.2369262153885234e-14,34.437066245414094,0.0,45059.139914456005,43200.0,1567.9753114204177,406.23484248814975,0.0,-7.503331289626658e-12,-8.640199666842818e-12,0,0,0,0.0,0,0,True,1008,0,2.2463455030454696e-11,1.6912765024733012e-13,1.4672795206843614e-10,0.7319799997276277,1.1355014300352195,2.221865000137768,8.083623277853366,25.068226663395762,-25.068226663395762,4.86273475348484,6.000000000000001,0.0,30,84.73632710764241,85.83684798646988,1212.8789496594204,112.70645434444096,6.429895702749491,0.4988550921136482,0.0,0.0,0.0,0.0,0.1896551724137931,11278.736716334752,14500.0,420.885962653258,0.0,2541.9767510035276,-6.821210263296962e-13,-8.810729923425242e-12,0,0,0,2541.9767510035276,218,161,False,1008,0,2.2463455030454696e-11,1.6912765024733012e-13,1.4672795206843614e-10,0.704253500316554,1.125908660214918,2.221865000137768,0.26602199977787677,0.4677739501767063,0.6251339991649729,0.26602199977787677,0.4677739501767063,0.6251339991649729,0.26602199977787677,0.4677739501767063,0.6251339991649729
d5419d24e3f12cc98db8a0792babd5f886758ddd3fc42e7ea513816b648d1aed,area6,Feb2022,550.0,pid_lowdrag_preview,0,1500.0,0.5,96.58333333333333,72.0,6.0,1500.0,600.0,0.9432208634781285,4.630165318958461,-4.630165318958461,1.9709440624088161,6.000000000000001,0.0,0,34.5447115509141,34.791045461318646,1350.0,140.80284857539215,1.7280983245000243,0.3925088107663949,0.0,0.0,0.0,0.0,0.0,63855.352792011305,65150.0,170.59180298661983,1638.6406687729568,1894.6825283236583,5.6843418860808015e-12,5.684341886080802e-14,0,0,0,1894.6825283236583,201,137,False,0,0,,,,0.1630569995541009,0.3394326801389985,1.3127020001775236,0.5656407063889904,1.8475272478535771,-1.1600695345550776,1.3875150489708028,6.646086431226074,1139.4018080979165,0,24.33774829668839,24.49237401898127,1179.512882489787,1247.8528084820448,0.5159521838650107,0.3605386455757774,0.0,0.0,0.0,0.0,0.0,44820.1860480686,43200.0,120.0940698366211,1431.752052239722,0.0,0.0,4.121147867408581e-13,0,0,0,0.0,0,0,True,0,0,,,,0.1653594999879715,0.30524331009473804,0.5368510001062532,1.6909922234584902,4.630165318958461,-4.630165318958461,0.4011160597819432,6.000000000000001,0.0,0,6.9077020723582585,7.080488653789043,1247.8528084820448,140.80284857539215,1.7280983245000243,0.4997834454563246,0.0,0.0,0.0,0.0,0.0,11782.98544879803,14750.0,34.717937028339946,0.0,1894.6825283236583,-1.3642420526593924e-12,-3.339550858072471e-13,0,0,0,1894.6825283236583,201,137,False,0,0,,,,0.1630569995541009,0.3394326801389985,1.3127020001775236,,,,,,,,,
d5419d24e3f12cc98db8a0792babd5f886758ddd3fc42e7ea513816b648d1aed,area6,Feb2022,550.0,pid_lowdrag_preview,1,1500.0,0.5,96.58333333333333,72.0,6.0,1500.0,600.0,0.8936423646647815,4.35473701544106,-4.35473701544106,1.966170555068994,6.000000000000001,0.0,0,34.541595605042616,34.70678365296133,1350.0,140.99347713566573,1.1588378297165036,0.39249541894062023,0.0,0.0,0.0,0.0,0.0,63851.1328751818,65150.0,170.17863995515626,1634.3125117519965,1894.3517536610007,1.77351466845721e-11,1.4210854715202004e-13,0,0,0,1894.3517536610007,201,137,False,0,0,,,,0.1663510001890245,0.3876724599103909,0.5541059999814024,0.5807192091758844,1.7702995957806706,-1.457524823024869,1.3819075082125716,6.624661534625228,1139.2746737684242,0,24.334247985230807,24.393389877743076,1179.5749504056932,1247.7884152512686,0.6704103359952569,0.36051909980700403,0.0,0.0,0.0,0.0,0.0,44815.17474368164,43200.0,119.60871842228455,1427.3525604137856,0.0,8.640199666842818e-12,4.263256414560601e-14,0,0,0,0.0,0,0,True,0,0,,,,0.16669100023136707,0.38683878995470816,0.5541059999814024,1.5756182770081606,4.35473701544106,-4.35473701544106,0.3952730289463877,6.000000000000001,0.0,0,6.907724416541658,6.977347648770849,1247.7884152512686,140.99347713566573,1.1588378297165036,0.49978127426757135,0.0,0.0,0.0,0.0,0.0,11783.065511383305,14750.0,34.212203159909016,0.0,1894.3517536610004,4.547473508864641e-13,9.237055564881302e-14,0,0,0,1894.3517536610004,201,137,False,0,0,,,,0.1663510001890245,0.3876724599103909,0.5541059999814024,,,,,,,,,
d5419d24e3f12cc98db8a0792babd5f886758ddd3fc42e7ea513816b648d1aed,area6,Feb2022,550.0,pid_lowdrag_preview,2,1500.0,0.5,96.58333333333333,72.0,6.0,1500.0,600.0,0.7555457525009911,3.9756444534286857,-3.9756444534286857,1.9664322463058608,6.000000000000001,0.0,0,34.54608302773629,34.71140301882332,1350.0,140.87084874400074,1.1597636481747031,0.3924661198998868,0.0,0.0,0.0,0.0,0.0,63853.59689436325,65150.0,170.20129020727353,1637.629410054297,1895.1046546423058,1.864464138634503e-11,0.0,0,0,0,1895.1046546423058,201,137,False,0,0,,,,0.16433800010418054,0.43172445999516645,1.8320559993298957,0.4778122373834178,1.2619681181386113,-0.9952679621055722,1.3829356683949179,6.623402681160899,1138.9775300738606,0,24.339004382810792,24.411538930436794,1179.4531466964643,1247.3510181002528,0.2798703759908676,0.36047676786189753,0.0,0.0,0.0,0.0,0.0,44818.694943745366,43200.0,119.69770912608499,1431.0993632154948,0.0,2.5011104298755527e-12,-1.8474111129762605e-13,0,0,0,0.0,0,0,True,0,0,,,,0.16557499975533574,0.4581529002916779,1.8320559993298957,1.3231414304071722,3.9756444534286857,-3.9756444534286857,0.39842930965026957,6.000000000000001,0.0,0,6.907636883456231,7.033062221067166,1247.3510181002528,140.87084874400074,1.1597636481747031,0.49978574736768644,0.0,0.0,0.0,0.0,0.0,11782.900565816559,14750.0,34.48538981511483,0.0,1895.1046546423058,-1.5916157281026244e-12,1.6342482922482304e-13,0,0,0,1895.1046546423058,201,137,False,0,0,,,,0.16433800010418054,0.43172445999516645,1.8320559993298957,,,,,,,,,
d5419d24e3f12cc98db8a0792babd5f886758ddd3fc42e7ea513816b648d1aed,area6,Feb2022,550.0,swmpc,0,1500.0,0.5,96.58333333333333,72.0,6.0,1500.0,600.0,0.9000734576286341,4.59536693058908,-4.59536693058908,1.996056780104225,5.204178642906008,0.0,0,34.996551935642344,35.23433440069664,1350.0,140.75488433471713,1.6681081838905811,0.3355752528798577,34.202885670923465,0.0,1.5512582883103013e-14,34.202885670923465,0.0,63911.94364922121,65150.0,172.76539272529544,1616.0521007925095,1817.6287286313186,-8.185452315956354e-12,9.094947017729282e-13,0,0,0,1817.6287286313186,193,131,False,1008,0,5.102681832592641e-11,1.0511400682462812e-13,3.703685879060469e-10,0.6997159998718416,1.0098457592721388,4.435085999830335,0.5463615558709644,1.7142466679215431,-1.1142235798761249,1.4096467256338936,5.2055385713842774,1139.2686798824302,0,24.728639754280625,24.88304171148789,1179.5358278389126,1311.7187929478998,0.5425389017909765,0.28862461487806024,34.202885670923465,0.0,1.5512582883103013e-14,34.202885670923465,0.0,44782.429812250535,43200.0,122.00964049998082,1328.2372066415692,0.0,2.0463630789890885e-12,2.984279490192421e-13,0,0,0,0.0,0,0,True,1008,0,5.102681832592641e-11,1.0511400682462812e-13,3.703685879060469e-10,0.721845000043686,1.017799179708163,4.435085999830335,1.5931883092508563,4.59536693058908,-4.59536693058908,0.4006738751465828,6.000000000000001,0.0,0,6.91223786726389,7.072683223871323,1311.7187929478998,140.75488433471713,1.6681081838905811,0.4994281484142592,0.0,0.0,0.0,0.0,0.0,11796.087027224188,14750.0,34.67966446868898,0.0,1817.6287286313186,-6.821210263296962e-13,6.110667527536862e-13,0,0,0,1817.6287286313186,193,131,False,1008,0,5.102681832592641e-11,1.0511400682462812e-13,3.703685879060469e-10,0.6997159998718416,1.0098457592721388,4.435085999830335,0.2671629999895231,0.4045203098849013,1.3936639998064493,0.2671629999895231,0.4045203098849013,1.3936639998064493,0.2671629999895231,0.4045203098849013,1.3936639998064493
d5419d24e3f12cc98db8a0792babd5f886758ddd3fc42e7ea513816b648d1aed,area6,Feb2022,550.0,swmpc,1,1500.0,0.5,96.58333333333333,72.0,6.0,1500.0,600.0,0.8698247174215822,4.339887925423682,-4.339887925423682,1.9919363867239765,5.199999999999999,0.0,0,35.00323361815272,35.16160134036006,1350.0,140.94890547755725,1.1109919883310795,0.3361318786413575,34.16544262706483,0.0,1.1806741772419576e-14,34.16544262706483,0.0,63978.63775404848,65150.0,172.40875889222022,1684.3343718411177,1819.0542821624033,9.322320693172514e-12,-5.968558980384842e-13,0,0,0,1819.0542821624033,193,131,False,1008,0,6.870608530229593e-11,1.278635947847362e-13,3.447674824092811e-10,0.7010979998085531,1.233100540266605,3.749191000679275,0.5834829555475008,1.5970523785799742,-1.3534749010577798,1.40621207112651,5.199999999999999,1138.8517440228818,0,24.7357258601582,24.822413293163045,1179.4230232880334,1309.9293538370237,0.7278129383921623,0.28940636992986424,34.16544262706483,0.0,1.1806741772419576e-14,34.16544262706483,0.0,44850.583808036856,43200.0,121.71235966069813,1398.3651178271866,0.0,1.9326762412674725e-11,-4.263256414560601e-13,0,0,0,0.0,0,0,True,1008,0,6.870608530229593e-11,1.278635947847362e-13,3.447674824092811e-10,0.726571500308637,1.246178819774286,3.749191000679275,1.511240548043824,4.339887925423682,-4.339887925423682,0.39467929616944364,6.000000000000001,0.0,0,6.912246651779984,6.966867095604147,1309.9293538370237,140.94890547755725,1.1109919883310795,0.4994270892724153,0.0,0.0,0.0,0.0,0.0,11796.126083079685,14750.0,34.16081360155296,0.0,1819.0542821624033,-2.2737367544323206e-12,-1.7763568394002505e-13,0,0,0,1819.0542821624033,193,131,False,1008,0,6.870608530229593e-11,1.278635947847362e-13,3.447674824092811e-10,0.7010979998085531,1.233100540266605,3.749191000679275,0.27294699975755066,0.4989569097324418,0.5944570002611727,0.27294699975755066,0.4989569097324418,0.5944570002611727,0.27294699975755066,0.4989569097324418,0.5944570002611727
d5419d24e3f12cc98db8a0792babd5f886758ddd3fc42e7ea513816b648d1aed,area6,Feb2022,550.0,swmpc,2,1500.0,0.5,96.58333333333333,72.0,6.0,1500.0,600.0,0.7182802976327352,3.9507948495447636,-3.9507948495447636,1.990762866136681,5.2030421620569545,0.0,0,34.98493431114971,35.14088639015887,1350.0,140.8120831029425,1.094045838341117,0.3356537735523544,34.18358654458215,0.0,1.3296003620382329e-14,34.18358654458215,0.0,63920.08053648985,65150.0,172.30718675902529,1625.280340509466,1818.319073881591,-5.229594535194337e-12,3.694822225952521e-13,0,0,0,1818.319073881591,193,131,False,1008,0,6.21297221970885e-11,1.3419375170421693e-13,4.0884067086120363e-10,0.7318149991988321,1.2393735404475592,1.6010979998100083,0.45155375714056056,1.1748686088249087,-0.8697062870487571,1.405835524883068,5.2030421620569545,1138.890575778508,0,24.717872414393227,24.815766510170494,1179.4346101731805,1311.1760133151329,0.3508426398038864,0.2887276771262658,34.18358654458215,0.0,1.1225758499730662e-14,34.18358654458215,0.0,44795.65551135826,43200.0,121.67976832348084,1342.234339892809,0.0,-1.5916157281026244e-11,7.105427357601002e-13,0,0,0,0.0,0,0,True,1008,0,6.21297221970885e-11,1.3419375170421693e-13,4.0884067086120363e-10,0.7602775003761053,1.2545277800290926,1.6010979998100083,1.2645739476895428,3.9507948495447636,-3.9507948495447636,0.3975769633031574,6.000000000000001,0.0,0,6.912075968547786,7.018016628918275,1311.1760133151329,140.8120831029425,1.094045838341117,0.49943786814120106,0.0,0.0,0.0,0.0,0.0,11795.72861229321,14750.0,34.4116163869912,0.0,1818.3190738815915,2.2737367544323206e-13,-2.8421709430404007e-13,0,0,0,1818.3190738815915,193,131,False,1008,0,6.21297221970885e-11,1.3419375170421693e-13,4.0884067086120363e-10,0.7318149991988321,1.2393735404475592,1.6010979998100083,0.2800779993776814,0.5371364600250672,0.5759400000897585,0.2800779993776814,0.5371364600250672,0.5759400000897585,0.2800779993776814,0.5371364600250672,0.5759400000897585
d5419d24e3f12cc98db8a0792babd5f886758ddd3fc42e7ea513816b648d1aed,area6,Mar2015,400.0,pid_lowdrag_preview,0,1500.0,0.5,96.33333333333333,72.0,6.0,1500.0,600.0,5.910891965612474,36.43172907177359,-36.43172907177359,36.34980016161319,6.000000000000001,0.0,60,640.6824699825197,641.6455819587893,1350.0,109.23758443433731,6.538770688697696,0.34415197791453933,0.0,0.0,0.0,0.0,0.06846153846153846,66394.86075556197,65000.0,3146.196823158073,2152.767256559674,2663.340908590147,-3.001332515850663e-11,-1.6370904631912708e-11,0,0,0,2663.340908590147,219,166,False,0,0,,,,0.16078299995569978,0.3539644697866606,3.8314850007736823,1.5330331674251594,6.26647774130106,-4.567946584895253,26.291822969535634,6.978888557431247,1117.5857176624536,0,464.06114763794426,464.1024703035506,1203.6225843540778,1301.1745792910856,0.27729934733361006,0.2982230350967876,0.0,0.0,0.0,0.0,0.0,47425.59986023411,43200.0,2275.6452452011617,1852.4026200959179,0.0,-2.5920599000528455e-11,-1.1823431123048067e-11,0,0,0,0.0,0,0,True,0,0,,,,0.16169999980775174,0.34773866035720785,3.8314850007736823,12.151989867483534,36.43172907177359,-36.43172907177359,6.7042804420995985,6.000000000000001,0.0,60,117.42149970120443,118.34375723553035,1301.1745792910856,109.23758443433731,6.538770688697696,0.4999356108594072,0.0,0.0,0.0,0.0,0.3047945205479452,11325.000000000002,14600.0,580.2779034468946,0.0,2663.340908590147,-2.7284841053187847e-12,-4.888534022029489e-12,0,0,0,2663.340908590147,219,166,False,0,0,,,,0.16078299995569978,0.3539644697866606,3.8314850007736823,,,,,,,,,
d5419d24e3f12cc98db8a0792babd5f886758ddd3fc42e7ea513816b648d1aed,area6,Mar2015,400.0,pid_lowdrag_preview,1,1500.0,0.5,96.33333333333333,72.0,6.0,1500.0,600.0,5.837198638150192,35.54455356672406,-35.54455356672406,36.37085833982842,6.000000000000001,0.0,61,640.9412335341199,642.0173002889044,1350.0,106.72435846117115,7.305653380230069,0.34396140689907284,0.0,0.0,0.0,0.0,0.06692307692307692,66431.16544682226,65000.0,3148.019478939066,2188.285138317996,2661.863528895981,-2.7284841053187847e-12,-1.000444171950221e-11,0,0,0,2661.863528895981,219,165,False,0,0,,,,0.1644829999349895,0.458106579908417,2.731143000346492,1.5936763948714603,6.8905286164954305,-4.968410225585103,26.318485530553822,6.958421568028311,1119.257698816919,0,464.28599948511936,464.5731170307703,1204.112773847834,1299.1800459199806,2.4449614342302084,0.2979364039022182,0.0,0.0,0.0,0.0,0.0,47455.406051693084,43200.0,2277.9529790648976,1882.3858005560458,0.0,5.9117155615240335e-12,-3.183231456205249e-12,0,0,0,0.0,0,0,True,0,0,,,,0.16524900047443225,0.5080496997925356,2.731143000346492,11.979942496377257,35.54455356672406,-35.54455356672406,6.693204185217304,6.000000000000001,0.0,61,117.43231077547432,118.14823948133335,1299.1800459199806,106.72435846117115,7.305653380230069,0.499856871094148,0.0,0.0,0.0,0.0,0.2979452054794521,11325.000000000002,14600.0,579.3192163547877,0.0,2661.8635288959804,-3.865352482534945e-12,-6.139089236967266e-12,0,0,0,2661.8635288959804,219,165,False,0,0,,,,0.1644829999349895,0.458106579908417,2.731143000346492,,,,,,,,,
d5419d24e3f12cc98db8a0792babd5f886758ddd3fc42e7ea513816b648d1aed,area6,Mar2015,400.0,pid_lowdrag_preview,2,1500.0,0.5,96.33333333333333,72.0,6.0,1500.0,600.0,5.753242280021979,34.50390477757901,-34.50390477757901,36.36213908366028,6.000000000000001,0.0,57,640.9139107367353,641.8633882405966,1350.0,106.38271890954195,6.446191192604601,0.3439800415827393,0.0,0.0,0.0,0.0,0.06692307692307692,66418.73430730129,65000.0,3147.264798144817,2176.248820738734,2661.1620304918038,4.547473508864641e-13,-1.6825651982799172e-11,0,0,0,2661.1620304918038,219,168,False,0,0,,,,0.16495899990331964,0.40464658020027844,1.4501289997497224,1.6245142839105626,5.5302272429689765,-5.5302272429689765,26.284031870534342,6.967852505892134,1116.9839076122962,0,464.24798197990805,463.96494205771245,1203.751360393896,1301.679950211266,-1.4641929483041167,0.29799325848423097,0.0,0.0,0.0,0.0,0.0,47444.15453097408,43200.0,2274.9708995151423,1871.2550416415663,0.0,-4.547473508864641e-12,-8.185452315956354e-12,0,0,0,0.0,0,0,True,0,0,,,,0.16573999982938403,0.40442556021844206,1.4501289997497224,11.775070159178842,34.50390477757901,-34.50390477757901,6.717929346549376,6.000000000000001,0.0,57,117.41955376810711,118.5846872874107,1301.679950211266,106.38271890954195,6.446191192604601,0.4999424490380032,0.0,0.0,0.0,0.0,0.2979452054794521,11325.000000000002,14600.0,581.459261793528,0.0,2661.162030491804,-2.2737367544323206e-12,-7.617018127348274e-12,0,0,0,2661.162030491804,219,168,False,0,0,,,,0.16495899990331964,0.40464658020027844,1.4501289997497224,,,,,,,,,
d5419d24e3f12cc98db8a0792babd5f886758ddd3fc42e7ea513816b648d1aed,area6,Mar2015,400.0,swmpc,0,1500.0,0.5,96.33333333333333,72.0,6.0,1500.0,600.0,5.874547373474151,36.431349956430495,-36.431349956430495,36.11478943647167,5.108842503760288,0.0,60,636.5341072379047,637.4971796889167,1350.0,109.2378859870225,6.538528900593519,0.32997580344010113,34.62165381976174,0.0,1.1736997568507456e-14,34.62165381976174,0.06846153846153846,64715.46329237904,65000.0,3125.8558585981464,494.2115589164232,2663.8420111225505,2.2737367544323206e-13,-9.094947017729282e-13,0,0,0,2663.8420111225505,219,166,False,1008,0,1.7164578146549465e-11,2.508919980109106e-13,2.584695340542878e-10,0.6972875003157242,0.9834594901803939,1.25912099974812,1.3340838902397105,5.496765381656587,-3.7202554792165756,26.05356147435958,5.586401236455162,1117.5971698908495,0,459.98236930237033,459.8966855385515,1233.4325167466711,1300.7318006368696,0.4129279786720872,0.281647128920003,34.62165381976174,0.0,1.1736997568507456e-14,34.62165381976174,0.0,45963.1454992941,43200.0,2255.0229156183204,440.82329978558596,0.0,5.002220859751105e-12,5.002220859751105e-12,0,0,0,0.0,0,0,True,1008,0,1.7164578146549465e-11,2.508919980109106e-13,2.584695340542878e-10,0.7204025000646652,0.9946260002197956,1.194102999761526,12.151987711491591,36.431349956430495,-36.431349956430495,6.704950807005435,6.000000000000001,0.0,60,117.45334496946487,118.35559049673736,1300.7318006368696,109.2378859870225,6.538528900593519,0.49971614972824296,0.0,0.0,0.0,0.0,0.3047945205479452,11325.000000000002,14600.0,580.3359257724005,0.0,2663.84201112255,1.5916157281026244e-12,-6.139089236967266e-12,0,0,0,2663.84201112255,219,166,False,1008,0,1.7164578146549465e-11,2.508919980109106e-13,2.584695340542878e-10,0.6972875003157242,0.9834594901803939,1.25912099974812,0.26229550030620885,0.41519561061249965,0.5882989999008714,0.26229550030620885,0.41519561061249965,0.5882989999008714,0.26229550030620885,0.41519561061249965,0.5882989999008714
d5419d24e3f12cc98db8a0792babd5f886758ddd3fc42e7ea513816b648d1aed,area6,Mar2015,400.0,swmpc,1,1500.0,0.5,96.33333333333333,72.0,6.0,1500.0,600.0,5.743081921568462,35.49949263315648,-35.49949263315648,36.119995077325406,4.956276942593465,0.0,60,636.6083689720205,637.589069505095,1350.0,107.92709729029738,6.658208979293704,0.3296829529943428,34.6504994255121,0.0,1.2193138319140785e-14,34.6504994255121,0.06692307692307692,64713.75936760132,65000.0,3126.306424231058,492.3814671767436,2662.85562109676,1.864464138634503e-11,-1.5006662579253316e-11,0,0,0,2662.85562109676,219,165,False,1008,0,1.666625276704912e-11,2.17398663418151e-13,1.922267713983975e-10,0.6951289997232379,0.9217931300463532,1.394443999743089,1.2982866745013044,4.731371201574802,-3.750710300169885,26.056001756824077,5.61536203509872,1118.370682681025,0,459.96083103409364,459.9397613314027,1234.3592804515329,1300.21201438205,0.8015409363433719,0.28139361549515884,34.59612662029449,0.0,1.2193138319140785e-14,34.59612662029449,0.0,45959.930914645505,43200.0,2255.234130230302,438.84405048470717,0.0,2.114575181622058e-11,-1.3642420526593924e-11,0,0,0,0.0,0,0,True,1008,0,1.666625276704912e-11,2.17398663418151e-13,1.922267713983975e-10,0.7212840000647702,0.9597439300705439,1.394443999743089,11.896189075947426,35.49949263315648,-35.49949263315648,6.702693383192592,6.000000000000001,0.0,60,117.453109582411,118.31574251931659,1300.21201438205,107.92709729029738,6.658208979293704,0.4997123452907216,0.0,0.0,0.0,0.0,0.2979452054794521,11325.000000000002,14600.0,580.140538188514,0.0,2662.85562109676,-2.2737367544323206e-13,-1.9326762412674725e-12,0,0,0,2662.85562109676,219,165,False,1008,0,1.666625276704912e-11,2.17398663418151e-13,1.922267713983975e-10,0.6951289997232379,0.9217931300463532,1.394443999743089,0.2610139999887906,0.38557470024898066,0.536600000486942,0.2610139999887906,0.38557470024898066,0.536600000486942,0.2610139999887906,0.38557470024898066,0.536600000486942
d5419d24e3f12cc98db8a0792babd5f886758ddd3fc42e7ea513816b648d1aed,area6,Mar2015,400.0,swmpc,2,1500.0,0.5,96.33333333333333,72.0,6.0,1500.0,600.0,5.7060121812745095,34.50358206965029,-34.50358206965029,36.121151798445894,5.135837707260327,0.0,57,636.6600484567599,637.6094879116076,1350.0,106.38304129581915,6.445965308696032,0.3296134065775249,34.61038640085189,0.0,1.4128740909413275e-14,34.61038640085189,0.06692307692307692,64725.447802244205,65000.0,3126.406542314187,503.2962316005039,2660.6380129663066,-2.2737367544323206e-12,-2.2282620193436742e-11,0,0,0,2660.6380129663066,219,168,False,1008,0,1.7273169163134208e-11,2.241140791838984e-13,2.427664321023315e-10,0.7333915000344859,1.2151803898268554,2.6208350000160863,1.3933953304730082,4.7338547660037875,-3.8000976722687483,26.035676139594628,5.135837707260327,1117.7092951472314,0,459.97509280969246,459.58097414583455,1233.4992513839068,1302.402431592868,-1.2997373091056943,0.2813818599347486,34.61038640085189,0.0,1.4128740909413275e-14,34.61038640085189,0.0,45970.12940482091,43200.0,2253.474880053641,447.7513445583161,0.0,8.86757334228605e-12,-1.0913936421275139e-11,0,0,0,0.0,0,0,True,1008,0,1.7273169163134208e-11,2.241140791838984e-13,2.427664321023315e-10,0.7653499997104518,1.251419720420016,2.6208350000160863,11.77521300316517,34.50358206965029,-34.50358206965029,6.720218587571772,6.000000000000001,0.0,57,117.48421883657068,118.62509690125955,1302.402431592868,106.38304129581915,6.445965308696032,0.4994950390378562,0.0,0.0,0.0,0.0,0.2979452054794521,11325.000000000002,14600.0,581.657403263356,0.0,2660.6380129663066,-1.1368683772161603e-12,-1.1254996934439987e-11,0,0,0,2660.6380129663066,219,168,False,1008,0,1.7273169163134208e-11,2.241140791838984e-13,2.427664321023315e-10,0.7333915000344859,1.2151803898268554,2.6208350000160863,0.2735374996518658,0.5188377195827342,0.8488809999107616,0.2735374996518658,0.5188377195827342,0.8488809999107616,0.2735374996518658,0.5188377195827342,0.8488809999107616
d5419d24e3f12cc98db8a0792babd5f886758ddd3fc42e7ea513816b648d1aed,area6,Mar2015,550.0,pid_lowdrag_preview,0,1500.0,0.5,96.75,72.0,6.0,1500.0,600.0,0.8419267851670366,4.072785596363246,-4.072785596363246,2.9588582819000124,6.000000000000001,0.0,0,52.19456933319916,52.22967762635044,1350.0,140.4570285910699,0.24629281554371119,0.38764705623323137,0.0,0.0,0.0,0.0,0.0,64153.09165304483,65250.0,256.09908404722404,1778.4750047623147,1921.939464355768,1.0459189070388675e-11,-1.3073986337985843e-12,0,0,0,1921.939464355768,206,137,False,0,0,,,,0.16676199993526097,0.45746436004264984,3.7075269992783433,0.6039430380466259,2.208284303545952,-1.690995546989143,2.144092109542965,6.703402355901005,1138.3914523272988,0,37.73464489970982,37.8474495948892,1279.7083627065124,1188.8903392596349,0.47641474660485983,0.3546259554295721,0.0,0.0,0.0,0.0,0.0,44792.11086641975,43200.0,185.57834578485895,1497.3505440817853,0.0,1.4097167877480388e-11,-7.673861546209082e-13,0,0,0,0.0,0,0,True,0,0,,,,0.16752799956520903,0.46074337979916874,3.7075269992783433,1.382374613453575,4.072785596363246,-4.072785596363246,0.5646365071323967,6.000000000000001,0.0,0,9.999749779572625,9.966946684805656,1188.8903392596349,140.4570285910699,0.24629281554371119,0.4999057669002305,0.0,0.0,0.0,0.0,0.0,11928.498403828944,14850.0,48.87117885327515,0.0,1921.939464355768,-1.8189894035458565e-12,-5.044853423896711e-13,0,0,0,1921.939464355768,206,137,False,0,0,,,,0.16676199993526097,0.45746436004264984,3.7075269992783433,,,,,,,,,
d5419d24e3f12cc98db8a0792babd5f886758ddd3fc42e7ea513816b648d1aed,area6,Mar2015,550.0,pid_lowdrag_preview,1,1500.0,0.5,96.75,72.0,6.0,1500.0,600.0,0.8420473881875478,4.600418342277408,-4.600418342277408,2.951476803303038,6.000000000000001,0.0,0,52.1920835879856,52.09937998760087,1350.0,140.72906479559882,-0.6503459960222244,0.38761454227661096,0.0,0.0,0.0,0.0,0.0,64145.219914114525,65250.0,255.46019237770292,1770.120992617484,1921.0903356762537,7.275957614183426e-12,-1.3358203432289883e-12,0,0,0,1921.0903356762537,206,137,False,0,0,,,,0.16165400029422017,0.3786147595747031,0.46505200043611694,0.6642387473224728,2.051138929091394,-1.8882421609014273,2.1380646326854613,6.698983399225674,1137.9326962208365,0,37.73180817733749,37.74105275422448,1279.7074496035523,1189.045679266678,0.739377367310226,0.35456095012839717,0.0,0.0,0.0,0.0,0.0,44782.99849405636,43200.0,185.05664749610762,1488.603616897139,0.0,1.3415046851150692e-11,-1.5916157281026244e-12,0,0,0,0.0,0,0,True,0,0,,,,0.16226500019911327,0.36296032999416633,0.4605349995472352,1.317228294308052,4.600418342277408,-4.600418342277408,0.5552742637231631,6.000000000000001,0.0,0,9.999783963900896,9.801684645013395,1189.045679266678,140.72906479559882,-0.6503459960222244,0.4999015785800759,0.0,0.0,0.0,0.0,0.0,11928.65389521468,14850.0,48.06084536201032,0.0,1921.0903356762537,-2.9558577807620168e-12,1.7053025658242404e-13,0,0,0,1921.0903356762537,206,137,False,0,0,,,,0.16165400029422017,0.3786147595747031,0.46505200043611694,,,,,,,,,
d5419d24e3f12cc98db8a0792babd5f886758ddd3fc42e7ea513816b648d1aed,area6,Mar2015,550.0,pid_lowdrag_preview,2,1500.0,0.5,96.75,72.0,6.0,1500.0,600.0,0.7525129715761946,3.994534402154386,-3.994534402154386,2.954152039855768,6.000000000000001,0.0,0,52.19979642201715,52.146603182973315,1350.0,140.02731825797252,-0.3731683809310198,0.3876142040729287,0.0,0.0,0.0,0.0,0.0,64155.67337126867,65250.0,255.69174305215148,1780.8418081566494,1920.8874981981107,-6.366462912410498e-12,1.3073986337985843e-12,0,0,0,1920.8874981981107,206,137,False,0,0,,,,0.1600720006535994,0.36028543971042387,0.5447919993457617,0.5990366885157367,1.7466735020279884,-1.465547169558704,2.1406243930392916,6.7047601946212065,1138.45684885204,0,37.739963478567866,37.786237567198114,1279.3819903997066,1189.2176092110203,0.406524526886642,0.3545559479682028,0.0,0.0,0.0,0.0,0.0,44794.61600366399,43200.0,185.2782033191811,1499.5021815334937,0.0,-3.637978807091713e-12,1.0516032489249483e-12,0,0,0,0.0,0,0,True,0,0,,,,0.16102800009321072,0.3602190197307208,0.5447919993457617,1.1608555172502697,3.994534402154386,-3.994534402154386,0.5601944917988129,6.000000000000001,0.0,0,9.999678328183819,9.888536363398046,1189.2176092110203,140.02731825797252,-0.3731683809310198,0.49990817728180736,0.0,0.0,0.0,0.0,0.0,11928.408918412897,14850.0,48.48670756405821,0.0,1920.8874981981105,2.9558577807620168e-12,2.4868995751603507e-13,0,0,0,1920.8874981981105,206,137,False,0,0,,,,0.1600720006535994,0.36028543971042387,0.5447919993457617,,,,,,,,,
d5419d24e3f12cc98db8a0792babd5f886758ddd3fc42e7ea513816b648d1aed,area6,Mar2015,550.0,swmpc,0,1500.0,0.5,96.75,72.0,6.0,1500.0,600.0,0.8208666009480524,4.082051634788513,-4.082051634788513,3.0088723757716798,5.199999999999999,0.0,0,53.07668274811847,53.11252491095003,1350.0,140.45843843618422,0.25144214555621147,0.33650864766890265,34.23864898148023,0.0,1.1130946911121243e-14,34.23864898148023,0.0,63739.47773914297,65250.0,260.427971208984,1291.34130312055,1852.7499736227578,-6.821210263296962e-12,-1.9326762412674725e-12,0,0,0,1852.7499736227578,199,136,False,1008,0,1.0425851001842046e-10,1.4726256780835326e-13,2.799323672887417e-10,0.7157309992180672,1.0972199599564194,1.458150000871683,0.558965900977334,2.079281585291028,-1.4640881288796663,2.1880978824987856,5.2048638880453275,1137.8413957669807,0,38.546971891964866,38.624238178931826,1279.5447451385628,1221.3345457762273,0.3265220392495394,0.2888434714343675,34.23864898148023,0.0,1.1130946911121243e-14,34.23864898148023,0.0,44403.274539032915,43200.0,189.38719266871027,1072.097545726535,0.0,-5.002220859751105e-12,-1.9042545318370685e-12,0,0,0,0.0,0,0,True,1008,0,1.0425851001842046e-10,1.4726256780835326e-13,2.799323672887417e-10,0.7416600001306506,1.1105553805009547,1.458150000871683,1.3773397557197107,4.082051634788513,-4.082051634788513,0.5665564873957929,6.000000000000001,0.0,0,10.01154059533608,10.000838118815786,1221.3345457762273,140.45843843618422,0.25144214555621147,0.4989114807109455,0.0,0.0,0.0,0.0,0.0,11965.411278606145,14850.0,49.03735956894298,0.0,1852.7499736227578,-2.9558577807620168e-12,-4.973799150320701e-14,0,0,0,1852.7499736227578,199,136,False,1008,0,1.0425851001842046e-10,1.4726256780835326e-13,2.799323672887417e-10,0.7157309992180672,1.0972199599564194,1.458150000871683,0.2751299998635659,0.45925901947157355,0.8876690008037258,0.2751299998635659,0.45925901947157355,0.8876690008037258,0.2751299998635659,0.45925901947157355,0.8876690008037258
d5419d24e3f12cc98db8a0792babd5f886758ddd3fc42e7ea513816b648d1aed,area6,Mar2015,550.0,swmpc,1,1500.0,0.5,96.75,72.0,6.0,1500.0,600.0,0.8221631694241784,4.49891512747854,-4.49891512747854,3.000456525076533,5.199999999999999,0.0,0,53.0542249374291,52.96396856695486,1350.0,140.7314203620895,-0.6331769302487373,0.3372352427706128,34.24432383110536,0.0,1.1408964758737681e-14,34.24432383110536,0.0,63769.6001050143,65250.0,259.6995511735648,1319.2314208912874,1850.062287412641,-1.1368683772161603e-12,-7.958078640513122e-13,0,0,0,1850.062287412641,199,136,False,1008,0,6.374040058060492e-11,1.1966930041560606e-13,4.4197857242791473e-10,0.6990250003582332,1.128480479710561,1.2516789993242128,0.6531434914263401,2.2118180133402348,-1.7734589874744415,2.1829897278886854,5.199999999999999,1138.0479742194668,0,38.52499388100496,38.534069186998806,1279.6562330723298,1221.949887887449,0.5425111735239625,0.28985308398656484,34.24432383110536,0.0,1.0900706196126304e-14,34.24432383110536,0.0,44442.150270599115,43200.0,188.94506479634163,1110.9115509876533,0.0,-9.094947017729282e-13,-1.3926637620897964e-12,0,0,0,0.0,0,0,True,1008,0,6.374040058060492e-11,1.1966930041560606e-13,4.4197857242791473e-10,0.7238279995362973,1.1453228004393163,1.2516789993242128,1.2948639132728184,4.49891512747854,-4.49891512747854,0.557698408922267,6.000000000000001,0.0,0,10.012065016157784,9.844475583343652,1221.949887887449,140.7314203620895,-0.6331769302487373,0.4988689586989441,0.0,0.0,0.0,0.0,0.0,11966.9899083017,14850.0,48.27066323969878,0.0,1850.062287412641,-2.2737367544323206e-12,5.826450433232822e-13,0,0,0,1850.062287412641,199,136,False,1008,0,6.374040058060492e-11,1.1966930041560606e-13,4.4197857242791473e-10,0.6990250003582332,1.128480479710561,1.2516789993242128,0.2710290000322857,0.45604550066855126,0.6460750000769622,0.2710290000322857,0.45604550066855126,0.6460750000769622,0.2710290000322857,0.45604550066855126,0.6460750000769622
d5419d24e3f12cc98db8a0792babd5f886758ddd3fc42e7ea513816b648d1aed,area6,Mar2015,550.0,swmpc,2,1500.0,0.5,96.75,72.0,6.0,1500.0,600.0,0.7176221460180263,3.994990149512887,-3.994990149512887,3.0041645662504948,5.2023007046775795,0.0,0,53.07870266215136,53.029422798516904,1350.0,140.03128927907701,-0.3457137942314148,0.3362649055611604,34.269521045718854,0.0,1.3514247497007142e-14,34.269521045718854,0.0,63733.46245898166,65250.0,260.02049454353715,1279.8148840058454,1846.4042088467886,1.1823431123048067e-11,5.684341886080802e-14,0,0,0,1846.4042088467886,199,136,False,1008,0,7.045722966346868e-11,1.4618870684669057e-13,2.993891441863654e-10,0.6996050005909638,0.9869078401243317,2.0394879993546056,0.5616281171251537,1.956605770625174,-1.3078949395567179,2.1865717945377985,5.2023007046775795,1138.48099373626,0,38.54740167076004,38.597299720027294,1279.3909643020781,1223.2306229553699,0.33352346904575825,0.2885862846944206,34.269521045718854,0.0,1.2245645167706377e-14,34.269521045718854,0.0,44401.20136244141,43200.0,189.25510464970338,1068.106599138426,0.0,1.0800249583553523e-11,1.4210854715202004e-13,0,0,0,0.0,0,0,True,1008,0,7.045722966346868e-11,1.4618870684669057e-13,2.993891441863654e-10,0.7256399999278074,1.0215246092684536,2.0394879993546056,1.1423436549255201,3.994990149512887,-3.994990149512887,0.561744643521501,6.000000000000001,0.0,0,10.012721997745352,9.91589959510248,1223.2306229553699,140.03128927907701,-0.3457137942314148,0.4988143478556478,0.0,0.0,0.0,0.0,0.0,11969.017335859076,14850.0,48.62087838215457,0.0,1846.4042088467886,-3.410605131648481e-12,-6.394884621840902e-14,0,0,0,1846.4042088467886,199,136,False,1008,0,7.045722966346868e-11,1.4618870684669057e-13,2.993891441863654e-10,0.6996050005909638,0.9869078401243317,2.0394879993546056,0.26638199960871134,0.4084087403771261,0.6225699999049539,0.26638199960871134,0.4084087403771261,0.6225699999049539,0.26638199960871134,0.4084087403771261,0.6225699999049539
d5419d24e3f12cc98db8a0792babd5f886758ddd3fc42e7ea513816b648d1aed,area6,May2024,400.0,pid_lowdrag_preview,0,1500.0,0.5,96.58333333333333,72.0,6.0,1500.0,600.0,150.60806432686945,644.96402871795,-644.96402871795,91.02098469678671,6.000000000000001,0.0,213,1696.9603424271668,1606.69969123815,1350.0,100.13527200000003,-612.8899276731536,0.31009378662579545,0.0,0.0,0.0,0.0,0.1634689178818112,72188.98329661085,65150.0,7878.170763540281,3065.5121875245595,2654.834926454003,-1.4097167877480388e-11,3.8198777474462986e-11,0,0,0,2654.834926454003,223,193,False,0,0,,,,0.16699200023140293,0.3763302201878108,0.6824399997640285,2.484048492790168,9.268796454183757,-8.149639281444252,72.98945751048056,7.154917552323152,1102.019185760844,0,1288.312617088159,1288.4077142912693,1156.7780028270247,1456.2809390820403,-0.5448001231998205,0.2490033777608287,0.0,0.0,0.0,0.0,0.0011574074074074073,52451.18894278134,43200.0,6317.481755677235,2634.204250849083,0.0,-2.9558577807620168e-12,-4.3655745685100555e-11,0,0,0,0.0,0,0,True,0,0,,,,0.17032200048561208,0.38378723019377464,0.5664250002155313,316.49449562423996,644.96402871795,-644.96402871795,10.525076588470029,6.000000000000001,0.0,213,275.96877935396355,185.7883361873951,1456.2809390820403,100.13527200000003,-612.8899276731536,0.4998606903444692,0.0,0.0,0.0,0.0,0.7186440677966102,11650.000000000002,14750.0,910.9805935360432,0.0,2654.834926454003,-1.8189894035458565e-12,8.139977580867708e-11,0,0,0,2654.834926454003,223,193,False,0,0,,,,0.16699200023140293,0.3763302201878108,0.6824399997640285,,,,,,,,,
d5419d24e3f12cc98db8a0792babd5f886758ddd3fc42e7ea513816b648d1aed,area6,May2024,400.0,pid_lowdrag_preview,1,1500.0,0.5,96.58333333333333,72.0,6.0,1500.0,600.0,151.0532367951873,646.2401355886832,-646.2401355886832,91.02387610351778,6.000000000000001,0.0,213,1697.1993848374175,1606.7507302630272,1350.0,100.13527200000003,-614.1664276989177,0.3101721537536628,0.0,0.0,0.0,0.0,0.16500383729854182,72181.8761164631,65150.0,7878.421024466977,3059.742598288747,2656.422778292611,1.318767317570746e-11,9.00399754755199e-11,0,0,0,2656.422778292611,224,193,False,0,0,,,,0.16696199963917024,0.43947945974650826,1.8541080007707933,2.423166273874802,8.13801728002727,-8.13801728002727,73.00428615299299,7.128306269771107,1102.0399390759899,0,1288.5276355100852,1288.6694690440436,1159.8159156041486,1453.5310343376195,-0.05518308375030756,0.2491015849066216,0.0,0.0,0.0,0.0,0.003472222222222222,52431.6059336553,43200.0,6318.76522430043,2619.1255906214033,0.0,3.865352482534945e-12,2.546585164964199e-11,0,0,0,0.0,0,0,True,0,0,,,,0.16777299970271997,0.4507213797660368,1.8541080007707933,317.43207010662763,646.2401355886832,-646.2401355886832,10.511650730751342,6.000000000000001,0.0,213,275.99189484345607,185.55134334971967,1453.5310343376195,100.13527200000003,-614.1664276989177,0.49981286357706245,0.0,0.0,0.0,0.0,0.7186440677966102,11650.000000000002,14750.0,909.818540630235,0.0,2656.422778292611,2.7284841053187847e-12,6.355094228638336e-11,0,0,0,2656.422778292611,224,193,False,0,0,,,,0.16696199963917024,0.43947945974650826,1.8541080007707933,,,,,,,,,
d5419d24e3f12cc98db8a0792babd5f886758ddd3fc42e7ea513816b648d1aed,area6,May2024,400.0,pid_lowdrag_preview,2,1500.0,0.5,96.58333333333333,72.0,6.0,1500.0,600.0,151.291414232594,646.9193993229419,-646.9193993229419,90.99900398102042,6.000000000000001,0.0,213,1696.8604300476377,1606.3116883028733,1350.0,100.13527200000003,-614.8459039693698,0.31021533743923924,0.0,0.0,0.0,0.0,0.16500383729854182,72188.01435642318,65150.0,7876.268259047659,3066.7921537083666,2655.1813283328447,-3.183231456205249e-12,7.185008144006133e-11,0,0,0,2655.1813283328447,224,193,False,0,0,,,,0.15948100008245092,0.28898397964439937,0.696871999934956,2.5030644492573497,9.27201157156378,-9.222238269634545,72.96641001518388,7.123705767186344,1100.5003188986468,0,1288.151877160289,1288.000880595726,1156.7387175239828,1455.30263993087,-1.5767441736534238,0.24918578617724263,0.0,0.0,0.0,0.0,0.003472222222222222,52437.671027812874,43200.0,6315.486917847023,2623.620187558957,0.0,-7.275957614183426e-12,-1.1823431123048067e-11,0,0,0,0.0,0,0,True,0,0,,,,0.160212000082538,0.2889539296211296,0.696871999934956,317.93068840737396,646.9193993229419,-646.9193993229419,10.517775920119334,6.000000000000001,0.0,213,275.97602812038986,185.6594650086888,1455.30263993087,100.13527200000003,-614.8459039693698,0.4998576695530217,0.0,0.0,0.0,0.0,0.7186440677966102,11650.000000000002,14750.0,910.3486962637169,0.0,2655.1813283328447,4.547473508864641e-13,8.571987564209849e-11,0,0,0,2655.1813283328447,224,193,False,0,0,,,,0.15948100008245092,0.28898397964439937,0.696871999934956,,,,,,,,,
d5419d24e3f12cc98db8a0792babd5f886758ddd3fc42e7ea513816b648d1aed,area6,May2024,400.0,swmpc,0,1500.0,0.5,96.58333333333333,72.0,6.0,1500.0,600.0,170.85498705391066,701.5282832151279,-701.5282832151279,82.10776126182161,2.944161979979915,0.0,233,1547.9613445234409,1449.3637385608588,1350.0,100.13527200000003,-669.4727306570858,0.38316851470620494,35.99251775822902,3.0340960634902383,1.185322148599283e-14,35.99251775822902,0.1772831926323868,68043.45556913048,65150.0,7106.701453378899,32.82587268026896,2996.207028928695,-1.2278178473934531e-11,8.276401786133647e-11,0,0,0,2996.207028928695,255,211,False,1008,0,6.821210263296962e-12,3.177764317901346e-13,2.555386681225714e-10,0.8293219998449786,1.2659511000856585,1.6379720000259113,5.18578093868438,20.460589633323252,-7.181825398467481,65.17128108829803,3.1229627103381885,645.837040330187,0,1150.0432765856647,1150.401498632204,1159.9237339272922,1073.4323503532314,1.1476392084732652,0.3468090908688647,35.99251775822902,3.0340960634902383,1.185322148599283e-14,35.99251775822902,0.0,48764.95740616592,43200.0,5640.792428280757,10.656361459220307,0.0,-5.6843418860808015e-12,5.4569682106375694e-12,0,0,0,0.0,0,0,True,1008,0,6.821210263296962e-12,3.177764317901346e-13,2.555386681225714e-10,0.8933680001064204,1.3084250003612388,1.6379720000259113,358.9661148422671,701.5282832151279,-701.5282832151279,10.045875167997693,6.000000000000001,0.0,233,276.0962640639716,177.32948708926187,1073.4323503532314,100.13527200000003,-669.4727306570858,0.4999999999999999,0.0,0.0,0.0,0.0,0.7830508474576271,11650.000000000002,14750.0,869.504107281926,0.0,2996.207028928695,-2.2737367544323206e-12,7.73070496506989e-11,0,0,0,2996.207028928695,255,211,False,1008,0,6.821210263296962e-12,3.177764317901346e-13,2.555386681225714e-10,0.8293219998449786,1.2659511000856585,1.6379720000259113,0.40987349984789034,0.6815227003789908,1.1432960000092862,0.40987349984789034,0.6815227003789908,1.1432960000092862,0.40987349984789034,0.6815227003789908,1.1432960000092862
d5419d24e3f12cc98db8a0792babd5f886758ddd3fc42e7ea513816b648d1aed,area6,May2024,400.0,swmpc,1,1500.0,0.5,96.58333333333333,72.0,6.0,1500.0,600.0,172.8990612431679,707.1212136028334,-707.1212136028334,82.21162366354393,2.687540617333741,0.0,234,1550.6187117783707,1451.1971145601926,1350.0,100.13527200000003,-675.0673741959035,0.3818037483160496,35.970018146390764,2.6108890735613843,9.802232939740397e-15,35.970018146390764,0.1780506523407521,68086.25707373771,65150.0,7115.691091750812,84.97193828685909,3014.541228299965,-4.092726157978177e-12,7.912603905424476e-11,0,0,0,3014.541228299965,255,211,False,1008,0,6.59383658785373e-12,3.1743619000456085e-13,3.7874968671046827e-10,0.8731779998925049,1.3499848397805183,2.641557000060857,5.170541115483499,20.029246589168906,-8.10873251222074,65.32635564371556,3.1329267456226835,645.8373641418156,0,1152.6905812799794,1153.1388700322068,1162.2217842175717,1050.7772097346192,1.6612130515277386,0.34433221178162343,35.970018146390764,2.6108890735613843,9.802232939740397e-15,35.970018146390764,0.0,48784.17595671779,43200.0,5654.2146499006485,41.40588130010474,0.0,1.3869794202037156e-11,2.3646862246096134e-11,0,0,0,0.0,0,0,True,1008,0,6.59383658785373e-12,3.1743619000456085e-13,3.7874968671046827e-10,0.9332384997833287,1.4087347802615109,2.641557000060857,363.26444820448273,707.1212136028334,-707.1212136028334,9.995952877791922,6.000000000000001,0.0,234,276.1146635260825,176.44826032021206,1050.7772097346192,100.13527200000003,-675.0673741959035,0.4999999999999999,0.0,0.0,0.0,0.0,0.7864406779661017,11650.000000000002,14750.0,865.1831660345856,0.0,3014.541228299965,-4.547473508864641e-13,5.729816621169448e-11,0,0,0,3014.541228299965,255,211,False,1008,0,6.59383658785373e-12,3.1743619000456085e-13,3.7874968671046827e-10,0.8731779998925049,1.3499848397805183,2.641557000060857,0.4176305001237779,0.7582005802487396,2.0889629995508585,0.4176305001237779,0.7582005802487396,2.0889629995508585,0.4176305001237779,0.7582005802487396,2.0889629995508585
d5419d24e3f12cc98db8a0792babd5f886758ddd3fc42e7ea513816b648d1aed,area6,May2024,400.0,swmpc,2,1500.0,0.5,96.58333333333333,72.0,6.0,1500.0,600.0,170.13248110927475,699.5500219780952,-699.5500219780952,82.15187606276262,2.9790309112110513,0.0,232,1548.4485753397846,1450.1424517036185,1350.0,100.13527200000003,-667.493853523396,0.38357378316459934,36.00188944366223,2.7215733590248368,1.2579252249951069e-14,36.00188944366223,0.1772831926323868,68089.56936623482,65150.0,7110.5197369996295,64.13338635533364,2985.219029120127,1.5916157281026244e-11,5.638867150992155e-11,0,0,0,2985.219029120127,254,210,False,1008,0,6.821210263296962e-12,1.452990929003309e-07,2.4817681672046784e-10,0.8158910004567588,1.1913983393242233,5.379379000260087,5.1245814190392,16.917252272367477,-9.404451325535774,65.17433966991561,3.137461126780031,656.3879572082436,0,1150.5342574549097,1150.455488623151,1159.7124328927346,1087.4393222954602,-1.0997660541906953,0.3471834180073946,36.00188944366223,2.7215733590248368,1.2579252249951069e-14,36.00188944366223,0.0,48785.460209402714,43200.0,5641.05715875313,16.676161246864012,0.0,5.9117155615240335e-12,-2.637534635141492e-11,0,0,0,0.0,0,0,True,1008,0,6.821210263296962e-12,1.452990929003309e-07,2.4817681672046784e-10,0.8695319997968909,1.1912991893950675,2.371589999711432,357.4500284615642,699.5500219780952,-699.5500219780952,10.080755069008319,6.000000000000001,0.0,232,276.08950430353843,177.94518605550684,1087.4393222954602,100.13527200000003,-667.493853523396,0.4999999999999999,0.0,0.0,0.0,0.0,0.7830508474576271,11650.000000000002,14750.0,872.5230794155843,0.0,2985.219029120127,-4.774847184307873e-12,8.43556335894391e-11,0,0,0,2985.219029120127,254,210,False,1008,0,6.821210263296962e-12,1.452990929003309e-07,2.4817681672046784e-10,0.8158910004567588,1.1913983393242233,5.379379000260087,0.3997085000264633,0.6462708405888401,1.8880400002672104,0.3997085000264633,0.6462708405888401,1.8880400002672104,0.3997085000264633,0.6462708405888401,1.8880400002672104
d5419d24e3f12cc98db8a0792babd5f886758ddd3fc42e7ea513816b648d1aed,area6,May2024,550.0,pid_lowdrag_preview,0,1500.0,0.5,97.0,72.0,6.0,1500.0,600.0,1.5986766581973233,9.369132686406374,-9.369132686406374,11.44382719148483,6.000000000000001,0.0,0,201.99414637151165,202.00609426927417,1350.0,136.38630469791443,0.08381076622754335,0.3946825565136324,0.0,0.0,0.0,0.0,0.0,65242.90810094813,65400.0,990.5015321828863,1762.3312943731087,1696.3110303057717,7.048583938740194e-12,-3.865352482534945e-12,0,0,0,1696.3110303057717,200,132,False,0,0,,,,0.159220499881485,0.29293313009475247,0.9740899995449581,0.9643951614330717,2.877389293164015,-2.6151785664260387,8.662459206950931,6.590001866753889,1146.660725580407,0,152.81613029872568,152.9094700473223,1419.368263410894,1235.9972500287718,0.3072894234210253,0.36368035553122424,0.0,0.0,0.0,0.0,0.0,45192.65375842483,43200.0,749.7648272197835,1426.2599445871765,0.0,8.640199666842818e-12,2.2737367544323206e-13,0,0,0,0.0,0,0,True,0,0,,,,0.15985600020940183,0.2958424491771437,0.9740899995449581,2.8520737129335423,9.369132686406374,-9.369132686406374,1.9747587347009663,6.000000000000001,0.0,0,34.89023694896906,34.858381942178454,1235.9972500287718,136.38630469791443,0.08381076622754335,0.4999845336018738,0.0,0.0,0.0,0.0,0.0,12375.000000000002,15000.0,170.92197563663294,0.0,1696.3110303057717,2.0463630789890885e-12,-3.950617610826157e-12,0,0,0,1696.3110303057717,200,132,False,0,0,,,,0.159220499881485,0.29293313009475247,0.9740899995449581,,,,,,,,,
d5419d24e3f12cc98db8a0792babd5f886758ddd3fc42e7ea513816b648d1aed,area6,May2024,550.0,pid_lowdrag_preview,1,1500.0,0.5,97.0,72.0,6.0,1500.0,600.0,1.5944856031539798,10.471981604583561,-10.471981604583561,11.450998948878834,6.000000000000001,0.0,0,202.00757333403627,202.13268991564357,1350.0,135.55129119817516,0.8777482314035296,0.394630373036561,0.0,0.0,0.0,0.0,0.0,65233.06703462203,65400.0,991.1222717806158,1752.387922784719,1695.9944511414697,1.2050804798491299e-11,6.934897101018578e-12,0,0,0,1695.9944511414697,200,132,False,0,0,,,,0.15851900025154464,0.26078801962285086,1.9115550003334647,0.9018822717832066,2.9697717055678368,-2.5862878831103444,8.661405007618425,6.5977243386107185,1146.9845676003615,0,152.83527329980552,152.89086135233222,1419.5152000348874,1236.039937431222,0.2985482634976506,0.36354859011194796,0.0,0.0,0.0,0.0,0.0,45181.20591028549,43200.0,749.6735827404225,1415.0075901487446,0.0,1.0686562745831907e-11,8.071765478234738e-12,0,0,0,0.0,0,0,True,0,0,,,,0.15968100024110754,0.2682394299517909,1.9115550003334647,2.928407809324101,10.471981604583561,-10.471981604583561,1.9812416930741534,6.000000000000001,0.0,0,34.89025922303907,34.97281892889498,1236.039937431222,135.55129119817516,0.8777482314035296,0.4999839298570362,0.0,0.0,0.0,0.0,0.0,12375.000000000002,15000.0,171.48309737451888,0.0,1695.9944511414697,6.821210263296962e-13,-1.0800249583553523e-12,0,0,0,1695.9944511414697,200,132,False,0,0,,,,0.15851900025154464,0.26078801962285086,1.9115550003334647,,,,,,,,,
d5419d24e3f12cc98db8a0792babd5f886758ddd3fc42e7ea513816b648d1aed,area6,May2024,550.0,pid_lowdrag_preview,2,1500.0,0.5,97.0,72.0,6.0,1500.0,600.0,1.5225251242449949,8.648355110548437,-8.648355110548437,11.463693689190317,6.000000000000001,0.0,0,202.01507701604675,202.3567770907767,1350.0,134.81944216604936,2.397195260040462,0.394653508144416,0.0,0.0,0.0,0.0,0.0,65255.60834634732,65400.0,992.2210440286382,1773.1543866906743,1694.5865265380296,1.318767317570746e-11,5.115907697472721e-12,0,0,0,1694.5865265380296,200,132,False,0,0,,,,0.15917499968054472,0.2663702495010514,0.4154369999014307,0.9189094421931434,3.2377560259774327,-2.5230640890076756,8.65219224343809,6.585518218843422,1147.731806926049,0,152.83871569325763,152.72823791540202,1419.381623355074,1238.4370014778776,-0.6454586060717702,0.36362269789890356,0.0,0.0,0.0,0.0,0.0,45204.774711945414,43200.0,748.8761871765366,1436.8431466460815,0.0,7.503331289626658e-12,-1.1368683772161603e-12,0,0,0,0.0,0,0,True,0,0,,,,0.1601510002728901,0.29074315013531254,0.4154369999014307,2.739424091322931,8.648355110548437,-8.648355110548437,2.001125251120582,6.000000000000001,0.0,0,34.89009873396503,35.32380289902272,1238.4370014778776,134.81944216604936,2.397195260040462,0.4999850850865808,0.0,0.0,0.0,0.0,0.0,12375.000000000002,15000.0,173.20408584985807,0.0,1694.5865265380294,-1.3642420526593924e-12,6.252776074688882e-12,0,0,0,1694.5865265380294,200,132,False,0,0,,,,0.15917499968054472,0.2663702495010514,0.4154369999014307,,,,,,,,,
d5419d24e3f12cc98db8a0792babd5f886758ddd3fc42e7ea513816b648d1aed,area6,May2024,550.0,swmpc,0,1500.0,0.5,97.0,72.0,6.0,1500.0,600.0,1.5932325325363288,9.295151721686125,-9.295151721686125,11.512512561847016,5.224254813667747,0.0,0,203.20726648350697,203.21852636634821,1350.0,136.39007890236905,0.07898584101349115,0.35707424138279176,34.57776219486435,0.0,1.0763787545103843e-14,34.57776219486435,0.0,63979.48320829113,65400.0,996.446480795265,491.347348560369,1694.7006999668783,-5.9117155615240335e-12,-1.7053025658242404e-12,0,0,0,1694.7006999668783,200,131,False,1008,0,9.780321008204531e-11,1.9166449125408735e-13,4.631418248304922e-10,0.7498615000258724,1.330900649445539,3.727206999428745,0.9742191032800418,3.1076288605108857,-2.0826163850724697,8.733911195401348,5.224254813667747,1146.5508529471003,0,154.18420461468688,154.17073840388935,1419.3132787060458,1236.0355627677948,-0.5051296977326274,0.31452260478834093,34.57776219486435,0.0,1.0763787545103843e-14,34.57776219486435,0.0,44172.70656703327,43200.0,755.9492358842449,400.03504708726587,0.0,-7.048583938740194e-12,-2.7284841053187847e-12,0,0,0,0.0,0,0,True,1008,0,9.780321008204531e-11,1.9166449125408735e-13,4.631418248304922e-10,0.7944644999042794,1.3531660193984858,3.727206999428745,2.842158101149048,9.295151721686125,-9.295151721686125,1.9823710625673954,6.000000000000001,0.0,0,34.90949337391794,34.9927545253087,1236.0355627677948,136.39007890236905,0.07898584101349115,0.49908821790419966,0.0,0.0,0.0,0.0,0.0,12377.234664250502,15000.0,171.58084808280597,0.0,1694.7006999668781,2.2737367544323206e-13,1.1937117960769683e-12,0,0,0,1694.7006999668781,200,131,False,1008,0,9.780321008204531e-11,1.9166449125408735e-13,4.631418248304922e-10,0.7498615000258724,1.330900649445539,3.727206999428745,0.316768000175216,0.6284620101632749,3.068981999604148,0.316768000175216,0.6284620101632749,3.068981999604148,0.316768000175216,0.6284620101632749,3.068981999604148
d5419d24e3f12cc98db8a0792babd5f886758ddd3fc42e7ea513816b648d1aed,area6,May2024,550.0,swmpc,1,1500.0,0.5,97.0,72.0,6.0,1500.0,600.0,1.5870434916093288,10.391955897212029,-10.391955897212029,11.529975230859996,5.214043767241286,0.0,0,203.40259869454553,203.5267768758835,1350.0,135.55759202723976,0.8711666390299797,0.3562660456453193,34.587394266621345,0.0,1.3041189624204074e-14,34.587394266621345,0.0,64021.64982701979,65400.0,997.9579332249423,532.4444101458291,1694.3101083782076,1.2050804798491299e-11,-1.1368683772161603e-13,0,0,0,1694.3101083782076,200,131,False,1008,0,6.967229490332101e-11,2.071914261473046e-13,3.787779439989674e-10,0.8026119994610781,1.3950552597088977,5.170836000615964,0.9009719635961707,3.114487459883094,-2.3499280782416463,8.74125085454639,5.225952063905165,1146.6831620271591,0,154.35373687843028,154.30029784692766,1419.4725807137213,1236.0601453819954,-0.3243351327255368,0.31354527096793294,34.587394266621345,0.0,1.3041189624204074e-14,34.587394266621345,0.0,44201.07997005944,43200.0,756.5845079402843,427.9078974508973,0.0,1.2278178473934531e-11,-1.1368683772161603e-13,0,0,0,0.0,0,0,True,1008,0,6.967229490332101e-11,2.071914261473046e-13,3.787779439989674e-10,0.8811049997348164,1.4628075497694217,5.170836000615964,2.914718854449996,10.391955897212029,-10.391955897212029,1.9873021933726456,6.000000000000001,0.0,0,34.90939009062694,35.0797986983475,1236.0601453819954,135.55759202723976,0.8711666390299797,0.49909361308091094,0.0,0.0,0.0,0.0,0.0,12377.194992219615,15000.0,172.0076539525778,0.0,1694.3101083782078,0.0,-5.684341886080802e-14,0,0,0,1694.3101083782078,200,131,False,1008,0,6.967229490332101e-11,2.071914261473046e-13,3.787779439989674e-10,0.8026119994610781,1.3950552597088977,5.170836000615964,0.33198099981746054,0.6267497004955654,2.0267200006856,0.33198099981746054,0.6267497004955654,2.0267200006856,0.33198099981746054,0.6267497004955654,2.0267200006856
d5419d24e3f12cc98db8a0792babd5f886758ddd3fc42e7ea513816b648d1aed,area6,May2024,550.0,swmpc,2,1500.0,0.5,97.0,72.0,6.0,1500.0,600.0,1.5207062440506536,8.613892262801528,-8.613892262801528,11.527279487172352,5.212129055652328,0.0,0,203.1385782835544,203.4791916891823,1350.0,134.82749138158636,2.389575001783669,0.35721914132438226,34.554423378225096,0.0,1.2837389199940037e-14,34.554423378225096,0.0,63998.19272623555,65400.0,997.7246075893623,508.97537010292467,1693.3347428383122,7.73070496506989e-12,5.343281372915953e-12,0,0,0,1693.3347428383122,200,131,False,1008,0,8.68118401148841e-11,2.0895779564565572e-13,4.831095411306499e-10,0.7437324998136319,1.3618266704361315,2.952376999928674,0.9285542719623223,3.114484189078212,-2.357039392925799,8.725660491212038,5.22385668702989,1147.0387876948075,0,154.09452713416954,154.02509722106086,1419.2652629339234,1237.2852748773203,-0.6953707244247198,0.3149263412826607,34.554423378225096,0.0,1.2837389199940037e-14,34.554423378225096,0.0,44179.24115707935,43200.0,755.2351098314595,405.98603530449964,0.0,7.617018127348274e-12,4.661160346586257e-12,0,0,0,0.0,0,0,True,1008,0,8.68118401148841e-11,2.0895779564565572e-13,4.831095411306499e-10,0.7859164998080814,1.3896645200475175,2.952376999928674,2.733007932901551,8.613892262801528,-8.613892262801528,2.0026074761637105,6.000000000000001,0.0,0,34.9102346589618,35.34996709101745,1237.2852748773203,134.82749138158636,2.389575001783669,0.499046697499835,0.0,0.0,0.0,0.0,0.0,12377.53985105252,15000.0,173.3323773865642,0.0,1693.334742838312,-1.1368683772161603e-12,6.821210263296962e-13,0,0,0,1693.334742838312,200,131,False,1008,0,8.68118401148841e-11,2.0895779564565572e-13,4.831095411306499e-10,0.7437324998136319,1.3618266704361315,2.952376999928674,0.32306299999618204,0.58493050949437,2.066168000055768,0.32306299999618204,0.58493050949437,2.066168000055768,0.32306299999618204,0.58493050949437,2.066168000055768
d5419d24e3f12cc98db8a0792babd5f886758ddd3fc42e7ea513816b648d1aed,gen1200,Feb2022,400.0,pid_lowdrag_preview,0,1500.0,0.5,96.16666666666667,72.0,10.0,1200.0,600.0,1.3049510377456017,5.390584014356136,-4.330341755412519,32.409404922199144,8.102834682819019,1123.8652133969028,0,572.3601725527424,572.0898434045151,1350.0,1500.0,-1.835381381213665,0.10763839688500099,0.0,0.0,0.0,0.0,0.0,72419.40131767152,64900.0,2805.1424314114365,4564.258886260079,0.0,-8.185452315956354e-12,9.549694368615746e-12,0,0,0,0.0,0,0,True,0,0,,,,0.15993099987099413,0.35339860949534274,1.3774690005448065,1.3156963492305487,5.390584014356136,-4.149852895177901,21.42493915871966,8.102834682819019,1131.175499536805,0,378.1726102035269,378.1923832815471,1283.8941573411794,1210.2318711193507,-0.008287861943244934,0.1372126054886097,0.0,0.0,0.0,0.0,0.0,46759.080922259425,43200.0,1854.4001677539893,1778.3430407272742,0.0,9.549694368615746e-12,9.322320693172514e-12,0,0,0,0.0,0,0,True,0,0,,,,0.16048800034695887,0.3277165998315468,1.3774690005448065,1.3634503613794766,4.330341755412519,-4.330341755412519,7.974827214326705,9.904772888284649,1126.620784803377,0,141.04052559777756,140.77141074247947,1210.2318711193507,1500.0,-1.835381381213665,4.104616884281764e-05,0.0,0.0,0.0,0.0,0.0,18040.0,14500.0,690.2479775788634,2559.9838935404778,0.0,-9.549694368615746e-12,-3.410605131648481e-13,0,0,0,0.0,0,0,True,0,0,,,,0.15993099987099413,0.35339860949534274,1.3774690005448065,,,,,,,,,
d5419d24e3f12cc98db8a0792babd5f886758ddd3fc42e7ea513816b648d1aed,gen1200,Feb2022,400.0,pid_lowdrag_preview,1,1500.0,0.5,96.16666666666667,72.0,10.0,1200.0,600.0,1.336790132498498,5.691124248318374,-5.229993366636336,32.41862323171419,8.086955156108655,1125.9394553408629,0,572.4891753914447,572.2525647275214,1350.0,1500.0,-1.606464254669845,0.10752983008990613,0.0,0.0,0.0,0.0,0.0,72449.29461421662,64900.0,2805.940306942587,4593.354307274019,0.0,-1.1823431123048067e-11,1.0913936421275139e-11,0,0,0,0.0,0,0,True,0,0,,,,0.2679590002117038,0.4651086695866969,3.723545999491762,1.3746483902657824,5.691124248318374,-5.229993366636336,21.44263866731145,8.094922924935862,1129.4354746821673,0,378.2760219953081,378.5048144762224,1283.7236893268819,1208.725967555109,1.538119724020362,0.13699677412878786,0.0,0.0,0.0,0.0,0.0,46780.17224547923,43200.0,1855.9321194416295,1799.2378478093647,0.0,-1.1141310096718371e-11,1.000444171950221e-11,0,0,0,0.0,0,0,True,0,0,,,,0.26554599980954663,0.5370707598285648,3.723545999491762,1.3753659233884739,4.148093062452972,-4.148093062452972,7.963879577233467,9.927917324106748,1125.9394553408629,0,141.0413404434044,140.57816338093636,1208.725967555109,1500.0,-1.606464254669845,3.1070118919562795e-05,0.0,0.0,0.0,0.0,0.0,18040.0,14500.0,689.3004229598372,2559.425544595264,0.0,-7.73070496506989e-12,2.2737367544323206e-13,0,0,0,0.0,0,0,True,0,0,,,,0.2679590002117038,0.4651086695866969,3.723545999491762,,,,,,,,,
d5419d24e3f12cc98db8a0792babd5f886758ddd3fc42e7ea513816b648d1aed,gen1200,Feb2022,400.0,pid_lowdrag_preview,2,1500.0,0.5,96.16666666666667,72.0,10.0,1200.0,600.0,1.34243425103416,4.826229445636272,-4.826229445636272,32.41839094222367,8.07630806836201,1126.6974396460123,0,572.52123212785,572.2484643604016,1350.0,1500.0,-1.851947195827961,0.10754313202745114,0.0,0.0,0.0,0.0,0.0,72453.65976047388,64900.0,2805.9202015099695,4597.7395589638945,0.0,-1.4551915228366852e-11,-7.275957614183426e-12,0,0,0,0.0,0,0,True,0,0,,,,0.2726720003920491,0.3730348905810387,1.5820479993635672,1.3812081949740684,4.826229445636272,-4.826229445636272,21.41660162754125,8.07630806836201,1129.8403433243236,0,378.3026818518113,378.04520943130683,1282.98530926143,1214.1595057005368,-1.6355467913672328,0.13705568408817892,0.0,0.0,0.0,0.0,0.0,46785.210021266845,43200.0,1853.6785265347685,1800.357298292957,0.0,-1.2505552149377763e-11,-6.139089236967266e-12,0,0,0,0.0,0,0,True,0,0,,,,0.27547099944058573,0.3826368896989148,1.5820479993635672,1.308186306537915,3.6207779981195927,-3.460232456214726,7.988202395187958,9.900843185079182,1126.6974396460123,0,141.03937275055267,141.00750903378605,1214.1595057005368,1500.0,-1.851947195827961,4.274000643156306e-05,0.0,0.0,0.0,0.0,0.0,18040.0,14500.0,691.4056442330868,2562.753861467449,0.0,-1.1368683772161603e-12,-1.8189894035458565e-12,0,0,0,0.0,0,0,True,0,0,,,,0.2726720003920491,0.3730348905810387,1.5820479993635672,,,,,,,,,
d5419d24e3f12cc98db8a0792babd5f886758ddd3fc42e7ea513816b648d1aed,gen1200,Feb2022,400.0,swmpc,0,1500.0,0.5,96.16666666666667,72.0,10.0,1200.0,600.0,1.2625376093906833,4.868904167786241,-4.334968825802207,32.13083810905433,7.773005851660455,1126.620792662535,0,567.4429217911186,567.1725903758806,1350.0,1500.0,-1.8353791031986475,0.09834655120033076,34.475022903285755,0.0,1.60974446636764e-14,34.475022903285755,0.0,70872.42395938524,64900.0,2781.0315417048173,3041.392417680424,0.0,1.3642420526593924e-12,-1.2732925824820995e-11,0,0,0,0.0,0,0,True,1008,0,2.2896203350618383e-11,3.025702979467515e-13,2.0605581471149368e-10,1.0166950000893848,1.26612243040654,2.1059889995740377,1.2479451308439382,4.868904167786241,-3.5024662744253874,21.148911743920575,7.812760650479758,1128.508927435469,0,373.47455393924486,373.3199556363302,1301.010980800059,1209.5258110683226,-0.028180401772260666,0.1272600562990952,34.44831790128439,0.0,1.60974446636764e-14,34.44831790128439,0.0,45339.92838616317,43200.0,1830.509071470518,400.904484424407,0.0,1.8189894035458565e-11,-7.503331289626658e-12,0,0,0,0.0,0,0,True,1008,0,2.2896203350618383e-11,3.025702979467515e-13,2.0605581471149368e-10,1.052463999712927,1.2664653304636886,2.1059889995740377,1.3633850110431944,4.334968825802207,-4.334968825802207,7.975222319850445,10.0,1126.620792662535,0,141.04456984246303,140.77838513333097,1209.5258110683226,1500.0,-1.8353791031986475,0.0,0.0,0.0,0.0,0.0,0.0,18040.0,14500.0,690.2821752838827,2559.243635784432,0.0,-7.73070496506989e-12,-4.888534022029489e-12,0,0,0,0.0,0,0,True,1008,0,2.2896203350618383e-11,3.025702979467515e-13,2.0605581471149368e-10,1.0166950000893848,1.26612243040654,2.1059889995740377,0.35164100017937017,0.5456732896800527,0.8555820004403358,0.35164100017937017,0.5456732896800527,0.8555820004403358,0.35164100017937017,0.5456732896800527,0.8555820004403358
d5419d24e3f12cc98db8a0792babd5f886758ddd3fc42e7ea513816b648d1aed,gen1200,Feb2022,400.0,swmpc,1,1500.0,0.5,96.16666666666667,72.0,10.0,1200.0,600.0,1.2172158920101797,4.148095056414604,-4.148095056414604,32.13342117651037,7.808967794428034,1125.9451389386675,0,567.4547997069211,567.2181866051287,1350.0,1500.0,-1.606460346840322,0.09840071664458117,34.48587914863747,0.0,1.424153725857451e-14,34.48587914863747,0.0,70864.94524218646,64900.0,2781.255114835587,3033.6901273508743,0.0,5.9117155615240335e-12,9.549694368615746e-12,0,0,0,0.0,0,0,True,1008,0,2.2712411388501867e-11,1.8555036080488424e-13,1.678540945477367e-10,0.692239999807498,1.1831932604673057,2.5744110007508425,1.2124303872275932,3.9483438106253743,-3.820376859046519,21.145909525423825,7.822538880365368,1128.8684996424558,0,373.40193010246765,373.26696056549497,1300.351563313656,1209.2421301374416,0.23472760803997517,0.12765518021018918,34.4305082307157,0.0,1.2689037890397381e-14,34.4305082307157,0.0,45333.52663199366,43200.0,1830.2492194148049,394.386845755065,0.0,-8.185452315956354e-12,-3.637978807091713e-12,0,0,0,0.0,0,0,True,1008,0,2.2712411388501867e-11,1.8555036080488424e-13,1.678540945477367e-10,0.7260909997057752,1.1864014305047021,2.5744110007508425,1.37291997122533,4.148095056414604,-4.148095056414604,7.97492904810214,10.0,1125.9451389386675,0,141.0444001527979,140.77320830923122,1209.2421301374416,1500.0,-1.606460346840322,0.0,0.0,0.0,0.0,0.0,0.0,18040.0,14500.0,690.2567916328558,2558.9853385045853,0.0,-4.547473508864641e-13,1.2732925824820995e-11,0,0,0,0.0,0,0,True,1008,0,2.2712411388501867e-11,1.8555036080488424e-13,1.678540945477367e-10,0.692239999807498,1.1831932604673057,2.5744110007508425,0.256241500210308,0.490163560116343,0.6731860003128531,0.256241500210308,0.490163560116343,0.6731860003128531,0.256241500210308,0.490163560116343,0.6731860003128531
d5419d24e3f12cc98db8a0792babd5f886758ddd3fc42e7ea513816b648d1aed,gen1200,Feb2022,400.0,swmpc,2,1500.0,0.5,96.16666666666667,72.0,10.0,1200.0,600.0,1.208290302080403,4.456149602308869,-3.5465406700968742,32.14420948628429,7.71306007622599,1126.6974389038917,0,567.6813927004503,567.4086215256111,1350.0,1500.0,-1.851948200725019,0.09779323318073974,34.47599264029837,0.0,1.2480927976014707e-14,34.47599264029837,0.0,70873.23750157582,64900.0,2782.188879142049,3041.0486224337465,0.0,-2.000888343900442e-11,8.640199666842818e-12,0,0,0,0.0,0,0,True,1008,0,2.5029907462280804e-11,2.5404559488519007e-13,1.8475419669017091e-10,0.7544385002802301,1.3061090204337231,3.6933749997842824,1.2098881942442687,4.456149602308869,-3.5465406700968742,21.147855906358437,7.71306007622599,1128.272222549252,0,373.64256167126445,373.3013180233627,1302.9176258268487,1211.9034001446564,-1.2345911832526326,0.12664816259224532,34.441097460267535,0.0,1.2148458230738714e-14,34.441097460267535,0.0,45339.902664422894,43200.0,1830.4176851968955,400.4992049081843,0.0,-6.821210263296962e-12,-5.4569682106375694e-12,0,0,0,0.0,0,0,True,1008,0,2.5029907462280804e-11,2.5404559488519007e-13,1.8475419669017091e-10,0.8037285001591954,1.4176808101274179,3.6933749997842824,1.3106508932264382,3.6332557015120983,-3.460239111445844,7.985095132223833,10.0,1126.6974389038917,0,141.04358301722806,140.95265972116584,1211.9034001446564,1500.0,-1.851948200725019,0.0,0.0,0.0,0.0,0.0,0.0,18040.0,14500.0,691.136700227277,2560.7666999173694,0.0,-1.0231815394945443e-11,1.4665602066088468e-11,0,0,0,0.0,0,0,True,1008,0,2.5029907462280804e-11,2.5404559488519007e-13,1.8475419669017091e-10,0.7544385002802301,1.3061090204337231,3.6933749997842824,0.29088899964335724,0.6109460595598647,1.5235999999276828,0.29088899964335724,0.6109460595598647,1.5235999999276828,0.29088899964335724,0.6109460595598647,1.5235999999276828
d5419d24e3f12cc98db8a0792babd5f886758ddd3fc42e7ea513816b648d1aed,gen1200,Feb2022,550.0,pid_lowdrag_preview,0,1500.0,0.5,96.58333333333333,72.0,10.0,1200.0,600.0,0.5890159191924005,2.226841015741229,-2.226841015741229,2.4972556749096806,7.790927053626447,1123.9683740342355,0,44.133441837435136,44.08148225583526,1350.0,1500.0,-0.3645128542557359,0.1555159046905994,0.0,0.0,0.0,0.0,0.0,70932.07185227443,65150.0,216.1458339820955,5415.926018292342,0.0,9.094947017729282e-12,1.2221335055073723e-12,0,0,0,0.0,0,0,True,0,0,,,,0.19386300027690595,0.4789749597512131,2.904174000832427,0.5887552297204449,1.9212317895144224,-1.253411203622818,1.6371390332992883,7.811500122089359,1139.287585520593,0,28.739878671330985,28.89872910162786,1179.4128769055776,1247.7708772399978,0.5157389743253589,0.20021337712135312,0.0,0.0,0.0,0.0,0.0,44852.16727189148,43200.0,141.69986087224072,1442.1094106848086,0.0,-8.412825991399586e-12,4.263256414560601e-13,0,0,0,0.0,0,0,True,0,0,,,,0.17442299986214493,0.5162222398303123,2.904174000832427,0.6148019315148187,2.226841015741229,-2.226841015741229,0.6448224912107499,9.927318279376173,1138.8406035303558,0,11.507863747312484,11.382387270177432,1247.7708772399978,1500.0,-0.3645128542557359,3.079733924726824e-05,0.0,0.0,0.0,0.0,0.0,18839.091478492202,14750.0,55.81154406154354,3781.0508116706633,0.0,6.366462912410498e-12,8.526512829121202e-13,0,0,0,0.0,0,0,True,0,0,,,,0.19386300027690595,0.4789749597512131,2.904174000832427,,,,,,,,,
d5419d24e3f12cc98db8a0792babd5f886758ddd3fc42e7ea513816b648d1aed,gen1200,Feb2022,550.0,pid_lowdrag_preview,1,1500.0,0.5,96.58333333333333,72.0,10.0,1200.0,600.0,0.562278189071974,1.8689556485041976,-1.579721455462277,2.4964708162331526,7.781920448836834,1124.6301458594069,0,44.12904573240692,44.06762795402281,1350.0,1500.0,-0.4308653110638261,0.15549670739632837,0.0,0.0,0.0,0.0,0.0,70927.4174418443,65150.0,216.07790183765914,5411.339540006644,0.0,2.7284841053187847e-12,-1.2505552149377763e-12,0,0,0,0.0,0,0,True,0,0,,,,0.26327799969294574,0.37271968012646545,0.654091999422235,0.6055263737966909,1.8689556485041976,-1.579721455462277,1.6316011929141796,7.781920448836834,1139.1649548547584,0,28.734998343812386,28.800975309285143,1179.5263419479797,1247.7549147755465,0.7036548294126987,0.20018206675197392,0.0,0.0,0.0,0.0,0.0,44846.75404631785,43200.0,141.22054225840083,1437.3049312318944,0.0,1.000444171950221e-11,-5.684341886080801e-13,0,0,0,0.0,0,0,True,0,0,,,,0.261794999914855,0.3678926900101941,0.654091999422235,0.5056061103799419,1.6348203914240003,-1.1364091522991657,0.6427685667494547,9.92800983693644,1138.9419376712697,0,11.507852879366723,11.346131457204223,1247.7549147755465,1500.0,-0.4308653110638261,3.050430638296131e-05,0.0,0.0,0.0,0.0,0.0,18839.100122961703,14750.0,55.6337700273959,3781.221267709854,0.0,2.2737367544323206e-13,-7.247535904753022e-13,0,0,0,0.0,0,0,True,0,0,,,,0.26327799969294574,0.37271968012646545,0.654091999422235,,,,,,,,,
d5419d24e3f12cc98db8a0792babd5f886758ddd3fc42e7ea513816b648d1aed,gen1200,Feb2022,550.0,pid_lowdrag_preview,2,1500.0,0.5,96.58333333333333,72.0,10.0,1200.0,600.0,0.5076716023856495,1.739779558032751,-1.0879574660211802,2.497073144401417,7.781462377345631,1124.9959537264479,0,44.135354378034705,44.07826023277933,1350.0,1500.0,-0.40053342282772064,0.15545844467042613,0.0,0.0,0.0,0.0,0.0,70930.40554471627,65150.0,216.13003535589274,5414.2755093603755,0.0,0.0,-6.536993168992922e-13,0,0,0,0.0,0,0,True,0,0,,,,0.16015099936339539,0.3444839199073613,0.6337770000754972,0.5021645941185141,1.3236958933994174,-1.0879574660211802,1.632530481839885,7.781462377345631,1138.8571993747744,0,28.74147287531091,28.81737908952321,1179.363814651418,1247.2795948001497,0.28775248024612665,0.2001294115100931,0.0,0.0,0.0,0.0,0.0,44850.480240933335,43200.0,141.3009753241364,1441.2634854604673,0.0,2.2737367544323206e-13,1.1368683772161603e-13,0,0,0,0.0,0,0,True,0,0,,,,0.1612729997759743,0.34172060054515857,0.4844510003749747,0.543030495987176,1.739779558032751,-0.8399216467514634,0.6463694567397889,9.92644993277019,1139.0615243598584,0,11.507806594113326,11.40969425928688,1247.2795948001497,1500.0,-0.40053342282772064,3.1165282724510135e-05,0.0,0.0,0.0,0.0,0.0,18839.08062415963,14750.0,55.94543910391785,3780.4147798558615,0.0,6.821210263296962e-13,-8.242295734817162e-13,0,0,0,0.0,0,0,True,0,0,,,,0.16015099936339539,0.3444839199073613,0.6337770000754972,,,,,,,,,
d5419d24e3f12cc98db8a0792babd5f886758ddd3fc42e7ea513816b648d1aed,gen1200,Feb2022,550.0,swmpc,0,1500.0,0.5,96.58333333333333,72.0,10.0,1200.0,600.0,0.5846043996939849,2.230912659317255,-2.230912659317255,2.522094071685737,6.0318269628510635,1138.8342760024852,0,44.57232750210255,44.51992889057445,1350.0,1500.0,-0.3675923366099596,0.11365813282067572,34.2054149011697,0.0,1.23066203285404e-14,34.2054149011697,0.0,71130.42535248675,65150.0,218.29568032737615,5612.1296721593735,0.0,-2.7284841053187847e-12,5.684341886080802e-14,0,0,0,0.0,0,0,True,1008,0,9.994565076485108e-11,1.193141351210149e-13,3.751287062656137e-10,0.7678890005990979,1.5040647199202808,5.795758999738609,0.5721721069725109,1.7871935777366161,-1.220161841250956,1.6574050354410976,6.0318269628510635,1139.1714862045249,0,29.101638750356173,29.256463963455246,1179.4609401363116,1286.9782067446151,0.5128437671810389,0.1481434780872687,34.2054149011697,0.0,1.23066203285404e-14,34.2054149011697,0.0,44935.89481570476,43200.0,143.45395116360902,1484.9235979328425,0.0,-8.412825991399586e-12,1.1368683772161603e-13,0,0,0,0.0,0,0,True,1008,0,9.994565076485108e-11,1.193141351210149e-13,3.751287062656137e-10,0.8168330000444257,1.608716289638323,5.795758999738609,0.6168961663029201,2.230912659317255,-2.230912659317255,0.644840460793862,9.997620092364803,1138.8342760024852,0,11.50820720224582,11.382704468719353,1286.9782067446151,1500.0,-0.3675923366099596,1.008435438709654e-06,0.0,0.0,0.0,0.0,0.0,18839.970251154562,14750.0,55.813099389083675,3821.1353585100915,0.0,-2.0463630789890885e-12,-7.105427357601002e-15,0,0,0,0.0,0,0,True,1008,0,9.994565076485108e-11,1.193141351210149e-13,3.751287062656137e-10,0.7678890005990979,1.5040647199202808,5.795758999738609,0.2925819994743506,0.5983068902787628,5.1077209991490236,0.2925819994743506,0.5983068902787628,5.1077209991490236,0.2925819994743506,0.5983068902787628,5.1077209991490236
d5419d24e3f12cc98db8a0792babd5f886758ddd3fc42e7ea513816b648d1aed,gen1200,Feb2022,550.0,swmpc,1,1500.0,0.5,96.58333333333333,72.0,10.0,1200.0,600.0,0.5662587740889806,1.6664276598021388,-1.4682237701490521,2.5233248571073466,6.0341676530312185,1138.7597298840003,0,44.60396824707486,44.541654677913456,1350.0,1500.0,-0.43714903201907873,0.11342283577916445,34.16911282875492,0.0,1.1888975833178966e-14,34.16911282875492,0.0,71206.12102115311,65150.0,218.40220892357792,5687.71881222955,0.0,1.3642420526593924e-11,-6.536993168992922e-13,0,0,0,0.0,0,0,True,1008,0,6.627436554612725e-11,1.0966374457225551e-13,3.8875834458112006e-10,0.7713149998380686,1.2785824799175316,4.847148000408197,0.6110711305995792,1.6664276598021388,-1.4682237701490521,1.65572188392815,6.0341676530312185,1138.7597298840003,0,29.136876430278765,29.226753023443354,1179.3629022009113,1286.2687031482812,0.7503630351275206,0.1476414164177423,34.16911282875492,0.0,1.1464136295808635e-14,34.16911282875492,0.0,45020.16219204661,43200.0,143.3082687686742,1569.9481223305697,0.0,6.821210263296962e-13,-3.410605131648481e-13,0,0,0,0.0,0,0,True,1008,0,6.627436554612725e-11,1.0966374457225551e-13,3.8875834458112006e-10,0.8515005001754616,1.2860146005368733,4.847148000408197,0.5014779789955223,1.6141471387818456,-1.1360216615721583,0.642359648872636,9.996717243275217,1138.93635936411,0,11.50818845530138,11.33891325111044,1286.2687031482812,1500.0,-0.43714903201907873,1.3909986121829476e-06,0.0,0.0,0.0,0.0,0.0,18839.95896554094,14750.0,55.59837681700018,3820.629291872219,0.0,-2.0463630789890885e-12,-2.4868995751603507e-13,0,0,0,0.0,0,0,True,1008,0,6.627436554612725e-11,1.0966374457225551e-13,3.8875834458112006e-10,0.7713149998380686,1.2785824799175316,4.847148000408197,0.317654500122444,0.5316042200229275,1.4799939999647904,0.317654500122444,0.5316042200229275,1.4799939999647904,0.317654500122444,0.5316042200229275,1.4799939999647904
d5419d24e3f12cc98db8a0792babd5f886758ddd3fc42e7ea513816b648d1aed,gen1200,Feb2022,550.0,swmpc,2,1500.0,0.5,96.58333333333333,72.0,10.0,1200.0,600.0,0.4900103282983547,1.7891105338931084,-0.8954913876950741,2.5215579335952953,6.031438146401836,1138.7870725181335,0,44.567766284096315,44.51046499708683,1350.0,1500.0,-0.4019861286506057,0.11373713506666705,34.185499223604694,0.0,1.4720348697337686e-14,34.185499223604694,0.0,71135.46275684437,65150.0,218.24927578183915,5617.213481062515,0.0,-1.4551915228366852e-11,1.7337242752546445e-12,0,0,0,0.0,0,0,True,1008,0,6.102267092651304e-11,8.822238172622976e-14,3.9546383650015555e-10,0.9889630000543548,1.342158960287634,6.136324000181048,0.4777522915709463,1.3024167995899916,-0.8954913876950741,1.6543416917298992,6.031438146401836,1138.7870725181335,0,29.098899667023023,29.202389912165916,1179.3611388740771,1286.1823953787462,0.36774106975644827,0.14823280411229534,34.185499223604694,0.0,1.4720348697337686e-14,34.185499223604694,0.0,44945.669726872016,43200.0,143.18880851606968,1495.659661851279,0.0,1.3642420526593924e-12,1.1368683772161603e-12,0,0,0,0.0,0,0,True,1008,0,6.102267092651304e-11,8.822238172622976e-14,3.9546383650015555e-10,1.0779670001284103,1.4178250300665232,6.136324000181048,0.5488928719638054,1.7891105338931084,-0.8407450187951326,0.6457303522997351,9.99395032600535,1139.0557098881918,0,11.508134283740034,11.398412806884544,1286.1823953787462,1500.0,-0.4019861286506057,2.563421184209602e-06,0.0,0.0,0.0,0.0,0.0,18839.924379075066,14750.0,55.89012247631685,3820.216651977493,0.0,-2.7284841053187847e-12,6.252776074688882e-13,0,0,0,0.0,0,0,True,1008,0,6.102267092651304e-11,8.822238172622976e-14,3.9546383650015555e-10,0.9889630000543548,1.342158960287634,6.136324000181048,0.3702240001075552,0.5587309496331727,1.381694999508909,0.3702240001075552,0.5587309496331727,1.381694999508909,0.3702240001075552,0.5587309496331727,1.381694999508909
d5419d24e3f12cc98db8a0792babd5f886758ddd3fc42e7ea513816b648d1aed,gen1200,Mar2015,400.0,pid_lowdrag_preview,0,1500.0,0.5,96.33333333333333,72.0,10.0,1200.0,600.0,1.634352904422967,6.902806829661131,-5.308105888776481,46.494564196859535,8.250508364256234,1113.3311899129994,0,820.9665358021651,820.7206523660374,1350.0,1500.0,-1.6695512253791094,0.08903414453448544,0.0,0.0,0.0,0.0,0.0,73831.15743620257,65000.0,4024.2600927626895,4656.897343439906,0.0,2.4556356947869062e-11,-1.6370904631912708e-11,0,0,0,0.0,0,0,True,0,0,,,,0.15892000010353513,0.2979368299656926,0.9012610007630428,1.6567278536583558,6.902806829661131,-5.014011011458933,31.433208942702382,8.253909882202562,1113.3311899129994,0,554.8272423214138,554.8580612603165,1202.2288874674528,1299.6541943255438,0.18003057409077883,0.11333466128639391,0.0,0.0,0.0,0.0,0.0,48007.60917887368,43200.0,2720.6494032292208,1989.5344687863828,0.0,1.3415046851150692e-11,-9.094947017729282e-12,0,0,0,0.0,0,0,True,0,0,,,,0.15892000010353513,0.2783974500198381,0.47435599935852224,1.642650968842407,5.308105888776481,-5.308105888776481,11.068306276920978,9.828667584006535,1119.476344883951,0,195.64982236399464,195.37741035101703,1299.6541943255438,1500.0,-1.6695512253791094,7.349818469937208e-05,0.0,0.0,0.0,0.0,0.0,18120.0,14600.0,957.9989406094112,2361.655253716139,0.0,6.366462912410498e-12,-7.73070496506989e-12,0,0,0,0.0,0,0,True,0,0,,,,0.15892000010353513,0.2979368299656926,0.9012610007630428,,,,,,,,,
d5419d24e3f12cc98db8a0792babd5f886758ddd3fc42e7ea513816b648d1aed,gen1200,Mar2015,400.0,pid_lowdrag_preview,1,1500.0,0.5,96.33333333333333,72.0,10.0,1200.0,600.0,1.6763120128595785,7.341014429926872,-5.52804550062865,46.51198926096962,8.233352173086569,1115.387766407142,0,821.353597113567,821.0282390749596,1350.0,1500.0,-2.2091663852334023,0.08871165161142736,0.0,0.0,0.0,0.0,0.0,73871.76156967021,65000.0,4025.768290362217,4695.993279308002,0.0,6.366462912410498e-12,-4.547473508864641e-13,0,0,0,0.0,0,0,True,0,0,,,,0.16121800035762135,0.3600470297442371,0.6607269997402909,1.716344147060408,7.341014429926872,-5.52804550062865,31.468754475792945,8.233352173086569,1115.387766407142,0,555.1767197531129,555.4855099440612,1202.905551840421,1297.4108551029497,2.6544413222000003,0.11283621007271294,0.0,0.0,0.0,0.0,0.0,48041.17709263732,43200.0,2723.7259880464608,2022.945801328336,0.0,4.547473508864641e-12,-1.0459189070388675e-11,0,0,0,0.0,0,0,True,0,0,,,,0.16234500026257592,0.3889406097005119,0.6607269997402909,1.7373749704625356,5.482918200083077,-4.473291672766209,11.043457654577615,9.914459794012108,1119.770781736523,0,195.65512770693522,194.93878321487784,1297.4108551029497,1500.0,-2.2091663852334023,3.6618238864694064e-05,0.0,0.0,0.0,0.0,0.0,18120.0,14600.0,955.8482092070835,2361.5626458958686,0.0,2.5011104298755527e-12,9.43600753089413e-12,0,0,0,0.0,0,0,True,0,0,,,,0.16121800035762135,0.3600470297442371,0.6607269997402909,,,,,,,,,
d5419d24e3f12cc98db8a0792babd5f886758ddd3fc42e7ea513816b648d1aed,gen1200,Mar2015,400.0,pid_lowdrag_preview,2,1500.0,0.5,96.33333333333333,72.0,10.0,1200.0,600.0,1.7039114399475228,5.790931827388704,-5.790931827388704,46.5323043215123,8.229078641500232,1112.6565197035802,0,821.3221579536743,821.3868399142071,1350.0,1500.0,0.43905028887093067,0.08870937505407461,0.0,0.0,0.0,0.0,0.0,73857.85911350095,65000.0,4027.5266268223395,4680.332486678608,0.0,-9.094947017729282e-13,1.8189894035458565e-11,0,0,0,0.0,0,0,True,0,0,,,,0.1605624997864652,0.29974913035403006,0.7828010002413066,1.7481419864361896,5.790931827388704,-5.790931827388704,31.430819570553332,8.270326675743986,1112.6565197035802,0,555.1187478658464,554.8158841348186,1202.39971448904,1299.9696004932064,-1.565867941826582,0.11289919665548143,0.0,0.0,0.0,0.0,0.0,48028.71770336738,43200.0,2720.442595075371,2010.70522228784,0.0,-2.2737367544323206e-12,4.092726157978177e-12,0,0,0,0.0,0,0,True,0,0,,,,0.16127800017784466,0.2971634199184335,0.43327399998815963,1.6881978346194269,4.367415875196457,-4.1410951456055045,11.100330997154586,9.808657695091215,1116.792416938786,0,195.64740305326222,195.94270975184656,1299.9696004932064,1500.0,0.43905028887093067,8.228610363381073e-05,0.0,0.0,0.0,0.0,0.0,18120.0,14600.0,960.7707872939708,2359.1988131992375,0.0,2.0463630789890885e-12,1.6143530956469476e-11,0,0,0,0.0,0,0,True,0,0,,,,0.1605624997864652,0.29974913035403006,0.7828010002413066,,,,,,,,,
d5419d24e3f12cc98db8a0792babd5f886758ddd3fc42e7ea513816b648d1aed,gen1200,Mar2015,400.0,swmpc,0,1500.0,0.5,96.33333333333333,72.0,10.0,1200.0,600.0,1.4637485048863306,5.961221165955067,-5.30808337405324,45.20979348225276,5.698524687685941,1115.8892943685003,0,798.2878107231139,798.0419182549222,1350.0,1500.0,-1.6695610908791423,0.11057802430992703,34.65775242660709,0.0,1.1314258958721927e-14,34.65775242660709,0.0,71869.43615047217,65000.0,3913.058888827299,2806.377261644876,0.0,4.547473508864641e-13,-1.2732925824820995e-11,0,0,0,0.0,0,0,True,1008,0,1.4767068877575934e-11,2.3251260881023146e-13,2.0376085497949855e-10,0.6914840000717959,1.0282426493904493,7.921387999886065,1.4238998110665584,5.961221165955067,-3.8754010293632746,30.239482295155945,5.698524687685941,1115.8892943685003,0,533.8716746227399,533.7864342896216,1212.9813177801782,1300.6098108048875,0.4940914371982217,0.14374741417786419,34.6484983880185,0.0,1.1314258958721927e-14,34.6484983880185,0.0,46294.920056284915,43200.0,2617.3283679131514,389.9631953470496,0.0,-4.320099833421409e-12,-1.864464138634503e-11,0,0,0,0.0,0,0,True,1008,0,1.4767068877575934e-11,2.3251260881023146e-13,2.0376085497949855e-10,0.7201225002972933,1.0899766801321666,7.921387999886065,1.6429696266862195,5.30808337405324,-5.30808337405324,11.059677926581521,8.42553931062496,1119.4763456268017,0,195.54377608261348,195.2251029696822,1300.6098108048875,1500.0,-1.6695610908791423,0.0008226916387638061,0.0,0.0,0.0,0.0,0.0,18120.0,14600.0,957.2521280188084,2363.35768278609,0.0,1.1141310096718371e-11,6.139089236967266e-12,0,0,0,0.0,0,0,True,1008,0,1.4767068877575934e-11,2.3251260881023146e-13,2.0376085497949855e-10,0.6914840000717959,1.0282426493904493,7.921387999886065,0.25629649962866097,0.42871813985584567,7.416325999656692,0.25629649962866097,0.42871813985584567,7.416325999656692,0.25629649962866097,0.42871813985584567,7.416325999656692
d5419d24e3f12cc98db8a0792babd5f886758ddd3fc42e7ea513816b648d1aed,gen1200,Mar2015,400.0,swmpc,1,1500.0,0.5,96.33333333333333,72.0,10.0,1200.0,600.0,1.431930015165108,5.482892876490951,-4.473280561156571,45.26339115186219,5.621053867976516,1112.056319586297,0,799.3133901583203,798.9880227109473,1350.0,1500.0,-2.2091699671000242,0.10923492583100791,34.69130814245489,0.0,1.1869602182458278e-14,34.69130814245489,0.0,71872.62826849477,65000.0,3917.6979464591413,2804.9303220356187,0.0,-5.4569682106375694e-12,3.774403012357652e-11,0,0,0,0.0,0,0,True,1008,0,1.497938915081204e-11,2.9418312174717045e-13,3.1080772508049e-10,0.7317849999708415,1.2561734199971397,4.128642999603471,1.3893660542507713,4.865774441510439,-4.05314524192363,30.296437573071003,5.99425731570982,1112.056319586297,0,534.8057277597627,534.7918071467267,1213.7292524759446,1299.060557578979,0.8874525902792811,0.1417186975592808,34.64818193811538,0.0,1.1869602182458278e-14,34.64818193811538,0.0,46298.931020097516,43200.0,2622.2580377777067,391.3416772167716,0.0,-3.410605131648481e-12,5.9117155615240335e-12,0,0,0,0.0,0,0,True,1008,0,1.497938915081204e-11,2.9418312174717045e-13,3.1080772508049e-10,0.7673434997741424,1.296069799627729,4.128642999603471,1.7303617768633608,5.482892876490951,-4.473280561156571,11.057442379778024,9.705082821352299,1119.7707814604905,0,195.64172840236745,195.1856411645764,1299.060557578979,1500.0,-2.2091699671000242,0.00012860452849494663,0.0,0.0,0.0,0.0,0.0,18120.0,14600.0,957.0586339632983,2362.001923615684,0.0,3.410605131648481e-12,3.183231456205249e-11,0,0,0,0.0,0,0,True,1008,0,1.497938915081204e-11,2.9418312174717045e-13,3.1080772508049e-10,0.7317849999708415,1.2561734199971397,4.128642999603471,0.28560600003402214,0.5193936601790482,0.6917689997862908,0.28560600003402214,0.5193936601790482,0.6917689997862908,0.28560600003402214,0.5193936601790482,0.6917689997862908
d5419d24e3f12cc98db8a0792babd5f886758ddd3fc42e7ea513816b648d1aed,gen1200,Mar2015,400.0,swmpc,2,1500.0,0.5,96.33333333333333,72.0,10.0,1200.0,600.0,1.504626573742443,5.2166495164856315,-4.673885601572692,45.301423429244174,5.9004924511443715,1110.1074945676166,0,799.5946946873513,799.6593673303151,1350.0,1500.0,0.43903625663369894,0.10854011887383286,34.639635539741306,0.0,1.0996544557563803e-14,34.639635539741306,0.0,71896.67833302726,65000.0,3920.9897673149317,2825.688565712333,0.0,5.4569682106375694e-12,1.4097167877480388e-11,0,0,0,0.0,0,0,True,1008,0,1.7370413737788276e-11,1.9493863284659105e-13,2.2937182209001334e-10,0.7304480004677316,1.2888105304227786,2.228444000138552,1.4887190315556835,5.2166495164856315,-4.673885601572692,30.287872856237566,5.94299488099523,1110.1074945676166,0,535.0579092206406,534.6406230221223,1212.582286327489,1302.0487769906551,-1.325242791324854,0.14090490685906587,34.63791099231807,0.0,1.0996544557563803e-14,34.63791099231807,0.0,46321.359806284876,43200.0,2621.5167328799475,410.3765827417658,0.0,3.410605131648481e-12,1.2278178473934531e-11,0,0,0,0.0,0,0,True,1008,0,1.7370413737788276e-11,1.9493863284659105e-13,2.2937182209001334e-10,0.7663569999749598,1.351879289904897,2.228444000138552,1.687432407860421,4.366948544047773,-4.140154908411205,11.096977318544639,9.447761009929394,1116.7783241438726,0,195.6236465898885,195.8835107176276,1302.0487769906551,1500.0,0.43903625663369894,0.00024688010322682086,0.0,0.0,0.0,0.0,0.0,18120.0,14600.0,960.4805151895262,2361.5682618011306,0.0,1.5916157281026244e-12,1.1368683772161603e-12,0,0,0,0.0,0,0,True,1008,0,1.7370413737788276e-11,1.9493863284659105e-13,2.2937182209001334e-10,0.7304480004677316,1.2888105304227786,2.228444000138552,0.28520000023490866,0.576312100502036,1.632794999750331,0.28520000023490866,0.576312100502036,1.632794999750331,0.28520000023490866,0.576312100502036,1.632794999750331
d5419d24e3f12cc98db8a0792babd5f886758ddd3fc42e7ea513816b648d1aed,gen1200,Mar2015,550.0,pid_lowdrag_preview,0,1500.0,0.5,96.75,72.0,10.0,1200.0,600.0,0.672099381533265,2.7456337977200747,-2.7456337977200747,3.764658371775793,7.878557464872729,1137.8518006929112,0,66.49745498399493,66.45363663883472,1350.0,1500.0,-0.30740314815193415,0.1488931823629166,0.0,0.0,0.0,0.0,0.0,71331.4316957757,65250.0,325.8437778721142,5605.587917903567,0.0,-1.4551915228366852e-11,-2.1032064978498966e-12,0,0,0,0.0,0,0,True,0,0,,,,0.1756550000209245,0.4985716003648126,3.2639269993524067,0.6382108721955367,2.273636787198484,-1.8444662597030401,2.532250695680376,7.881428555492568,1138.1104018357764,0,44.58100533479137,44.69921331262893,1279.6297489751369,1188.6034519048376,0.5063127772882581,0.19254554122820244,0.0,0.0,0.0,0.0,0.0,44839.348404729026,43200.0,219.1747701161462,1511.1999316831684,0.0,-1.0459189070388675e-11,-9.663381206337363e-13,0,0,0,0.0,0,0,True,0,0,,,,0.18140900010621408,0.5119167798420674,3.2639269993524067,0.7979035235053433,2.7456337977200747,-2.7456337977200747,0.9374501713573768,9.86755069884236,1137.8518006929112,0,16.663833843248078,16.54784230129505,1188.6034519048376,1500.0,-0.30740314815193415,5.574465536928308e-05,0.0,0.0,0.0,0.0,0.0,19078.34438373553,14850.0,81.13944885199751,3835.808386788366,0.0,-4.092726157978177e-12,-1.1368683772161603e-12,0,0,0,0.0,0,0,True,0,0,,,,0.1756550000209245,0.4985716003648126,3.2639269993524067,,,,,,,,,
d5419d24e3f12cc98db8a0792babd5f886758ddd3fc42e7ea513816b648d1aed,gen1200,Mar2015,550.0,pid_lowdrag_preview,1,1500.0,0.5,96.75,72.0,10.0,1200.0,600.0,0.6552430533684243,2.0712638841941953,-1.9970966838300228,3.761700049223713,7.874740001984952,1137.691200852357,0,66.49476370627168,66.40141641789674,1350.0,1500.0,-0.6548652583733201,0.14885187845859338,0.0,0.0,0.0,0.0,0.0,71323.97816322104,65250.0,325.5877251572811,5598.390438063753,0.0,-1.8189894035458565e-12,3.637978807091713e-12,0,0,0,0.0,0,0,True,0,0,,,,0.16778400004113792,0.48670824045984795,1.4654719998361543,0.6912543891185249,2.0712638841941953,-1.9970966838300228,2.52624116001852,7.874740001984952,1137.691200852357,0,44.577899084981965,44.59313316941268,1279.6770914817696,1188.9370946607953,0.7750660562887788,0.19245725998566787,0.0,0.0,0.0,0.0,0.0,44830.47700765874,43200.0,218.65462469790887,1502.5623797818048,0.0,2.0463630789890885e-12,1.2505552149377763e-12,0,0,0,0.0,0,0,True,0,0,,,,0.1660909997553972,0.46535477073120973,0.9223820006809547,0.6255750480060452,1.8409882746636868,-1.5079851830378175,0.9324764162281918,9.882419771952764,1138.8568364103546,0,16.663875913814117,16.460045724968218,1188.9370946607953,1500.0,-0.6548652583733201,4.948662796600001e-05,0.0,0.0,0.0,0.0,0.0,19078.53024714941,14850.0,80.70895370437896,3836.7583881058263,0.0,-2.2737367544323206e-13,2.4442670110147446e-12,0,0,0,0.0,0,0,True,0,0,,,,0.16778400004113792,0.48670824045984795,1.4654719998361543,,,,,,,,,
d5419d24e3f12cc98db8a0792babd5f886758ddd3fc42e7ea513816b648d1aed,gen1200,Mar2015,550.0,pid_lowdrag_preview,2,1500.0,0.5,96.75,72.0,10.0,1200.0,600.0,0.6374158669296022,1.9574034130200744,-1.5880121355876327,3.7662747400342096,7.877508338507146,1138.2078474681698,0,66.50483547486884,66.48216872284166,1350.0,1500.0,-0.15901830606162548,0.14884604166088833,0.0,0.0,0.0,0.0,0.0,71334.69024395605,65250.0,325.9836799529281,5608.706564003127,0.0,4.547473508864641e-12,5.684341886080801e-13,0,0,0,0.0,0,0,True,0,0,,,,0.15820899989194004,0.21804335956403526,0.43714000003092224,0.6396879142012495,1.7833293518051505,-1.5880121355876327,2.528331451336108,7.884485862331363,1138.2078474681698,0,44.588344786774485,44.63003092904143,1279.2960538674256,1189.1186876662762,0.38541669864207506,0.19244719722324044,0.0,0.0,0.0,0.0,0.0,44842.145669031735,43200.0,218.83554640514242,1513.4874888277477,0.0,5.229594535194337e-12,3.126388037344441e-13,0,0,0,0.0,0,0,True,0,0,,,,0.15914999994492973,0.24062100070295786,0.43714000003092224,0.7024134189694673,1.9574034130200744,-1.144944405183196,0.9396178031156799,9.858942395442885,1138.9606111071275,0,16.66371188419275,16.58610527206391,1189.1186876662762,1500.0,-0.15901830606162548,5.936770922232437e-05,0.0,0.0,0.0,0.0,0.0,19078.2367790361,14850.0,81.32706463314294,3836.028402069229,0.0,-2.9558577807620168e-12,2.8421709430404007e-13,0,0,0,0.0,0,0,True,0,0,,,,0.15820899989194004,0.21804335956403526,0.43714000003092224,,,,,,,,,
d5419d24e3f12cc98db8a0792babd5f886758ddd3fc42e7ea513816b648d1aed,gen1200,Mar2015,550.0,swmpc,0,1500.0,0.5,96.75,72.0,10.0,1200.0,600.0,0.640880767943402,2.7530353320762515,-2.7530353320762515,3.7958991086317795,6.028342672544195,1137.6240067561832,0,67.04904631735347,67.00509718859564,1350.0,1500.0,-0.3083194512873888,0.11434861666606877,34.242758980778184,0.0,1.2485236427648789e-14,34.242758980778184,0.0,71027.87252800612,65250.0,328.5477681722693,5299.324759833841,0.0,-8.185452315956354e-12,2.1600499167107046e-12,0,0,0,0.0,0,0,True,1008,0,8.714893508164666e-11,1.182884562687601e-13,3.0719865505035797e-10,0.7310529999813298,1.2964152396307334,3.080780999880517,0.5864430160281356,2.161806570366025,-1.6044569620862603,2.558687545488778,6.028342672544195,1137.6240067561832,0,45.08539496347266,45.16587579234193,1279.466230702036,1207.9219580157092,0.33192609809339046,0.14782888212939327,34.242758980778184,0.0,1.2485236427648789e-14,34.242758980778184,0.0,44565.898339687716,43200.0,221.46296791948433,1215.9796444545693,0.0,1.1141310096718371e-11,1.2505552149377763e-12,0,0,0,0.0,0,0,True,1008,0,8.714893508164666e-11,1.182884562687601e-13,3.0719865505035797e-10,0.7627465001860401,1.3564856802622647,3.080780999880517,0.7990527127525743,2.7530353320762515,-2.7530353320762515,0.9388838555995505,10.0,1137.8482783626525,0,16.66441372201851,16.57314965252796,1207.9219580157092,1500.0,-0.3083194512873888,0.0,0.0,0.0,0.0,0.0,0.0,19080.0,14850.0,81.26353901998087,3856.6584189957275,0.0,-4.547473508864641e-13,9.947598300641403e-13,0,0,0,0.0,0,0,True,1008,0,8.714893508164666e-11,1.182884562687601e-13,3.0719865505035797e-10,0.7310529999813298,1.2964152396307334,3.080780999880517,0.2827169996635348,0.5627115398692693,2.303267000570486,0.2827169996635348,0.5627115398692693,2.303267000570486,0.2827169996635348,0.5627115398692693,2.303267000570486
d5419d24e3f12cc98db8a0792babd5f886758ddd3fc42e7ea513816b648d1aed,gen1200,Mar2015,550.0,swmpc,1,1500.0,0.5,96.75,72.0,10.0,1200.0,600.0,0.6341583013234646,2.2226860327646136,-1.9116047453135252,3.792429646305992,6.0150319130720735,1137.8692114653084,0,67.03751618181666,66.94385434370409,1350.0,1500.0,-0.6570706348866224,0.11466590251034015,34.24873783343632,0.0,1.6351739888742933e-14,34.24873783343632,0.0,71050.04556080526,65250.0,328.24747459984087,5321.798086205432,0.0,1.4551915228366852e-11,-1.4210854715202004e-12,0,0,0,0.0,0,0,True,1008,0,7.313936780316045e-11,1.2742192882857141e-13,2.8103704841226247e-10,0.7075380008245702,1.2408277996291872,2.080365999972855,0.6736649761794429,2.2226860327646136,-1.9116047453135252,2.554303609777337,6.0150319130720735,1137.8692114653084,0,45.0753086536536,45.08849069068133,1279.6310767685693,1207.8848502406254,0.5707894070073962,0.1482895523885981,34.24873783343632,0.0,1.6351739888742933e-14,34.24873783343632,0.0,44593.32937628002,43200.0,221.08352361588413,1243.992079192092,0.0,1.546140993013978e-11,-5.400124791776761e-13,0,0,0,0.0,0,0,True,1008,0,7.313936780316045e-11,1.2742192882857141e-13,2.8103704841226247e-10,0.7277640002030239,1.249000130155764,2.080365999972855,0.6249884732105511,1.838844639249146,-1.5418510865420103,0.9341371019287625,10.0,1138.8629411811908,0,16.66438586999991,16.489360099133492,1207.8848502406254,1500.0,-0.6570706348866224,0.0,0.0,0.0,0.0,0.0,0.0,19080.0,14850.0,80.85269160808271,3857.0321586325435,0.0,9.094947017729282e-13,-8.526512829121202e-13,0,0,0,0.0,0,0,True,1008,0,7.313936780316045e-11,1.2742192882857141e-13,2.8103704841226247e-10,0.7075380008245702,1.2408277996291872,2.080365999972855,0.2755109999270644,0.5306433703208311,1.2870930004282854,0.2755109999270644,0.5306433703208311,1.2870930004282854,0.2755109999270644,0.5306433703208311,1.2870930004282854
d5419d24e3f12cc98db8a0792babd5f886758ddd3fc42e7ea513816b648d1aed,gen1200,Mar2015,550.0,swmpc,2,1500.0,0.5,96.75,72.0,10.0,1200.0,600.0,0.598469990496626,2.0489761512726545,-1.3931355150416493,3.7956036845416894,6.025631446772886,1138.3023082820166,0,67.02278424769942,66.99988237141987,1350.0,1500.0,-0.16066639497876167,0.11440531485082617,34.27106416976209,0.0,1.0956871793508465e-14,34.27106416976209,0.0,71007.94072473107,65250.0,328.52219822884064,5279.418526502219,0.0,-1.4551915228366852e-11,7.958078640513122e-13,0,0,0,0.0,0,0,True,1008,0,7.132209721046033e-11,1.8167235571837325e-13,3.549342565519874e-10,0.7923570001366897,1.4085670401254908,3.744673000255716,0.5944786605124676,2.0489761512726545,-1.3931355150416493,2.5556996517608828,6.025631446772886,1138.3023082820166,0,45.05847797112094,45.113133581893905,1279.31135540178,1208.2270191828225,0.36465559899806976,0.14801632059381564,34.27106416976209,0.0,1.0956871793508465e-14,34.27106416976209,0.0,44548.23351638437,43200.0,221.20435572043897,1198.1134968828765,0.0,-9.322320693172514e-12,7.958078640513122e-13,0,0,0,0.0,0,0,True,1008,0,7.132209721046033e-11,1.8167235571837325e-13,3.549342565519874e-10,0.8489259998896159,1.494458040106109,3.744673000255716,0.7067002255590537,1.9536815797910094,-1.1448067491874099,0.9398071810144382,10.0,1138.954497360478,0,16.664330285526432,16.589448165051586,1208.2270191828225,1500.0,-0.16066639497876167,0.0,0.0,0.0,0.0,0.0,0.0,19080.0,14850.0,81.34345592390088,3856.883563258925,0.0,3.637978807091713e-12,7.105427357601002e-14,0,0,0,0.0,0,0,True,1008,0,7.132209721046033e-11,1.8167235571837325e-13,3.549342565519874e-10,0.7923570001366897,1.4085670401254908,3.744673000255716,0.29544100016209995,0.635382589989603,1.331208999545197,0.29544100016209995,0.635382589989603,1.331208999545197,0.29544100016209995,0.635382589989603,1.331208999545197
d5419d24e3f12cc98db8a0792babd5f886758ddd3fc42e7ea513816b648d1aed,gen1200,May2024,400.0,pid_lowdrag_preview,0,1500.0,0.5,96.58333333333333,72.0,10.0,1200.0,600.0,2.5933103338382915,10.741233518347144,-9.387737515382469,122.19831251018313,8.534312468430745,1089.5758995821404,0,2156.3630981412903,2157.040946480372,1350.0,1500.0,4.603462504222989,0.04436173647469732,0.0,0.0,0.0,0.0,0.006907137375287797,79546.60098236079,65150.0,10576.672798900892,3669.928183459897,0.0,0.0,-1.8189894035458565e-12,0,0,0,0.0,0,0,True,0,0,,,,0.15873000029387185,0.244141000075615,0.42115599990211194,2.7654906866125075,10.741233518347144,-9.387737515382469,87.17188166664053,8.539025244727275,1089.5758995821404,0,1538.7223571084003,1538.7554400230918,1152.4139944339356,1455.4004820311093,-1.079179186373949,0.0511211818940871,0.0,0.0,0.0,0.0,0.010416666666666666,52666.28263025603,43200.0,7545.018017951256,1618.2781247076052,0.0,7.275957614183426e-12,4.638422979041934e-11,0,0,0,0.0,0,0,True,0,0,,,,0.1594854993527406,0.24343859980035631,0.42115599990211194,2.25143503232367,6.367909177206457,-6.367909177206457,26.00389482242832,9.9215617470591,1118.6210162638008,0,458.18323069353914,459.01997128865105,1455.4004820311093,1500.0,4.603462504222989,3.323654785636343e-05,0.0,0.0,0.0,0.0,0.0,18640.0,14750.0,2250.7241007189195,1594.6763813121875,0.0,-2.2737367544323206e-12,-4.956746124662459e-11,0,0,0,0.0,0,0,True,0,0,,,,0.15873000029387185,0.244141000075615,0.42115599990211194,,,,,,,,,
d5419d24e3f12cc98db8a0792babd5f886758ddd3fc42e7ea513816b648d1aed,gen1200,May2024,400.0,pid_lowdrag_preview,1,1500.0,0.5,96.58333333333333,72.0,10.0,1200.0,600.0,2.58777358582988,9.164715602993965,-9.164715602993965,122.17759186502714,8.491169570731987,1089.0371062374295,0,2156.6125667248452,2156.6751862737065,1350.0,1500.0,0.4250854477286339,0.044468320339571266,0.0,0.0,0.0,0.0,0.009976976208749041,79558.1962634862,65150.0,10574.879357735535,3683.316905750686,0.0,2.2282620193436742e-11,3.092281986027956e-11,0,0,0,0.0,0,0,True,0,0,,,,0.17806899995775893,0.36411833967576973,2.407975000096485,2.7004626988538245,9.164715602993965,-9.164715602993965,87.19035053163009,8.504913943965681,1089.0371062374295,0,1538.9972963033313,1539.0814518738205,1155.5831490141968,1452.262960448813,-0.5254641687497497,0.05119792303623527,0.0,0.0,0.0,0.0,0.015046296296296295,52665.77407749768,43200.0,7546.616560009237,1622.477706053828,0.0,3.865352482534945e-12,4.8203219193965197e-11,0,0,0,0.0,0,0,True,0,0,,,,0.19608550019256654,0.36401418970854127,2.407975000096485,2.513273894039379,7.152718278579414,-6.919441521167755,25.964622783168423,9.940128908080872,1113.8038172045215,0,458.1867677088587,458.3267424298067,1452.262960448813,1500.0,0.4250854477286339,2.5369106745443126e-05,0.0,0.0,0.0,0.0,0.0,18640.0,14750.0,2247.3249743246092,1594.9379861242157,0.0,1.2050804798491299e-11,-1.6825651982799172e-11,0,0,0,0.0,0,0,True,0,0,,,,0.17806899995775893,0.36411833967576973,2.407975000096485,,,,,,,,,
d5419d24e3f12cc98db8a0792babd5f886758ddd3fc42e7ea513816b648d1aed,gen1200,May2024,400.0,pid_lowdrag_preview,2,1500.0,0.5,96.58333333333333,72.0,10.0,1200.0,600.0,2.6283187136802666,10.152513113804162,-10.152513113804162,122.18387204114657,8.496819453063127,1087.5866434834395,0,2156.412245706747,2156.7860437541667,1350.0,1500.0,2.5384752629324794,0.044407644213694475,0.0,0.0,0.0,0.0,0.010744435917114352,79570.59833628108,65150.0,10575.422927990901,3695.1754082901707,0.0,-8.185452315956354e-12,4.547473508864641e-11,0,0,0,0.0,0,0,True,0,0,,,,0.15994200020941207,0.36637813946072156,1.3466330001392635,2.7527802007595,10.152513113804162,-10.152513113804162,87.1588757298399,8.496819453063127,1087.5866434834395,0,1538.7003012846444,1538.5258596168708,1152.46383033475,1454.3113071171638,-1.8627514131367207,0.051180247314145944,0.0,0.0,0.0,0.0,0.016203703703703703,52675.417799767296,43200.0,7543.892310605873,1629.6780123790088,0.0,-4.547473508864641e-13,2.3646862246096134e-11,0,0,0,0.0,0,0,True,0,0,,,,0.16065750014604419,0.35181512994313374,1.3466330001392635,2.517657799360757,7.75284184422344,-6.20060577057302,25.993123304710224,9.923873585323983,1117.1419128550406,0,458.18175343218104,458.8298327810455,1454.3113071171638,1500.0,2.5384752629324794,3.225695537112383e-05,0.0,0.0,0.0,0.0,0.0,18640.0,14750.0,2249.791789821143,1594.5195172960168,0.0,-3.865352482534945e-12,2.2282620193436742e-11,0,0,0,0.0,0,0,True,0,0,,,,0.15994200020941207,0.36637813946072156,1.3466330001392635,,,,,,,,,
d5419d24e3f12cc98db8a0792babd5f886758ddd3fc42e7ea513816b648d1aed,gen1200,May2024,400.0,swmpc,0,1500.0,0.5,96.58333333333333,72.0,10.0,1200.0,600.0,7.050143245366183,37.3113369345665,-8.81291086319834,114.0407644816593,3.391833239346314,557.7507754638285,0,2012.3659527116345,2013.0441534073043,1350.0,1500.0,4.603613200597465,0.12311484580555954,39.2932179922133,38.38017725538939,1.2026692466213612e-14,39.2932179922133,0.0,76224.15295350255,65150.0,9870.609723505891,1053.5432299966658,0.0,9.777068044058979e-12,-3.092281986027956e-11,0,0,0,0.0,0,0,True,1008,0,1.0231815394945443e-11,1.091508516143158e-07,1.137571232248605e-09,0.9394879998581018,1.5228420798484879,4.7839320004641195,8.50604305546254,37.3113369345665,-8.81291086319834,80.09899554170512,4.994125676971769,557.7507754638285,0,1413.2437777539335,1413.9050663323044,824.7584666377643,909.3097918938445,2.866699949838221,0.14931543786689327,39.2932179922133,38.38017725538939,1.2026692466213612e-14,39.2932179922133,0.0,50217.387384629954,43200.0,6932.836059373881,0.0,0.0,7.048583938740194e-12,-4.547473508864641e-12,0,0,0,0.0,0,0,True,1008,0,1.0231815394945443e-11,1.091508516143158e-07,1.137571232248605e-09,0.9744459998728416,1.5418638300616283,4.7839320004641195,2.2548067998625467,6.367828844115138,-6.367828844115138,25.946617558609972,8.026052068598808,577.4780492698521,0,457.7531972810759,458.0089147460535,909.3097918938445,1500.0,4.603613200597465,0.0011662033826109752,0.0,0.0,0.0,0.0,0.0,18640.0,14750.0,2245.7665618971796,1053.5432299966658,0.0,9.094947017729282e-13,-2.7284841053187847e-11,0,0,0,0.0,0,0,True,1008,0,1.0231815394945443e-11,1.091508516143158e-07,1.137571232248605e-09,0.9394879998581018,1.5228420798484879,4.7839320004641195,0.4800250003427209,0.8372172898270932,3.035551999346353,0.4800250003427209,0.8372172898270932,3.035551999346353,0.4800250003427209,0.8372172898270932,3.035551999346353
d5419d24e3f12cc98db8a0792babd5f886758ddd3fc42e7ea513816b648d1aed,gen1200,May2024,400.0,swmpc,1,1500.0,0.5,96.58333333333333,72.0,10.0,1200.0,600.0,7.117579524022128,36.48444610275328,-9.113404480740428,114.09346261038527,3.1106682212378107,547.1844882546135,0,2013.9114169618583,2013.9743791946528,1350.0,1500.0,0.42527034785598516,0.12130720351623703,39.6890494192979,39.6890494192979,1.3573268161154915e-14,39.14396445986367,0.0,76214.7748685721,65150.0,9875.170922864592,1039.6039457075083,0.0,-1.1368683772161603e-12,2.3646862246096134e-11,0,0,0,0.0,0,0,True,1008,0,1.1823431123048067e-11,2.524977927513371e-07,1.394577978317556e-09,0.8934289999160683,1.2019358999714314,1.849912000579934,8.568697858329552,36.48444610275328,-9.113404480740428,80.17894503512095,5.074132500524708,547.1844882546135,0,1414.5415623647211,1415.3163323915994,856.7383171425158,891.7380687028244,3.473372895270586,0.14656824254811673,39.6890494192979,39.6890494192979,1.3573268161154915e-14,39.14396445986367,0.0,50174.755707084376,43200.0,6939.755955524058,0.0,0.0,-9.549694368615746e-12,-1.8189894035458565e-12,0,0,0,0.0,0,0,True,1008,0,1.1823431123048067e-11,2.524977927513371e-07,1.394577978317556e-09,0.9179955000035989,1.2521765700694212,1.849912000579934,2.5192916229636206,7.152758018113673,-6.919498049654067,25.904649927337857,7.911696784737304,558.4469822880347,0,457.71696694266916,457.2681033778849,891.7380687028244,1500.0,0.42527034785598516,0.0012678339820741957,0.0,0.0,0.0,0.0,0.0,18640.0,14750.0,2242.134122995321,1039.6039457075083,0.0,4.774847184307873e-12,2.637534635141492e-11,0,0,0,0.0,0,0,True,1008,0,1.1823431123048067e-11,2.524977927513371e-07,1.394577978317556e-09,0.8934289999160683,1.2019358999714314,1.849912000579934,0.45334500009630574,0.6192926597304901,1.3454310001179692,0.45334500009630574,0.6192926597304901,1.3454310001179692,0.45334500009630574,0.6192926597304901,1.3454310001179692
d5419d24e3f12cc98db8a0792babd5f886758ddd3fc42e7ea513816b648d1aed,gen1200,May2024,400.0,swmpc,2,1500.0,0.5,96.58333333333333,72.0,10.0,1200.0,600.0,7.064121399110054,34.68937463499606,-10.15615607239306,114.03389606381823,2.9868119932396593,537.4129272150429,0,2012.5487721883317,2012.9229123016382,1350.0,1500.0,2.5385967530310154,0.12237888719397216,38.49148088656822,26.44510733700633,1.030024060296825e-14,38.49148088656822,0.0,76218.00990523254,65150.0,9870.015238961423,1047.994666271125,0.0,9.549694368615746e-12,-1.8189894035458565e-12,0,0,0,0.0,0,0,True,1008,0,8.640199666842818e-12,2.0636864562527347e-07,7.003342669819613e-10,0.908070999685151,1.3140228803422362,4.787607000253047,8.501630385968973,34.68937463499606,-10.15615607239306,80.07685201616025,5.008018408970999,537.4129272150429,0,1413.339102763872,1413.5141894836986,859.4075010251797,903.5953398718306,0.3164532398805022,0.14801394556723235,38.49148088656822,26.44510733700633,1.030024060296825e-14,38.49148088656822,0.0,50175.10730199683,43200.0,6930.919463150185,0.0,0.0,4.206412995699793e-12,2.1827872842550278e-11,0,0,0,0.0,0,0,True,1008,0,8.640199666842818e-12,2.0636864562527347e-07,7.003342669819613e-10,0.9382309999637073,1.4424686902657369,4.787607000253047,2.5171455448883377,7.75280102994293,-6.200482256710529,25.94470095683178,7.70226654143041,570.6227547063753,0,457.6478758924452,457.9750829489683,903.5953398718306,1500.0,2.5385967530310154,0.0014546981251919444,0.0,0.0,0.0,0.0,0.0,18640.0,14750.0,2245.600673600713,1047.994666271125,0.0,7.389644451905042e-12,-2.5011104298755527e-11,0,0,0,0.0,0,0,True,1008,0,8.640199666842818e-12,2.0636864562527347e-07,7.003342669819613e-10,0.908070999685151,1.3140228803422362,4.787607000253047,0.4594534998432209,0.7183348497255788,2.515967999897839,0.4594534998432209,0.7183348497255788,2.515967999897839,0.4594534998432209,0.7183348497255788,2.515967999897839
d5419d24e3f12cc98db8a0792babd5f886758ddd3fc42e7ea513816b648d1aed,gen1200,May2024,550.0,pid_lowdrag_preview,0,1500.0,0.5,97.0,72.0,10.0,1200.0,600.0,1.0086762949304189,3.0776000963523984,-2.9627899760380387,14.48147605209514,7.746333522370924,1146.1326218771117,0,255.84571837445134,255.62658082729988,1350.0,1500.0,-1.5373949501663446,0.15562998655709726,0.0,0.0,0.0,0.0,0.0,72838.62640830719,65400.0,1253.420204435022,6035.206203872188,0.0,2.2737367544323206e-11,-7.503331289626658e-12,0,0,0,0.0,0,0,True,0,0,,,,0.1973730004465324,0.5799259603827523,2.270176999445539,1.0302116368280876,3.0776000963523984,-2.9627899760380387,10.250874183548653,7.746333522370924,1146.1326218771117,0,180.8504125462232,180.9481235617746,1419.2655308951503,1235.4436590882565,0.34893204271793365,0.20185475883999737,0.0,0.0,0.0,0.0,0.0,45370.56750489449,43200.0,887.2474579635423,1467.1419187378578,0.0,1.5916157281026244e-11,3.410605131648481e-13,0,0,0,0.0,0,0,True,0,0,,,,0.18917500028692302,0.6004799508264113,2.270176999445539,1.002920305307863,2.9359409231692553,-2.9359409231692553,3.2785208778534702,9.208804998590246,1156.562966235484,0,58.141228387293154,57.87235218024193,1235.4436590882565,1500.0,-1.5373949501663446,0.0003494952318544575,0.0,0.0,0.0,0.0,0.0,19800.0,15000.0,283.7669512541827,4251.676707834078,0.0,4.092726157978177e-12,-7.901235221652314e-12,0,0,0,0.0,0,0,True,0,0,,,,0.1973730004465324,0.5799259603827523,2.270176999445539,,,,,,,,,
d5419d24e3f12cc98db8a0792babd5f886758ddd3fc42e7ea513816b648d1aed,gen1200,May2024,550.0,pid_lowdrag_preview,1,1500.0,0.5,97.0,72.0,10.0,1200.0,600.0,0.9189357216721786,3.1766586815938354,-2.7110288525000215,14.488260683227832,7.759591572450157,1146.6197795454661,0,255.86368358722646,255.74634293251665,1350.0,1500.0,-0.8232289310544729,0.15556241934794846,0.0,0.0,0.0,0.0,0.0,72828.33170743882,65400.0,1254.007436959588,6024.324270479246,0.0,1.546140993013978e-11,3.183231456205249e-12,0,0,0,0.0,0,0,True,0,0,,,,0.1676884999142203,0.49114085981273187,3.854929999761225,0.9541711476777622,3.1766586815938354,-2.7110288525000215,10.250695199022918,7.759591572450157,1146.6197795454661,0,180.87713729995838,180.94496413229578,1419.4017762491972,1235.457774059587,0.3411309216171503,0.20167900085030221,0.0,0.0,0.0,0.0,0.0,45359.11508488408,43200.0,887.2319662539961,1455.8271208197057,0.0,1.4779288903810084e-11,3.183231456205249e-12,0,0,0,0.0,0,0,True,0,0,,,,0.16729300068618613,0.4589412298082607,1.337730000159354,0.9325197412272029,2.724484857171774,-2.6619883542880416,3.2843561116692044,9.223176207910079,1156.2597956365967,0,58.14132284412892,57.97535555250164,1235.457774059587,1500.0,-0.8232289310544729,0.0003428847854514139,0.0,0.0,0.0,0.0,0.0,19800.0,15000.0,284.27201026446915,4251.185763795109,0.0,-9.322320693172514e-12,0.0,0,0,0,0.0,0,0,True,0,0,,,,0.1676884999142203,0.49114085981273187,3.854929999761225,,,,,,,,,
d5419d24e3f12cc98db8a0792babd5f886758ddd3fc42e7ea513816b648d1aed,gen1200,May2024,550.0,pid_lowdrag_preview,2,1500.0,0.5,97.0,72.0,10.0,1200.0,600.0,0.9653717701462844,3.53082796279341,-2.676433534361422,14.5039979967055,7.740759186504233,1147.3648957402713,0,255.87445767504818,256.02413751790306,1350.0,1500.0,1.05008131172508,0.1555831852914723,0.0,0.0,0.0,0.0,0.0,72852.82655857336,65400.0,1255.369554094972,6047.457004478374,0.0,-1.4551915228366852e-11,-1.2278178473934531e-11,0,0,0,0.0,0,0,True,0,0,,,,0.17278050017921487,0.5120128100406877,4.262294999534788,0.9900746090352035,3.45449033472687,-2.676433534361422,10.239580299724656,7.740759186504233,1147.3648957402713,0,180.88077058025408,180.74876426332713,1419.2759350470385,1238.0892955281176,-0.7466219160705805,0.20177268433998874,0.0,0.0,0.0,0.0,0.0,45383.662678220346,43200.0,886.2699345314861,1478.579383207775,0.0,-5.4569682106375694e-12,-9.43600753089413e-12,0,0,0,0.0,0,0,True,0,0,,,,0.17633600009503425,0.5120128100406871,4.262294999534788,1.016724981598271,3.53082796279341,-2.169220202602446,3.3082407413182757,9.194889162964337,1155.8998147687446,0,58.140863268119176,58.39696631852888,1238.0892955281176,1500.0,1.05008131172508,0.00035590073203650707,0.0,0.0,0.0,0.0,0.0,19800.0,15000.0,286.33930487379297,4251.7499906543235,0.0,-1.5916157281026244e-12,-3.126388037344441e-12,0,0,0,0.0,0,0,True,0,0,,,,0.17278050017921487,0.5120128100406877,4.262294999534788,,,,,,,,,
d5419d24e3f12cc98db8a0792babd5f886758ddd3fc42e7ea513816b648d1aed,gen1200,May2024,550.0,swmpc,0,1500.0,0.5,97.0,72.0,10.0,1200.0,600.0,0.999538681006488,3.200663672760129,-2.9358841124922037,14.350740519155258,6.077547739927585,1146.1380501492545,0,253.53798210404355,253.31884112191244,1350.0,1500.0,-1.5374161154031754,0.13656412016942077,34.584921671653994,0.0,1.1540518633229008e-14,34.584921671653994,0.0,71508.33233481461,65400.0,1242.1046066441058,4716.227728170505,0.0,2.7284841053187847e-12,1.8189894035458565e-12,0,0,0,0.0,0,0,True,1008,0,5.785761716534655e-11,1.6761799448038665e-13,2.6050093218443804e-10,0.7243934992402501,1.0438716800126715,2.5333749999845168,1.0315495919623336,3.200663672760129,-2.308367549441755,10.13204236914614,6.077547739927585,1146.1380501492545,0,178.86549326065523,178.8505079388951,1419.2386420019723,1235.517229410813,-0.52024139277637,0.17726855212014725,34.584921671653994,0.0,1.1540518633229008e-14,34.584921671653994,0.0,44281.61067894159,43200.0,876.9621668394864,388.36992469325673,0.0,-9.777068044058979e-12,-3.524291969370097e-12,0,0,0,0.0,0,0,True,1008,0,5.785761716534655e-11,1.6761799448038665e-13,2.6050093218443804e-10,0.7506630004172621,1.0797343302328943,2.5333749999845168,1.0044741528950596,2.9358841124922037,-2.9358841124922037,3.285974239309226,10.0,1156.5580270111338,0,58.148905000215564,58.003918693060115,1235.517229410813,1500.0,-1.5374161154031754,0.0,0.0,0.0,0.0,0.0,0.0,19800.0,15000.0,284.41206462565,4251.105164785169,0.0,5.9117155615240335e-12,5.115907697472721e-12,0,0,0,0.0,0,0,True,1008,0,5.785761716534655e-11,1.6761799448038665e-13,2.6050093218443804e-10,0.7243934992402501,1.0438716800126715,2.5333749999845168,0.29456950005624094,0.43833797972183625,1.089153999600967,0.29456950005624094,0.43833797972183625,1.089153999600967,0.29456950005624094,0.43833797972183625,1.089153999600967
d5419d24e3f12cc98db8a0792babd5f886758ddd3fc42e7ea513816b648d1aed,gen1200,May2024,550.0,swmpc,1,1500.0,0.5,97.0,72.0,10.0,1200.0,600.0,0.9128999215044249,3.2683709794655442,-2.661972780711949,14.37565356807764,6.073569772864095,1146.3393015632778,0,253.8759456503526,253.7586055140979,1350.0,1500.0,-0.8232230134308338,0.13535303049248004,34.58561634126047,0.0,1.1246246794563229e-14,34.58561634126047,0.0,71562.43909472134,65400.0,1244.2609143824131,4768.178180338927,0.0,0.0,-8.640199666842818e-12,0,0,0,0.0,0,0,True,1008,0,7.706799114552854e-11,2.0754871233961342e-13,2.8793603659526817e-10,0.7902180000201042,1.5024511101000861,5.0671990002228995,0.94880542074733,3.2683709794655442,-2.4273092756047845,10.147428087747716,6.073569772864095,1146.3393015632778,0,179.17126664253774,179.12209618207947,1419.3984771101718,1235.552830013729,-0.3329956876114011,0.17565295675066195,34.58561634126047,0.0,1.1246246794563229e-14,34.58561634126047,0.0,44318.26663707651,43200.0,878.2938522619952,423.81843191096414,0.0,9.094947017729282e-12,-2.3874235921539366e-12,0,0,0,0.0,0,0,True,1008,0,7.706799114552854e-11,2.0754871233961342e-13,2.8793603659526817e-10,0.8329274996867753,1.5645506893724797,5.0671990002228995,0.9321929952754732,2.724489222280681,-2.661972780711949,3.2902266895067367,10.0,1156.259973748318,0,58.14885851494881,58.07898281637122,1235.552830013729,1500.0,-0.8232230134308338,0.0,0.0,0.0,0.0,0.0,0.0,19800.0,15000.0,284.7801284180824,4250.772701595646,0.0,-4.547473508864641e-13,-5.9117155615240335e-12,0,0,0,0.0,0,0,True,1008,0,7.706799114552854e-11,2.0754871233961342e-13,2.8793603659526817e-10,0.7902180000201042,1.5024511101000861,5.0671990002228995,0.310243500280194,0.6557025702477395,1.7146990003311657,0.310243500280194,0.6557025702477395,1.7146990003311657,0.310243500280194,0.6557025702477395,1.7146990003311657
d5419d24e3f12cc98db8a0792babd5f886758ddd3fc42e7ea513816b648d1aed,gen1200,May2024,550.0,swmpc,2,1500.0,0.5,97.0,72.0,10.0,1200.0,600.0,0.9574772178332517,3.5309964613988996,-2.3866932885721326,14.35763299154671,6.073404253870207,1146.7619423372128,0,253.29082692911686,253.4405068377944,1350.0,1500.0,1.0500841373577714,0.13735592445577305,34.56272356397135,0.0,1.1180202979385527e-14,34.56272356397135,0.0,71528.88512391018,65400.0,1242.7011731904295,4736.183950719738,0.0,-1.0913936421275139e-11,9.322320693172514e-12,0,0,0,0.0,0,0,True,1008,0,6.997963391813498e-11,2.0475516736504812e-13,3.56783550265394e-10,0.7432570000673877,1.3187930203639593,2.802519999931974,0.9870157314278312,3.0959969982504845,-2.3866932885721326,10.112093886898943,6.103032167623548,1146.7619423372128,0,178.58487622686556,178.49837792872364,1419.175430166562,1236.9002193676658,-0.7957161944359541,0.17874415180088077,34.56272356397135,0.0,1.1180202979385527e-14,34.56272356397135,0.0,44283.500535796586,43200.0,875.2355589573635,390.5401876381186,0.0,4.547473508864641e-13,5.343281372915953e-12,0,0,0,0.0,0,0,True,1008,0,6.997963391813498e-11,2.0475516736504812e-13,3.56783550265394e-10,0.7705734997216496,1.4347356798862108,2.802519999931974,1.018308391069169,3.5309964613988996,-2.168872283771634,3.3090800142022214,10.0,1155.896428265222,0,58.14867957512814,58.41178113829869,1236.9002193676658,1500.0,1.0500841373577714,0.0,0.0,0.0,0.0,0.0,0.0,19800.0,15000.0,286.41194674994506,4250.488272617722,0.0,1.1368683772161603e-12,4.035882739117369e-12,0,0,0,0.0,0,0,True,1008,0,6.997963391813498e-11,2.0475516736504812e-13,3.56783550265394e-10,0.7432570000673877,1.3187930203639593,2.802519999931974,0.2977399999508634,0.5278745798568705,1.6725049999877228,0.2977399999508634,0.5278745798568705,1.6725049999877228,0.2977399999508634,0.5278745798568705,1.6725049999877228
d5419d24e3f12cc98db8a0792babd5f886758ddd3fc42e7ea513816b648d1aed,gen1800,Feb2022,400.0,pid_lowdrag_preview,0,1500.0,0.5,96.16666666666667,72.0,10.0,1800.0,600.0,1.189191643947428,4.482399734668434,-4.340952426195145,25.91973519611453,6.0453707423402765,1126.6208173020623,0,457.80471810831597,457.534388089764,1350.0,1500.0,-1.8353290921077132,0.3360098926348236,0.0,0.0,0.0,0.0,0.0,80719.09022704264,64900.0,2243.439803480224,13425.650423562432,0.0,1.0913936421275139e-11,1.2732925824820995e-11,0,0,0,0.0,0,0,True,0,0,,,,0.16417699998783064,0.4446047304099918,2.2562359999938053,1.1583929554888772,4.482399734668434,-3.635825510136783,15.728976311991042,6.0453707423402765,1133.8225387461198,0,277.60294461797054,277.64741798998153,1284.591171169478,1212.6157696309458,0.12062898464500904,0.43176801583996416,0.0,0.0,0.0,0.0,0.0,46090.20568733149,43200.0,1361.3955258157148,1600.7855630543097,0.0,5.4569682106375694e-12,1.3415046851150692e-11,0,0,0,0.0,0,0,True,0,0,,,,0.16446349945908878,0.42583778993502963,2.2562359999938053,1.3639916544680344,4.340952426195145,-4.340952426195145,7.966616747276571,7.714394586146923,1126.6208173020623,0,140.9145831574918,140.62647982442485,1212.6157696309458,1500.0,-1.8353290921077132,0.00146874796361951,0.0,0.0,0.0,0.0,0.0,27051.514591387844,14500.0,689.5373341850911,11574.593026833696,0.0,-2.0463630789890885e-12,-7.958078640513122e-13,0,0,0,0.0,0,0,True,0,0,,,,0.16417699998783064,0.4446047304099918,2.2562359999938053,,,,,,,,,
d5419d24e3f12cc98db8a0792babd5f886758ddd3fc42e7ea513816b648d1aed,gen1800,Feb2022,400.0,pid_lowdrag_preview,1,1500.0,0.5,96.16666666666667,72.0,10.0,1800.0,600.0,1.2147388309087583,5.22791017126292,-4.448107172735035,25.9266021371617,6.037660445327116,1125.9432095309842,0,457.89220865463545,457.65560312711517,1350.0,1500.0,-1.6063756849616766,0.33593070052209784,0.0,0.0,0.0,0.0,0.0,80746.86607556771,64900.0,2244.034160203265,13452.831915364448,0.0,0.0,7.73070496506989e-12,0,0,0,0.0,0,0,True,0,0,,,,0.16181399996639811,0.3546142808227157,1.1965659996349132,1.2073051469526563,5.22791017126292,-4.448107172735035,15.741088450029851,6.0423645150075185,1131.8015296286828,0,277.6672807400377,277.861221087274,1284.4804722018214,1211.4897582118117,1.3192037735134363,0.431643366256102,0.0,0.0,0.0,0.0,0.0,46108.51093672223,43200.0,1362.4438718877577,1619.057778824483,0.0,-1.1368683772161603e-12,2.9558577807620168e-12,0,0,0,0.0,0,0,True,0,0,,,,0.1627904994165874,0.354046650809323,1.1965659996349132,1.3758565718566127,4.148019114509225,-4.148019114509225,7.958892531283048,7.8000672662561215,1125.9432095309842,0,140.92106144262442,140.4901321954327,1211.4897582118117,1500.0,-1.6063756849616766,0.0013909019077722462,0.0,0.0,0.0,0.0,0.0,27052.345301745503,14500.0,688.8687774471729,11574.966282510139,0.0,-3.410605131648481e-12,4.206412995699793e-12,0,0,0,0.0,0,0,True,0,0,,,,0.16181399996639811,0.3546142808227157,1.1965659996349132,,,,,,,,,
d5419d24e3f12cc98db8a0792babd5f886758ddd3fc42e7ea513816b648d1aed,gen1800,Feb2022,400.0,pid_lowdrag_preview,2,1500.0,0.5,96.16666666666667,72.0,10.0,1800.0,600.0,1.2118119292402294,3.9998809061944485,-3.9998809061944485,25.92500263137715,6.032472689191286,1126.6974131753477,0,457.9001488237477,457.6273686989868,1350.0,1500.0,-1.8519719075411558,0.335956432337596,0.0,0.0,0.0,0.0,0.0,80750.6251676957,64900.0,2243.8957176259737,13456.729450069724,0.0,-5.4569682106375694e-12,-3.637978807091713e-12,0,0,0,0.0,0,0,True,0,0,,,,0.16090799999801675,0.3552414698333447,1.2684949997492367,1.2109378663054347,3.9998809061944485,-3.9998809061944485,15.720766311276913,6.032472689191286,1132.744696583624,0,277.68666521364037,277.5024953036684,1283.8342996144827,1216.194649294749,-1.2761937472969294,0.4316626636452914,0.0,0.0,0.0,0.0,0.0,46116.16262057106,43200.0,1360.6849227848609,1623.1173481059452,0.0,8.86757334228605e-12,-1.0231815394945443e-11,0,0,0,0.0,0,0,True,0,0,,,,0.16206000009333366,0.354467569832195,1.2684949997492367,1.305892655425567,3.7168909711763263,-3.4601218476891518,7.978000492374768,7.696805513873544,1126.6974131753477,0,140.91222625996954,140.82742535138323,1216.194649294749,1500.0,-1.8519719075411558,0.0014847471139625146,0.0,0.0,0.0,0.0,0.0,27051.34338202759,14500.0,690.5226354110847,11577.015395911252,0.0,-9.094947017729282e-13,6.707523425575346e-12,0,0,0,0.0,0,0,True,0,0,,,,0.16090799999801675,0.3552414698333447,1.2684949997492367,,,,,,,,,
d5419d24e3f12cc98db8a0792babd5f886758ddd3fc42e7ea513816b648d1aed,gen1800,Feb2022,400.0,swmpc,0,1500.0,0.5,96.16666666666667,72.0,10.0,1800.0,600.0,1.149895695459338,4.350375566631556,-4.350375566631556,26.1098321487287,5.397754224353713,1126.6208338850663,0,461.16030550485505,460.88997379439377,1350.0,1500.0,-1.8353305533528328,0.3015465614450278,34.45498976965809,0.0,1.4002199100477384e-14,34.45498976965809,0.0,79405.19698634592,64900.0,2259.8933307554116,12095.303655590516,0.0,3.637978807091713e-12,1.2278178473934531e-11,0,0,0,0.0,0,0,True,1008,0,3.493809934074069e-11,1.5036233318974488e-13,1.222611501085574e-10,0.7045834995551559,0.9608011903947044,1.1509879996083328,1.0964119231416998,4.303700626827776,-2.988682921975851,15.876092739159166,5.403314963840845,1130.576950578575,0,280.33924485970977,280.2443127488557,1338.2671921194255,1211.5718064160665,0.08106777165085077,0.3888262547974287,34.439967848696924,0.0,1.100216519774419e-14,34.439967848696924,0.0,44867.5792416561,43200.0,1374.1289448092875,420.14568255018276,0.0,9.549694368615746e-12,6.139089236967266e-12,0,0,0,0.0,0,0,True,1008,0,3.493809934074069e-11,1.5036233318974488e-13,1.222611501085574e-10,0.7198970001809357,0.9748399195814271,1.1509879996083328,1.3639758354324147,4.350375566631556,-4.350375566631556,7.972211261013822,9.129594460938925,1126.6208338850663,0,141.00750998352396,140.72523401307706,1211.5718064160665,1500.0,-1.8353305533528328,0.0003993234063426332,0.0,0.0,0.0,0.0,0.0,27060.0,14500.0,690.021558067182,11581.550248348885,0.0,1.8189894035458565e-12,5.6843418860808015e-12,0,0,0,0.0,0,0,True,1008,0,3.493809934074069e-11,1.5036233318974488e-13,1.222611501085574e-10,0.7045834995551559,0.9608011903947044,1.1509879996083328,0.2670930002750538,0.4319352496804639,0.5746380002165097,0.2670930002750538,0.4319352496804639,0.5746380002165097,0.2670930002750538,0.4319352496804639,0.5746380002165097
d5419d24e3f12cc98db8a0792babd5f886758ddd3fc42e7ea513816b648d1aed,gen1800,Feb2022,400.0,swmpc,1,1500.0,0.5,96.16666666666667,72.0,10.0,1800.0,600.0,1.1093973422310843,4.148029017262161,-4.148029017262161,26.120114025108705,5.457585329354229,1125.9648992728091,0,461.3080769301238,461.07146916779743,1350.0,1500.0,-1.6063783038407564,0.30114942833593905,34.46922621051901,0.0,1.1516582097448749e-14,34.46922621051901,0.0,79403.11504540853,64900.0,2260.7832615571847,12092.331783851354,0.0,9.094947017729282e-12,-8.640199666842818e-12,0,0,0,0.0,0,0,True,1008,0,2.2282620193436742e-11,1.599478401410137e-13,1.1415237837138054e-10,0.737027500235854,1.2738036094651755,6.620662999921478,1.0590580518793193,3.294448811560869,-3.1849734792485833,15.87700773213778,5.480428318330494,1131.1196365491226,0,280.35363073587666,280.2604641774656,1336.5186864998695,1211.5018141515957,0.29737068619579077,0.38883288026493645,34.42384514578472,0.0,1.1516582097448749e-14,34.42384514578472,0.0,44865.43219116546,43200.0,1374.2081405129647,416.24092300078246,0.0,1.0913936421275139e-11,4.547473508864641e-13,0,0,0,0.0,0,0,True,1008,0,2.2282620193436742e-11,1.599478401410137e-13,1.1415237837138054e-10,0.7695369999964896,1.3206220796109835,6.620662999921478,1.3733649072063845,4.148029017262161,-4.148029017262161,7.972164339033778,9.072119359577396,1125.9648992728091,0,141.00481909951986,140.7244057476919,1211.5018141515957,1500.0,-1.6063783038407564,0.0004268177660978756,0.0,0.0,0.0,0.0,0.0,27060.0,14500.0,690.0174968128028,11581.484317338794,0.0,1.8189894035458565e-12,-9.094947017729282e-12,0,0,0,0.0,0,0,True,1008,0,2.2282620193436742e-11,1.599478401410137e-13,1.1415237837138054e-10,0.737027500235854,1.2738036094651755,6.620662999921478,0.2867180005523551,0.5696710004849589,3.9341779993264936,0.2867180005523551,0.5696710004849589,3.9341779993264936,0.2867180005523551,0.5696710004849589,3.9341779993264936
d5419d24e3f12cc98db8a0792babd5f886758ddd3fc42e7ea513816b648d1aed,gen1800,Feb2022,400.0,swmpc,2,1500.0,0.5,96.16666666666667,72.0,10.0,1800.0,600.0,1.0928558789761191,3.719096999615431,-3.4601376904174685,26.125923714225266,5.394548704617062,1126.6974147175515,0,461.44680348821925,461.17402162578696,1350.0,1500.0,-1.851971073076129,0.3008099464369528,34.45818527893806,0.0,1.3814188114850854e-14,34.45818527893806,0.0,79404.37265167138,64900.0,2261.2861095882736,12093.08654208312,0.0,1.2732925824820995e-11,-1.77351466845721e-11,0,0,0,0.0,0,0,True,1008,0,2.158411799864708e-11,1.7447547154107706e-13,1.3860590469752841e-10,0.7516695000049367,1.2791925201599952,9.167116999378777,1.0526969507495982,3.6175548750907183,-2.645519480109215,15.87956293143904,5.394548704617062,1130.355705863166,0,280.542926828228,280.3055684788714,1338.02308905864,1213.7480695027782,-0.8819015882909298,0.3880600188440153,34.437467557209644,0.0,1.1825591185763745e-14,34.437467557209644,0.0,44868.94058569342,43200.0,1374.4293015616645,418.7863036876299,0.0,1.546140993013978e-11,-1.000444171950221e-11,0,0,0,0.0,0,0,True,1008,0,2.158411799864708e-11,1.7447547154107706e-13,1.3860590469752841e-10,0.8089510001809685,1.3163756697304037,9.167116999378777,1.3088901882578652,3.719096999615431,-3.4601376904174685,7.979962077532843,9.093334067303203,1126.6974147175515,0,141.0049311429549,140.86205119374398,1213.7480695027782,1500.0,-1.851971073076129,0.00041666153997776956,0.0,0.0,0.0,0.0,0.0,27060.0,14500.0,690.6924171695741,11583.055652333203,0.0,-1.1368683772161603e-12,-7.389644451905042e-12,0,0,0,0.0,0,0,True,1008,0,2.158411799864708e-11,1.7447547154107706e-13,1.3860590469752841e-10,0.7516695000049367,1.2791925201599952,9.167116999378777,0.3139539999210683,0.5499001595308072,1.147476999904029,0.3139539999210683,0.5499001595308072,1.147476999904029,0.3139539999210683,0.5499001595308072,1.147476999904029
d5419d24e3f12cc98db8a0792babd5f886758ddd3fc42e7ea513816b648d1aed,gen1800,Feb2022,550.0,pid_lowdrag_preview,0,1500.0,0.5,96.58333333333333,72.0,10.0,1800.0,600.0,0.5615817105781911,2.214214064180851,-2.214214064180851,2.0259657464206287,5.859247848180027,1138.8509332055105,0,35.81246297913039,35.76228657684461,1350.0,1500.0,-0.352002308703959,0.36198090559859386,0.0,0.0,0.0,0.0,0.0,80291.2635313556,65150.0,175.35411382940637,14815.909417526205,0.0,1.6370904631912708e-11,1.1368683772161603e-13,0,0,0,0.0,0,0,True,0,0,,,,0.18107399955624714,0.40620514060719876,10.14236900027754,0.549795097660492,1.7875312892720103,-1.0841714572161436,1.2213050728604484,5.8699573036753545,1139.4780082297243,0,21.4065649016202,21.558440506980453,1179.5861839389534,1247.9086966442037,0.517553118057549,0.4673183952443717,0.0,0.0,0.0,0.0,0.0,44799.17015009312,43200.0,105.70804029888983,1425.1395970889864,0.0,3.410605131648481e-12,-8.526512829121202e-14,0,0,0,0.0,0,0,True,0,0,,,,0.1806374998523097,0.4312430797017439,10.14236900027754,0.6154265811433248,2.214214064180851,-2.214214064180851,0.6439518049460813,7.879019520798186,1138.8509332055105,0,11.490969916058678,11.367017942354135,1247.9086966442037,1500.0,-0.352002308703959,0.0012969312513305686,0.0,0.0,0.0,0.0,0.0,28202.61079212862,14750.0,55.73618325219349,13144.783305520636,0.0,4.547473508864641e-12,1.8474111129762605e-13,0,0,0,0.0,0,0,True,0,0,,,,0.18107399955624714,0.40620514060719876,10.14236900027754,,,,,,,,,
d5419d24e3f12cc98db8a0792babd5f886758ddd3fc42e7ea513816b648d1aed,gen1800,Feb2022,550.0,pid_lowdrag_preview,1,1500.0,0.5,96.58333333333333,72.0,10.0,1800.0,600.0,0.5278582931167735,1.7249427838250995,-1.3884965451434255,2.0252729386219404,5.853362497469817,1138.9463843126375,0,35.81010355880812,35.75005715436623,1350.0,1500.0,-0.4212434161454439,0.3619703597720728,0.0,0.0,0.0,0.0,0.0,80287.34813932117,65150.0,175.29414899643288,14812.053990324732,0.0,-5.4569682106375694e-12,-3.979039320256561e-13,0,0,0,0.0,0,0,True,0,0,,,,0.16659099946991773,0.4378803194958893,0.6106010005169082,0.5630697878915861,1.7249427838250995,-1.3884965451434255,1.2155887932232308,5.853362497469817,1139.3532048323111,0,21.403813555066613,21.45753691031257,1179.6088319430405,1247.812923435918,0.642723991535604,0.46730746796976597,0.0,0.0,0.0,0.0,0.0,44794.22407601035,43200.0,105.2132771707587,1420.8067073467064,0.0,-9.777068044058979e-12,-1.7053025658242404e-13,0,0,0,0.0,0,0,True,0,0,,,,0.16709249985069619,0.42855030018472395,0.5907810000280733,0.5034350190562498,1.594952124170959,-1.131401284597814,0.6423839818443122,7.883261630766546,1138.9463843126375,0,11.491007445632945,11.339342775996357,1247.812923435918,1500.0,-0.4212434161454439,0.0012931525670354382,0.0,0.0,0.0,0.0,0.0,28202.777998908678,14750.0,55.60048291711209,13144.99043942748,0.0,-3.183231456205249e-12,-1.7763568394002505e-13,0,0,0,0.0,0,0,True,0,0,,,,0.16659099946991773,0.4378803194958893,0.6106010005169082,,,,,,,,,
d5419d24e3f12cc98db8a0792babd5f886758ddd3fc42e7ea513816b648d1aed,gen1800,Feb2022,550.0,pid_lowdrag_preview,2,1500.0,0.5,96.58333333333333,72.0,10.0,1800.0,600.0,0.4817205029241218,1.8352842312306166,-1.0035645747557282,2.0256048520622056,5.851836619853575,1139.05905924746,0,35.81340560139431,35.755916080456416,1350.0,1500.0,-0.40330617036670446,0.3619500087046258,0.0,0.0,0.0,0.0,0.0,80289.018066805,65150.0,175.3228772152038,14813.695189589824,0.0,2.546585164964199e-11,-5.115907697472721e-13,0,0,0,0.0,0,0,True,0,0,,,,0.15860900020925328,0.2982671996687716,0.6544580000991118,0.4581970072113905,1.2433045376092196,-0.9182587070390582,1.2168467349746424,5.851836619853575,1139.05905924746,0,21.407502507821274,21.479742060370228,1179.5129898621017,1247.387883400402,0.2898873947560787,0.46727259763299955,0.0,0.0,0.0,0.0,0.0,44797.418644963924,43200.0,105.32215623816447,1424.2215951874603,0.0,1.3642420526593924e-12,-9.094947017729282e-13,0,0,0,0.0,0,0,True,0,0,,,,0.15891499970166478,0.2847604893577226,0.44976899971516104,0.5565313462677494,1.8352842312306166,-0.8498786129057407,0.6453702188067167,7.8750780488069125,1139.0615313842532,0,11.490867824161022,11.392055741269637,1247.387883400402,1500.0,-0.40330617036670446,0.0013004424891249755,0.0,0.0,0.0,0.0,0.0,28202.455419856222,14750.0,55.8589517175612,13143.984351539071,0.0,7.958078640513122e-12,4.405364961712621e-13,0,0,0,0.0,0,0,True,0,0,,,,0.15860900020925328,0.2982671996687716,0.6544580000991118,,,,,,,,,
d5419d24e3f12cc98db8a0792babd5f886758ddd3fc42e7ea513816b648d1aed,gen1800,Feb2022,550.0,swmpc,0,1500.0,0.5,96.58333333333333,72.0,10.0,1800.0,600.0,0.554195847573225,2.2211667578667402,-2.2211667578667402,2.045389897608286,4.666985769290512,1138.84105638106,0,36.156183205769445,36.1051611108845,1350.0,1500.0,-0.3579346174374223,0.30522700971337324,34.20270130064521,0.0,1.1061677398200222e-14,34.20270130064521,0.0,79975.20150077733,65150.0,177.03533910402825,14498.166161673289,0.0,-1.2732925824820995e-11,3.410605131648481e-13,0,0,0,0.0,0,0,True,1008,0,6.806381334794009e-11,1.40733972459403e-13,1.9781370469410913e-10,0.8112940004139091,1.3064604999453877,3.456292000009853,0.5268120607700602,1.6528264051303267,-1.0513888830319047,1.2383923680481883,4.666985769290512,1139.3556255233837,0,21.70704350057795,21.86006492901548,1179.590742657414,1323.272698598897,0.5559084583073854,0.3954122804043835,34.20270130064521,0.0,1.1061677398200222e-14,34.20270130064521,0.0,44445.71516380961,43200.0,107.18700286806524,994.8462050000669,0.0,4.092726157978177e-12,-7.105427357601002e-14,0,0,0,0.0,0,0,True,1008,0,6.806381334794009e-11,1.40733972459403e-13,1.9781370469410913e-10,0.9192675001941097,1.3154167401989978,3.456292000009853,0.6183425229149014,2.2211667578667402,-2.2211667578667402,0.6441231111404042,8.644255156792292,1138.84105638106,0,11.500306850346544,11.370041834157135,1323.272698598897,1500.0,-0.3579346174374223,0.0006240793735518002,0.0,0.0,0.0,0.0,0.0,28232.384487720337,14750.0,55.75101037646866,13249.906175942753,0.0,-1.2278178473934531e-11,4.050093593832571e-13,0,0,0,0.0,0,0,True,1008,0,6.806381334794009e-11,1.40733972459403e-13,1.9781370469410913e-10,0.8112940004139091,1.3064604999453877,3.456292000009853,0.3383355001460586,0.5750098097723819,1.4525579999826732,0.3383355001460586,0.5750098097723819,1.4525579999826732,0.3383355001460586,0.5750098097723819,1.4525579999826732
d5419d24e3f12cc98db8a0792babd5f886758ddd3fc42e7ea513816b648d1aed,gen1800,Feb2022,550.0,swmpc,1,1500.0,0.5,96.58333333333333,72.0,10.0,1800.0,600.0,0.5265472905469445,1.5632873540744185,-1.2729674484580755,2.0450435698963036,4.666666666666666,1138.9302420560186,0,36.16111989250257,36.099047744502265,1350.0,1500.0,-0.4354541068896651,0.30555960831562246,34.16389722123502,0.0,1.159134590376596e-14,34.16389722123502,0.0,80045.98538871948,65150.0,177.00536328181192,14568.980025437664,0.0,0.0,-5.400124791776761e-13,0,0,0,0.0,0,0,True,1008,0,9.107367124318028e-11,1.1057754075537813e-13,2.0366971186577952e-10,0.7428819999404368,1.6453479991832873,8.57066600019607,0.5612051656425279,1.557199239730835,-1.2729674484580755,1.2345693998872964,4.666666666666666,1138.9547664079103,0,21.711231525697084,21.792582009728278,1179.4700847043073,1322.6827737451233,0.6971133919432759,0.3959055747177268,34.16389722123502,0.0,1.1143687308254695e-14,34.16389722123502,0.0,44515.82463458628,43200.0,106.85611218285143,1065.7558333626048,0.0,-6.821210263296962e-12,-8.384404281969182e-13,0,0,0,0.0,0,0,True,1008,0,9.107367124318028e-11,1.1057754075537813e-13,2.0366971186577952e-10,0.7755760002510215,2.1009794593373825,8.57066600019607,0.49849317945078075,1.5632873540744185,-1.1710709035396576,0.642356712036203,8.645221386856736,1138.9302420560186,0,11.500304769667622,11.33886141016178,1322.6827737451233,1500.0,-0.4354541068896651,0.0006231587816563078,0.0,0.0,0.0,0.0,0.0,28232.425223911705,14750.0,55.598122623981325,13249.509875032847,0.0,6.821210263296962e-13,2.3447910280083306e-13,0,0,0,0.0,0,0,True,1008,0,9.107367124318028e-11,1.1057754075537813e-13,2.0366971186577952e-10,0.7428819999404368,1.6453479991832873,8.57066600019607,0.2842895000867429,0.5445190897353309,1.9377750004423433,0.2842895000867429,0.5445190897353309,1.9377750004423433,0.2842895000867429,0.5445190897353309,1.9377750004423433
d5419d24e3f12cc98db8a0792babd5f886758ddd3fc42e7ea513816b648d1aed,gen1800,Feb2022,550.0,swmpc,2,1500.0,0.5,96.58333333333333,72.0,10.0,1800.0,600.0,0.4626913832548606,1.9243117803707719,-0.904729038476944,2.0445777134124707,4.666666666666666,1138.9887975140055,0,36.148728018650566,36.09082445982566,1350.0,1500.0,-0.4062103107571602,0.305252268503043,34.18396785630298,0.0,1.1890027677820388e-14,34.18396785630298,0.0,79976.2287086974,65150.0,176.96504184447474,14499.263666852936,0.0,1.4551915228366852e-11,7.389644451905042e-13,0,0,0,0.0,0,0,True,1008,0,6.643469832943632e-11,1.0993335942015232e-13,3.2141881444212345e-10,0.7429420002154075,1.29141674064158,5.332497999916086,0.432258029803169,1.1081848973408341,-0.8442204836755991,1.2345962975182097,4.666666666666666,1138.9887975140055,0,21.699952354295736,21.79305680590251,1179.4890406852646,1322.0134423420195,0.33794587571173906,0.39546412465087766,34.18396785630298,0.0,1.1656364591217271e-14,34.18396785630298,0.0,44452.84268872604,43200.0,106.85844026280219,1003.4598468064883,0.0,2.2737367544323206e-12,2.8421709430404007e-13,0,0,0,0.0,0,0,True,1008,0,6.643469832943632e-11,1.0993335942015232e-13,3.2141881444212345e-10,0.7780744999763556,1.3532706897240119,5.332497999916086,0.566685199877435,1.9243117803707719,-0.8512437827885151,0.6454556997414846,8.593821540227768,1139.051055721179,0,11.499641265454148,11.393564648165842,1322.0134423420195,1500.0,-0.4062103107571602,0.0006681605079832398,0.0,0.0,0.0,0.0,0.0,28230.43389752174,14750.0,55.86635037846753,13246.58098948529,0.0,-9.094947017729282e-13,4.760636329592671e-13,0,0,0,0.0,0,0,True,1008,0,6.643469832943632e-11,1.0993335942015232e-13,3.2141881444212345e-10,0.7429420002154075,1.29141674064158,5.332497999916086,0.2931624999291671,0.5825562097925283,4.849930000091263,0.2931624999291671,0.5825562097925283,4.849930000091263,0.2931624999291671,0.5825562097925283,4.849930000091263
d5419d24e3f12cc98db8a0792babd5f886758ddd3fc42e7ea513816b648d1aed,gen1800,Mar2015,400.0,pid_lowdrag_preview,0,1500.0,0.5,96.33333333333333,72.0,10.0,1800.0,600.0,1.4794838853725292,5.779206923209131,-5.307997844181955,36.9265757287631,6.127715705925455,1119.47634674479,0,652.0727135076856,651.8268069668519,1350.0,1500.0,-1.669624688103795,0.32572102758626653,0.0,0.0,0.0,0.0,0.0,81862.73493285566,65000.0,3196.11867827073,13516.616254584951,0.0,2.1827872842550278e-11,-2.0463630789890885e-11,0,0,0,0.0,0,0,True,0,0,,,,0.17400249998900108,0.38635525931567816,0.6054840005162987,1.4487676850763274,5.779206923209131,-4.266278336755931,22.93130957466294,6.134222403072753,1120.3517897711695,0,404.7346746042949,404.7827886726648,1204.5534971622794,1302.182723453885,0.3308735219761729,0.4193402959030229,0.0,0.0,0.0,0.0,0.0,47048.6977120356,43200.0,1984.781567268378,1766.2869184756196,0.0,9.094947017729282e-13,-7.048583938740194e-12,0,0,0,0.0,0,0,True,0,0,,,,0.1723454997772933,0.3966640704584279,0.6054840005162987,1.6428508084608588,5.307997844181955,-5.307997844181955,11.055166724069743,7.561528608336181,1119.47634674479,0,195.44012270533534,195.1454713582732,1302.182723453885,1500.0,-1.669624688103795,0.001596959658778041,0.0,0.0,0.0,0.0,0.0,27180.0,14600.0,956.8616683478128,11425.321055106078,0.0,5.4569682106375694e-12,-1.2505552149377763e-11,0,0,0,0.0,0,0,True,0,0,,,,0.17400249998900108,0.38635525931567816,0.6054840005162987,,,,,,,,,
d5419d24e3f12cc98db8a0792babd5f886758ddd3fc42e7ea513816b648d1aed,gen1800,Mar2015,400.0,pid_lowdrag_preview,1,1500.0,0.5,96.33333333333333,72.0,10.0,1800.0,600.0,1.5239733603082577,6.506217371672392,-4.5482846004888415,36.93475925796492,6.116621097532477,1119.7707669896922,0,652.296639964468,651.9712623788267,1350.0,1500.0,-2.209193853661418,0.32554190271697137,0.0,0.0,0.0,0.0,0.0,81899.90206114337,65000.0,3196.8269901036374,13553.075071039728,0.0,-1.8189894035458565e-12,1.5006662579253316e-11,0,0,0,0.0,0,0,True,0,0,,,,0.16241499997704523,0.35401584978899325,0.4738750003525638,1.5093803276993134,6.506217371672392,-4.5482846004888415,22.954561498139277,6.116621097532477,1121.7998955894384,0,404.92328354880715,405.1932309283127,1204.9262646057414,1300.3654927114349,2.287110165692866,0.4190892006100845,0.0,0.0,0.0,0.0,0.0,47079.3784282048,43200.0,1986.7940990415636,1797.1451010575422,0.0,-6.821210263296962e-13,1.0231815394945443e-11,0,0,0,0.0,0,0,True,0,0,,,,0.16311600029439433,0.353852329772053,0.4738750003525638,1.7365533859227236,5.482723441906273,-4.473206420429051,11.035205583612171,7.688703384122211,1119.7707669896922,0,195.45538658525248,194.79311790575895,1300.3654927114349,1500.0,-2.209193853661418,0.001481898742460741,0.0,0.0,0.0,0.0,0.0,27180.0,14600.0,955.1339648552384,11425.231527856187,0.0,-9.094947017729282e-12,4.661160346586257e-12,0,0,0,0.0,0,0,True,0,0,,,,0.16241499997704523,0.35401584978899325,0.4738750003525638,,,,,,,,,
d5419d24e3f12cc98db8a0792babd5f886758ddd3fc42e7ea513816b648d1aed,gen1800,Mar2015,400.0,pid_lowdrag_preview,2,1500.0,0.5,96.33333333333333,72.0,10.0,1800.0,600.0,1.5471553138349496,5.325225501321256,-5.325225501321256,36.95528287777217,6.1138322770757565,1116.6869984900634,0,652.2688799094221,652.3335446999439,1350.0,1500.0,0.4389411164447665,0.3255696718693102,0.0,0.0,0.0,0.0,0.0,81886.7781574549,65000.0,3198.603378065871,13538.174779389035,0.0,5.4569682106375694e-12,-1.3642420526593924e-12,0,0,0,0.0,0,0,True,0,0,,,,0.16615100003036787,0.4492708702582603,0.8251649996964261,1.5384470010925893,5.325225501321256,-5.325225501321256,22.922379915175625,6.125374952717257,1119.8362944236474,0,404.90202606534353,404.625162591281,1204.6695672291926,1303.0964825165092,-1.4683597115799785,0.4191211818362215,0.0,0.0,0.0,0.0,0.0,47068.50017018548,43200.0,1984.0086753628998,1786.064579535259,0.0,-2.5011104298755527e-12,-1.1368683772161603e-12,0,0,0,0.0,0,0,True,0,0,,,,0.1663960001678788,0.44890565022797074,0.8251649996964261,1.6857756045222538,4.364078072831035,-4.138990695588291,11.087619524358871,7.548454132843617,1116.6869984900634,0,195.437388267526,195.7183272153947,1303.0964825165092,1500.0,0.4389411164447665,0.0016088034566562603,0.0,0.0,0.0,0.0,0.0,27180.0,14600.0,959.670566793437,11423.425915723083,0.0,1.000444171950221e-11,3.410605131648481e-13,0,0,0,0.0,0,0,True,0,0,,,,0.16615100003036787,0.4492708702582603,0.8251649996964261,,,,,,,,,
d5419d24e3f12cc98db8a0792babd5f886758ddd3fc42e7ea513816b648d1aed,gen1800,Mar2015,400.0,swmpc,0,1500.0,0.5,96.33333333333333,72.0,10.0,1800.0,600.0,1.3435985304384876,5.307938879355788,-5.307938879355788,36.97133079684281,4.743873575545846,1119.4763496132007,0,652.8627325070111,652.6168220859432,1350.0,1500.0,-1.669624344445765,0.3045399268035843,34.61538272915909,0.0,1.2105366605988737e-14,34.61538272915909,0.0,80294.36359058935,65000.0,3199.9923791545616,11944.371211434787,0.0,3.637978807091713e-12,-5.9117155615240335e-12,0,0,0,0.0,0,0,True,1008,0,1.3353376612265622e-11,2.117404738231073e-13,1.3152678245533054e-10,0.7134970001061447,1.1163591998047195,2.918744999988121,1.2635199080408814,5.1511714505031705,-3.6259837755933404,22.95155289736567,5.333934554183029,1119.8145509070055,0,405.2101008876783,405.14012319771024,1241.5496602621186,1301.8564618911112,0.438334908336401,0.39328177373667306,34.61538272915909,0.0,1.2105366605988737e-14,34.61538272915909,0.0,45695.96068713392,43200.0,1986.5336945784038,449.1201909265244,0.0,6.821210263296962e-13,-1.659827830735594e-11,0,0,0,0.0,0,0,True,1008,0,1.3353376612265622e-11,2.117404738231073e-13,1.3152678245533054e-10,0.7389505003629893,1.1199797799054065,1.475557000048866,1.6430213854830036,5.307938879355788,-5.307938879355788,11.058295390103137,8.15164228043918,1119.4763496132007,0,195.5111783105304,195.20069847723846,1301.8564618911112,1500.0,-1.669624344445765,0.0010658242347905134,0.0,0.0,0.0,0.0,0.0,27180.0,14600.0,957.1324648609175,11424.723997030187,0.0,-7.048583938740194e-12,1.0345502232667059e-11,0,0,0,0.0,0,0,True,1008,0,1.3353376612265622e-11,2.117404738231073e-13,1.3152678245533054e-10,0.7134970001061447,1.1163591998047195,2.918744999988121,0.27502950024427264,0.47643434006204166,0.8830830001897993,0.27502950024427264,0.47643434006204166,0.8830830001897993,0.27502950024427264,0.47643434006204166,0.8830830001897993
d5419d24e3f12cc98db8a0792babd5f886758ddd3fc42e7ea513816b648d1aed,gen1800,Mar2015,400.0,swmpc,1,1500.0,0.5,96.33333333333333,72.0,10.0,1800.0,600.0,1.3149999706848103,5.482724204659462,-4.473206739872694,36.97050912850942,4.466301607064114,1119.7707689655397,0,652.9277004783457,652.6023180211799,1350.0,1500.0,-2.2091937512159348,0.3041283086847092,34.62881103884415,0.0,1.1888723680134595e-14,34.62881103884415,0.0,80294.21639088239,65000.0,3199.921261011181,11944.295129871214,0.0,9.094947017729282e-12,6.366462912410498e-12,0,0,0,0.0,0,0,True,1008,0,1.3799381633596842e-11,2.418759842964366e-13,2.4908765756041626e-10,0.7462815001417766,1.415423659582302,4.874086999734573,1.2218712727274599,4.459209100343287,-3.6541270576417446,22.95007156120927,4.754418229919238,1120.3846922933576,0,405.13627051885805,405.1139746963217,1242.3731677485202,1301.1464440749755,0.7645019227638841,0.39299881877128895,34.59088910877821,0.0,1.1888723680134595e-14,34.59088910877821,0.0,45697.13227543938,43200.0,1986.4054799778269,451.9535191350974,0.0,2.7284841053187847e-12,-2.2737367544323206e-12,0,0,0,0.0,0,0,True,1008,0,1.3799381633596842e-11,2.418759842964366e-13,2.4908765756041626e-10,0.7786099999975704,1.638848659304123,4.874086999734573,1.7316548918377688,5.482724204659462,-4.473206739872694,11.053790351730395,8.557062598203396,1119.7707689655397,0,195.5591708716886,195.12117567503748,1301.1464440749755,1500.0,-2.2091937512159348,0.0007071686049551218,0.0,0.0,0.0,0.0,0.0,27180.0,14600.0,956.7425387167956,11424.40390535819,0.0,8.640199666842818e-12,7.73070496506989e-12,0,0,0,0.0,0,0,True,1008,0,1.3799381633596842e-11,2.418759842964366e-13,2.4908765756041626e-10,0.7462815001417766,1.415423659582302,4.874086999734573,0.286012000287883,0.61484347969781,4.375202999653993,0.286012000287883,0.61484347969781,4.375202999653993,0.286012000287883,0.61484347969781,4.375202999653993
d5419d24e3f12cc98db8a0792babd5f886758ddd3fc42e7ea513816b648d1aed,gen1800,Mar2015,400.0,swmpc,2,1500.0,0.5,96.33333333333333,72.0,10.0,1800.0,600.0,1.377393201427812,4.366651080548763,-4.140506781637669,37.012392366192934,4.671988782969234,1116.7018294678262,0,653.2769798142165,653.3416396762664,1350.0,1500.0,0.43894176837056875,0.30379766447133205,34.59988927390792,0.0,1.1436815968695319e-14,34.59988927390792,0.0,80310.77732758319,65000.0,3203.5463953656235,11957.230932217557,0.0,-5.4569682106375694e-12,-6.366462912410498e-12,0,0,0,0.0,0,0,True,1008,0,1.3860445936241865e-11,1.9970573860645404e-13,2.1996807297210148e-10,0.7074129998727585,1.0319132503718715,2.509437999833608,1.316316288533824,4.366651080548763,-3.406500905752182,22.952096468524054,4.928768433384482,1119.7139297997933,0,405.5017430952023,405.1497182994904,1241.700536087431,1303.3292174509706,-1.1732699191197753,0.3924504073873516,34.59988927390792,0.0,1.1436815968695319e-14,34.59988927390792,0.0,45715.4543488906,43200.0,1986.5807424808468,467.24492504620935,0.0,-2.5011104298755527e-12,-1.2278178473934531e-11,0,0,0,0.0,0,0,True,1008,0,1.3860445936241865e-11,1.9970573860645404e-13,2.1996807297210148e-10,0.730292499611096,1.0955916902912572,2.509437999833608,1.6872317387234435,4.36518841329962,-4.140506781637669,11.092871765322396,8.714841880225745,1116.7018294678262,0,195.5735660592145,195.81103961531971,1303.3292174509706,1500.0,0.43894176837056875,0.0005949068513825262,0.0,0.0,0.0,0.0,0.0,27180.0,14600.0,960.1251658217849,11423.204051629185,0.0,-9.094947017729282e-13,6.0254023992456496e-12,0,0,0,0.0,0,0,True,1008,0,1.3860445936241865e-11,1.9970573860645404e-13,2.1996807297210148e-10,0.7074129998727585,1.0319132503718715,2.509437999833608,0.2661620001163101,0.4293060594864066,1.2525299998742412,0.2661620001163101,0.4293060594864066,1.2525299998742412,0.2661620001163101,0.4293060594864066,1.2525299998742412
d5419d24e3f12cc98db8a0792babd5f886758ddd3fc42e7ea513816b648d1aed,gen1800,Mar2015,550.0,pid_lowdrag_preview,0,1500.0,0.5,96.75,72.0,10.0,1800.0,600.0,0.6319716436281003,2.7324480433017015,-2.7324480433017015,3.0433347181238126,5.9171419743681,1137.8604567612626,0,53.764268561718325,53.72085314427926,1350.0,1500.0,-0.3045747261494398,0.35734230634267405,0.0,0.0,0.0,0.0,0.0,80783.54855658539,65250.0,263.4108022436754,15120.137754341713,0.0,0.0,-1.3073986337985843e-12,0,0,0,0.0,0,0,True,0,0,,,,0.16655099989293376,0.43876216033822885,1.2213939999128343,0.5819071131342449,2.1497055841609836,-1.5532079860568047,1.8857722811863047,5.918527999816346,1138.5759748308203,0,33.17846869230735,33.287595734331944,1279.7609716207407,1189.0208809062442,0.4589566383510828,0.4625196470114422,0.0,0.0,0.0,0.0,0.0,44760.536658395664,43200.0,163.21990035404446,1488.0568487561136,0.0,-2.2737367544323206e-12,-5.684341886080802e-14,0,0,0,0.0,0,0,True,0,0,,,,0.16832900018926011,0.4589609400409235,1.2213939999128343,0.7973965567673474,2.7324480433017015,-2.7324480433017015,0.9368660192214717,7.644860985049788,1137.8604567612626,0,16.64636911771651,16.53753086531637,1189.0208809062442,1500.0,-0.3045747261494398,0.0014959196657212681,0.0,0.0,0.0,0.0,0.0,28553.356778892114,14850.0,81.08888853017842,13311.288771268177,0.0,-1.8189894035458565e-12,-1.2647660696529783e-12,0,0,0,0.0,0,0,True,0,0,,,,0.16655099989293376,0.43876216033822885,1.2213939999128343,,,,,,,,,
d5419d24e3f12cc98db8a0792babd5f886758ddd3fc42e7ea513816b648d1aed,gen1800,Mar2015,550.0,pid_lowdrag_preview,1,1500.0,0.5,96.75,72.0,10.0,1800.0,600.0,0.6198833625512155,2.0200185384601355,-1.7734330724924803,3.040379985910988,5.9153804884891485,1138.114123965608,0,53.76212921069525,53.66869629990115,1350.0,1500.0,-0.6554630845785141,0.3573155075922769,0.0,0.0,0.0,0.0,0.0,80775.6569218641,65250.0,263.15506028471236,15112.501861579389,0.0,7.275957614183426e-12,-5.684341886080801e-13,0,0,0,0.0,0,0,True,0,0,,,,0.17140899944934063,0.6168267997418301,2.6637410001058015,0.6433823060444506,2.0200185384601355,-1.7734330724924803,1.8797645363124276,5.9153804884891485,1138.114123965608,0,33.17597810279026,33.18154720205104,1279.728105669105,1189.122284728952,0.7110904389992356,0.4624704674933936,0.0,0.0,0.0,0.0,0.0,44751.23161226814,43200.0,162.69990993449616,1479.1375232737935,0.0,0.0,5.684341886080802e-14,0,0,0,0.0,0,0,True,0,0,,,,0.16954599959717598,0.6165386497468712,2.6637410001058015,0.6267858600854408,1.742558711208403,-1.5662759011611342,0.9319995457412311,7.652303646423106,1138.7485032893458,0,16.646424512985305,16.451628021437656,1189.122284728952,1500.0,-0.6554630845785141,0.0014893020839251703,0.0,0.0,0.0,0.0,0.0,28553.651592161135,14850.0,80.66767896821611,13312.106197921878,0.0,7.048583938740194e-12,-5.684341886080801e-13,0,0,0,0.0,0,0,True,0,0,,,,0.17140899944934063,0.6168267997418301,2.6637410001058015,,,,,,,,,
d5419d24e3f12cc98db8a0792babd5f886758ddd3fc42e7ea513816b648d1aed,gen1800,Mar2015,550.0,pid_lowdrag_preview,2,1500.0,0.5,96.75,72.0,10.0,1800.0,600.0,0.5915799831344577,1.9812561515718699,-1.3738946309313178,3.044755864633117,5.916721867821532,1138.6583334065674,0,53.76821485768171,53.7459391798275,1350.0,1500.0,-0.15627369657158852,0.3573162132716109,0.0,0.0,0.0,0.0,0.0,80785.66464688958,65250.0,263.5338072289296,15122.130839660636,0.0,-1.0913936421275139e-11,2.8421709430404007e-13,0,0,0,0.0,0,0,True,0,0,,,,0.16970600063359598,0.4812261596453035,3.6594229995898786,0.5686702721190119,1.7124661542475224,-1.3738946309313178,1.8825536499201885,5.919104243656203,1138.6583334065674,0,33.1826378153454,33.23078055178155,1279.4400575643367,1189.2879091768448,0.4125927397981286,0.46246379023641304,0.0,0.0,0.0,0.0,0.0,44762.86206138358,43200.0,162.94131704906528,1490.0728927220057,0.0,-2.0463630789890885e-12,4.547473508864641e-13,0,0,0,0.0,0,0,True,0,0,,,,0.17305600022154977,0.5010271599803672,3.6594229995898786,0.7081660259043132,1.9812561515718699,-1.1465590335428715,0.9384305262954973,7.640548884299735,1138.9720640833652,0,16.64623692794887,16.565147497252113,1189.2879091768448,1500.0,-0.15627369657158852,0.0014997541535889392,0.0,0.0,0.0,0.0,0.0,28553.185952457618,14850.0,81.22430185196473,13311.249559782489,0.0,-9.322320693172514e-12,-5.684341886080802e-14,0,0,0,0.0,0,0,True,0,0,,,,0.16970600063359598,0.4812261596453035,3.6594229995898786,,,,,,,,,
d5419d24e3f12cc98db8a0792babd5f886758ddd3fc42e7ea513816b648d1aed,gen1800,Mar2015,550.0,swmpc,0,1500.0,0.5,96.75,72.0,10.0,1800.0,600.0,0.6081481577803041,2.7438609125092626,-2.7438609125092626,3.091510623014898,4.666666666666664,1137.854235022669,0,54.61494472653178,54.571252772140184,1350.0,1500.0,-0.30651386082172394,0.30492969895815214,34.23668876108279,0.0,1.1972241170217605e-14,34.23668876108279,0.0,80093.58580683015,65250.0,267.5805879989542,14426.005218831211,0.0,2.000888343900442e-11,-5.684341886080801e-13,0,0,0,0.0,0,0,True,1008,0,9.337944733586069e-11,1.2469847696227688e-13,2.7829070640237044e-10,0.720977999662864,1.1345456003618895,2.4758170002314728,0.537719105616318,2.008458834141493,-1.348296120762825,1.9285087538499674,4.666666666666664,1138.0651543769725,0,33.9668901572318,34.04197866769686,1279.6032952030873,1230.813509883215,0.3234143815934658,0.39510934358490646,34.23668876108279,0.0,1.1972241170217605e-14,34.23668876108279,0.0,44137.84202452133,43200.0,166.9188850507855,819.712924790414,0.0,-2.2737367544323206e-13,8.526512829121202e-14,0,0,0,0.0,0,0,True,1008,0,9.337944733586069e-11,1.2469847696227688e-13,2.7829070640237044e-10,0.7494759993278421,1.1503587203242203,2.4758170002314728,0.7994951154217371,2.7438609125092626,-2.7438609125092626,0.93881330630041,9.441723543018119,1137.854235022669,0,16.661697945890445,16.57190431841567,1230.813509883215,1500.0,-0.30651386082172394,0.00024548897944531856,0.0,0.0,0.0,0.0,0.0,28609.063465965715,14850.0,81.25743274209474,13408.61954310684,0.0,5.9117155615240335e-12,-6.679101716144942e-13,0,0,0,0.0,0,0,True,1008,0,9.337944733586069e-11,1.2469847696227688e-13,2.7829070640237044e-10,0.720977999662864,1.1345456003618895,2.4758170002314728,0.2845539997906599,0.5118026194668345,0.6703819999529514,0.2845539997906599,0.5118026194668345,0.6703819999529514,0.2845539997906599,0.5118026194668345,0.6703819999529514
d5419d24e3f12cc98db8a0792babd5f886758ddd3fc42e7ea513816b648d1aed,gen1800,Mar2015,550.0,swmpc,1,1500.0,0.5,96.75,72.0,10.0,1800.0,600.0,0.6062350328590989,2.176356158219278,-1.6773631935939193,3.0866369088789276,4.66687712058592,1138.2158383396022,0,54.57925287236378,54.48522211642325,1350.0,1500.0,-0.6596562601625919,0.3057033897859981,34.2426926430284,0.0,1.511934919163705e-14,34.2426926430284,0.0,80120.4832061209,65250.0,267.1587517340107,14453.324454386888,0.0,-3.637978807091713e-12,-1.8189894035458565e-12,0,0,0,0.0,0,0,True,1008,0,8.14135565314651e-11,1.301466255619522e-13,1.545594624203158e-10,0.7454050000887946,1.5280541596439434,16.937866000262147,0.6354303156259928,2.176356158219278,-1.6773631935939193,1.9226786660089414,4.66687712058592,1138.2158383396022,0,33.93345017358939,33.93906613202974,1279.6755762714367,1230.798160909283,0.5149239478632808,0.39615988104724054,34.2426926430284,0.0,1.1772145398652276e-14,34.2426926430284,0.0,44172.66029284463,43200.0,166.4142714418346,855.1234367649413,0.0,-7.844391802791506e-12,-6.821210263296962e-13,0,0,0,0.0,0,0,True,1008,0,8.14135565314651e-11,1.301466255619522e-13,1.545594624203158e-10,0.7869224996284174,1.8088551097207486,16.937866000262147,0.6249508663500273,1.750710922293365,-1.6422812305390835,0.9344142341650818,9.444472686868473,1138.7715572010475,0,16.661683440042374,16.4942520290548,1230.798160909283,1500.0,-0.6596562601625919,0.00024422973190774133,0.0,0.0,0.0,0.0,0.0,28609.119565443514,14850.0,80.8766783303649,13409.041048022431,0.0,-9.094947017729282e-13,-1.2079226507921703e-12,0,0,0,0.0,0,0,True,1008,0,8.14135565314651e-11,1.301466255619522e-13,1.545594624203158e-10,0.7454050000887946,1.5280541596439434,16.937866000262147,0.29301199992914917,0.6704412298040547,16.327835000083724,0.29301199992914917,0.6704412298040547,16.327835000083724,0.29301199992914917,0.6704412298040547,16.327835000083724
d5419d24e3f12cc98db8a0792babd5f886758ddd3fc42e7ea513816b648d1aed,gen1800,Mar2015,550.0,swmpc,2,1500.0,0.5,96.75,72.0,10.0,1800.0,600.0,0.5603069795498791,2.057034910656512,-1.2521680453792214,3.0932891324350122,4.666666666666666,1138.645768230585,0,54.62540389026717,54.602646967069084,1350.0,1500.0,-0.15964874625205994,0.3045346980953689,34.27234221609102,0.0,1.1105673170424148e-14,34.27234221609102,0.0,80089.33621766028,65250.0,267.73452393980335,14421.601693720491,0.0,1.2732925824820995e-11,4.547473508864641e-13,0,0,0,0.0,0,0,True,1008,0,8.037676146854421e-11,1.2659234049178046e-13,3.341056539596329e-10,0.7362710002780659,1.205486320432101,2.4516109997421154,0.5355454857906967,1.8758434131741524,-1.2521680453792214,1.9274052918737805,4.666666666666666,1138.645768230585,0,33.976522259175425,34.022500389997234,1279.4462732396016,1231.1680300533083,0.30843289755284786,0.3946061922666091,34.27234221609102,0.0,1.1105673170424148e-14,34.27234221609102,0.0,44138.85761311931,43200.0,166.8233767247828,820.3124795808135,0.0,-8.412825991399586e-12,-2.8421709430404007e-13,0,0,0,0.0,0,0,True,1008,0,8.037676146854421e-11,1.2659234049178046e-13,3.341056539596329e-10,0.7617195001330401,1.3021157500679674,2.4516109997421154,0.7130448647225102,2.057034910656512,-1.1461414443328977,0.9401147854336522,9.439723226925027,1138.9598231826822,0,16.66160092110541,16.594877989031467,1231.1680300533083,1500.0,-0.15964874625205994,0.0002464053968789237,0.0,0.0,0.0,0.0,0.0,28609.022639569048,14850.0,81.37008011556742,13408.820589506795,0.0,7.048583938740194e-12,6.963318810448982e-13,0,0,0,0.0,0,0,True,1008,0,8.037676146854421e-11,1.2659234049178046e-13,3.341056539596329e-10,0.7362710002780659,1.205486320432101,2.4516109997421154,0.28298250026637106,0.5171022700233149,1.9025619994863519,0.28298250026637106,0.5171022700233149,1.9025619994863519,0.28298250026637106,0.5171022700233149,1.9025619994863519
d5419d24e3f12cc98db8a0792babd5f886758ddd3fc42e7ea513816b648d1aed,gen1800,May2024,400.0,pid_lowdrag_preview,0,1500.0,0.5,96.58333333333333,72.0,10.0,1800.0,600.0,2.221485611767854,8.161200704984367,-7.2652383809909225,95.34569976243614,6.25232289970713,1109.8304329013502,0,1682.3614447604584,1683.0394318355263,1350.0,1500.0,4.603958457708359,0.3020151368654508,0.0,0.0,0.0,0.0,0.0,87309.04083850942,65150.0,8252.489322104986,13756.551516404437,0.0,3.637978807091713e-12,3.637978807091713e-11,0,0,0,0.0,0,0,True,0,0,,,,0.16184400010388345,0.37963990036587353,0.5076460001873784,2.267916638656355,8.161200704984367,-7.2652383809909225,62.84206785015359,6.253788091818454,1109.8304329013502,0,1109.158160445636,1109.2862964288852,1159.5831664316374,1456.8275292119824,-0.22335928212851286,0.3863035200655218,0.0,0.0,0.0,0.0,0.0,51333.01319606124,43200.0,5439.191229437158,2396.5776038437457,0.0,6.821210263296962e-12,4.18367562815547e-11,0,0,0,0.0,0,0,True,0,0,,,,0.16308599970216164,0.3731436904672567,0.5076460001873784,2.2505815306239505,6.367644711397588,-6.367644711397588,25.96568241484647,7.654880366600663,1120.4216271478151,0,457.6345843958029,458.3454470163849,1456.8275292119824,1500.0,4.603958457708359,0.0014970926604448431,0.0,0.0,0.0,0.0,0.0,27960.0,14750.0,2247.4166889916737,10919.410840220316,0.0,8.185452315956354e-12,-3.183231456205249e-12,0,0,0,0.0,0,0,True,0,0,,,,0.16184400010388345,0.37963990036587353,0.5076460001873784,,,,,,,,,
d5419d24e3f12cc98db8a0792babd5f886758ddd3fc42e7ea513816b648d1aed,gen1800,May2024,400.0,pid_lowdrag_preview,1,1500.0,0.5,96.58333333333333,72.0,10.0,1800.0,600.0,2.249034688178381,7.488562502898276,-7.488562502898276,95.32763270813416,6.227518956335586,1110.1639260194222,0,1682.657797719719,1682.7205127350285,1350.0,1500.0,0.425699464045465,0.302021534489059,0.0,0.0,0.0,0.0,0.0,87309.8004922834,65150.0,8250.925558106428,13758.874934176962,0.0,-3.637978807091713e-12,7.09405867382884e-11,0,0,0,0.0,0,0,True,0,0,,,,0.1661099995544646,0.4345033393838094,0.5657439996866742,2.2384333666719,7.488562502898276,-7.488562502898276,62.85891542666359,6.2325562448055285,1110.1639260194222,0,1109.4124647881556,1109.5836893440155,1162.5241138683714,1454.3314535681911,0.22418299037963152,0.3863215284850482,0.0,0.0,0.0,0.0,0.0,51319.86529826092,43200.0,5440.649443552711,2387.408515008369,0.0,-2.0463630789890885e-11,2.8194335754960775e-11,0,0,0,0.0,0,0,True,0,0,,,,0.1675224998507474,0.43241579987807166,0.5657439996866742,2.513912575360664,7.152850248850882,-6.919629174284637,25.928624915711964,7.73865120652904,1118.929098237051,0,457.6616308082321,457.69130915341293,1454.3314535681911,1500.0,0.425699464045465,0.0014221729852553766,0.0,0.0,0.0,0.0,0.0,27960.0,14750.0,2244.2092384546377,10920.122215113563,0.0,9.094947017729282e-12,4.229150363244116e-11,0,0,0,0.0,0,0,True,0,0,,,,0.1661099995544646,0.4345033393838094,0.5657439996866742,,,,,,,,,
d5419d24e3f12cc98db8a0792babd5f886758ddd3fc42e7ea513816b648d1aed,gen1800,May2024,400.0,pid_lowdrag_preview,2,1500.0,0.5,96.58333333333333,72.0,10.0,1800.0,600.0,2.293058571917899,8.778504884801805,-8.567629073746502,95.33020838481885,6.229583172500492,1108.7044989217786,0,1682.3920845775253,1682.7659785025621,1350.0,1500.0,2.5388755397871137,0.3020651175627812,0.0,0.0,0.0,0.0,0.0015349194167306216,87313.30206924908,65150.0,8251.148491541077,13762.153577708017,0.0,1.0913936421275139e-11,-4.001776687800884e-11,0,0,0,0.0,0,0,True,0,0,,,,0.17430300067644566,0.5266331395978341,0.8527879999746801,2.293302393279396,8.778504884801805,-8.567629073746502,62.82678349388304,6.229583172500492,1108.7044989217786,0,1109.1598503985601,1109.0164974305126,1159.5024173300797,1455.9122567882414,-1.4310194747522473,0.3863693220049659,0.0,0.0,0.0,0.0,0.0023148148148148147,51327.38250102808,43200.0,5437.868317263446,2393.104344306479,0.0,9.322320693172514e-12,-5.093170329928398e-11,0,0,0,0.0,0,0,True,0,0,,,,0.17400300021108706,0.5246836000242183,0.8527879999746801,2.515842648386944,7.752707336097956,-6.200198752805591,25.95845204298236,7.656489336558005,1118.5909846521727,0,457.6331930535082,458.2178167091604,1455.9122567882414,1500.0,2.5388755397871137,0.0014956525500742224,0.0,0.0,0.0,0.0,0.0,27960.0,14750.0,2246.7908761154686,10919.12138067278,0.0,6.366462912410498e-12,1.0459189070388675e-11,0,0,0,0.0,0,0,True,0,0,,,,0.17430300067644566,0.5266331395978341,0.8527879999746801,,,,,,,,,
d5419d24e3f12cc98db8a0792babd5f886758ddd3fc42e7ea513816b648d1aed,gen1800,May2024,400.0,swmpc,0,1500.0,0.5,96.58333333333333,72.0,10.0,1800.0,600.0,3.1915022699171858,16.367877326905727,-6.367569330148399,87.69300934835665,2.0506822727099734,752.3185000269818,0,1547.276276975829,1547.9543702269093,1350.0,1500.0,4.604099745862186,0.36724137077784724,35.501582771028374,0.0,1.1171400168313275e-14,35.501582771028374,0.0,83745.0845593934,65150.0,7590.123362392915,10854.961197000508,0.0,1.6370904631912708e-11,4.638422979041934e-11,0,0,0,0.0,0,0,True,1008,0,4.547473508864641e-12,4.122597863442932e-08,2.8958214419464485e-10,0.8183760000974871,1.2124019601287728,2.8327549998721224,3.630358394181309,16.367877326905727,-6.111298319883645,55.74737580632604,2.297127835204588,752.3185000269818,0,983.8128488936989,984.0510053119829,1161.3628673049566,1249.2224312839803,0.49618502985686064,0.47442874890256304,35.501582771028374,0.0,9.089772546724598e-15,35.501582771028374,0.0,48203.74138450278,43200.0,4825.121895621424,90.75992490234057,0.0,1.1823431123048067e-11,-3.637978807091713e-12,0,0,0,0.0,0,0,True,1008,0,4.547473508864641e-12,4.122597863442932e-08,2.8958214419464485e-10,0.8677044997966732,1.2296137196517516,2.8327549998721224,2.2492205545812234,6.367569330148399,-6.367569330148399,25.950728903372855,7.221987713898631,917.0535215199086,0,457.47655486326903,458.0814880804792,1249.2224312839803,1500.0,4.604099745862186,0.0019580857019847464,0.0,0.0,0.0,0.0,0.0,27960.0,14750.0,2246.1224125422223,10713.100018741769,0.0,1.1368683772161603e-11,4.9112713895738125e-11,0,0,0,0.0,0,0,True,1008,0,4.547473508864641e-12,4.122597863442932e-08,2.8958214419464485e-10,0.8183760000974871,1.2124019601287728,2.8327549998721224,0.39406950054399204,0.582855919810754,2.3547939999843948,0.39406950054399204,0.582855919810754,2.3547939999843948,0.39406950054399204,0.582855919810754,2.3547939999843948
d5419d24e3f12cc98db8a0792babd5f886758ddd3fc42e7ea513816b648d1aed,gen1800,May2024,400.0,swmpc,1,1500.0,0.5,96.58333333333333,72.0,10.0,1800.0,600.0,3.228102538398708,16.8240551603958,-6.919684245251119,87.44071376631521,2.0176266779471046,757.9106086686476,0,1543.4380474998948,1543.50085618159,1350.0,1500.0,0.4258797727525234,0.37120608975381564,35.50573197081326,0.0,1.0576684241534143e-14,35.50573197081326,0.0,83657.31271860443,65150.0,7568.28633563656,10789.026382967868,0.0,-1.8189894035458565e-12,-9.094947017729282e-13,0,0,0,0.0,0,0,True,1008,0,4.092726157978177e-12,4.794876906544231e-08,2.4188746508222264e-10,0.8455360002699308,1.5052004396238772,2.670670000043174,3.633051937818374,16.8240551603958,-6.434388427063823,55.63030131954478,2.0541876725147383,757.9106086686476,0,981.6351168735486,981.9844099835644,1164.2350827712714,1224.8607300149877,1.1573753282427788,0.4778321944020877,35.50573197081326,0.0,1.0576684241534143e-14,35.50573197081326,0.0,48134.66735007048,43200.0,4814.988707082645,59.05299574412197,0.0,5.229594535194337e-12,-1.7280399333685637e-11,0,0,0,0.0,0,0,True,1008,0,4.092726157978177e-12,4.794876906544231e-08,2.4188746508222264e-10,0.906427999780135,1.5349720798076294,2.670670000043174,2.513604856992489,7.152888992801309,-6.919684245251119,25.901480268969514,6.853730679397144,891.8039387082596,0,457.3198831611503,457.2121526634487,1224.8607300149877,1500.0,0.4258797727525234,0.0024365853353808253,0.0,0.0,0.0,0.0,0.0,27960.0,14750.0,2241.8597784584854,10693.000951556503,0.0,1.1368683772161603e-12,1.5006662579253316e-11,0,0,0,0.0,0,0,True,1008,0,4.092726157978177e-12,4.794876906544231e-08,2.4188746508222264e-10,0.8455360002699308,1.5052004396238772,2.670670000043174,0.40109550036504515,0.775691730368635,2.1449169998959405,0.40109550036504515,0.775691730368635,2.1449169998959405,0.40109550036504515,0.775691730368635,2.1449169998959405
d5419d24e3f12cc98db8a0792babd5f886758ddd3fc42e7ea513816b648d1aed,gen1800,May2024,400.0,swmpc,2,1500.0,0.5,96.58333333333333,72.0,10.0,1800.0,600.0,3.205293507913713,12.937223901040852,-7.414803517051041,87.45805036014663,2.025951670108698,759.8234991226636,0,1543.432893975666,1543.8068812157996,1350.0,1500.0,2.5389928640797734,0.3702311704588406,35.49941584211755,0.0,1.2145314812146292e-14,35.49941584211755,0.0,83701.77279289758,65150.0,7569.786875837435,10831.985917060152,0.0,7.275957614183426e-12,-1.3642420526593924e-11,0,0,0,0.0,0,0,True,1008,0,4.547473508864641e-12,4.8010306841206316e-08,3.1866960434070996e-10,0.7905630000095698,1.203633780041855,3.7789230000271345,3.595115163954725,12.937223901040852,-7.414803517051041,55.55079913021354,2.3583432803459567,759.8234991226636,0,980.7233111446444,980.5810397225496,1161.4626385555416,1256.9379371821874,-1.491393725387752,0.4778407779852748,35.49941584211755,0.0,1.2145314812146292e-14,35.49941584211755,0.0,48167.037894474255,43200.0,4808.107526597579,63.455069250036786,0.0,6.139089236967266e-12,-2.091837814077735e-11,0,0,0,0.0,0,0,True,1008,0,4.547473508864641e-12,4.8010306841206316e-08,3.1866960434070996e-10,0.8360570000149892,1.279642279660036,3.7789230000271345,2.515660799081173,7.752667893655598,-6.200079409405589,25.93665710472591,6.67115525326348,924.6139021286366,0,457.2395428532036,457.83309311291646,1256.9379371821874,1500.0,2.5389928640797734,0.002675532174092554,0.0,0.0,0.0,0.0,0.0,27960.0,14750.0,2244.904451287859,10722.03348589432,0.0,-7.73070496506989e-12,6.821210263296962e-12,0,0,0,0.0,0,0,True,1008,0,4.547473508864641e-12,4.8010306841206316e-08,3.1866960434070996e-10,0.7905630000095698,1.203633780041855,3.7789230000271345,0.37288800012902357,0.5953049598156213,1.7984839996643132,0.37288800012902357,0.5953049598156213,1.7984839996643132,0.37288800012902357,0.5953049598156213,1.7984839996643132
d5419d24e3f12cc98db8a0792babd5f886758ddd3fc42e7ea513816b648d1aed,gen1800,May2024,550.0,pid_lowdrag_preview,0,1500.0,0.5,97.0,72.0,10.0,1800.0,600.0,0.9247572330252138,2.935869075357914,-2.935869075357914,11.59893430849639,5.821066822529291,1147.0226251197994,0,204.96319900791605,204.74404044554996,1350.0,1500.0,-1.5375222619622946,0.3628995818272184,0.0,0.0,0.0,0.0,0.0,82462.48545639362,65400.0,1003.9265721176804,15908.558884275939,0.0,-5.4569682106375694e-12,8.981260180007666e-12,0,0,0,0.0,0,0,True,0,0,,,,0.16816899960758747,0.43478077976942614,0.5897500004721223,0.9171390343664557,2.7239474449306726,-2.3892618818208575,7.610745896426259,5.821066822529291,1147.0226251197994,0,134.2543173999715,134.34465824134045,1419.4385503577066,1236.3781205848027,0.27829608507454395,0.47095230903353713,0.0,0.0,0.0,0.0,0.0,45074.60343942539,43200.0,658.7355213712212,1398.9283478270534,0.0,-1.6825651982799172e-11,5.6843418860808015e-12,0,0,0,0.0,0,0,True,0,0,,,,0.1694154998403974,0.43478077976942564,0.5897500004721223,1.0043589528447796,2.935869075357914,-2.935869075357914,3.2771724932226753,7.198790505896252,1156.5486930936563,0,58.107379236422986,57.848550535191805,1236.3781205848027,1500.0,-1.5375222619622946,0.0019549094360081787,0.0,0.0,0.0,0.0,0.0,29682.826878495212,15000.0,283.65024405297277,14135.554755027053,0.0,1.0913936421275139e-11,3.126388037344441e-12,0,0,0,0.0,0,0,True,0,0,,,,0.16816899960758747,0.43478077976942614,0.5897500004721223,,,,,,,,,
d5419d24e3f12cc98db8a0792babd5f886758ddd3fc42e7ea513816b648d1aed,gen1800,May2024,550.0,pid_lowdrag_preview,1,1500.0,0.5,97.0,72.0,10.0,1800.0,600.0,0.8534172082650826,2.836678526364267,-2.6630760738626122,11.605362582379422,5.8258845665045484,1147.2323734042527,0,204.97487857196896,204.85751214328278,1350.0,1500.0,-0.8233976354822516,0.36285364011279553,0.0,0.0,0.0,0.0,0.0,82452.84922021556,65400.0,1004.4829607299657,15898.366259485585,0.0,-1.0913936421275139e-11,-2.7284841053187847e-12,0,0,0,0.0,0,0,True,0,0,,,,0.16502449989275192,0.4523846199663241,1.760828000442416,0.866006412999207,2.836678526364267,-2.5072904201224446,7.6091296495064125,5.8258845665045484,1147.2323734042527,0,134.2699088792628,134.3161282991967,1419.5891574030122,1236.4374495233328,0.26802894938737154,0.4708458588798218,0.0,0.0,0.0,0.0,0.0,45063.02110022484,43200.0,658.5956297926638,1387.5771783118503,0.0,-5.229594535194337e-12,2.2737367544323206e-13,0,0,0,0.0,0,0,True,0,0,,,,0.16540499973416445,0.4475259399441695,1.5021680001154891,0.930234839796991,2.7237285636365414,-2.6630760738626122,3.2830329417692194,7.207587545114651,1156.241334689676,0,58.10757202685295,57.951998997121734,1236.4374495233328,1500.0,-0.8233976354822516,0.0019437344750080632,0.0,0.0,0.0,0.0,0.0,29683.06696606383,15000.0,284.1574854825603,14135.3469301046,0.0,-3.183231456205249e-12,-2.9558577807620168e-12,0,0,0,0.0,0,0,True,0,0,,,,0.16502449989275192,0.4523846199663241,1.760828000442416,,,,,,,,,
d5419d24e3f12cc98db8a0792babd5f886758ddd3fc42e7ea513816b648d1aed,gen1800,May2024,550.0,pid_lowdrag_preview,2,1500.0,0.5,97.0,72.0,10.0,1800.0,600.0,0.877945039057115,3.5295299906283617,-2.3338931165635586,11.620746278107784,5.8172978029354265,1147.973583880754,0,204.97939300943435,205.12906467877204,1350.0,1500.0,1.050014660693705,0.3628822796680746,0.0,0.0,0.0,0.0,0.0,82473.87593163518,65400.0,1005.8144710660388,15918.061460569143,0.0,1.8189894035458565e-12,7.73070496506989e-12,0,0,0,0.0,0,0,True,0,0,,,,0.252395999723376,0.4075714701139081,0.6180529999255668,0.869866122204693,3.0748122073709965,-2.3338931165635586,7.601274504822919,5.8172978029354265,1147.973583880754,0,134.27270193754717,134.17746952089948,1419.4524943043446,1238.662422557329,-0.5734566682949662,0.47090694869748606,0.0,0.0,0.0,0.0,0.0,45086.24079666895,43200.0,657.9157407385637,1409.1151276773996,0.0,-2.0463630789890885e-12,1.5916157281026244e-12,0,0,0,0.0,0,0,True,0,0,,,,0.2676940002857009,0.3985843099781041,0.6180529999255668,1.014816988629885,3.5295299906283617,-2.169963142834604,3.3049198259121138,7.190956806922269,1155.8946762965577,0,58.106932680068525,58.33834561940719,1238.662422557329,1500.0,1.050014660693705,0.0019648642088941903,0.0,0.0,0.0,0.0,0.0,29682.612926699392,15000.0,286.0518685342795,14135.223480722441,0.0,-2.2737367544323206e-13,6.30961949354969e-12,0,0,0,0.0,0,0,True,0,0,,,,0.252395999723376,0.4075714701139081,0.6180529999255668,,,,,,,,,
d5419d24e3f12cc98db8a0792babd5f886758ddd3fc42e7ea513816b648d1aed,gen1800,May2024,550.0,swmpc,0,1500.0,0.5,97.0,72.0,10.0,1800.0,600.0,0.9204667758919387,2.983488619327545,-2.9358150213956833,11.703237197051658,4.6774678796777085,1146.892852501735,0,206.80434738868001,206.58519190523901,1350.0,1500.0,-1.537499695084989,0.32325540070670855,34.579814007482646,0.0,1.2179878891341843e-14,34.579814007482646,0.0,81211.78023534594,65400.0,1012.9543360987537,14648.825899247197,0.0,9.094947017729282e-12,-6.934897101018578e-12,0,0,0,0.0,0,0,True,1008,0,6.329787208705178e-11,1.9285539831770388e-13,3.491888780727078e-10,0.8064119997470698,1.3553071103615368,1.9042139992961893,0.9212045215499253,2.983488619327545,-1.97119577601552,7.714633478307481,4.685728168678381,1146.892852501735,0,136.1874370805163,136.1784787200794,1419.3677592567044,1236.4347463928946,-0.47935042157769203,0.41947700466829285,34.579814007482646,0.0,1.2179878891341843e-14,34.579814007482646,0.0,44068.77450195205,43200.0,667.7273391701343,383.98017564573183,0.0,4.661160346586257e-12,1.5916157281026244e-12,0,0,0,0.0,0,0,True,1008,0,6.329787208705178e-11,1.9285539831770388e-13,3.491888780727078e-10,0.8582954997109482,1.3692359698507057,1.9042139992961893,1.0058726736568362,2.9358150213956833,-2.9358150213956833,3.285064670190865,8.954929374647136,1156.5489092988696,0,58.13869142537379,57.987863006268014,1236.4347463928946,1500.0,-1.537499695084989,0.0004669695814026875,0.0,0.0,0.0,0.0,0.0,29700.0,15000.0,284.3333383752057,14152.101408017686,0.0,-2.9558577807620168e-12,-8.412825991399586e-12,0,0,0,0.0,0,0,True,1008,0,6.329787208705178e-11,1.9285539831770388e-13,3.491888780727078e-10,0.8064119997470698,1.3553071103615368,1.9042139992961893,0.33744399979696027,0.6171880200872691,1.131027000155882,0.33744399979696027,0.6171880200872691,1.131027000155882,0.33744399979696027,0.6171880200872691,1.131027000155882
d5419d24e3f12cc98db8a0792babd5f886758ddd3fc42e7ea513816b648d1aed,gen1800,May2024,550.0,swmpc,1,1500.0,0.5,97.0,72.0,10.0,1800.0,600.0,0.847812264495167,2.9133479399606586,-2.662854108028114,11.701648261659333,4.676530093251227,1146.9663953358902,0,206.6745040906857,206.5571440653609,1350.0,1500.0,-0.8233515918254852,0.3236162765786119,34.5853851575059,0.0,1.1548397505807526e-14,34.5853851575059,0.0,81239.64385773451,65400.0,1012.8168084242968,14676.827049310179,0.0,-3.456079866737127e-11,2.3874235921539366e-12,0,0,0,0.0,0,0,True,1008,0,7.352158656726621e-11,1.9799782274242279e-13,3.6109899271235384e-10,0.72105850040316,1.090568239997084,2.193420000367041,0.861676157676361,2.9133479399606586,-2.2999433912336826,7.703423430820812,4.676530093251227,1146.9663953358902,0,136.03469799345044,135.98059929814488,1419.5223152194508,1236.4504973945395,-0.3037031712010503,0.4202426117099284,34.5853851575059,0.0,1.1548397505807526e-14,34.5853851575059,0.0,44087.47133259466,43200.0,666.757072053585,403.78607836597075,0.0,-1.318767317570746e-11,3.183231456205249e-12,0,0,0,0.0,0,0,True,1008,0,7.352158656726621e-11,1.9799782274242279e-13,3.6109899271235384e-10,0.7487049997507711,1.1365857204691563,2.193420000367041,0.9297306192655769,2.723872966133058,-2.662854108028114,3.2894107200817846,8.955451816194378,1156.2446032306973,0,58.1386495370364,58.06457934856141,1236.4504973945395,1500.0,-0.8233515918254852,0.00046672663736069264,0.0,0.0,0.0,0.0,0.0,29700.0,15000.0,284.7095035342872,14151.740993860247,0.0,-6.366462912410498e-12,-8.526512829121202e-13,0,0,0,0.0,0,0,True,1008,0,7.352158656726621e-11,1.9799782274242279e-13,3.6109899271235384e-10,0.72105850040316,1.090568239997084,2.193420000367041,0.2810490000229038,0.4622105901853497,1.7067469998437446,0.2810490000229038,0.4622105901853497,1.7067469998437446,0.2810490000229038,0.4622105901853497,1.7067469998437446
d5419d24e3f12cc98db8a0792babd5f886758ddd3fc42e7ea513816b648d1aed,gen1800,May2024,550.0,swmpc,2,1500.0,0.5,97.0,72.0,10.0,1800.0,600.0,0.8763353613177687,3.5298560708761215,-2.2461849711835384,11.729438856920162,4.67583222030836,1147.290006359808,0,206.8980300891712,207.04770281918974,1350.0,1500.0,1.0500250048935413,0.3229329922061631,34.55530323113027,0.0,1.1636235354644383e-14,34.55530323113027,0.0,81229.89458429418,65400.0,1015.2221774259025,14664.672406868278,0.0,5.4569682106375694e-12,2.7284841053187847e-12,0,0,0,0.0,0,0,True,1008,0,7.78898317515551e-11,1.8868195894583546e-13,3.878189531915433e-10,0.8634434993837203,1.3687717297671047,1.9136079999952926,0.8744450118748032,2.9432527106255293,-2.2461849711835384,7.715996888951017,4.683928952064456,1147.290006359808,0,136.25764415664503,136.20254560385754,1419.3289922530378,1237.5694508790878,-0.6109767267480493,0.41924837209198806,34.55530323113027,0.0,1.1636235354644383e-14,34.55530323113027,0.0,44076.331212962716,43200.0,667.8453469230317,390.2454074136426,0.0,8.640199666842818e-12,1.2505552149377763e-12,0,0,0,0.0,0,0,True,1008,0,7.78898317515551e-11,1.8868195894583546e-13,3.878189531915433e-10,1.0634494997248112,1.38182609955038,1.9136079999952926,1.0162931038754726,3.5298560708761215,-2.169446302577853,3.307067897061824,9.058423877510736,1155.890873023686,0,58.139500782366326,58.376263306898295,1237.5694508790878,1500.0,1.0500250048935413,0.0004189329710302392,0.0,0.0,0.0,0.0,0.0,29700.0,15000.0,286.23779127929913,14151.331659599784,0.0,-3.865352482534945e-12,1.5347723092418164e-12,0,0,0,0.0,0,0,True,1008,0,7.78898317515551e-11,1.8868195894583546e-13,3.878189531915433e-10,0.8634434993837203,1.3687717297671047,1.9136079999952926,0.3770839998651354,0.5938163597238598,1.3106380001772777,0.3770839998651354,0.5938163597238598,1.3106380001772777,0.3770839998651354,0.5938163597238598,1.3106380001772777
d5419d24e3f12cc98db8a0792babd5f886758ddd3fc42e7ea513816b648d1aed,load480,Feb2022,400.0,pid_lowdrag_preview,0,1500.0,0.5,96.16666666666667,72.0,10.0,1500.0,480.0,1.1781031206144916,4.413366668857634,-4.341908977366984,25.319128560112258,5.812717211205374,1198.620819850072,0,447.2028278986288,446.9324977692429,1350.0,1500.0,-1.8353242548182607,0.3579959425421221,0.0,0.0,0.0,0.0,0.0,65161.89866407336,51920.0,2191.4552896243663,10900.44337444901,0.0,2.000888343900442e-11,-1.546140993013978e-11,0,0,0,0.0,0,0,True,0,0,,,,0.18623100004333537,0.4402547300378501,0.7384339996860945,1.1432098384917502,4.413366668857634,-3.5743490317836404,15.203094840178833,5.812717211205374,1206.1062962476105,0,268.3173083651029,268.3645740259893,1322.558029971531,1268.8652350334005,0.13207039143890142,0.46004539006542433,0.0,0.0,0.0,0.0,0.0,36599.83999892938,34560.0,1315.8787249359898,777.6540689315343,0.0,1.0686562745831907e-11,-5.229594535194337e-12,0,0,0,0.0,0,0,True,0,0,,,,0.17333650021100766,0.4408766296000976,0.5407259995990898,1.3641029946766485,4.341908977366984,-4.341908977366984,7.965451499068834,7.471739420089383,1198.620819850072,0,140.89569951090027,140.60591089801846,1268.8652350334005,1500.0,-1.8353242548182607,0.0016899234923050122,0.0,0.0,0.0,0.0,0.0,22540.945903687687,11600.0,689.4364780540142,10020.37466066708,0.0,6.366462912410498e-12,-1.0345502232667059e-11,0,0,0,0.0,0,0,True,0,0,,,,0.18623100004333537,0.4402547300378501,0.7384339996860945,,,,,,,,,
d5419d24e3f12cc98db8a0792babd5f886758ddd3fc42e7ea513816b648d1aed,load480,Feb2022,400.0,pid_lowdrag_preview,1,1500.0,0.5,96.16666666666667,72.0,10.0,1500.0,480.0,1.2041074274456585,5.176979915238917,-4.368812199681997,25.326793866763026,5.803844325718918,1197.943005008104,0,447.30441059853575,447.06780553228276,1350.0,1500.0,-1.6063675004988909,0.3579095515498635,0.0,0.0,0.0,0.0,0.0,65188.88088190661,51920.0,2192.1187475615843,10926.762134345021,0.0,-5.4569682106375694e-12,-6.366462912410498e-12,0,0,0,0.0,0,0,True,0,0,,,,0.17734799985191785,0.5058135199487878,1.2067719999322435,1.1925206151002739,5.176979915238917,-4.368812199681997,15.215508084919367,5.809322887881876,1204.1384679835473,0,268.3932149088943,268.58369224975456,1322.4543609291852,1267.7702326788342,1.2950520738959312,0.4599013969331336,0.0,0.0,0.0,0.0,0.0,36618.086633574625,34560.0,1316.9531328005264,795.8176290244435,0.0,-6.139089236967266e-12,9.094947017729282e-13,0,0,0,0.0,0,0,True,0,0,,,,0.17811350016927463,0.5082291197777521,1.2067719999322435,1.3759631254148907,4.148012448102236,-4.148012448102236,7.958079067778634,7.569493079095976,1197.943005008104,0,140.9031444397545,140.4757729620539,1267.7702326788342,1500.0,-1.6063675004988909,0.0016007099288622983,0.0,0.0,0.0,0.0,0.0,22541.74834352028,11600.0,688.7983694591676,10020.720206739947,0.0,-1.1368683772161603e-12,-7.503331289626658e-12,0,0,0,0.0,0,0,True,0,0,,,,0.17734799985191785,0.5058135199487878,1.2067719999322435,,,,,,,,,
d5419d24e3f12cc98db8a0792babd5f886758ddd3fc42e7ea513816b648d1aed,load480,Feb2022,400.0,pid_lowdrag_preview,2,1500.0,0.5,96.16666666666667,72.0,10.0,1500.0,480.0,1.1967501568281165,3.957165129482746,-3.9182996451854706,25.32529837259257,5.797752658797979,1198.6974107383926,0,447.31418835021157,447.0414071140517,1350.0,1500.0,-1.8519741911441088,0.35793736122635833,0.0,0.0,0.0,0.0,0.0,65192.965974657316,51920.0,2191.989307537515,10930.976667119803,0.0,1.8189894035458565e-12,1.8189894035458565e-12,0,0,0,0.0,0,0,True,0,0,,,,0.25523000022076303,0.49886800036802,8.338796000316506,1.1900832596042306,3.957165129482746,-3.9182996451854706,15.19612257301906,5.797752658797979,1205.0461734716089,0,268.416870790911,268.24149977525354,1321.8233290567366,1272.410636368622,-1.2326604248955846,0.4599192335470641,0.0,0.0,0.0,0.0,0.0,36626.052513851144,34560.0,1315.2752518854995,800.1899546537625,0.0,3.410605131648481e-12,-3.865352482534945e-12,0,0,0,0.0,0,0,True,0,0,,,,0.26182000010521733,0.5044479994739955,1.0387579995949636,1.3057242693585447,3.7271179109811783,-3.4601103411987424,7.976553569562821,7.45109006947811,1198.6974107383926,0,140.89309823390442,140.80188431331635,1272.410636368622,1500.0,-1.8519741911441088,0.0017087867614596908,0.0,0.0,0.0,0.0,0.0,22540.775827010337,11600.0,690.397399400595,10022.789063978362,0.0,-1.3642420526593924e-12,5.7980287238024175e-12,0,0,0,0.0,0,0,True,0,0,,,,0.25523000022076303,0.49886800036802,8.338796000316506,,,,,,,,,
d5419d24e3f12cc98db8a0792babd5f886758ddd3fc42e7ea513816b648d1aed,load480,Feb2022,400.0,swmpc,0,1500.0,0.5,96.16666666666667,72.0,10.0,1500.0,480.0,1.1413278807650844,4.351483326405287,-4.351483326405287,25.67167829011874,5.321991736514061,1198.620836499017,0,453.4260268353756,453.1556950268227,1350.0,1500.0,-1.8353270217776299,0.31816289228953065,27.656914767453323,0.0,1.0273782322896602e-14,27.656914767453323,0.0,64717.90873736854,51920.0,2221.969648317398,10425.939089051157,0.0,1.4551915228366852e-11,-2.000888343900442e-11,0,0,0,0.0,0,0,True,1008,0,3.5746856755636185e-11,1.485553678856133e-13,1.1981359870205506e-10,0.7800529992891825,1.2991165396215363,2.653014000316034,1.0841457642444792,4.236065477132797,-2.9552624616771936,15.490195348819634,5.342789395854066,1202.8404454995352,0,273.52231462899505,273.43246359150396,1369.5380089368134,1267.8266558548762,0.0811852216720581,0.4103564598703139,27.6414471585168,0.0,1.0273782322896602e-14,27.6414471585168,0.0,36131.4169165055,34560.0,1340.7282345398114,332.40003504763945,0.0,1.4551915228366852e-11,1.5916157281026244e-12,0,0,0,0.0,0,0,True,1008,0,3.5746856755636185e-11,1.485553678856133e-13,1.1981359870205506e-10,1.0090679998029373,1.3383725898074756,2.653014000316034,1.364055530295151,4.351483326405287,-4.351483326405287,7.971759780201353,8.948743378933237,1198.620836499017,0,140.99955771682562,140.71726448731596,1267.8266558548762,1500.0,-1.8353270217776299,0.0004860481116587545,0.0,0.0,0.0,0.0,0.0,22550.0,11600.0,689.9824808922713,10027.84417496261,0.0,5.9117155615240335e-12,-2.1259438653942198e-11,0,0,0,0.0,0,0,True,1008,0,3.5746856755636185e-11,1.485553678856133e-13,1.1981359870205506e-10,0.7800529992891825,1.2991165396215363,2.653014000316034,0.34055899959639646,0.531675120055297,0.9567139995851903,0.34055899959639646,0.531675120055297,0.9567139995851903,0.34055899959639646,0.531675120055297,0.9567139995851903
d5419d24e3f12cc98db8a0792babd5f886758ddd3fc42e7ea513816b648d1aed,load480,Feb2022,400.0,swmpc,1,1500.0,0.5,96.16666666666667,72.0,10.0,1500.0,480.0,1.1017053809492023,4.148024372756481,-4.148024372756481,25.68022200408973,5.359794740668457,1197.9665534637338,0,453.54311583443837,453.3065084095273,1350.0,1500.0,-1.606372301466763,0.3177738423969785,27.670604125924154,0.0,9.545671677293692e-15,27.670604125924154,0.0,64715.148608051124,51920.0,2222.7091353471574,10422.439472703967,0.0,0.0,-1.000444171950221e-11,0,0,0,0.0,0,0,True,1008,0,2.2324085523970234e-11,1.7138427653867824e-13,1.4238866682940718e-10,0.8895275004761061,1.3887985799283336,8.062689999860595,1.0475967239940476,3.2515953266993165,-3.1521934075281024,15.489327466283873,5.379450459391491,1203.3800150218044,0,273.5061335559045,273.4171437550184,1369.9529488653495,1267.7541037265776,0.29934237245470285,0.41038700837672815,27.62546478323882,0.0,9.545671677293692e-15,27.62546478323882,0.0,36126.96497865544,34560.0,1340.6531164025819,328.51070739163106,0.0,4.547473508864641e-12,3.865352482534945e-12,0,0,0,0.0,0,0,True,1008,0,2.2324085523970234e-11,1.7138427653867824e-13,1.4238866682940718e-10,1.050666000082856,1.7998906802585952,8.062689999860595,1.3734521367125767,4.148024372756481,-4.148024372756481,7.971705283827788,8.894777782877231,1197.9665534637338,0,140.99700589034268,140.7163025189655,1267.7541037265776,1500.0,-1.606372301466763,0.0005120378784716495,0.0,0.0,0.0,0.0,0.0,22550.0,11600.0,689.9777640488123,10027.776339677775,0.0,9.777068044058979e-12,-1.4210854715202004e-11,0,0,0,0.0,0,0,True,1008,0,2.2324085523970234e-11,1.7138427653867824e-13,1.4238866682940718e-10,0.8895275004761061,1.3887985799283336,8.062689999860595,0.3506795001158025,0.5962204701063436,4.336205000072368,0.3506795001158025,0.5962204701063436,4.336205000072368,0.3506795001158025,0.5962204701063436,4.336205000072368
d5419d24e3f12cc98db8a0792babd5f886758ddd3fc42e7ea513816b648d1aed,load480,Feb2022,400.0,swmpc,2,1500.0,0.5,96.16666666666667,72.0,10.0,1500.0,480.0,1.0836489589075935,3.726188076660037,-3.4601259902119637,25.685653823334178,5.298828047432805,1198.6974129368007,0,453.67517342490453,453.40239071988105,1350.0,1500.0,-1.8519727494567633,0.31747900718569166,27.659821852356828,0.0,1.2941424041795464e-14,27.659821852356828,0.0,64716.10624561914,51920.0,2223.1792774765563,10422.926968142601,0.0,1.4551915228366852e-11,0.0,0,0,0,0.0,0,0,True,1008,0,2.1797707729653565e-11,2.1825380125046626e-13,1.0485953295877419e-10,1.0803555001075438,1.2710880498616461,2.2993709999354905,1.0395630399500468,3.5325297228991985,-2.5954392291605473,15.491594795932732,5.298828047432805,1202.5967129980133,0,273.68346196048196,273.457166589961,1370.6160953802444,1269.9604459796813,-0.845818649046123,0.4096848456978618,27.63920202062167,0.0,1.2941424041795464e-14,27.63920202062167,0.0,36130.36919705731,34560.0,1340.8493613697183,330.17548508817345,0.0,1.5916157281026244e-11,-6.821210263296962e-13,0,0,0,0.0,0,0,True,1008,0,2.1797707729653565e-11,2.1825380125046626e-13,1.0485953295877419e-10,1.109694499973557,1.2784481801827494,2.2993709999354905,1.3086800370256961,3.726188076660037,-3.4601259902119637,7.979210719738905,8.91282363923687,1198.6974129368007,0,140.99698371389667,140.84878824851017,1269.9604459796813,1500.0,-1.8519727494567633,0.000503341810030089,0.0,0.0,0.0,0.0,0.0,22550.0,11600.0,690.6273846386237,10029.33306134106,0.0,1.5916157281026244e-12,6.821210263296962e-13,0,0,0,0.0,0,0,True,1008,0,2.1797707729653565e-11,2.1825380125046626e-13,1.0485953295877419e-10,1.0803555001075438,1.2710880498616461,2.2993709999354905,0.3907400000571215,0.5276002900427555,1.659114000176487,0.3907400000571215,0.5276002900427555,1.659114000176487,0.3907400000571215,0.5276002900427555,1.659114000176487
d5419d24e3f12cc98db8a0792babd5f886758ddd3fc42e7ea513816b648d1aed,load480,Feb2022,550.0,pid_lowdrag_preview,0,1500.0,0.5,96.58333333333333,72.0,10.0,1500.0,480.0,0.5579808342813619,2.2124960804358125,-2.2124960804358125,1.9738444785418874,5.625999367776695,1210.852250552277,0,34.892176192634096,34.84224351988721,1350.0,1500.0,-0.3502923306077719,0.3853029272405426,0.0,0.0,0.0,0.0,0.0,64522.46293740117,52120.0,170.84284370715125,12081.620093694031,0.0,1.0913936421275139e-11,1.1652900866465643e-12,0,0,0,0.0,0,0,True,0,0,,,,0.27931100066780346,0.38984544056802417,1.88945199988666,0.5448430326900303,1.7690938953310251,-1.0539394346997142,1.1753451082090012,5.641366060270451,1211.4999937407554,0,20.595305263829616,20.747156589752137,1243.6076755576087,1294.5846118586298,0.5225446848198771,0.49751147208561286,0.0,0.0,0.0,0.0,0.0,35275.54346130002,34560.0,101.73005158544674,562.8364734135653,0.0,1.5234036254696548e-11,8.242295734817162e-13,0,0,0,0.0,0,0,True,0,0,,,,0.2807189998748072,0.4151852201630386,1.88945199988666,0.6154283629110641,2.2124960804358125,-2.2124960804358125,0.6437396898753522,7.615363241219956,1210.852250552277,0,11.487693472518774,11.363273693489102,1294.5846118586298,1500.0,-0.3502923306077719,0.0015324759702392,0.0,0.0,0.0,0.0,0.0,23493.489948597427,11800.0,55.717823983127374,11432.356736472924,0.0,-4.774847184307873e-12,3.197442310920451e-13,0,0,0,0.0,0,0,True,0,0,,,,0.27931100066780346,0.38984544056802417,1.88945199988666,,,,,,,,,
d5419d24e3f12cc98db8a0792babd5f886758ddd3fc42e7ea513816b648d1aed,load480,Feb2022,550.0,pid_lowdrag_preview,1,1500.0,0.5,96.58333333333333,72.0,10.0,1500.0,480.0,0.5238655684010484,1.711644689552486,-1.3677716348320246,1.9731340643436355,5.621870647400973,1210.9481222169031,0,34.88947108852978,34.82970330977178,1350.0,1500.0,-0.4192886361852288,0.3852888944853725,0.0,0.0,0.0,0.0,0.0,64518.83389889751,52120.0,170.78135498138764,12078.05254391611,0.0,-1.0913936421275139e-11,2.5579538487363607e-13,0,0,0,0.0,0,0,True,0,0,,,,0.2823060003720457,0.4927674802820548,7.293157999811228,0.5577391119560479,1.711644689552486,-1.3677716348320246,1.1695055379258104,5.621870647400973,1211.3778200747265,0,20.59212727566127,20.644076670300237,1243.61898188529,1294.497434165512,0.6338058616966009,0.49749677233927914,0.0,0.0,0.0,0.0,0.0,35270.917863602954,34560.0,101.22461723939975,558.8147940833271,0.0,-4.774847184307873e-12,-2.984279490192421e-13,0,0,0,0.0,0,0,True,0,0,,,,0.28719800002363627,0.5666346603265983,7.293157999811228,0.5030754648353271,1.5918805049732327,-1.1309187449514866,0.6422867527885423,7.620411883253695,1210.9481222169031,0,11.487741293818107,11.337626491620657,1294.497434165512,1500.0,-0.4192886361852288,0.0015279540336012865,0.0,0.0,0.0,0.0,0.0,23493.65669501095,11800.0,55.592067417026925,11432.562061759432,0.0,-5.002220859751105e-12,5.400124791776761e-13,0,0,0,0.0,0,0,True,0,0,,,,0.2823060003720457,0.4927674802820548,7.293157999811228,,,,,,,,,
d5419d24e3f12cc98db8a0792babd5f886758ddd3fc42e7ea513816b648d1aed,load480,Feb2022,550.0,pid_lowdrag_preview,2,1500.0,0.5,96.58333333333333,72.0,10.0,1500.0,480.0,0.4785085982043475,1.8474725829437375,-0.9551383899524808,1.9734744831287763,5.619861686481885,1211.0611411752468,0,34.893282787922615,34.835712371954884,1350.0,1500.0,-0.40387358516454697,0.38526598879830354,0.0,0.0,0.0,0.0,0.0,64520.30152122155,52120.0,170.8108193662158,12079.490701855351,0.0,2.000888343900442e-11,1.2505552149377763e-12,0,0,0,0.0,0,0,True,0,0,,,,0.27760900047724135,0.42498132084801915,2.023232999817992,0.4529085977275991,1.2376563614234328,-0.9088353998959064,1.170927764019938,5.619861686481885,1211.0823207613296,0,20.596403764281035,20.669181762647185,1243.53037609749,1294.071342992435,0.2972280737012625,0.49745671608722564,0.0,0.0,0.0,0.0,0.0,35273.90387806307,34560.0,101.34771566633196,562.0151955018036,0.0,7.844391802791506e-12,7.531752999057062e-13,0,0,0,0.0,0,0,True,0,0,,,,0.2764070000011998,0.41419542969379103,2.023232999817992,0.5581598246274376,1.8474725829437375,-0.8513306099921465,0.6451202533047673,7.610750941913905,1211.0611411752468,0,11.487582730271846,11.387643357728216,1294.071342992435,1500.0,-0.40387358516454697,0.0015366074453603273,0.0,0.0,0.0,0.0,0.0,23493.33760045234,11800.0,55.83731636703286,11431.571627077747,0.0,3.183231456205249e-12,4.760636329592671e-13,0,0,0,0.0,0,0,True,0,0,,,,0.27760900047724135,0.42498132084801915,2.023232999817992,,,,,,,,,
d5419d24e3f12cc98db8a0792babd5f886758ddd3fc42e7ea513816b648d1aed,load480,Feb2022,550.0,swmpc,0,1500.0,0.5,96.58333333333333,72.0,10.0,1500.0,480.0,0.5523434857698798,2.2199590811505914,-2.2199590811505914,2.018226556199938,4.560592481715698,1210.8420510652975,0,35.676505884422106,35.62567462324476,1350.0,1500.0,-0.3565959045663476,0.32058984604925267,27.40451652836232,0.0,1.1193212718713462e-14,27.40451652836232,0.0,65512.5663681678,52120.0,174.68426102202167,13067.882107145775,0.0,-1.8189894035458565e-12,7.673861546209082e-13,0,0,0,0.0,0,0,True,1008,0,8.18327027303062e-11,7.395524130171365e-14,1.8691611567539426e-10,1.0913670002992149,1.4493499801756116,2.504650000446418,0.5240515314128116,1.6458537327125669,-1.0439946902915835,1.2138726799111497,4.560592481715698,1211.3743076414964,0,21.275006811198452,21.427244129611424,1243.604347342144,1361.19015825713,0.5538507690653205,0.41563331363505707,27.40451652836232,0.0,1.1193212718713462e-14,27.40451652836232,0.0,36033.95176817413,34560.0,105.06474182182649,1251.3012154373107,0.0,-4.092726157978177e-12,5.826450433232822e-13,0,0,0,0.0,0,0,True,1008,0,8.18327027303062e-11,7.395524130171365e-14,1.8691611567539426e-10,1.1275970005044655,1.5170788506293311,2.504650000446418,0.6182144050618956,2.2199590811505914,-2.2199590811505914,0.644012319590497,8.441532033066768,1210.8420510652975,0,11.497867026801579,11.3680861450418,1361.19015825713,1500.0,-0.3565959045663476,0.0008003764035284799,0.0,0.0,0.0,0.0,0.0,23520.486120119887,11800.0,55.74142099713758,11525.934857379885,0.0,5.4569682106375694e-12,1.8474111129762605e-13,0,0,0,0.0,0,0,True,1008,0,8.18327027303062e-11,7.395524130171365e-14,1.8691611567539426e-10,1.0913670002992149,1.4493499801756116,2.504650000446418,0.40166100006899796,0.6269042004714713,0.8315049999509938,0.40166100006899796,0.6269042004714713,0.8315049999509938,0.40166100006899796,0.6269042004714713,0.8315049999509938
d5419d24e3f12cc98db8a0792babd5f886758ddd3fc42e7ea513816b648d1aed,load480,Feb2022,550.0,swmpc,1,1500.0,0.5,96.58333333333333,72.0,10.0,1500.0,480.0,0.5241740162546582,1.5616938062012196,-1.264349496923387,2.018456419375211,4.5600000000000005,1210.930847298461,0,35.6916403485257,35.629732161118504,1350.0,1500.0,-0.4343038257211447,0.32084114694170485,27.3653299234595,0.0,1.0481991323386223e-14,27.3653299234595,0.0,65599.60819012455,52120.0,174.70415644891648,13154.904033675633,0.0,1.8189894035458565e-12,-5.684341886080801e-13,0,0,0,0.0,0,0,True,1008,0,8.456880525085763e-11,7.052606726006588e-14,1.6975492117762755e-10,1.0670909996406408,1.4389070804645607,2.6662990003387677,0.5579275829419212,1.5539368195459247,-1.264349496923387,1.2106339112665634,4.5600000000000005,1210.9847526066512,0,21.28982987243808,21.370073482659958,1243.4817697303147,1360.745533015758,0.6921855453401804,0.415975978804043,27.3653299234595,0.0,1.0481991323386223e-14,27.3653299234595,0.0,36123.024841133156,34560.0,104.78441555936362,1340.97666228836,0.0,1.1141310096718371e-11,-3.979039320256561e-13,0,0,0,0.0,0,0,True,1008,0,8.456880525085763e-11,7.052606726006588e-14,1.6975492117762755e-10,1.1182885000380338,1.4517401298508048,2.6662990003387677,0.4987418331343381,1.5616938062012196,-1.168207922950387,0.6422671414920864,8.4419575746545,1210.930847298461,0,11.49785727359638,11.337280313604001,1360.745533015758,1500.0,-0.4343038257211447,0.0008000054313778149,0.0,0.0,0.0,0.0,0.0,23520.499799717945,11800.0,55.59036999370251,11525.654962739996,0.0,-4.320099833421409e-12,-1.3500311979441904e-13,0,0,0,0.0,0,0,True,1008,0,8.456880525085763e-11,7.052606726006588e-14,1.6975492117762755e-10,1.0670909996406408,1.4389070804645607,2.6662990003387677,0.3870294999614998,0.6017016297028022,1.2392099997668993,0.3870294999614998,0.6017016297028022,1.2392099997668993,0.3870294999614998,0.6017016297028022,1.2392099997668993
d5419d24e3f12cc98db8a0792babd5f886758ddd3fc42e7ea513816b648d1aed,load480,Feb2022,550.0,swmpc,2,1500.0,0.5,96.58333333333333,72.0,10.0,1500.0,480.0,0.46075263082778267,1.9260378135368228,-0.9068372147157788,2.0172352767813746,4.559999999999999,1211.0137782864776,0,35.666115804297284,35.60817658868661,1350.0,1500.0,-0.40646040346473455,0.32060617152341064,27.38573270655727,0.0,1.0123284302925046e-14,27.38573270655727,0.0,65513.24199181525,52120.0,174.59846247172126,13068.643529343526,0.0,-3.637978807091713e-12,-2.842170943040401e-14,0,0,0,0.0,0,0,True,1008,0,7.881230511584152e-11,1.0375514573208829e-13,2.2769877820360284e-10,1.0087029995702324,1.2638948001767858,2.557830000114336,0.4292064062740944,1.1054583908990026,-0.8389366241171956,1.2099207535851075,4.559999999999999,1211.0137782864776,0,21.265455302267817,21.357484844661776,1243.5019592292183,1359.13750531194,0.33393014688044786,0.41565482053109437,27.38573270655727,0.0,1.0123284302925046e-14,27.38573270655727,0.0,36042.04820902379,34560.0,104.72268937595106,1261.6899735650982,0.0,-2.1827872842550278e-11,1.8474111129762605e-13,0,0,0,0.0,0,0,True,1008,0,7.881230511584152e-11,1.0375514573208829e-13,2.2769877820360284e-10,1.0543714997766074,1.2710068303749722,2.557830000114336,0.5669479142144261,1.9260378135368228,-0.8519739210605621,0.6453332051405636,8.36984267570659,1211.0510601804922,0,11.496942226089349,11.391402377145106,1359.13750531194,1500.0,-0.40646040346473455,0.0008630056129046437,0.0,0.0,0.0,0.0,0.0,23518.17666802414,11800.0,55.85574806091461,11521.458425275172,0.0,4.547473508864641e-12,-2.5579538487363607e-13,0,0,0,0.0,0,0,True,1008,0,7.881230511584152e-11,1.0375514573208829e-13,2.2769877820360284e-10,1.0087029995702324,1.2638948001767858,2.557830000114336,0.3619660001277225,0.5373243204667232,1.8471570001565851,0.3619660001277225,0.5373243204667232,1.8471570001565851,0.3619660001277225,0.5373243204667232,1.8471570001565851
d5419d24e3f12cc98db8a0792babd5f886758ddd3fc42e7ea513816b648d1aed,load480,Mar2015,400.0,pid_lowdrag_preview,0,1500.0,0.5,96.33333333333333,72.0,10.0,1500.0,480.0,1.4657662659234083,5.707294478081167,-5.307989791966975,36.11484034420784,5.900451172191788,1191.4763468596682,0,637.7439868239903,637.4980783107488,1350.0,1500.0,-1.6696309195831418,0.34665082999911057,0.0,0.0,0.0,0.0,0.0,66228.76828350889,52000.0,3125.8602648330434,10952.908018675851,0.0,1.8189894035458565e-12,2.7284841053187847e-12,0,0,0,0.0,0,0,True,0,0,,,,0.2764969999589084,0.6124185595308509,2.9891710000811145,1.4301227049304708,5.707294478081167,-4.200966404750943,22.215502005741833,5.908411244309349,1192.9493917547945,0,392.09754074155893,392.1473749402924,1260.0868521589505,1340.42833603792,0.3424630481749773,0.4461508237493569,0.0,0.0,0.0,0.0,0.0,37500.07961182322,34560.0,1922.8260272291145,936.9121007151371,0.0,3.637978807091713e-12,-5.6843418860808015e-12,0,0,0,0.0,0,0,True,0,0,,,,0.27999800022371346,0.707690080262177,2.9891710000811145,1.6428913679241535,5.307989791966975,-5.307989791966975,11.05335273387627,7.336594519197446,1191.4763468596682,0,195.40981113670495,195.11345085780658,1340.42833603792,1500.0,-1.6696309195831418,0.00182905876366235,0.0,0.0,0.0,0.0,0.0,22650.0,11680.0,956.7046614273393,9853.723674610585,0.0,3.183231456205249e-12,7.844391802791506e-12,0,0,0,0.0,0,0,True,0,0,,,,0.2764969999589084,0.6124185595308509,2.9891710000811145,,,,,,,,,
d5419d24e3f12cc98db8a0792babd5f886758ddd3fc42e7ea513816b648d1aed,load480,Mar2015,400.0,pid_lowdrag_preview,1,1500.0,0.5,96.33333333333333,72.0,10.0,1500.0,480.0,1.509121349581666,6.450532714836299,-4.473199212923646,36.125146999593014,5.887135520297722,1191.770765730389,0,638.0053903908189,637.6800110824042,1350.0,1500.0,-2.2091961754485965,0.3464473437133029,0.0,0.0,0.0,0.0,0.0,66264.74230864388,52000.0,3126.752340340635,10987.989968303253,0.0,7.275957614183426e-12,-2.7284841053187847e-12,0,0,0,0.0,0,0,True,0,0,,,,0.25434400004087365,0.6297821299449421,2.4434580000161077,1.4888445240990784,6.450532714836299,-4.461924848146737,22.240065377886317,5.887135520297722,1194.3800952114489,0,392.31576635255925,392.5809668484874,1260.4337130435167,1338.6383076220752,2.24363749101758,0.44587052834098295,0.0,0.0,0.0,0.0,0.0,37529.97781005045,34560.0,1924.9520692723645,966.8211461995261,0.0,9.094947017729282e-13,2.7284841053187847e-12,0,0,0,0.0,0,0,True,0,0,,,,0.267303500095295,0.7227174200943381,2.4052999997365987,1.7364815051779914,5.482706980779767,-4.473199212923646,11.0341568044649,7.482854730417425,1191.770765730389,0,195.43047261453557,194.77460488770907,1338.6383076220752,1500.0,-2.2091961754485965,0.0016682668398458889,0.0,0.0,0.0,0.0,0.0,22650.0,11680.0,955.0431895110264,9853.595118111052,0.0,3.865352482534945e-12,-5.4569682106375694e-12,0,0,0,0.0,0,0,True,0,0,,,,0.25434400004087365,0.6297821299449421,2.4434580000161077,,,,,,,,,
d5419d24e3f12cc98db8a0792babd5f886758ddd3fc42e7ea513816b648d1aed,load480,Mar2015,400.0,pid_lowdrag_preview,2,1500.0,0.5,96.33333333333333,72.0,10.0,1500.0,480.0,1.5316989098481162,5.276811300776899,-5.276811300776899,36.14569934842706,5.883927875212136,1188.6749079820086,0,637.9781371900232,638.0428005274541,1350.0,1500.0,0.43893188890069723,0.34647684399477907,0.0,0.0,0.0,0.0,0.0,66252.44674848535,52000.0,3128.531214896275,10973.915533589081,0.0,3.637978807091713e-12,-3.183231456205249e-12,0,0,0,0.0,0,0,True,0,0,,,,0.18017200045505888,0.4764200703448295,1.9123869997201837,1.5173630751032723,5.276811300776899,-5.276811300776899,22.208755783767373,5.897894352435583,1192.4768705972533,0,392.2993234300446,392.02829083239,1260.2034112534955,1341.4001259092843,-1.4427990010008216,0.44589308228103897,0.0,0.0,0.0,0.0,0.0,37519.82389738009,34560.0,1922.2421191457186,956.385063578595,0.0,1.1596057447604835e-11,-9.094947017729282e-13,0,0,0,0.0,0,0,True,0,0,,,,0.18202999990535318,0.45395526031825245,1.9123869997201837,1.685553556507568,4.3637140123173594,-4.138630134984851,11.085633276117548,7.320902576401361,1188.6749079820086,0,195.40609254860038,195.68326602102695,1341.4001259092843,1500.0,0.43893188890069723,0.0018494413886923633,0.0,0.0,0.0,0.0,0.0,22650.0,11680.0,959.4986503625579,9851.901475546721,0.0,-4.092726157978177e-12,-2.5011104298755527e-12,0,0,0,0.0,0,0,True,0,0,,,,0.18017200045505888,0.4764200703448295,1.9123869997201837,,,,,,,,,
d5419d24e3f12cc98db8a0792babd5f886758ddd3fc42e7ea513816b648d1aed,load480,Mar2015,400.0,swmpc,0,1500.0,0.5,96.33333333333333,72.0,10.0,1500.0,480.0,1.3319366291861625,5.307933957315981,-5.307933957315981,36.31070011109822,4.562860843977662,1191.4763496601229,0,641.2013010921247,640.9553890401013,1350.0,1500.0,-1.6696294164285064,0.32163520512328925,27.81435566852843,0.0,1.0018770679652777e-14,27.81435566852843,0.0,65531.22162981138,52000.0,3142.8125829650435,10238.40904684632,0.0,-1.4551915228366852e-11,-1.6370904631912708e-11,0,0,0,0.0,0,0,True,1008,0,1.1381737826405858e-11,2.6987423372195404e-13,1.0743633225051105e-10,0.8047200003602484,1.331835220362336,2.9548389993578894,1.2466676672841432,5.071712116710842,-3.572970971465111,22.362847525796052,4.629357852537847,1192.331032154835,0,394.81000608127704,394.74831363992394,1293.1928513149958,1340.3845403500998,0.4727390920743346,0.4154362132533067,27.81435566852843,0.0,1.0018770679652777e-14,27.81435566852843,0.0,36885.52993293918,34560.0,1935.5792749784762,342.75896892558126,0.0,-1.6825651982799172e-11,-1.4551915228366852e-11,0,0,0,0.0,0,0,True,1008,0,1.1381737826405858e-11,2.6987423372195404e-13,1.0743633225051105e-10,0.9515259998806869,1.3730400296844891,2.9548389993578894,1.6431625797578364,5.307933957315981,-5.307933957315981,11.054217757292882,7.595807388827637,1191.4763496601229,0,195.44426918528347,195.12872022520241,1340.3845403500998,1500.0,-1.6696294164285064,0.0015659201072319995,0.0,0.0,0.0,0.0,0.0,22650.0,11680.0,956.7795320982333,9853.605008251867,0.0,2.2737367544323206e-13,-1.4779288903810084e-12,0,0,0,0.0,0,0,True,1008,0,1.1381737826405858e-11,2.6987423372195404e-13,1.0743633225051105e-10,0.8047200003602484,1.331835220362336,2.9548389993578894,0.3238089998376381,0.5488951398820061,1.8564619995231624,0.3238089998376381,0.5488951398820061,1.8564619995231624,0.3238089998376381,0.5488951398820061,1.8564619995231624
d5419d24e3f12cc98db8a0792babd5f886758ddd3fc42e7ea513816b648d1aed,load480,Mar2015,400.0,swmpc,1,1500.0,0.5,96.33333333333333,72.0,10.0,1500.0,480.0,1.3034654605123377,5.482711227610707,-4.473201049491763,36.331182314056285,4.331000448955669,1191.7707683868884,0,641.6423240773732,641.31694027225,1350.0,1500.0,-2.209195584990084,0.32079946513705737,27.826971722727105,0.0,1.1018188968328143e-14,27.826971722727105,0.0,65536.32969053072,52000.0,3144.5853861604396,10241.744304370288,0.0,5.4569682106375694e-12,-9.094947017729282e-13,0,0,0,0.0,0,0,True,1008,0,1.2278178473934531e-11,2.655627464146011e-13,9.76038583272874e-11,0.7014634998085967,1.033637859409282,2.196254999944358,1.2046371947235972,4.413418210111558,-3.611414241604507,22.379343755620003,4.331000448955669,1192.8839618246643,0,395.0591823106734,395.03950459389375,1293.9952563687284,1339.6826116359555,0.7760283127427101,0.41465919417767294,27.792053550282827,0.0,1.1018188968328143e-14,27.792053550282827,0.0,36887.50057927479,34560.0,1937.0070788628543,344.80614514472245,0.0,1.318767317570746e-11,1.0913936421275139e-11,0,0,0,0.0,0,0,True,1008,0,1.2278178473934531e-11,2.655627464146011e-13,9.76038583272874e-11,0.7225855001706805,1.0700324907520553,2.196254999944358,1.731654852053807,5.482711227610707,-4.473201049491763,11.050215928194358,8.040742605977947,1191.7707683868884,0,195.49777439145572,195.0580800580047,1339.6826116359555,1500.0,-2.209195584990084,0.001165018960148978,0.0,0.0,0.0,0.0,0.0,22650.0,11680.0,956.4331604004253,9853.249451235526,0.0,-3.865352482534945e-12,-1.1368683772161603e-11,0,0,0,0.0,0,0,True,1008,0,1.2278178473934531e-11,2.655627464146011e-13,9.76038583272874e-11,0.7014634998085967,1.033637859409282,2.196254999944358,0.255160499818885,0.43684640011633713,0.762921999921673,0.255160499818885,0.43684640011633713,0.762921999921673,0.255160499818885,0.43684640011633713,0.762921999921673
d5419d24e3f12cc98db8a0792babd5f886758ddd3fc42e7ea513816b648d1aed,load480,Mar2015,400.0,swmpc,2,1500.0,0.5,96.33333333333333,72.0,10.0,1500.0,480.0,1.3651516201585117,4.364718125201762,-4.139720357954502,36.3650321864613,4.406306763269071,1188.6889366928738,0,641.8497985160772,641.9144572044547,1350.0,1500.0,0.4389343876391649,0.32063978609845956,27.79963203464778,0.0,1.1744318875399273e-14,27.79963203464778,0.0,65551.93573402804,52000.0,3147.515205872023,10254.420528156004,0.0,-1.2732925824820995e-11,1.7280399333685637e-11,0,0,0,0.0,0,0,True,1008,0,1.2482811652159191e-11,2.367562236688036e-13,9.000223469452846e-11,0.7245134993354441,1.2688369105308084,20.333157000095525,1.2987974089082477,4.286974156275392,-3.355746775865555,22.373000207677592,4.406306763269071,1192.3466774058802,0,395.26355140699565,394.92752847592305,1293.3411687516793,1341.7796197285086,-1.0982500398531556,0.41441780202634704,27.79963203464778,0.0,1.1744318875399273e-14,27.79963203464778,0.0,36902.79395903215,34560.0,1936.45802356419,357.89748449111676,0.0,-1.1596057447604835e-11,6.59383658785373e-12,0,0,0,0.0,0,0,True,1008,0,1.2482811652159191e-11,2.367562236688036e-13,9.000223469452846e-11,0.7599320001645538,1.297117610283748,20.333157000095525,1.6866100589865605,4.364718125201762,-4.139720357954502,11.089735322797665,8.31277219565901,1188.6889366928738,0,195.5292522911431,195.75567522596572,1341.7796197285086,1500.0,0.4389343876391649,0.0009224178517379666,0.0,0.0,0.0,0.0,0.0,22650.0,11680.0,959.8536962273643,9851.92592350115,0.0,6.59383658785373e-12,1.1027623258996755e-11,0,0,0,0.0,0,0,True,1008,0,1.2482811652159191e-11,2.367562236688036e-13,9.000223469452846e-11,0.7245134993354441,1.2688369105308084,20.333157000095525,0.276832500276214,0.5087532806192028,2.8497410003183177,0.276832500276214,0.5087532806192028,2.8497410003183177,0.276832500276214,0.5087532806192028,2.8497410003183177
d5419d24e3f12cc98db8a0792babd5f886758ddd3fc42e7ea513816b648d1aed,load480,Mar2015,550.0,pid_lowdrag_preview,0,1500.0,0.5,96.75,72.0,10.0,1500.0,480.0,0.6267655321262027,2.7299699503928423,-2.7299699503928423,2.9638319428234268,5.681623281845674,1209.8619003458264,0,52.36082107006621,52.317472539760736,1350.0,1500.0,-0.3041052930057049,0.380727977109222,0.0,0.0,0.0,0.0,0.0,64940.68093074285,52200.0,256.52957104102234,12334.151359701844,0.0,1.8189894035458565e-11,-4.547473508864641e-13,0,0,0,0.0,0,0,True,0,0,,,,0.17809800010581966,0.5110017996048555,1.4632680004069698,0.5742167936257646,2.1316635394468904,-1.5141781065613031,1.8144794323226168,5.6832176733118125,1210.6328497805605,0,31.921038723241715,32.029136504975966,1323.7769684571654,1249.540547069533,0.45402703527361155,0.4927963963664843,0.0,0.0,0.0,0.0,0.0,35258.9677855225,34560.0,157.04926575326098,616.1549411568865,0.0,1.3301360013429075e-11,2.2737367544323206e-13,0,0,0,0.0,0,0,True,0,0,,,,0.17405300013706437,0.5100085296180616,0.7336569997278275,0.7971441718638007,2.7299699503928423,-2.7299699503928423,0.9367401032721001,7.390458201153772,1209.8619003458264,0,16.64337687209946,16.535308200755807,1249.540547069533,1500.0,-0.3041052930057049,0.0017294503711170472,0.0,0.0,0.0,0.0,0.0,23785.79415497228,11880.0,81.07799008347124,11574.256711958336,0.0,-3.410605131648481e-12,-7.389644451905042e-13,0,0,0,0.0,0,0,True,0,0,,,,0.17809800010581966,0.5110017996048555,1.4632680004069698,,,,,,,,,
d5419d24e3f12cc98db8a0792babd5f886758ddd3fc42e7ea513816b648d1aed,load480,Mar2015,550.0,pid_lowdrag_preview,1,1500.0,0.5,96.75,72.0,10.0,1500.0,480.0,0.6159351815055062,2.0076346658170223,-1.7518014265224338,2.9608613577110474,5.6796301596226115,1210.1626417538157,0,52.358466903802004,52.265035860474754,1350.0,1500.0,-0.6554496809840202,0.3806928038956964,0.0,0.0,0.0,0.0,0.0,64933.057741714794,52200.0,256.2724569605632,12326.785284754256,0.0,2.546585164964199e-11,1.2505552149377763e-12,0,0,0,0.0,0,0,True,0,0,,,,0.20135399972787127,0.5041415196319596,7.393439000225044,0.638114833101893,2.0076346658170223,-1.7518014265224338,1.8084450378173142,5.6796301596226115,1210.1626417538157,0,31.918191077918895,31.922617554199952,1323.7342655380419,1249.6260773598815,0.7023727726191282,0.492734917228854,0.0,0.0,0.0,0.0,0.0,35249.87464463433,34560.0,156.52696871894847,607.4558640935543,0.0,1.3869794202037156e-11,3.126388037344441e-13,0,0,0,0.0,0,0,True,0,0,,,,0.2595520004433638,0.675498540385881,7.393439000225044,0.6268795746687726,1.7278083246201277,-1.573051962070167,0.9319047220626375,7.399160323068351,1210.733445052467,0,16.643506166840133,16.44995419670824,1249.6260773598815,1500.0,-0.6554496809840202,0.0017181649900374074,0.0,0.0,0.0,0.0,0.0,23786.213124744863,11880.0,80.65947166157432,11575.179730443171,0.0,9.094947017729282e-13,9.947598300641403e-13,0,0,0,0.0,0,0,True,0,0,,,,0.20135399972787127,0.5041415196319596,7.393439000225044,,,,,,,,,
d5419d24e3f12cc98db8a0792babd5f886758ddd3fc42e7ea513816b648d1aed,load480,Mar2015,550.0,pid_lowdrag_preview,2,1500.0,0.5,96.75,72.0,10.0,1500.0,480.0,0.5870155022036236,1.9891080101951957,-1.3482102416455746,2.9652832198245256,5.681152550412655,1210.7089030968373,0,52.36530919629723,52.34309043784581,1350.0,1500.0,-0.15587432216852903,0.380698373764352,0.0,0.0,0.0,0.0,0.0,64942.40717349465,52200.0,256.6551839211507,12335.7519895735,0.0,3.637978807091713e-12,-1.7053025658242404e-13,0,0,0,0.0,0,0,True,0,0,,,,0.16347700056940084,0.3810593198795687,2.3790109999026754,0.5603329440583414,1.7013261783868074,-1.3482102416455746,1.8113806288493282,5.6837376055316895,1210.7089030968373,0,31.925809888338385,31.974436519029446,1323.4572477590682,1249.7897801944273,0.414106460288167,0.4927320405466177,0.0,0.0,0.0,0.0,0.0,35260.99450540312,34560.0,156.78105394467042,617.8809190230825,0.0,-7.503331289626658e-12,2.2737367544323206e-13,0,0,0,0.0,0,0,True,0,0,,,,0.16432300026281155,0.37972779988194716,2.3790109999026754,0.7095908105801556,1.9891080101951957,-1.1467420365661383,0.9382496181230127,7.385408464043591,1210.9737268143826,0,16.64320240985151,16.561954111618782,1249.7897801944273,1500.0,-0.15587432216852903,0.0017359363920339543,0.0,0.0,0.0,0.0,0.0,23785.55336144574,11880.0,81.2086436443532,11574.134497995823,0.0,7.275957614183426e-12,-4.121147867408581e-13,0,0,0,0.0,0,0,True,0,0,,,,0.16347700056940084,0.3810593198795687,2.3790109999026754,,,,,,,,,
d5419d24e3f12cc98db8a0792babd5f886758ddd3fc42e7ea513816b648d1aed,load480,Mar2015,550.0,swmpc,0,1500.0,0.5,96.75,72.0,10.0,1500.0,480.0,0.605515378072798,2.7425274988636374,-2.7425274988636374,3.0456081038966514,4.559999999999999,1209.8551223534505,0,53.80462977562475,53.76098288174059,1350.0,1500.0,-0.30619768239557743,0.3208444033236588,27.438366322283176,0.0,1.069644637357401e-14,27.438366322283176,0.0,65558.38014985388,52200.0,263.60757138860845,12944.772578465288,0.0,1.6370904631912708e-11,-2.1032064978498966e-12,0,0,0,0.0,0,0,True,1008,0,7.580832227418922e-11,8.241361394853323e-14,2.043989508580901e-10,0.7064159999572439,0.9757942000578625,1.8915900000138208,0.533870852537701,1.9975863443687558,-1.3396900342777371,1.8865828884695686,4.564095743915178,1210.1269190011976,0,33.22707359165065,33.30190454977772,1323.617878320093,1285.0890534689104,0.3212526850402355,0.415988112165117,27.438366322283176,0.0,1.069644637357401e-14,27.438366322283176,0.0,35739.13793534974,34560.0,163.2900611265385,1054.3766990743993,0.0,1.5575096767861396e-11,-2.5295321393059567e-12,0,0,0,0.0,0,0,True,1008,0,7.580832227418922e-11,8.241361394853323e-14,2.043989508580901e-10,0.729375499759044,1.0164475503006525,1.8915900000138208,0.7993382567580889,2.7425274988636374,-2.7425274988636374,0.9387676471799677,9.219978094242544,1209.8551223534505,0,16.66053877539762,16.571098344991846,1285.0890534689104,1500.0,-0.30619768239557743,0.0003478337710637325,0.0,0.0,0.0,0.0,0.0,23837.086671249257,11880.0,81.25348079245526,11660.922243925717,0.0,4.774847184307873e-12,4.405364961712621e-13,0,0,0,0.0,0,0,True,1008,0,7.580832227418922e-11,8.241361394853323e-14,2.043989508580901e-10,0.7064159999572439,0.9757942000578625,1.8915900000138208,0.26697299972511246,0.4183445997568924,1.394339999933436,0.26697299972511246,0.4183445997568924,1.394339999933436,0.26697299972511246,0.4183445997568924,1.394339999933436
d5419d24e3f12cc98db8a0792babd5f886758ddd3fc42e7ea513816b648d1aed,load480,Mar2015,550.0,swmpc,1,1500.0,0.5,96.75,72.0,10.0,1500.0,480.0,0.6037564471110645,2.165308939293027,-1.66744623798877,3.040159293557521,4.5600000000000005,1210.2609683408662,0,53.75881252530754,53.664800645098566,1350.0,1500.0,-0.6595236752182245,0.3218100244771329,27.444236322199245,0.0,1.0719688904670852e-14,27.444236322199245,0.0,65584.96206448704,52200.0,263.13595862312957,12971.826105863885,0.0,-2.9103830456733704e-11,1.7053025658242404e-12,0,0,0,0.0,0,0,True,1008,0,8.232432787286925e-11,7.088878750415092e-14,1.5241995201094347e-10,0.7238819998747203,1.116037240390142,2.853957000297669,0.6319386869833643,2.165308939293027,-1.66744623798877,1.8801929007410814,4.5600000000000005,1210.2609683408662,0,33.184414637779554,33.18910867809445,1323.6826420832276,1284.9816238231297,0.5099607026204467,0.4172406294599249,27.444236322199245,0.0,1.0719688904670852e-14,27.444236322199245,0.0,35774.11988344259,34560.0,162.73698630901922,1090.083915393658,0.0,-9.549694368615746e-12,1.2789769243681803e-12,0,0,0,0.0,0,0,True,1008,0,8.232432787286925e-11,7.088878750415092e-14,1.5241995201094347e-10,0.7548394996774732,1.1255138295837241,2.853957000297669,0.6250939375369023,1.7448529666289687,-1.643597399815917,0.9343901991861236,9.224302286120341,1210.7645869253774,0,16.660532815871512,16.49382776432759,1284.9816238231297,1500.0,-0.6595236752182245,0.0003458252698115283,0.0,0.0,0.0,0.0,0.0,23837.161236858246,11880.0,80.87459802252145,11661.268262658848,0.0,-6.366462912410498e-12,4.263256414560601e-13,0,0,0,0.0,0,0,True,1008,0,8.232432787286925e-11,7.088878750415092e-14,1.5241995201094347e-10,0.7238819998747203,1.116037240390142,2.853957000297669,0.2756760000011127,0.5042476300423004,1.0744620003606542,0.2756760000011127,0.5042476300423004,1.0744620003606542,0.2756760000011127,0.5042476300423004,1.0744620003606542
d5419d24e3f12cc98db8a0792babd5f886758ddd3fc42e7ea513816b648d1aed,load480,Mar2015,550.0,swmpc,2,1500.0,0.5,96.75,72.0,10.0,1500.0,480.0,0.5574249693994353,2.0569071220234036,-1.2370155062526464,3.046787173732721,4.560845421792857,1210.6890255849032,0,53.804525790033765,53.78179578711485,1350.0,1500.0,-0.15945986285805702,0.32054661137263096,27.474952159644545,0.0,1.26398577088984e-14,27.474952159644545,0.0,65539.58749931536,52200.0,263.70962382785393,12925.877875487498,0.0,-3.637978807091713e-12,-5.684341886080801e-13,0,0,0,0.0,0,0,True,1008,0,8.721136352355091e-11,7.813857424542161e-14,1.8768975453928102e-10,0.7200159998319577,1.85697668031935,2.5253920002796804,0.5311162303130664,1.8592917434871197,-1.2370155062526464,1.8849207122149925,4.560845421792857,1210.6890255849032,0,33.2271223743279,33.27256386439751,1323.457731574442,1285.246075391539,0.3047949643805623,0.4155866367581552,27.474952159644545,0.0,1.26398577088984e-14,27.474952159644545,0.0,35727.217089380996,34560.0,163.14619421039762,1042.2825513535004,0.0,-1.1368683772161603e-12,-1.1368683772161603e-13,0,0,0,0.0,0,0,True,1008,0,8.721136352355091e-11,7.813857424542161e-14,1.8768975453928102e-10,0.7497914998566557,2.102802870658701,2.5253920002796804,0.712869851148834,2.0569071220234036,-1.146158516407013,0.9400806107762261,9.2199772171696,1210.960759711601,0,16.66045218533928,16.594274739003865,1285.246075391539,1500.0,-0.15945986285805702,0.0003478341784914907,0.0,0.0,0.0,0.0,0.0,23837.0866561235,11880.0,81.3671221846244,11660.965609330418,0.0,2.9558577807620168e-12,-5.115907697472721e-13,0,0,0,0.0,0,0,True,1008,0,8.721136352355091e-11,7.813857424542161e-14,1.8768975453928102e-10,0.7200159998319577,1.85697668031935,2.5253920002796804,0.27517549960975884,0.512642920066355,1.8832619998647715,0.27517549960975884,0.512642920066355,1.8832619998647715,0.27517549960975884,0.512642920066355,1.8832619998647715
d5419d24e3f12cc98db8a0792babd5f886758ddd3fc42e7ea513816b648d1aed,load480,May2024,400.0,pid_lowdrag_preview,0,1500.0,0.5,96.58333333333333,72.0,10.0,1500.0,480.0,2.203700631063705,8.113503414206207,-7.174849170260131,94.06007567799718,6.059323383982493,1178.7275486852745,0,1659.6676404545985,1660.3456340657483,1350.0,1500.0,4.603982194326818,0.3160244179316968,0.0,0.0,0.0,0.0,0.0,71489.35503874482,52120.0,8141.214256155417,11078.14078258941,0.0,7.275957614183426e-12,4.4565240386873484e-11,0,0,0,0.0,0,0,True,0,0,,,,0.1689549999355222,0.3796406599394687,3.2072309995783144,2.2446104987323805,8.113503414206207,-7.174849170260131,61.72809513486359,6.060476861560547,1178.7275486852745,0,1089.4925122426666,1089.6224834777613,1224.132010440796,1464.9161053666348,-0.19057015515863895,0.40364119310335067,0.0,0.0,0.0,0.0,0.0,41740.59163532553,34560.0,5342.773163798573,1597.0343766011326,0.0,1.3415046851150692e-11,-4.547473508864641e-12,0,0,0,0.0,0,0,True,0,0,,,,0.17405750031684875,0.381802019310271,2.27162800001679,2.250563766564233,6.367632048204541,-6.367632048204541,25.96262521820954,7.501729055621761,1188.4216248386758,0,457.58544075210443,458.2914814730873,1464.9161053666348,1500.0,4.603982194326818,0.0016343601082118298,0.0,0.0,0.0,0.0,0.0,23300.0,11800.0,2247.1520783940305,9217.764026972603,0.0,-9.094947017729282e-13,4.956746124662459e-11,0,0,0,0.0,0,0,True,0,0,,,,0.1689549999355222,0.3796406599394687,3.2072309995783144,,,,,,,,,
d5419d24e3f12cc98db8a0792babd5f886758ddd3fc42e7ea513816b648d1aed,load480,May2024,400.0,pid_lowdrag_preview,1,1500.0,0.5,96.58333333333333,72.0,10.0,1500.0,480.0,2.232584839448999,7.418934705667198,-7.418934705667198,94.04702849069507,6.029249887779894,1179.0283090097428,0,1660.0526062029942,1660.1153255069073,1350.0,1500.0,0.4257287420332432,0.31602112257545645,0.0,0.0,0.0,0.0,0.0,71491.28909619362,52120.0,8140.084978441138,11081.204117752486,0.0,3.637978807091713e-12,4.547473508864641e-11,0,0,0,0.0,0,0,True,0,0,,,,0.16187500023079338,0.285086859985313,0.5217179996179766,2.2163475847411456,7.418934705667198,-7.418934705667198,61.74943366272634,6.035101244134483,1179.0283090097428,0,1089.8287454488402,1089.9991505314294,1227.1071389519711,1462.4315751130425,0.236372085288167,0.40364364199653435,0.0,0.0,0.0,0.0,0.0,41728.69916193853,34560.0,5344.620084779543,1588.7546409979093,0.0,-6.59383658785373e-12,-7.275957614183426e-12,0,0,0,0.0,0,0,True,0,0,,,,0.16261100017800345,0.2799328605397022,0.4762389999086736,2.514027287925306,7.152856539934874,-6.919638118706644,25.926084427769567,7.6042937860580055,1187.2441629081604,0,457.6185768390842,457.646464536474,1462.4315751130425,1500.0,0.4257287420332432,0.0015423920271405711,0.0,0.0,0.0,0.0,0.0,23300.0,11800.0,2243.9893507232646,9218.442224389782,0.0,4.547473508864641e-12,4.865796654485166e-11,0,0,0,0.0,0,0,True,0,0,,,,0.16187500023079338,0.285086859985313,0.5217179996179766,,,,,,,,,
d5419d24e3f12cc98db8a0792babd5f886758ddd3fc42e7ea513816b648d1aed,load480,May2024,400.0,pid_lowdrag_preview,2,1500.0,0.5,96.58333333333333,72.0,10.0,1500.0,480.0,2.2770598984870873,8.725992514751852,-8.50891412422061,94.04589343284384,6.031886391080697,1177.5640915642616,0,1659.7213912179798,1660.0952894997672,1350.0,1500.0,2.5388946793973446,0.31607572864066324,0.0,0.0,0.0,0.0,0.0015349194167306216,71494.36244703461,52120.0,8139.98673538639,11084.375711648217,0.0,-3.637978807091713e-12,-2.7284841053187847e-12,0,0,0,0.0,0,0,True,0,0,,,,0.16309599959640764,0.38363094025044125,0.4635290006262949,2.27153352539642,8.725992514751852,-8.50891412422061,61.713519373456734,6.031886391080697,1177.5640915642616,0,1089.5095898486766,1089.365192574679,1224.0798581162674,1464.0102503900725,-1.4196979505941272,0.40370912645292456,0.0,0.0,0.0,0.0,0.0023148148148148147,41735.659426036495,34560.0,5341.511582881194,1594.217450881501,0.0,5.6843418860808015e-12,-3.3651303965598345e-11,0,0,0,0.0,0,0,True,0,0,,,,0.16410799980803858,0.3801570499035722,0.4635290006262949,2.515827064510269,7.752700901590288,-6.200179282575846,25.955571270284068,7.503196615310591,1186.590947798945,0,457.5840033740433,458.166965395925,1464.0102503900725,1500.0,2.5388946793973446,0.001633043063695716,0.0,0.0,0.0,0.0,0.0,23300.0,11800.0,2246.5415355999635,9217.468714790104,0.0,-5.4569682106375694e-12,3.2741809263825417e-11,0,0,0,0.0,0,0,True,0,0,,,,0.16309599959640764,0.38363094025044125,0.4635290006262949,,,,,,,,,
d5419d24e3f12cc98db8a0792babd5f886758ddd3fc42e7ea513816b648d1aed,load480,May2024,400.0,swmpc,0,1500.0,0.5,96.58333333333333,72.0,10.0,1500.0,480.0,3.1327628452281053,16.227750349789858,-6.367557602934539,86.50260118505484,2.0184464968740676,680.7362195422892,0,1526.2632248137957,1526.9413210405598,1350.0,1500.0,4.604121721349657,0.3814432025272029,28.70142137773957,0.0,1.0721415500956317e-14,28.70142137773957,0.0,68672.4223320577,52120.0,7487.089552991189,8915.332779066495,0.0,-1.6370904631912708e-11,2.1827872842550278e-11,0,0,0,0.0,0,0,True,1008,0,4.092726157978177e-12,3.437608056803663e-13,1.6348747985867548e-10,0.7329370000661584,1.6987345006964476,5.337976000191702,3.5540337146237913,16.227750349789858,-6.012532267719507,54.69087145264482,2.0184464968740676,680.7362195422892,0,965.1576686473907,965.401622155937,1226.0679786400622,1071.9495056571502,0.6485425243154168,0.49249719996188324,28.70142137773957,0.0,1.0721415500956317e-14,28.70142137773957,0.0,39197.99804610359,34560.0,4733.677908957769,58.43861012873276,0.0,1.8189894035458565e-12,-1.8189894035458565e-11,0,0,0,0.0,0,0,True,1008,0,4.092726157978177e-12,3.437608056803663e-13,1.6348747985867548e-10,0.8183049999388459,1.7237105503227208,5.337976000191702,2.249271621749699,6.367557602934539,-6.367557602934539,25.929981460719517,6.418118392051877,801.6033506059425,0,457.13275421117805,457.71525484518975,1071.9495056571502,1500.0,4.604121721349657,0.003007948498216173,0.0,0.0,0.0,0.0,0.0,23300.0,11800.0,2244.3266519637664,8827.622853693381,0.0,-3.410605131648481e-12,3.865352482534945e-11,0,0,0,0.0,0,0,True,1008,0,4.092726157978177e-12,3.437608056803663e-13,1.6348747985867548e-10,0.7329370000661584,1.6987345006964476,5.337976000191702,0.34381349996692734,0.808760459867699,2.509226999791281,0.34381349996692734,0.808760459867699,2.509226999791281,0.34381349996692734,0.808760459867699,2.509226999791281
d5419d24e3f12cc98db8a0792babd5f886758ddd3fc42e7ea513816b648d1aed,load480,May2024,400.0,swmpc,1,1500.0,0.5,96.58333333333333,72.0,10.0,1500.0,480.0,3.1808728502222703,16.782290319912136,-6.919692543335259,86.25205307393493,2.0217460322055167,683.1553476435718,0,1522.4558430753252,1522.5186532995265,1350.0,1500.0,0.425906945951283,0.38489384859828446,28.705932501342303,0.0,9.467897029203854e-15,28.705932501342303,0.0,68603.58098964987,52120.0,7465.4037756898415,8868.177213960023,0.0,-3.637978807091713e-12,3.637978807091713e-11,0,0,0,0.0,0,0,True,1008,0,3.865352482534945e-12,3.101662700392767e-13,1.889477220653154e-10,0.7855359999666689,1.2609460398743977,1.644070999645919,3.5703393611627443,16.782290319912136,-6.1640717051923275,54.546029102922326,2.0217460322055167,683.1553476435718,0,962.5137882884121,962.8448693439203,1228.8345421574443,1058.568717802987,1.1271403273567557,0.4956963727776661,28.705932501342303,0.0,9.467897029203854e-15,28.705932501342303,0.0,39140.940149930626,34560.0,4721.141318975744,30.064655309334285,0.0,-4.774847184307873e-12,8.185452315956354e-12,0,0,0,0.0,0,0,True,1008,0,3.865352482534945e-12,3.101662700392767e-13,1.889477220653154e-10,0.8715149997442495,1.2695910799175179,1.644070999645919,2.513485690438282,7.152894831262529,-6.919692543335259,25.895420216834076,6.593750899069027,786.0385161804079,0,457.2084549013082,457.10518080495945,1058.568717802987,1500.0,0.425906945951283,0.0027770803075870543,0.0,0.0,0.0,0.0,0.0,23300.0,11800.0,2241.335260670452,8817.233457132532,0.0,-3.183231456205249e-12,2.773958840407431e-11,0,0,0,0.0,0,0,True,1008,0,3.865352482534945e-12,3.101662700392767e-13,1.889477220653154e-10,0.7855359999666689,1.2609460398743977,1.644070999645919,0.3862134999508271,0.6101002196191977,0.8630729998913012,0.3862134999508271,0.6101002196191977,0.8630729998913012,0.3862134999508271,0.6101002196191977,0.8630729998913012
d5419d24e3f12cc98db8a0792babd5f886758ddd3fc42e7ea513816b648d1aed,load480,May2024,400.0,swmpc,2,1500.0,0.5,96.58333333333333,72.0,10.0,1500.0,480.0,3.1530722867547323,12.779538880102336,-7.220376843586564,86.2749232840266,2.0000000000000093,687.6208388148821,0,1522.5483692100233,1522.9223575619371,1350.0,1500.0,2.5390104986727238,0.38462486724352096,28.69980553474972,0.0,8.711220242983921e-15,28.69980553474972,0.0,68641.86228616668,52120.0,7467.3832688924085,8904.479017274283,0.0,1.0913936421275139e-11,1.4551915228366852e-11,0,0,0,0.0,0,0,True,1008,0,7.73070496506989e-12,3.736170450233198e-13,1.813191311997228e-10,0.8490609998261789,2.005882020384891,4.351247000158764,3.5257728518169005,12.779538880102336,-7.220376843586564,54.51207356895412,2.070978219256411,687.6208388148821,0,962.3847197421825,962.2454872769645,1226.4510477154015,1078.4199572807415,-1.383060990832746,0.49582274698834927,28.69980553474972,0.0,8.711220242983921e-15,28.69980553474972,0.0,39170.517907310525,34560.0,4718.202353902346,40.34664384285634,0.0,1.750777300912887e-11,-8.185452315956354e-12,0,0,0,0.0,0,0,True,1008,0,7.73070496506989e-12,3.736170450233198e-13,1.813191311997228e-10,0.9443105000173091,2.09800679004729,4.351247000158764,2.5149170525321325,7.752661964856088,-6.200061472132802,25.919109526906283,6.019394969052703,807.6126292710153,0,456.94574307503694,457.5233437956683,1078.4199572807415,1500.0,2.5390104986727238,0.003589388703016949,0.0,0.0,0.0,0.0,0.0,23300.0,11800.0,2243.3856497168954,8835.034307563848,0.0,3.183231456205249e-12,2.1827872842550278e-11,0,0,0,0.0,0,0,True,1008,0,7.73070496506989e-12,3.736170450233198e-13,1.813191311997228e-10,0.8490609998261789,2.005882020384891,4.351247000158764,0.39922250016388716,0.8637918401745989,3.804994000347506,0.39922250016388716,0.8637918401745989,3.804994000347506,0.39922250016388716,0.8637918401745989,3.804994000347506
d5419d24e3f12cc98db8a0792babd5f886758ddd3fc42e7ea513816b648d1aed,load480,May2024,550.0,pid_lowdrag_preview,0,1500.0,0.5,97.0,72.0,10.0,1500.0,480.0,0.9157098300912402,2.9358626697212458,-2.9358626697212458,11.302268392752678,5.598070558282705,1217.127484449295,0,199.72646442993897,199.50730260081968,1350.0,1500.0,-1.5375431794673204,0.38485035485548447,0.0,0.0,0.0,0.0,0.0,66438.17996186877,52320.0,978.2491445251649,12989.930817343611,0.0,1.0913936421275139e-11,6.59383658785373e-12,0,0,0,0.0,0,0,True,0,0,,,,0.16714299999875948,0.42079797023689064,1.5983229995981674,0.9048989098587897,2.6815383974462748,-2.3597938772290945,7.3398644800215385,5.598070558282705,1217.127484449295,0,129.47342124218792,129.56306760540554,1435.4606404045276,1288.4868631117681,0.27033813297748566,0.4993049204207266,0.0,0.0,0.0,0.0,0.0,35617.585460342714,34560.0,635.2898284662754,569.2694091692074,0.0,9.094947017729282e-12,-9.094947017729282e-13,0,0,0,0.0,0,0,True,0,0,,,,0.16739799957576906,0.4363227997146155,1.5983229995981674,1.0045690635759088,2.9358626697212458,-2.9358626697212458,3.2768739856873097,6.968141600053723,1224.5464055229004,0,58.10097891948391,57.843281289134296,1288.4868631117681,1500.0,-1.5375431794673204,0.0022492231072049895,0.0,0.0,0.0,0.0,0.0,24730.39537266569,12000.0,283.6244072270447,12235.257828550424,0.0,1.0686562745831907e-11,7.560174708487466e-12,0,0,0,0.0,0,0,True,0,0,,,,0.16714299999875948,0.42079797023689064,1.5983229995981674,,,,,,,,,
d5419d24e3f12cc98db8a0792babd5f886758ddd3fc42e7ea513816b648d1aed,load480,May2024,550.0,pid_lowdrag_preview,1,1500.0,0.5,97.0,72.0,10.0,1500.0,480.0,0.845626956821536,2.8006081273779273,-2.6631945818662643,11.308849692630872,5.603364112580508,1217.3038160770454,0,199.74084480055518,199.62347550882666,1350.0,1500.0,-0.8234164733439684,0.3847946632962749,0.0,0.0,0.0,0.0,0.0,66428.7617329705,52320.0,978.8187780493234,12979.942954921182,0.0,9.094947017729282e-12,-7.275957614183426e-12,0,0,0,0.0,0,0,True,0,0,,,,0.16296600006171502,0.4186306703468293,3.2644380007695872,0.8553822837884977,2.8006081273779273,-2.483180788345635,7.338326615207367,5.603364112580508,1217.3038160770454,0,129.49235259760343,129.53592126184049,1435.6110402435393,1288.5500560649384,0.2594231814146042,0.49917590581216387,0.0,0.0,0.0,0.0,0.0,35606.32753482337,34560.0,635.156721121218,558.2317978807628,0.0,7.048583938740194e-12,-3.296918293926865e-12,0,0,0,0.0,0,0,True,0,0,,,,0.16321600014634896,0.4744449398367553,3.2644380007695872,0.9298179467082102,2.723647122271359,-2.6631945818662643,3.2827423677915846,6.9785506829949675,1224.239455593576,0,58.101218999324146,57.946869793984774,1288.5500560649384,1500.0,-0.8234164733439684,0.0022358934645712036,0.0,0.0,0.0,0.0,0.0,24730.635995185996,12000.0,284.13233533259245,12235.053715918344,0.0,3.183231456205249e-12,-4.035882739117369e-12,0,0,0,0.0,0,0,True,0,0,,,,0.16296600006171502,0.4186306703468293,3.2644380007695872,,,,,,,,,
d5419d24e3f12cc98db8a0792babd5f886758ddd3fc42e7ea513816b648d1aed,load480,May2024,550.0,pid_lowdrag_preview,2,1500.0,0.5,97.0,72.0,10.0,1500.0,480.0,0.8685833635787045,3.5294145178049803,-2.2756093656644225,11.324214720167582,5.593558225616981,1218.0448888548733,0,199.74502762521175,199.89469851395566,1350.0,1500.0,1.0500082485377789,0.38483338992550187,0.0,0.0,0.0,0.0,0.0,66449.14216013456,52320.0,980.1486725909463,12998.993487543643,0.0,2.3646862246096134e-11,3.410605131648481e-13,0,0,0,0.0,0,0,True,0,0,,,,0.16848900077093276,0.35612823018709605,0.5638809998345096,0.8567002955031797,3.0325729893520474,-2.2756093656644225,7.33083440956832,5.593558225616981,1218.0448888548733,0,129.4945071563714,129.4036690726668,1435.47402845534,1290.7300914078544,-0.5521828029304743,0.499255258149636,0.0,0.0,0.0,0.0,0.0,35628.86001060391,34560.0,634.508245655738,579.0957019956656,0.0,9.663381206337363e-12,-2.2737367544323206e-13,0,0,0,0.0,0,0,True,0,0,,,,0.16773850029494497,0.35612823018709605,0.5638809998345096,1.0146251346026602,3.5294145178049803,-2.1700453273952007,3.304383082022193,6.9589273748543015,1223.8942033042395,0,58.100491180283655,58.32887103236331,1290.7300914078544,1500.0,1.0500082485377789,0.002261025862031585,0.0,0.0,0.0,0.0,0.0,24730.182254666,12000.0,286.0054115547632,12234.906934519087,0.0,-4.774847184307873e-12,5.115907697472721e-13,0,0,0,0.0,0,0,True,0,0,,,,0.16848900077093276,0.35612823018709605,0.5638809998345096,,,,,,,,,
d5419d24e3f12cc98db8a0792babd5f886758ddd3fc42e7ea513816b648d1aed,load480,May2024,550.0,swmpc,0,1500.0,0.5,97.0,72.0,10.0,1500.0,480.0,0.9128072644077985,2.954734313301742,-2.9358192002400756,11.472443863204488,4.572554867186533,1217.002243839995,0,202.73039216529247,202.51123489996934,1350.0,1500.0,-1.5375106753781438,0.34110505725249696,27.780629201848594,0.0,1.0543572173711454e-14,27.780629201848594,0.0,66154.91477842096,52320.0,992.9784008658925,12691.936377555094,0.0,2.1827872842550278e-11,-1.4779288903810084e-12,0,0,0,0.0,0,0,True,1008,0,6.272601843286232e-11,1.3223094559013953e-13,1.527594287683781e-10,0.762039999699482,1.4890991304582737,2.7793799999926705,0.9101357433664093,2.954734313301742,-1.9578086286783218,7.501136295489358,4.58129814481544,1217.002243839995,0,132.41812289929985,132.40983285388995,1435.382679385633,1288.542447134853,-0.47285249177366495,0.44280533801756994,27.780629201848594,0.0,1.0543572173711454e-14,27.780629201848594,0.0,35404.05597027597,34560.0,649.2484436782961,341.6477588484686,0.0,1.3642420526593924e-11,-5.684341886080801e-13,0,0,0,0.0,0,0,True,1008,0,6.272601843286232e-11,1.3223094559013953e-13,1.527594287683781e-10,0.8023409995985276,1.5078198804349077,2.7793799999926705,1.0059395188553326,2.9358192002400756,-2.9358192002400756,3.2848891948882297,8.739776876999079,1224.5480937934617,0,58.13652187329021,57.98476552149012,1288.542447134853,1500.0,-1.5375106753781438,0.0005673661531816476,0.0,0.0,0.0,0.0,0.0,24750.0,12000.0,284.31815040066493,12254.224296734186,0.0,-2.5011104298755527e-12,-7.958078640513122e-13,0,0,0,0.0,0,0,True,1008,0,6.272601843286232e-11,1.3223094559013953e-13,1.527594287683781e-10,0.762039999699482,1.4890991304582737,2.7793799999926705,0.2987604998452298,0.6102061900401163,1.7200060001414386,0.2987604998452298,0.6102061900401163,1.7200060001414386,0.2987604998452298,0.6102061900401163,1.7200060001414386
d5419d24e3f12cc98db8a0792babd5f886758ddd3fc42e7ea513816b648d1aed,load480,May2024,550.0,swmpc,1,1500.0,0.5,97.0,72.0,10.0,1500.0,480.0,0.8417240496212081,2.870231148786843,-2.662927068769932,11.471412549903835,4.571414670754782,1217.0506456355233,0,202.61039209181618,202.49303018852433,1350.0,1500.0,-0.8233638657256961,0.3414588648827446,27.786306042370494,0.0,7.27431782137703e-15,27.786306042370494,0.0,66199.93148081623,52320.0,992.8891372491514,12737.042343567084,0.0,3.637978807091713e-12,-2.7284841053187847e-12,0,0,0,0.0,0,0,True,1008,0,5.606619741454199e-11,1.698700774590836e-13,2.3672618892926454e-10,0.8736134996070177,1.5240964794611531,3.317122000225936,0.8532714679306306,2.870231148786843,-2.2933448059484363,7.489601877435887,4.571414670754782,1217.0506456355233,0,132.2600092478557,132.2062276524411,1435.5356534669916,1288.5566126715587,-0.3005110761150718,0.443646768260591,27.786306042370494,0.0,7.27431782137703e-15,27.786306042370494,0.0,35430.03717616425,34560.0,648.2501012039112,368.7661157557782,0.0,3.751665644813329e-12,1.3642420526593924e-12,0,0,0,0.0,0,0,True,1008,0,5.606619741454199e-11,1.698700774590836e-13,2.3672618892926454e-10,1.0315365002497856,1.585309760621385,3.317122000225936,0.929522974661684,2.723822453059256,-2.662927068769932,3.289256048327422,8.730045063692275,1224.2435845352556,0,58.13637610145298,58.0618490873934,1288.5566126715587,1500.0,-0.8233638657256961,0.0005719224093214681,0.0,0.0,0.0,0.0,0.0,24750.0,12000.0,284.6961161764431,12253.860496495125,0.0,8.86757334228605e-12,-4.035882739117369e-12,0,0,0,0.0,0,0,True,1008,0,5.606619741454199e-11,1.698700774590836e-13,2.3672618892926454e-10,0.8736134996070177,1.5240964794611531,3.317122000225936,0.35876149968316895,0.6648260594192833,2.0555970004352275,0.35876149968316895,0.6648260594192833,2.0555970004352275,0.35876149968316895,0.6648260594192833,2.0555970004352275
d5419d24e3f12cc98db8a0792babd5f886758ddd3fc42e7ea513816b648d1aed,load480,May2024,550.0,swmpc,2,1500.0,0.5,97.0,72.0,10.0,1500.0,480.0,0.8683395278965426,3.529788790270686,-2.2141343066468835,11.503574710753574,4.570562477166076,1217.3696217556642,0,202.91108325173198,203.0607556869815,1350.0,1500.0,1.0500222221016884,0.3404694953284987,27.756734222473305,0.0,1.0088594107124492e-14,27.756734222473305,0.0,66180.17738444927,52320.0,995.6728798788655,12714.504504570401,0.0,-3.637978807091713e-12,6.821210263296962e-13,0,0,0,0.0,0,0,True,1008,0,7.764684994542893e-11,2.1491342039325896e-13,1.6438944297180744e-10,0.7450745001733594,1.3100967598256839,4.14276300034544,0.8629130374365106,2.905181965790689,-2.2141343066468835,7.507067342748601,4.580202021521707,1217.3696217556642,0,132.56663389380026,132.51452752217784,1435.3438460367056,1289.6526323964815,-0.5912590129300952,0.442152540149767,27.756734222473305,0.0,1.0088594107124492e-14,27.756734222473305,0.0,35414.94841132051,34560.0,649.7617956626805,350.87782929806326,0.0,8.86757334228605e-12,-3.069544618483633e-12,0,0,0,0.0,0,0,True,1008,0,7.764684994542893e-11,2.1491342039325896e-13,1.6438944297180744e-10,0.7811639998180908,1.3342307204402457,4.14276300034544,1.0160852612737818,3.529788790270686,-2.1695462465286255,3.3067741984967647,8.822409089103827,1223.891207336689,0,58.13712722883088,58.371078948639905,1289.6526323964815,1500.0,1.0500222221016884,0.0005287295082058163,0.0,0.0,0.0,0.0,0.0,24750.0,12000.0,286.2123706858389,12253.440261710643,0.0,-6.821210263296962e-13,3.922195901395753e-12,0,0,0,0.0,0,0,True,1008,0,7.764684994542893e-11,2.1491342039325896e-13,1.6438944297180744e-10,0.7450745001733594,1.3100967598256839,4.14276300034544,0.3038939998987189,0.5364517105226694,0.8441449999736506,0.3038939998987189,0.5364517105226694,0.8441449999736506,0.3038939998987189,0.5364517105226694,0.8441449999736506
d5419d24e3f12cc98db8a0792babd5f886758ddd3fc42e7ea513816b648d1aed,load720,Feb2022,400.0,pid_lowdrag_preview,0,1500.0,0.5,96.16666666666667,72.0,10.0,1500.0,720.0,1.292565055798091,5.270711283199489,-4.331536105833948,31.667166400222868,7.918365015364433,1054.620788721715,0,559.2582005371754,558.9878712817402,1350.0,1500.0,-1.8353753983974457,0.13271848475704695,0.0,0.0,0.0,0.0,0.0,87810.04548070137,77880.0,2740.899203952542,7039.146276748845,0.0,1.2732925824820995e-11,-5.9117155615240335e-12,0,0,0,0.0,0,0,True,0,0,,,,0.2405280001767096,0.4563919099473421,1.9932389996029087,1.299056806695633,5.270711283199489,-4.1014947621151805,20.773930029796865,7.918365015364433,1059.4329899837046,0,366.6787061707604,366.70078966807364,1246.0668591841627,1154.4699940930204,0.006051022559404373,0.16953962817227353,0.0,0.0,0.0,0.0,0.0,56113.06958930436,51840.0,1798.0531494991992,2566.6133048963165,0.0,1.4097167877480388e-11,-6.59383658785373e-12,0,0,0,0.0,0,0,True,0,0,,,,0.2505290003682603,0.4830682895408237,1.9932389996029087,1.3634602884086289,4.331536105833948,-4.331536105833948,7.9744531069525735,9.794866738388485,1054.620788721715,0,141.03603382726317,140.76480701033148,1154.4699940930204,1500.0,-1.8353753983974457,8.899230214454157e-05,0.0,0.0,0.0,0.0,0.0,22550.0,17400.0,690.2155973339446,4114.25439675907,0.0,-5.4569682106375694e-12,6.821210263296962e-13,0,0,0,0.0,0,0,True,0,0,,,,0.2405280001767096,0.4563919099473421,1.9932389996029087,,,,,,,,,
d5419d24e3f12cc98db8a0792babd5f886758ddd3fc42e7ea513816b648d1aed,load720,Feb2022,400.0,pid_lowdrag_preview,1,1500.0,0.5,96.16666666666667,72.0,10.0,1500.0,720.0,1.323633170058396,5.6538674319162965,-5.148147095926106,31.674885717799405,7.906023487296857,1053.9407964193701,0,559.360742540125,559.1241324440206,1350.0,1500.0,-1.6064541079103947,0.1326268600075754,0.0,0.0,0.0,0.0,0.0,87839.76289451543,77880.0,2741.56733671609,7068.195557799338,0.0,-9.094947017729282e-13,-1.3642420526593924e-12,0,0,0,0.0,0,0,True,0,0,,,,0.1642530000935949,0.4010702206051064,0.757323000470933,1.3568768345863735,5.6538674319162965,-5.148147095926106,20.78993406415572,7.912358360475009,1057.7519962712915,0,366.75827100450647,366.9832924024523,1245.9018089014185,1153.013289631792,1.5161237670108676,0.16937181181599803,0.0,0.0,0.0,0.0,0.0,56134.06766434833,51840.0,1799.438352219267,2587.517831398685,0.0,-5.6843418860808015e-12,4.547473508864641e-13,0,0,0,0.0,0,0,True,0,0,,,,0.1644730000407435,0.4007932506192445,0.757323000470933,1.375346962504911,4.148084343411028,-4.148084343411028,7.963983546266089,9.894836070468003,1053.9407964193701,0,141.03993560039737,140.57999863918212,1153.013289631792,1500.0,-1.6064541079103947,4.5329279970696135e-05,0.0,0.0,0.0,0.0,0.0,22550.0,17400.0,689.309421827468,4113.703867804323,0.0,-1.1368683772161603e-12,-2.0463630789890885e-12,0,0,0,0.0,0,0,True,0,0,,,,0.1642530000935949,0.4010702206051064,0.757323000470933,,,,,,,,,
d5419d24e3f12cc98db8a0792babd5f886758ddd3fc42e7ea513816b648d1aed,load720,Feb2022,400.0,pid_lowdrag_preview,2,1500.0,0.5,96.16666666666667,72.0,10.0,1500.0,720.0,1.3286639831034703,4.715598130598664,-4.715598130598664,31.674106969009003,7.897781251393851,1054.6974366200263,0,559.383155190559,559.110385993738,1350.0,1500.0,-1.8519500270485878,0.13264944724607508,0.0,0.0,0.0,0.0,0.0,87844.30515535743,77880.0,2741.4999334027534,7072.805221954698,0.0,1.8189894035458565e-11,9.094947017729282e-12,0,0,0,0.0,0,0,True,0,0,,,,0.26503999970373116,0.4799721397284883,1.6810679999252898,1.363606384425478,4.715598130598664,-4.715598130598664,20.764235408186277,7.897781251393851,1058.131551470897,0,366.78070667737455,366.5296604982431,1245.1746778362892,1158.3555042831074,-1.604342476464808,0.16942147908541472,0.0,0.0,0.0,0.0,0.0,56139.05058413014,51840.0,1797.2140475625458,2588.6557101207773,0.0,-9.094947017729282e-13,3.865352482534945e-12,0,0,0,0.0,0,0,True,0,0,,,,0.2624009998726251,0.48758578983324685,1.6810679999252898,1.307939257716487,3.6299414578825235,-3.460221853107214,7.98763759932859,9.769519250470806,1054.6974366200263,0,141.03399980030144,140.99753927421938,1158.3555042831074,1500.0,-1.8519500270485878,0.00010034315586393561,0.0,0.0,0.0,0.0,0.0,22550.0,17400.0,691.3567592617719,4116.998745021344,0.0,8.412825991399586e-12,5.7980287238024175e-12,0,0,0,0.0,0,0,True,0,0,,,,0.26503999970373116,0.4799721397284883,1.6810679999252898,,,,,,,,,
d5419d24e3f12cc98db8a0792babd5f886758ddd3fc42e7ea513816b648d1aed,load720,Feb2022,400.0,swmpc,0,1500.0,0.5,96.16666666666667,72.0,10.0,1500.0,720.0,1.2471528746533036,4.8097781566902995,-4.336592830717564,31.31566991710292,7.373037058582758,1054.620799173375,0,553.0535973060774,552.7832659065979,1350.0,1500.0,-1.8353725345805287,0.12210715365282043,41.279640615389134,0.0,1.5276749426785384e-14,41.279640615389134,0.0,85439.62650405918,77880.0,2710.476007301477,4699.150496757698,0.0,-7.275957614183426e-12,-1.8189894035458565e-11,0,0,0,0.0,0,0,True,1008,0,2.5693708134937604e-11,3.153192386364155e-13,2.554002813267089e-10,0.7618150002599577,2.457736199712595,13.3654530000058,1.2280513064300937,4.8097781566902995,-3.4220417076721787,20.436306443900232,7.386257161191644,1056.720769474551,0,360.8867617918381,360.74106825852994,1273.5606754148241,1153.7633115809733,-1.9439496099948883e-05,0.15791169923314685,41.25487719779456,0.0,1.2495878299773948e-14,41.25487719779456,0.0,53977.02976442521,51840.0,1768.8306985187558,487.99642974030667,0.0,-1.5916157281026244e-12,-1.8189894035458565e-11,0,0,0,0.0,0,0,True,1008,0,2.5693708134937604e-11,3.153192386364155e-13,2.554002813267089e-10,0.8336079999935464,3.1881752896242608,13.3654530000058,1.3633870714509728,4.336592830717564,-4.336592830717564,7.974882897668287,9.956583689154368,1054.620799173375,0,141.04272626441212,140.7723936631519,1153.7633115809733,1500.0,-1.8353725345805287,1.871392708863162e-05,0.0,0.0,0.0,0.0,0.0,22550.0,17400.0,690.2527971583829,4113.510514422586,0.0,-3.865352482534945e-12,0.0,0,0,0,0.0,0,0,True,1008,0,2.5693708134937604e-11,3.153192386364155e-13,2.554002813267089e-10,0.7618150002599577,2.457736199712595,13.3654530000058,0.30662249992019497,1.2050457092664137,5.5433070001527085,0.30662249992019497,1.2050457092664137,5.5433070001527085,0.30662249992019497,1.2050457092664137,5.5433070001527085
d5419d24e3f12cc98db8a0792babd5f886758ddd3fc42e7ea513816b648d1aed,load720,Feb2022,400.0,swmpc,1,1500.0,0.5,96.16666666666667,72.0,10.0,1500.0,720.0,1.2014700976836894,4.148084366694093,-4.148084366694093,31.320238199156485,7.39673411984514,1053.9505616189006,0,553.1005174252317,552.8639050843612,1350.0,1500.0,-1.6064492585137486,0.12216105791389142,41.29174662529317,0.0,1.3663009206945396e-14,41.29174662529317,0.0,85434.96739485578,77880.0,2710.8714073977903,4694.095987457962,0.0,-2.3646862246096134e-11,0.0,0,0,0,0.0,0,0,True,1008,0,2.4130091092831193e-11,3.413384613682406e-13,2.5560127671995274e-10,0.722996499916917,1.6606852399399912,11.112743000012415,1.1912705641894354,3.9175094179809093,-3.6974788699299097,20.435143533094518,7.423216875090892,1057.1378891318386,0,360.85167168664367,360.72054059187576,1271.9332619767672,1153.5603814908238,0.2348958384245634,0.15823017787393112,41.23706684049971,0.0,1.3663009206945396e-14,41.23706684049971,0.0,53972.9591262684,51840.0,1768.7300446976683,482.60196205665034,0.0,-2.1827872842550278e-11,-3.865352482534945e-12,0,0,0,0.0,0,0,True,1008,0,2.4130091092831193e-11,3.413384613682406e-13,2.5560127671995274e-10,0.7490210005016706,2.0560602497334846,11.112743000012415,1.3727851733084726,4.148084366694093,-4.148084366694093,7.974800638729622,9.947178670070265,1053.9505616189006,0,141.04215746857471,140.77094163083586,1153.5603814908238,1500.0,-1.6064492585137486,2.2767814624957694e-05,0.0,0.0,0.0,0.0,0.0,22550.0,17400.0,690.2456773720235,4113.314704118802,0.0,1.5916157281026244e-12,4.092726157978177e-12,0,0,0,0.0,0,0,True,1008,0,2.4130091092831193e-11,3.413384613682406e-13,2.5560127671995274e-10,0.722996499916917,1.6606852399399912,11.112743000012415,0.28527099993880256,0.6499880600767908,7.628903999830072,0.28527099993880256,0.6499880600767908,7.628903999830072,0.28527099993880256,0.6499880600767908,7.628903999830072
d5419d24e3f12cc98db8a0792babd5f886758ddd3fc42e7ea513816b648d1aed,load720,Feb2022,400.0,swmpc,2,1500.0,0.5,96.16666666666667,72.0,10.0,1500.0,720.0,1.193077761066913,4.352392876520753,-3.460219670087099,31.327084756113322,7.344918331169308,1054.69743560508,0,553.2575328841071,552.984760302365,1350.0,1500.0,-1.8519513104110956,0.12172591754052908,41.28088902318285,0.0,1.9115172611510348e-14,41.28088902318285,0.0,85440.6224241169,77880.0,2711.4639998096045,4699.158424307284,0.0,-8.185452315956354e-12,-1.1823431123048067e-11,0,0,0,0.0,0,0,True,1008,0,4.583189356842077e-11,2.2336778497929363e-13,2.6649302701964487e-10,0.9983820000343258,1.4438957096444869,4.403175999868836,1.189528211376004,4.352392876520753,-3.3976177163422108,20.43333579871139,7.344918331169308,1056.498797608496,0,361.0189243507517,360.6886305187783,1274.7817424302195,1156.1387388622,-1.1929319873452187,0.15753328438427971,41.24703241730365,0.0,1.9115172611510348e-14,41.24703241730365,0.0,53975.5710730405,51840.0,1768.5735792384912,485.6404973700255,0.0,0.0,-2.9558577807620168e-12,0,0,0,0.0,0,0,True,1008,0,4.583189356842077e-11,2.2336778497929363e-13,2.6649302701964487e-10,1.04687000020931,2.047580699600056,4.403175999868836,1.3102853465724464,3.6491543650627136,-3.460219670087099,7.984658007831094,9.962819059551512,1054.69743560508,0,141.0420039329888,140.94494361449074,1156.1387388622,1500.0,-1.8519513104110956,1.6026267434798847e-05,0.0,0.0,0.0,0.0,0.0,22550.0,17400.0,691.0988656485301,4115.039873213666,0.0,-3.865352482534945e-12,-9.777068044058979e-12,0,0,0,0.0,0,0,True,1008,0,4.583189356842077e-11,2.2336778497929363e-13,2.6649302701964487e-10,0.9983820000343258,1.4438957096444869,4.403175999868836,0.3595125003812427,0.5864024101538229,3.9178229999379255,0.3595125003812427,0.5864024101538229,3.9178229999379255,0.3595125003812427,0.5864024101538229,3.9178229999379255
d5419d24e3f12cc98db8a0792babd5f886758ddd3fc42e7ea513816b648d1aed,load720,Feb2022,550.0,pid_lowdrag_preview,0,1500.0,0.5,96.58333333333333,72.0,10.0,1500.0,720.0,0.5867402956383148,2.2258828030899167,-2.2258828030899167,2.4547909839373268,7.637390160378898,1066.8414299729084,0,43.38372473623712,43.331896804731336,1350.0,1500.0,-0.36358920205384493,0.17361960707290836,0.0,0.0,0.0,0.0,0.0,86689.88299844597,78180.0,212.4703729000614,8147.4126255458905,0.0,-2.1827872842550278e-11,-1.9610979506978765e-12,0,0,0,0.0,0,0,True,0,0,,,,0.2721109995036386,0.3710436403162022,2.8141570001025684,0.5853461373796318,1.9112348658964038,-1.240089894272387,1.5998895085058435,7.650724164303837,1067.30373282774,0,28.082690488721724,28.24120160745979,1115.4262103869432,1201.0883691678675,0.517630566842854,0.2234585978588799,0.0,0.0,0.0,0.0,0.0,54376.07067818311,51840.0,138.4757898718978,2311.9327295302865,0.0,-2.0463630789890885e-12,-4.831690603168681e-13,0,0,0,0.0,0,0,True,0,0,,,,0.2807129999382596,0.3771474900349857,2.8141570001025684,0.6147503292250444,2.2258828030899167,-2.2258828030899167,0.6448079242975104,9.902858692300846,1066.8414299729084,0,11.50774460799823,11.382130135461193,1201.0883691678675,1500.0,-0.36358920205384493,4.116157105893414e-05,0.0,0.0,0.0,0.0,0.0,23548.482167067203,17700.0,55.810283246462326,5493.760252988601,0.0,-7.503331289626658e-12,-1.5063505998114124e-12,0,0,0,0.0,0,0,True,0,0,,,,0.2721109995036386,0.3710436403162022,2.8141570001025684,,,,,,,,,
d5419d24e3f12cc98db8a0792babd5f886758ddd3fc42e7ea513816b648d1aed,load720,Feb2022,550.0,pid_lowdrag_preview,1,1500.0,0.5,96.58333333333333,72.0,10.0,1500.0,720.0,0.5594430394258292,1.852034124545753,-1.5503715397790074,2.454054905603668,7.627393992368572,1066.9417475352393,0,43.38026261408333,43.31890357206871,1350.0,1500.0,-0.4304531505331397,0.1736040210485298,0.0,0.0,0.0,0.0,0.0,86685.33363689146,78180.0,212.40666285751493,8142.926974033944,0.0,-1.8189894035458565e-12,8.526512829121202e-13,0,0,0,0.0,0,0,True,0,0,,,,0.1840780005295528,0.37321678044463624,1.24608099940815,0.6020732607009511,1.852034124545753,-1.5503715397790074,1.5943834325879511,7.627393992368572,1067.1789389036994,0,28.078857125496672,28.144008520539558,1115.532839343838,1201.0823708767064,0.699357146397233,0.22343350392923444,0.0,0.0,0.0,0.0,0.0,54370.762381398796,51840.0,137.999220578975,2307.213629286962,0.0,9.322320693172514e-12,5.115907697472721e-13,0,0,0,0.0,0,0,True,0,0,,,,0.1735470000312489,0.3771182601121836,1.24608099940815,0.5054985630020997,1.6316383918747306,-1.1359550533816218,0.6427998154078642,9.90344390163825,1066.9417475352393,0,11.50773313483123,11.346683057585071,1201.0823708767064,1500.0,-0.4304531505331397,4.091360100078045e-05,0.0,0.0,0.0,0.0,0.0,23548.491310963098,17700.0,55.63647470333407,5493.937207136464,0.0,-6.139089236967266e-12,3.410605131648481e-13,0,0,0,0.0,0,0,True,0,0,,,,0.1840780005295528,0.37321678044463624,1.24608099940815,,,,,,,,,
d5419d24e3f12cc98db8a0792babd5f886758ddd3fc42e7ea513816b648d1aed,load720,Feb2022,550.0,pid_lowdrag_preview,2,1500.0,0.5,96.58333333333333,72.0,10.0,1500.0,720.0,0.5053387979539653,1.7471373733133078,-1.0771519355475903,2.454581276323836,7.626915763535715,1066.8738554752913,0,43.38530930636443,43.328195052230434,1350.0,1500.0,-0.40067447256296873,0.1735721658458007,0.0,0.0,0.0,0.0,0.0,86688.4476678932,78180.0,212.4522220044762,8145.995445888723,0.0,2.7284841053187847e-12,2.2737367544323206e-13,0,0,0,0.0,0,0,True,0,0,,,,0.2755049999905168,0.3661709605512442,3.2640859999446548,0.4985900240636225,1.3152422616258264,-1.0771519355475903,1.59525752551604,7.626915763535715,1066.8738554752913,0,28.084014160611076,28.159437982683425,1115.3762335257984,1200.6132292355649,0.2864788994193077,0.22339032083230403,0.0,0.0,0.0,0.0,0.0,54374.536181594434,51840.0,138.07487624644097,2311.2243096382267,0.0,-2.2737367544323206e-13,2.842170943040401e-14,0,0,0,0.0,0,0,True,0,0,,,,0.2760114998636709,0.3609946506094273,3.2640859999446548,0.5443840012188857,1.7471373733133078,-0.8405956597998738,0.6463718860835228,9.902124059319174,1067.0616955346582,0,11.507688053281392,11.409737141990085,1200.6132292355649,1500.0,-0.40067447256296873,4.14728562206923e-05,0.0,0.0,0.0,0.0,0.0,23548.47068842686,17700.0,55.94564937174722,5493.138268290687,0.0,9.322320693172514e-12,2.7711166694643907e-13,0,0,0,0.0,0,0,True,0,0,,,,0.2755049999905168,0.3661709605512442,3.2640859999446548,,,,,,,,,
d5419d24e3f12cc98db8a0792babd5f886758ddd3fc42e7ea513816b648d1aed,load720,Feb2022,550.0,swmpc,0,1500.0,0.5,96.58333333333333,72.0,10.0,1500.0,720.0,0.5805223384807985,2.2305690962821245,-2.2305690962821245,2.448161932324171,5.845084386465798,1066.8340350612793,0,43.267203141360405,43.214880984528016,1350.0,1500.0,-0.3670558566227555,0.13796198821664718,41.00404357899904,0.0,1.2525743416264176e-14,41.00404357899904,0.0,85475.0851610023,78180.0,211.896606303462,6933.188554698828,0.0,-4.547473508864641e-12,-1.9895196601282805e-13,0,0,0,0.0,0,0,True,1008,0,7.8155061658602e-11,1.3081929145708302e-13,4.72082627121071e-10,0.8134780000546016,1.431884299618105,3.9281090002987185,0.5658407977898294,1.7691528163850307,-1.1912391064688563,1.59345782246823,5.84628066382893,1067.1887570275617,0,27.972242640458155,28.127669678474312,1115.4790102699953,1254.9441018863806,0.5247054984793067,0.17877624499170253,41.00404357899904,0.0,1.2525743416264176e-14,41.00404357899904,0.0,53259.540582843096,51840.0,137.91910592620593,1142.1563853005093,0.0,4.774847184307873e-12,-1.4210854715202004e-13,0,0,0,0.0,0,0,True,1008,0,7.8155061658602e-11,1.3081929145708302e-13,4.72082627121071e-10,0.9043349996318284,1.4596165394414122,3.9281090002987185,0.617654338932485,2.2305690962821245,-2.2305690962821245,0.6447465985152838,9.98890098147422,1066.8340350612793,0,11.508164756237253,11.38104761459378,1254.9441018863806,1500.0,-0.3670558566227555,4.702973951609124e-06,0.0,0.0,0.0,0.0,0.0,23549.826577835534,17700.0,55.8049752948283,5548.965704427084,0.0,-2.5011104298755527e-12,-7.105427357601002e-15,0,0,0,0.0,0,0,True,1008,0,7.8155061658602e-11,1.3081929145708302e-13,4.72082627121071e-10,0.8134780000546016,1.431884299618105,3.9281090002987185,0.3204084996468737,0.6071605895795069,1.0328680000384338,0.3204084996468737,0.6071605895795069,1.0328680000384338,0.3204084996468737,0.6071605895795069,1.0328680000384338
d5419d24e3f12cc98db8a0792babd5f886758ddd3fc42e7ea513816b648d1aed,load720,Feb2022,550.0,swmpc,1,1500.0,0.5,96.58333333333333,72.0,10.0,1500.0,720.0,0.5606271814289067,1.6446569608524442,-1.4340913761407137,2.4483092046987336,5.84,1066.7679727135994,0,43.279919380621635,43.217480632065815,1350.0,1500.0,-0.4380270531401038,0.13803761255937286,40.968028922437085,0.0,1.1973998118657234e-14,40.968028922437085,0.0,85542.07508627634,78180.0,211.909353220223,7000.165733056109,0.0,-5.4569682106375694e-12,-1.5063505998114124e-12,0,0,0,0.0,0,0,True,1008,0,5.159003992577287e-11,1.3329995159411734e-13,6.727354015968267e-10,0.7616299999426701,1.4690583604715362,4.290855999897758,0.6043072233402474,1.6446569608524442,-1.4340913761407137,1.5905913287822324,5.84,1066.7679727135994,0,27.987250354831133,28.077070417924382,1115.3775126989963,1253.9448259583896,0.7471238160505891,0.1787630757031785,40.968028922437085,0.0,1.1973998118657234e-14,40.968028922437085,0.0,53333.83298114312,51840.0,137.67100130696807,1217.5946665767526,0.0,-3.637978807091713e-12,3.694822225952521e-13,0,0,0,0.0,0,0,True,1008,0,5.159003992577287e-11,1.3329995159411734e-13,6.727354015968267e-10,0.8002674999261217,1.6132721601024962,4.290855999897758,0.5006525236566045,1.6031481577083468,-1.1358944866806269,0.6423763753608647,9.988217151423665,1066.9340626116295,0,11.508147176063787,11.339208506578359,1253.9448259583896,1500.0,-0.4380270531401038,4.992732447584025e-06,0.0,0.0,0.0,0.0,0.0,23549.815892990995,17700.0,55.59982455051823,5548.160894398867,0.0,0.0,-1.8758328224066645e-12,0,0,0,0.0,0,0,True,1008,0,5.159003992577287e-11,1.3329995159411734e-13,6.727354015968267e-10,0.7616299999426701,1.4690583604715362,4.290855999897758,0.2891115000238642,0.5461429600927658,2.9808589997628587,0.2891115000238642,0.5461429600927658,2.9808589997628587,0.2891115000238642,0.5461429600927658,2.9808589997628587
d5419d24e3f12cc98db8a0792babd5f886758ddd3fc42e7ea513816b648d1aed,load720,Feb2022,550.0,swmpc,2,1500.0,0.5,96.58333333333333,72.0,10.0,1500.0,720.0,0.4860363557610878,1.8149391170591116,-0.8900918150320649,2.4474702646734765,5.8434936903167625,1066.799254858798,0,43.26006920714656,43.2026716879084,1350.0,1500.0,-0.4026610665023327,0.13803992669178888,40.98336246660948,0.0,1.2558546826980653e-14,40.98336246660948,0.0,85481.52766009868,78180.0,211.83674015411265,6939.690919944567,0.0,-3.637978807091713e-12,-1.4210854715202004e-13,0,0,0,0.0,0,0,True,1008,0,6.555591554973532e-11,1.5996531414542826e-13,6.161600322022072e-10,0.8812300002318807,1.3147307598410407,2.087781000227551,0.47127670411377387,1.2680424880236387,-0.8900918150320649,1.5901361041096493,5.8434936903167625,1066.799254858798,0,27.96609559426179,28.06903480566041,1115.3792869951285,1253.077631707074,0.3684795582666993,0.17889542321027008,40.98336246660948,0.0,1.2558546826980653e-14,40.98336246660948,0.0,53270.69028557243,51840.0,137.63160008846427,1155.3603407720225,0.0,-6.821210263296962e-13,-5.400124791776761e-13,0,0,0,0.0,0,0,True,1008,0,6.555591554973532e-11,1.5996531414542826e-13,6.161600322022072e-10,1.0548225000093225,1.3379028803683464,2.087781000227551,0.5521099016933643,1.8149391170591116,-0.842522150836885,0.6457159641133738,9.983225571535263,1067.0542653277737,0,11.508081812323276,11.398158827050494,1253.077631707074,1500.0,-0.4026610665023327,7.107808671413807e-06,0.0,0.0,0.0,0.0,0.0,23549.73789955524,17700.0,55.8888771306471,5546.92665413167,0.0,4.547473508864641e-12,4.476419235288631e-13,0,0,0,0.0,0,0,True,1008,0,6.555591554973532e-11,1.5996531414542826e-13,6.161600322022072e-10,0.8812300002318807,1.3147307598410407,2.087781000227551,0.36350350001157494,0.5574296599843365,0.7491710002796026,0.36350350001157494,0.5574296599843365,0.7491710002796026,0.36350350001157494,0.5574296599843365,0.7491710002796026
d5419d24e3f12cc98db8a0792babd5f886758ddd3fc42e7ea513816b648d1aed,load720,Mar2015,400.0,pid_lowdrag_preview,0,1500.0,0.5,96.33333333333333,72.0,10.0,1500.0,720.0,1.616908852723418,6.751650994643569,-5.308092008344829,45.30321271078772,8.043567982737299,1042.1999987209736,0,799.9368380372262,799.6909516744462,1350.0,1500.0,-1.6695603746920824,0.11740127156647762,0.0,0.0,0.0,0.0,0.0,89238.45457135122,78000.0,3921.1446356190872,7167.309935732113,0.0,-1.9099388737231493e-11,-3.183231456205249e-12,0,0,0,0.0,0,0,True,0,0,,,,0.2511695001885528,0.3489599100248597,0.39231199934874894,1.633377512922848,6.751650994643569,-4.938174880109727,30.368469019916947,8.046485401264095,1042.1999987209736,0,536.0305305315574,536.0633040855048,1147.171675405872,1261.9346174624352,0.19885980803519487,0.15030144528688028,0.0,0.0,0.0,0.0,0.0,57358.60035791615,51840.0,2628.4926005050575,2775.344815354513,0.0,-1.4551915228366852e-11,6.821210263296962e-12,0,0,0,0.0,0,0,True,0,0,,,,0.2667580001798342,0.35299070001201466,0.39231199934874894,1.6426561240061541,5.308092008344829,-5.308092008344829,11.067243419815256,9.583288269667506,1047.4763451219806,0,195.63383681070638,195.35864882927797,1261.9346174624352,1500.0,-1.6695603746920824,0.00018414420540224796,0.0,0.0,0.0,0.0,0.0,22650.0,17520.0,957.9069467708022,3934.027670691629,0.0,-4.092726157978177e-12,-8.86757334228605e-12,0,0,0,0.0,0,0,True,0,0,,,,0.2511695001885528,0.3489599100248597,0.39231199934874894,,,,,,,,,
d5419d24e3f12cc98db8a0792babd5f886758ddd3fc42e7ea513816b648d1aed,load720,Mar2015,400.0,pid_lowdrag_preview,1,1500.0,0.5,96.33333333333333,72.0,10.0,1500.0,720.0,1.6574725072168606,7.251801259815693,-5.412736632861197,45.3154466949633,8.029923912919726,1044.1479488611897,0,800.2322661668933,799.9069055960886,1350.0,1500.0,-2.2091698180884123,0.11715449302420056,0.0,0.0,0.0,0.0,0.0,89275.48269426767,78000.0,3922.2035278819294,7203.2791663857315,0.0,-1.2732925824820995e-11,-2.4556356947869062e-11,0,0,0,0.0,0,0,True,0,0,,,,0.1609730002201104,0.22430481956689616,0.3121109994026483,1.6910203401554702,7.251801259815693,-5.412736632861197,30.398397509141024,8.029923912919726,1044.1479488611897,0,536.2866114563999,536.591600879431,1147.8130269424832,1259.7591620463495,2.6186074037104845,0.149943388362344,0.0,0.0,0.0,0.0,0.0,57388.596355485555,51840.0,2631.0830113821166,2805.5672089995633,0.0,-9.094947017729282e-12,-2.4556356947869062e-11,0,0,0,0.0,0,0,True,0,0,,,,0.16179399972315878,0.22576026007300234,0.3087659997618175,1.7373065871230664,5.482893866486847,-4.473281021229923,11.043333380559233,9.796599383892245,1047.7707799316152,0,195.64765982146264,194.93658953362853,1259.7591620463495,1500.0,-2.2091698180884123,8.761524024303302e-05,0.0,0.0,0.0,0.0,0.0,22650.0,17520.0,955.8374528749868,3933.9217091713613,0.0,-1.8189894035458565e-12,-2.2737367544323206e-13,0,0,0,0.0,0,0,True,0,0,,,,0.1609730002201104,0.22430481956689616,0.3121109994026483,,,,,,,,,
d5419d24e3f12cc98db8a0792babd5f886758ddd3fc42e7ea513816b648d1aed,load720,Mar2015,400.0,pid_lowdrag_preview,2,1500.0,0.5,96.33333333333333,72.0,10.0,1500.0,720.0,1.6867805633581228,5.721175031736493,-5.721175031736493,45.33671882339368,8.026401108483565,1041.5139959005307,0,800.2177207815881,800.2824005689846,1350.0,1500.0,0.4390366589650512,0.11715293856968256,0.0,0.0,0.0,0.0,0.0,89264.60716725473,78000.0,3924.0447017698953,7190.562465484818,0.0,-1.2732925824820995e-11,-9.094947017729282e-13,0,0,0,0.0,0,0,True,0,0,,,,0.2558719997978187,0.446776329754357,3.0832840002403827,1.7241860454073379,5.721175031736493,-5.721175031736493,30.36268441124724,8.05600722109092,1041.5139959005307,0,536.2609714315354,535.9611943468013,1147.3343456691102,1262.2805250805409,-1.5493931388482451,0.14996866106664175,0.0,0.0,0.0,0.0,0.0,57378.888197625834,51840.0,2627.9919232705333,2795.9500949438575,0.0,-1.2960299500264227e-11,-9.094947017729282e-12,0,0,0,0.0,0,0,True,0,0,,,,0.25526049967083964,0.4199541595789923,0.6513429998449283,1.687960046523634,4.367087772116065,-4.141027512960136,11.099301244727187,9.56766215510838,1044.7820274200076,0,195.63165313216803,195.92453259289357,1262.2805250805409,1500.0,0.4390366589650512,0.00019133430821660635,0.0,0.0,0.0,0.0,0.0,22650.0,17520.0,960.6816587760252,3931.5988663045105,0.0,-5.4569682106375694e-12,7.844391802791506e-12,0,0,0,0.0,0,0,True,0,0,,,,0.2558719997978187,0.446776329754357,3.0832840002403827,,,,,,,,,
d5419d24e3f12cc98db8a0792babd5f886758ddd3fc42e7ea513816b648d1aed,load720,Mar2015,400.0,swmpc,0,1500.0,0.5,96.33333333333333,72.0,10.0,1500.0,720.0,1.448640695562108,5.873326261527836,-5.308047374710441,44.142121831871385,5.18715371992638,1043.9156715102597,0,779.4413047098491,779.1954103125388,1350.0,1500.0,-1.6695692902430892,0.132396457909975,41.51869880581356,0.0,1.3199430822466774e-14,41.51869880581356,0.0,86489.03279283631,78000.0,3820.6483352707246,4518.384457565591,0.0,4.547473508864641e-12,-4.092726157978177e-12,0,0,0,0.0,0,0,True,1008,0,1.9174672361810524e-11,2.390800186096434e-13,3.3490317404505967e-10,0.7189049997577968,1.2090947205069822,2.8168720000394387,1.4049533197007842,5.873326261527836,-3.8606494665145874,29.304606190354747,5.274166771566354,1043.9156715102597,0,517.3770304705281,517.2840293339566,1165.53418844408,1262.0363315557904,0.4302364196628332,0.17146357996355965,41.48716206705991,0.0,1.1972100880003345e-14,41.48716206705991,0.0,54995.06946622615,51840.0,2536.411713133918,522.1556099805182,0.0,-5.4569682106375694e-12,-3.183231456205249e-12,0,0,0,0.0,0,0,True,1008,0,1.9174672361810524e-11,2.390800186096434e-13,3.3490317404505967e-10,0.7474930002899782,1.2378756402267748,2.8168720000394387,1.642753300687311,5.308047374710441,-5.308047374710441,11.064876692617212,9.467893982737268,1047.4763469082234,0,195.6261417665968,195.31687143177805,1262.0363315557904,1500.0,-1.6695692902430892,0.00023751137414773638,0.0,0.0,0.0,0.0,0.0,22650.0,17520.0,957.7020986132234,3934.334232942574,0.0,6.59383658785373e-12,-5.684341886080801e-13,0,0,0,0.0,0,0,True,1008,0,1.9174672361810524e-11,2.390800186096434e-13,3.3490317404505967e-10,0.7189049997577968,1.2090947205069822,2.8168720000394387,0.2806234997478896,0.48909016005381994,0.861620999785373,0.2806234997478896,0.48909016005381994,0.861620999785373,0.2806234997478896,0.48909016005381994,0.861620999785373
d5419d24e3f12cc98db8a0792babd5f886758ddd3fc42e7ea513816b648d1aed,load720,Mar2015,400.0,swmpc,1,1500.0,0.5,96.33333333333333,72.0,10.0,1500.0,720.0,1.4162654133065218,5.482871135696769,-4.473271052353084,44.19526565658183,4.962163503042651,1044.0824706013254,0,780.4588725378617,780.1335035120112,1350.0,1500.0,-2.2091730320826173,0.13112729383416277,41.54210955789691,0.0,1.1780520812215698e-14,41.54210955789691,0.0,86496.3401653019,78000.0,3825.248111108024,4521.092054193862,0.0,-9.094947017729282e-12,-1.546140993013978e-11,0,0,0,0.0,0,0,True,1008,0,1.659827830735594e-11,2.7141194110225243e-13,3.400299713428267e-10,0.8171585000127379,1.3539248900906384,17.63934300015535,1.3677914127316095,4.856469460763037,-3.916971285827458,29.364482488113914,5.471149647460486,1044.0824706013254,0,518.3605524575295,518.3409639457117,1165.5666948644937,1261.0117388346498,0.8489250661805272,0.16937003667131545,41.477478693424025,0.0,1.177727176657332e-14,41.477478693424025,0.0,55003.42747879304,51840.0,2541.594207039104,526.3882277837804,0.0,-4.547473508864641e-13,-5.002220859751105e-12,0,0,0,0.0,0,0,True,1008,0,1.659827830735594e-11,2.7141194110225243e-13,3.400299713428267e-10,0.9302084999944782,1.3835387694325603,2.7755030005209846,1.7304581063940416,5.482871135696769,-4.473271052353084,11.05842199555898,9.886956038762916,1047.7707796903296,0,195.65334810225784,195.20293331294624,1261.0117388346498,1500.0,-2.2091730320826173,4.8392106693939674e-05,0.0,0.0,0.0,0.0,0.0,22650.0,17520.0,957.1434229866965,3933.8683158479457,0.0,-7.73070496506989e-12,-1.057287590811029e-11,0,0,0,0.0,0,0,True,1008,0,1.659827830735594e-11,2.7141194110225243e-13,3.400299713428267e-10,0.8171585000127379,1.3539248900906384,17.63934300015535,0.33911699983946164,0.599049929896864,1.4071739997234545,0.33911699983946164,0.599049929896864,1.4071739997234545,0.33911699983946164,0.599049929896864,1.4071739997234545
d5419d24e3f12cc98db8a0792babd5f886758ddd3fc42e7ea513816b648d1aed,load720,Mar2015,400.0,swmpc,2,1500.0,0.5,96.33333333333333,72.0,10.0,1500.0,720.0,1.4889311487232229,5.117007555440068,-4.434154870919883,44.21111003553738,5.162047623155256,1043.3078867370702,0,780.3485167942441,780.413188014006,1350.0,1500.0,0.4390238281339407,0.1311758359909,41.505110075978614,0.0,1.2845791968897061e-14,41.505110075978614,0.0,86504.12106873615,78000.0,3826.6194951187667,4527.501573617357,0.0,-2.1827872842550278e-11,-2.7284841053187847e-12,0,0,0,0.0,0,0,True,1008,0,1.797934375764973e-11,3.1482555132481744e-13,3.4894802207732203e-10,0.8581100000810693,1.86828611987039,3.770330999941507,1.468149592065805,5.117007555440068,-4.434154870919883,29.335436104810213,5.315160877035697,1043.3078867370702,0,518.2444053125437,517.8282380590265,1165.1231088340571,1264.0865986568306,-1.3369151782244444,0.16952461603641478,41.48855232490982,0.0,1.0791256817611637e-14,41.48855232490982,0.0,55010.57619717348,51840.0,2539.080145380775,532.5325619699188,0.0,-1.5688783605583012e-11,-2.2737367544323206e-12,0,0,0,0.0,0,0,True,1008,0,1.797934375764973e-11,3.1482555132481744e-13,3.4894802207732203e-10,0.9886714997264789,1.9957101007457798,3.770330999941507,1.687788080360802,4.366933639161289,-4.140651634894311,11.097767167913588,9.631357045806181,1044.7712591734908,0,195.63587048368913,195.89745311499712,1264.0865986568306,1500.0,0.4390238281339407,0.00016211034037905137,0.0,0.0,0.0,0.0,0.0,22650.0,17520.0,960.5488792950848,3933.537719361737,0.0,-9.094947017729282e-12,-1.0231815394945443e-12,0,0,0,0.0,0,0,True,1008,0,1.797934375764973e-11,3.1482555132481744e-13,3.4894802207732203e-10,0.8581100000810693,1.86828611987039,3.770330999941507,0.35179600035917247,0.6247165095919625,2.7059040003223345,0.35179600035917247,0.6247165095919625,2.7059040003223345,0.35179600035917247,0.6247165095919625,2.7059040003223345
d5419d24e3f12cc98db8a0792babd5f886758ddd3fc42e7ea513816b648d1aed,load720,Mar2015,550.0,pid_lowdrag_preview,0,1500.0,0.5,96.75,72.0,10.0,1500.0,720.0,0.6686428438394308,2.7450076527893543,-2.7450076527893543,3.699542602635268,7.721338423593699,1065.852308728383,0,65.3480094555963,65.30421503543909,1350.0,1500.0,-0.3072351375594735,0.167274610633112,0.0,0.0,0.0,0.0,0.0,87167.69847958453,78300.0,320.2077901886457,8397.49068939588,0.0,-9.094947017729282e-12,-1.4779288903810084e-12,0,0,0,0.0,0,0,True,0,0,,,,0.1838469997892389,0.4223038805866966,1.285239999560872,0.6333595437411923,2.2645226512104273,-1.8271479029208422,2.473963093203854,7.72357479736818,1066.1485484529458,0,43.5528571690917,43.670322302341006,1235.6399010651799,1128.1507942197384,0.502382742241025,0.2163508188777722,0.0,0.0,0.0,0.0,0.0,54336.7937320714,51840.0,214.1297831031275,2390.1530558137074,0.0,-3.865352482534945e-12,-1.7621459846850485e-12,0,0,0,0.0,0,0,True,0,0,,,,0.18125850010619615,0.42205329057651353,1.285239999560872,0.7979148976660275,2.7450076527893543,-2.7450076527893543,0.937429330319981,9.673520612850425,1065.852308728383,0,16.662881826354635,16.547474415928427,1128.1507942197384,1500.0,-0.3072351375594735,0.0001404953533895581,0.0,0.0,0.0,0.0,0.0,23844.78411000541,17820.0,81.13764499048234,5571.797259234662,0.0,-4.320099833421409e-12,2.5579538487363607e-13,0,0,0,0.0,0,0,True,0,0,,,,0.1838469997892389,0.4223038805866966,1.285239999560872,,,,,,,,,
d5419d24e3f12cc98db8a0792babd5f886758ddd3fc42e7ea513816b648d1aed,load720,Mar2015,550.0,pid_lowdrag_preview,1,1500.0,0.5,96.75,72.0,10.0,1500.0,720.0,0.6522680445847946,2.0702194860205054,-1.9815154038369656,3.696605318389749,7.718350185254711,1065.7252269358817,0,65.34572678447006,65.25236618205625,1350.0,1500.0,-0.6549584371969104,0.1672423946865823,0.0,0.0,0.0,0.0,0.0,87159.98293891893,78300.0,319.95355840963225,8390.029380509286,0.0,-7.275957614183426e-12,1.0800249583553523e-12,0,0,0,0.0,0,0,True,0,0,,,,0.19277100000181235,0.36455248056881834,0.5661050008711754,0.6872652077749996,2.0702194860205054,-1.9815154038369656,2.4679801292856203,7.718350185254711,1065.7252269358817,0,43.55024277220892,43.56471120274588,1235.681256035737,1128.4712766246255,0.7702990397810936,0.21628243756711618,0.0,0.0,0.0,0.0,0.0,54327.663130593704,51840.0,213.611937558205,2381.2611724465974,0.0,-1.3869794202037156e-11,1.0231815394945443e-12,0,0,0,0.0,0,0,True,0,0,,,,0.2130464999936521,0.34332593032559083,0.5661050008711754,0.625650891755916,1.8343908274546266,-1.5130775263532996,0.93245929298859,9.684071310924883,1066.8487971398515,0,16.662907466753246,16.459743466055777,1128.4712766246255,1500.0,-0.6549584371969104,0.000135788583457086,0.0,0.0,0.0,0.0,0.0,23844.958848839153,17820.0,80.70747163069814,5572.722653833092,0.0,1.2050804798491299e-11,8.526512829121202e-14,0,0,0,0.0,0,0,True,0,0,,,,0.19277100000181235,0.36455248056881834,0.5661050008711754,,,,,,,,,
d5419d24e3f12cc98db8a0792babd5f886758ddd3fc42e7ea513816b648d1aed,load720,Mar2015,550.0,pid_lowdrag_preview,2,1500.0,0.5,96.75,72.0,10.0,1500.0,720.0,0.6334854218468484,1.9583590840920806,-1.562713185325265,3.70106896777452,7.720531729913626,1066.2425775967524,0,65.35379760897473,65.33115838708672,1350.0,1500.0,-0.1588250631466508,0.1672379514231801,0.0,0.0,0.0,0.0,0.0,87170.75397328884,78300.0,320.3399021983626,8400.414071090498,0.0,2.000888343900442e-11,3.410605131648481e-13,0,0,0,0.0,0,0,True,0,0,,,,0.17553500038047787,0.48060044005978875,2.245718999802193,0.6336415711007165,1.7784942425787449,-1.562713185325265,2.470034989758439,7.725910344854774,1066.2425775967524,0,43.558633607659395,43.60098353816635,1235.3078620729698,1128.6513667253816,0.3884444795548916,0.2162744706617742,0.0,0.0,0.0,0.0,0.0,54339.40156367484,51840.0,213.78979260727994,2392.2682664151707,0.0,2.546585164964199e-11,8.526512829121202e-13,0,0,0,0.0,0,0,True,0,0,,,,0.17305649953414104,0.4381898102656121,2.245718999802193,0.7035039403282289,1.9583590840920806,-1.1450851541012526,0.9395414172544148,9.667105046779794,1066.9614210730385,0,16.662767594098682,16.584756911132246,1128.6513667253816,1500.0,-0.1588250631466508,0.00014336130716641193,0.0,0.0,0.0,0.0,0.0,23844.677711471446,17820.0,81.32045318127776,5572.008625015555,0.0,5.002220859751105e-12,-5.684341886080801e-13,0,0,0,0.0,0,0,True,0,0,,,,0.17553500038047787,0.48060044005978875,2.245718999802193,,,,,,,,,
d5419d24e3f12cc98db8a0792babd5f886758ddd3fc42e7ea513816b648d1aed,load720,Mar2015,550.0,swmpc,0,1500.0,0.5,96.75,72.0,10.0,1500.0,720.0,0.6368511465942139,2.753058603964746,-2.753058603964746,3.6937884968096903,5.84,1065.6422182707302,0,65.24658982429737,65.20264373202941,1350.0,1500.0,-0.3082979554310441,0.13749358842284132,41.04307019186478,0.0,1.2676191967385108e-14,41.04307019186478,0.0,85478.16271291222,78300.0,319.7097530773523,6708.452959834865,0.0,-2.7284841053187847e-12,-2.5011104298755527e-12,0,0,0,0.0,0,0,True,1008,0,8.213654192538238e-11,1.174962180517708e-13,5.015155971375818e-10,0.7919949994175113,1.4058961201226343,2.450928999678581,0.5803749718111398,2.1431718561798334,-1.5629130341112614,2.4686820304729062,5.846439358093326,1065.6422182707302,0,43.496708284869555,43.57710114144674,1235.483128992068,1155.946024447834,0.33520904555916786,0.17751502360652993,41.04307019186478,0.0,1.2676191967385108e-14,41.04307019186478,0.0,52901.3656667028,51840.0,213.67268945438354,927.2300817926346,0.0,-1.318767317570746e-11,-1.1937117960769683e-12,0,0,0,0.0,0,0,True,1008,0,8.213654192538238e-11,1.174962180517708e-13,5.015155971375818e-10,1.0067395005535218,1.3893240998459064,2.450928999678581,0.799285741226801,2.753058603964746,-2.753058603964746,0.938857533694426,10.0,1065.8484006738483,0,16.664414027427874,16.572685019047732,1155.946024447834,1500.0,-0.3082979554310441,0.0,0.0,0.0,0.0,0.0,0.0,23850.0,17820.0,81.26126077102231,5604.684763676822,0.0,1.0231815394945443e-11,-1.2079226507921703e-12,0,0,0,0.0,0,0,True,1008,0,8.213654192538238e-11,1.174962180517708e-13,5.015155971375818e-10,0.7919949994175113,1.4058961201226343,2.450928999678581,0.35217149979871465,0.5688757901498319,1.0163340002691257,0.35217149979871465,0.5688757901498319,1.0163340002691257,0.35217149979871465,0.5688757901498319,1.0163340002691257
d5419d24e3f12cc98db8a0792babd5f886758ddd3fc42e7ea513816b648d1aed,load720,Mar2015,550.0,swmpc,1,1500.0,0.5,96.75,72.0,10.0,1500.0,720.0,0.6312437206438358,2.2270895494148135,-1.8745996495708823,3.689781295673901,5.845986739884959,1065.8918551716279,0,65.22565272333843,65.13190873779709,1350.0,1500.0,-0.6576465899124742,0.13792601915129943,41.04800296532764,0.0,1.667711312405889e-14,41.04800296532764,0.0,85494.23912041032,78300.0,319.3629164117567,6724.87620399855,0.0,-1.1823431123048067e-11,-9.094947017729282e-13,0,0,0,0.0,0,0,True,1008,0,8.215200642390806e-11,1.3750416234395592e-13,5.461641913259479e-10,0.7404279995171237,1.222651919888449,4.5877940001446404,0.6696886898438383,2.2270895494148135,-1.8745996495708823,2.4637350022657776,5.845986739884959,1065.8918551716279,0,43.47683597333713,43.48977634794552,1235.6371481736892,1155.888163731519,0.5679313456639647,0.17813370146634933,41.04800296532764,0.0,1.667711312405889e-14,41.04800296532764,0.0,52924.25478246517,51840.0,213.24450761128884,950.7592592960455,0.0,-6.139089236967266e-12,-7.105427357601002e-13,0,0,0,0.0,0,0,True,1008,0,8.215200642390806e-11,1.3750416234395592e-13,5.461641913259479e-10,0.7710985000812798,1.2438209294759868,4.5877940001446404,0.6249909583958104,1.827762988395989,-1.5584310358390212,0.9341555378016464,10.0,1066.8604374783665,0,16.664386058738053,16.489685528608724,1155.888163731519,1500.0,-0.6576465899124742,0.0,0.0,0.0,0.0,0.0,0.0,23850.0,17820.0,80.85428729456427,5605.0338764369535,0.0,-9.094947017729282e-13,-1.2789769243681803e-13,0,0,0,0.0,0,0,True,1008,0,8.215200642390806e-11,1.3750416234395592e-13,5.461641913259479e-10,0.7404279995171237,1.222651919888449,4.5877940001446404,0.28795499974876293,0.49976063000940485,4.003442000794166,0.28795499974876293,0.49976063000940485,4.003442000794166,0.28795499974876293,0.49976063000940485,4.003442000794166
d5419d24e3f12cc98db8a0792babd5f886758ddd3fc42e7ea513816b648d1aed,load720,Mar2015,550.0,swmpc,2,1500.0,0.5,96.75,72.0,10.0,1500.0,720.0,0.5937276905198482,2.0317528937011957,-1.3660621102899313,3.694833135892881,5.842973384599473,1066.324935973105,0,65.24398010635862,65.22108366978681,1350.0,1500.0,-0.1606280943378806,0.13732044328962711,41.07102471417052,0.0,1.2009151469165753e-14,41.07102471417052,0.0,85467.09358622425,78300.0,319.80017008515745,6697.293416139089,0.0,-1.8189894035458565e-12,-1.1937117960769683e-12,0,0,0,0.0,0,0,True,1008,0,6.465560179919773e-11,1.3587683269586578e-13,5.303922764328602e-10,0.7456659996023518,1.330964480403054,3.7705219992858474,0.587196735565698,2.0317528937011957,-1.3660621102899313,2.4670180871917307,5.842973384599473,1066.324935973105,0,43.494045892655045,43.54772926456564,1235.3324900278008,1156.2361161911483,0.35788056813180447,0.17731603818135777,41.07102471417052,0.0,1.2009151469165753e-14,41.07102471417052,0.0,52895.269919421364,51840.0,213.52866959617614,920.8376236618403,0.0,2.2737367544323206e-13,-9.947598300641403e-13,0,0,0,0.0,0,0,True,1008,0,6.465560179919773e-11,1.3587683269586578e-13,5.303922764328602e-10,0.7778940002935997,1.3436114498290406,3.7705219992858474,0.7083091322166054,1.9744138093665242,-1.1451603332534432,0.9398621847495781,10.0,1066.954557770755,0,16.66433002861249,16.590419089333928,1156.2361161911483,1500.0,-0.1606280943378806,0.0,0.0,0.0,0.0,0.0,0.0,23850.0,17820.0,81.34821668120856,5604.887899509933,0.0,-7.048583938740194e-12,-1.2789769243681803e-13,0,0,0,0.0,0,0,True,1008,0,6.465560179919773e-11,1.3587683269586578e-13,5.303922764328602e-10,0.7456659996023518,1.330964480403054,3.7705219992858474,0.30398899980355054,0.5580104101318278,1.429657999324263,0.30398899980355054,0.5580104101318278,1.429657999324263,0.30398899980355054,0.5580104101318278,1.429657999324263
d5419d24e3f12cc98db8a0792babd5f886758ddd3fc42e7ea513816b648d1aed,load720,May2024,400.0,pid_lowdrag_preview,0,1500.0,0.5,96.58333333333333,72.0,10.0,1500.0,720.0,2.5372457552184624,10.452005416154861,-9.065756248310208,118.61077089258455,8.244983933839487,1025.161665438843,0,2093.03590309631,2093.713769472792,1350.0,1500.0,4.603528779931366,0.07991967333178274,0.0,0.0,0.0,0.0,0.006907137375287797,95917.96141322996,78180.0,10266.15906870017,7321.802344529797,0.0,5.4569682106375694e-12,7.275957614183426e-11,0,0,0,0.0,0,0,True,0,0,,,,0.17892000050778734,0.4737088406000115,3.016442999978608,2.6911698842193683,10.452005416154861,-9.065756248310208,83.95694055198138,8.248555829369241,1025.161665438843,0,1481.952490133649,1482.005395915358,1089.3898262953644,1447.6313598231336,-0.922084559686482,0.09707223969064038,0.0,0.0,0.0,0.0,0.010416666666666666,62875.57771682946,51840.0,7266.754107926684,3410.582075375002,0.0,-3.637978807091713e-12,9.094947017729282e-12,0,0,0,0.0,0,0,True,0,0,,,,0.18983649988513207,0.478089180351162,3.016442999978608,2.2512622020846917,6.367873848415911,-6.367873848415911,26.001045831698875,9.765813429651002,1051.099042710894,0,458.15605249707664,458.9696809897914,1447.6313598231336,1500.0,4.603528779931366,0.00010028007847351361,0.0,0.0,0.0,0.0,0.0,23300.0,17700.0,2250.477511039247,3297.153848783897,0.0,1.0459189070388675e-11,6.59383658785373e-11,0,0,0,0.0,0,0,True,0,0,,,,0.17892000050778734,0.4737088406000115,3.016442999978608,,,,,,,,,
d5419d24e3f12cc98db8a0792babd5f886758ddd3fc42e7ea513816b648d1aed,load720,May2024,400.0,pid_lowdrag_preview,1,1500.0,0.5,96.58333333333333,72.0,10.0,1500.0,720.0,2.53727708264888,8.862017937004566,-8.862017937004566,118.58370569010795,8.21151036576016,1024.9793301762136,0,2093.1733835713508,2093.236015330629,1350.0,1500.0,0.4251676509156823,0.0800462484301232,0.0,0.0,0.0,0.0,0.009976976208749041,95908.68624944366,78180.0,10263.816484870997,7314.869764572677,0.0,9.094947017729282e-12,1.2732925824820995e-11,0,0,0,0.0,0,0,True,0,0,,,,0.1709179996396415,0.4742296605581945,1.5059630004543578,2.6323359989631103,8.862017937004566,-8.862017937004566,83.96693031063093,8.221534040175666,1024.9793301762136,0,1482.0781507662862,1482.1817348353509,1092.4728212857913,1444.6233026237778,-0.3779964726418257,0.09722902424476865,0.0,0.0,0.0,0.0,0.015046296296296295,62853.35819094197,51840.0,7267.618754961552,3393.588954642435,0.0,4.547473508864641e-13,2.1827872842550278e-11,0,0,0,0.0,0,0,True,0,0,,,,0.171398499787756,0.49028355967493514,1.5059630004543578,2.513409319886147,7.152735948562622,-6.919466655701399,25.96286018984081,9.887509449220117,1046.3100206813508,0,458.1773561872553,458.29562918527563,1444.6233026237778,1500.0,0.4251676509156823,4.766548761858669e-05,0.0,0.0,0.0,0.0,0.0,23300.0,17700.0,2247.1724159748264,3297.4508866489505,0.0,-9.094947017729282e-13,-9.549694368615746e-12,0,0,0,0.0,0,0,True,0,0,,,,0.1709179996396415,0.4742296605581945,1.5059630004543578,,,,,,,,,
d5419d24e3f12cc98db8a0792babd5f886758ddd3fc42e7ea513816b648d1aed,load720,May2024,400.0,pid_lowdrag_preview,2,1500.0,0.5,96.58333333333333,72.0,10.0,1500.0,720.0,2.5768146378110592,9.970889107324183,-9.970889107324183,118.56447409991216,8.215341692219813,1023.4085130325079,0,2092.522729302957,2092.8965398774353,1350.0,1500.0,2.5385292172431946,0.08019703592550698,0.0,0.0,0.0,0.0,0.00920951650038373,95900.92415345709,78180.0,10262.151926394465,7308.772227062634,0.0,8.185452315956354e-12,-1.6370904631912708e-11,0,0,0,0.0,0,0,True,0,0,,,,0.19965199953730917,0.537383360297099,1.9670290002977708,2.6831128987887234,9.970889107324183,-9.970889107324183,83.91240321840242,8.215341692219813,1023.4085130325079,0,1481.3849640190215,1481.2192242391543,1089.3746834022168,1446.5965341470428,-1.7772303726524115,0.09748582821636032,0.0,0.0,0.0,0.0,0.013888888888888888,62844.37148530486,51840.0,7262.899252692405,3384.2503818676423,0.0,1.4551915228366852e-11,1.0913936421275139e-11,0,0,0,0.0,0,0,True,0,0,,,,0.179711499640689,0.49839542996778613,1.4343249995363294,2.517040480265042,7.752823720686138,-6.200550919398665,25.990974705682888,9.778535477641013,1049.6066982216337,0,458.1564031057833,458.7919057754707,1446.5965341470428,1500.0,2.5385292172431946,9.466437213689893e-05,0.0,0.0,0.0,0.0,0.0,23300.0,17700.0,2249.605821386497,3296.990712760544,0.0,-1.8189894035458565e-12,-2.4556356947869062e-11,0,0,0,0.0,0,0,True,0,0,,,,0.19965199953730917,0.537383360297099,1.9670290002977708,,,,,,,,,
d5419d24e3f12cc98db8a0792babd5f886758ddd3fc42e7ea513816b648d1aed,load720,May2024,400.0,swmpc,0,1500.0,0.5,96.58333333333333,72.0,10.0,1500.0,720.0,5.663521774109562,26.111865172162652,-7.622604285366833,109.02926772339644,3.640233713431859,650.4596319013968,0,1923.9032157373201,1924.5813629753704,1350.0,1500.0,4.6037057638168335,0.16417284817299438,43.44592321162306,15.087565315936299,1.2769896575065224e-14,43.44592321162306,0.0,90692.97380547419,78180.0,9436.847911611201,2926.125893862989,0.0,0.0,3.456079866737127e-11,0,0,0,0.0,0,0,True,1008,0,6.821210263296962e-12,2.1079607240338227e-13,4.099685544743633e-10,0.9850369997366215,1.6786351995142472,3.999798000222654,6.767505580846343,26.111865172162652,-7.622604285366833,75.2295922251803,4.29466619153514,650.4596319013968,0,1327.3955468534036,1327.9505050711168,974.2043050574362,1071.3629432330786,2.1505571138113737,0.20872320033917613,43.44592321162306,15.087565315936299,1.2769896575065224e-14,43.44592321162306,0.0,58448.53154845344,51840.0,6511.372910277801,0.0,0.0,6.366462912410498e-12,-2.8194335754960775e-11,0,0,0,0.0,0,0,True,1008,0,6.821210263296962e-12,2.1079607240338227e-13,4.099685544743633e-10,1.0474414998498105,1.8299276497782535,3.999798000222654,2.2517981460668697,6.367779487743974,-6.367779487743974,25.940499799414383,7.371243703847863,680.0740802258142,0,457.53972677347565,457.900924244276,1071.3629432330786,1500.0,4.6037057638168335,0.0017659325408234672,0.0,0.0,0.0,0.0,0.0,23300.0,17700.0,2245.2370493700905,2926.1258938629894,0.0,1.3642420526593924e-12,6.184563972055912e-11,0,0,0,0.0,0,0,True,1008,0,6.821210263296962e-12,2.1079607240338227e-13,4.099685544743633e-10,0.9850369997366215,1.6786351995142472,3.999798000222654,0.5044760000600945,0.8857327198256825,3.49634799931664,0.5044760000600945,0.8857327198256825,3.49634799931664,0.5044760000600945,0.8857327198256825,3.49634799931664
d5419d24e3f12cc98db8a0792babd5f886758ddd3fc42e7ea513816b648d1aed,load720,May2024,400.0,swmpc,1,1500.0,0.5,96.58333333333333,72.0,10.0,1500.0,720.0,5.657851083166329,25.336387044750154,-8.035609063692391,109.11322380707226,3.5079786166515254,632.1722790168204,0,1926.000457546065,1926.063353245713,1350.0,1500.0,0.42538424488157034,0.1628381034858689,43.42026350428672,14.413026313844005,1.4053528140988788e-14,43.42026350428672,0.0,90689.26426643593,78180.0,9444.114591553574,2915.149674882353,0.0,-2.7284841053187847e-12,-2.000888343900442e-11,0,0,0,0.0,0,0,True,1008,0,1.4551915228366852e-11,1.3079046882994154e-07,4.339809966499779e-10,0.8895130004020757,1.4505628603365046,2.723870999943756,6.734157390554946,25.336387044750154,-8.035609063692391,75.34061845529402,4.089918238015472,632.1722790168204,0,1329.251516126478,1329.9103367542903,1005.9881297771096,1056.7853364076373,2.79772887006402,0.20669457570870053,43.42026350428672,14.413026313844005,1.4053528140988788e-14,43.42026350428672,0.0,58411.779808596315,51840.0,6520.982601965786,0.0,0.0,-1.5916157281026244e-12,2.546585164964199e-11,0,0,0,0.0,0,0,True,1008,0,1.4551915228366852e-11,1.3079046882994154e-07,4.339809966499779e-10,0.9336590001112199,1.6036963096848886,2.723870999943756,2.515969487165478,7.1527824979275465,-6.919532861560583,25.898890918655297,7.314156833241158,663.9959579746007,0,457.51580352478413,457.1664455293694,1056.7853364076373,1500.0,0.42538424488157034,0.0018393101198463935,0.0,0.0,0.0,0.0,0.0,23300.0,17700.0,2241.635661525279,2915.149674882353,0.0,-5.4569682106375694e-12,-4.729372449219227e-11,0,0,0,0.0,0,0,True,1008,0,1.4551915228366852e-11,1.3079046882994154e-07,4.339809966499779e-10,0.8895130004020757,1.4505628603365046,2.723870999943756,0.4496485003073758,0.8299925603751034,2.251247999993211,0.4496485003073758,0.8299925603751034,2.251247999993211,0.4496485003073758,0.8299925603751034,2.251247999993211
d5419d24e3f12cc98db8a0792babd5f886758ddd3fc42e7ea513816b648d1aed,load720,May2024,400.0,swmpc,2,1500.0,0.5,96.58333333333333,72.0,10.0,1500.0,720.0,5.642464123663929,23.86845914553851,-9.504448558203876,109.12993890111738,3.333515225113449,656.1546224912672,0,1925.9843327739547,1926.3584075843726,1350.0,1500.0,2.5386698516085744,0.16301970120266018,43.413763941093194,10.850236975575987,1.2831057031523749e-14,43.413763941093194,0.0,90712.17128365906,78180.0,9445.561338868622,2936.609944790457,0.0,1.9099388737231493e-11,5.4569682106375694e-11,0,0,0,0.0,0,0,True,1008,0,8.640199666842818e-12,7.796946175344948e-08,5.842902396176856e-10,0.8629429994471138,1.474463960330468,1.9639450001704972,6.7147191928964745,23.86845914553851,-9.504448558203876,75.32990601706875,4.345088253694697,656.1546224912672,0,1329.6513696401041,1329.7212411161263,1013.548095998125,1081.6330631822575,-0.3318504998460412,0.20644247049123754,43.413763941093194,10.850236975575987,1.2203966160002892e-14,43.413763941093194,0.0,58428.140371779824,51840.0,6520.055404595702,0.0,0.0,1.1027623258996755e-11,1.8189894035458565e-11,0,0,0,0.0,0,0,True,1008,0,8.640199666842818e-12,7.796946175344948e-08,5.842902396176856e-10,0.9047859998645436,1.4843689004192129,1.9639450001704972,2.5150683417275697,7.752776466310024,-6.20040793158114,25.93802813322654,7.127663940093223,689.2383122173537,0,457.4345992445885,457.85729446687697,1081.6330631822575,1500.0,2.5386698516085744,0.002080079492387643,0.0,0.0,0.0,0.0,0.0,23300.0,17700.0,2245.023118391806,2936.6099447904576,0.0,5.9117155615240335e-12,3.6834535421803594e-11,0,0,0,0.0,0,0,True,1008,0,8.640199666842818e-12,7.796946175344948e-08,5.842902396176856e-10,0.8629429994471138,1.474463960330468,1.9639450001704972,0.4387924996080983,0.7800480302921642,1.4806150002186769,0.4387924996080983,0.7800480302921642,1.4806150002186769,0.4387924996080983,0.7800480302921642,1.4806150002186769
d5419d24e3f12cc98db8a0792babd5f886758ddd3fc42e7ea513816b648d1aed,load720,May2024,550.0,pid_lowdrag_preview,0,1500.0,0.5,97.0,72.0,10.0,1500.0,720.0,1.0009997916461046,3.0473219994455576,-2.9359332406893373,14.193341093856173,7.581899562214538,1076.2079283767503,0,250.75957001892007,250.54043118851635,1350.0,1500.0,-1.5374018838629127,0.1756171894807168,0.0,0.0,0.0,0.0,0.0,88804.63220027811,78480.0,1228.4811597574294,8946.151040520697,0.0,1.8189894035458565e-11,-2.5011104298755527e-12,0,0,0,0.0,0,0,True,0,0,,,,0.20092350041522877,0.4457444697163741,4.6347759998752736,1.0198974632547473,3.0473219994455576,-2.906751844100654,9.98595097507793,7.581899562214538,1076.2079283767503,0,176.17477301675535,176.27170703354514,1403.2787023067906,1183.5252161607386,0.3427716540172696,0.22796935602044766,0.0,0.0,0.0,0.0,0.0,54777.190955546925,51840.0,864.3174678902596,2292.6269738027177,0.0,6.821210263296962e-13,-3.979039320256561e-12,0,0,0,0.0,0,0,True,0,0,,,,0.22972699980527977,0.45380963038951416,4.6347759998752736,1.0030512144675232,2.9359332406893373,-2.9359332406893373,3.278472199745119,9.035031574067165,1088.5621545502765,0,58.139492302411156,57.87149291573613,1183.5252161607386,1500.0,-1.5374018838629127,0.000429774059766741,0.0,0.0,0.0,0.0,0.0,24750.0,18000.0,283.7627380010473,6149.762478159697,0.0,5.4569682106375694e-12,1.7621459846850485e-12,0,0,0,0.0,0,0,True,0,0,,,,0.20092350041522877,0.4457444697163741,4.6347759998752736,,,,,,,,,
d5419d24e3f12cc98db8a0792babd5f886758ddd3fc42e7ea513816b648d1aed,load720,May2024,550.0,pid_lowdrag_preview,1,1500.0,0.5,97.0,72.0,10.0,1500.0,720.0,0.9131314745287593,3.140698915347457,-2.6883062524721026,14.199889365523136,7.592012840549493,1076.6729072380576,0,250.77336395535545,250.65602108353497,1350.0,1500.0,-0.8232432771474123,0.17556513259860917,0.0,0.0,0.0,0.0,0.0,88794.12997625255,78480.0,1229.0479345794145,8935.08204167311,0.0,-2.1827872842550278e-11,-1.8189894035458565e-12,0,0,0,0.0,0,0,True,0,0,,,,0.1784744999895338,0.40759809007795467,1.5448519998244592,0.9464131485511744,3.140698915347457,-2.6883062524721026,9.985366007243218,7.592012840549493,1076.6729072380576,0,176.19538108754784,176.26138119887764,1403.417291195878,1183.5444594600012,0.3350543938577175,0.22783308656703993,0.0,0.0,0.0,0.0,0.0,54765.44615408477,51840.0,864.2668369669811,2281.052148853665,0.0,-4.547473508864641e-13,-2.7284841053187847e-12,0,0,0,0.0,0,0,True,0,0,,,,0.17795399980968796,0.4216298501705749,1.5448519998244592,0.9323845601420934,2.72441840544343,-2.662083006463945,3.284305084856687,9.046461589013823,1088.2581368173671,0,58.13955819347791,57.974454828738686,1183.5444594600012,1500.0,-0.8232432771474123,0.00042447561431779857,0.0,0.0,0.0,0.0,0.0,24750.0,18000.0,284.2675937231212,6149.276865736867,0.0,-1.2732925824820995e-11,1.0231815394945443e-12,0,0,0,0.0,0,0,True,0,0,,,,0.1784744999895338,0.40759809007795467,1.5448519998244592,,,,,,,,,
d5419d24e3f12cc98db8a0792babd5f886758ddd3fc42e7ea513816b648d1aed,load720,May2024,550.0,pid_lowdrag_preview,2,1500.0,0.5,97.0,72.0,10.0,1500.0,720.0,0.9564670420273084,3.5306987604126334,-2.6528832288458943,14.215538013326599,7.57742037609744,1077.416193873862,0,250.7825715022009,250.93225054510043,1350.0,1500.0,1.050074770115316,0.17558106648488458,0.0,0.0,0.0,0.0,0.0,88818.75948221309,78480.0,1230.4023774040563,8958.357104809058,0.0,2.1827872842550278e-11,4.547473508864641e-13,0,0,0,0.0,0,0,True,0,0,,,,0.17176949995700852,0.4115835096945378,0.5430589999377844,0.9778779428813222,3.420386353507638,-2.6528832288458943,9.974538479156033,7.57742037609744,1077.416193873862,0,176.19912322232346,176.07025399790757,1403.2899167748335,1186.136262245493,-0.7322052456438541,0.2279051589048483,0.0,0.0,0.0,0.0,0.0,54790.23254149173,51840.0,863.3296781842929,2304.0565178367788,0.0,2.5011104298755527e-12,1.1368683772161603e-12,0,0,0,0.0,0,0,True,0,0,,,,0.17366700012644287,0.40730559027906554,0.5430589999377844,1.0165527133152625,3.5306987604126334,-2.169283795170486,3.3080275432864426,9.024069047091288,1087.8992543060388,0,58.139155521398834,58.39320295326601,1186.136262245493,1500.0,1.050074770115316,0.00043485799427533944,0.0,0.0,0.0,0.0,0.0,24750.0,18000.0,286.32085187082225,6149.815410374681,0.0,1.0459189070388675e-11,-6.821210263296962e-13,0,0,0,0.0,0,0,True,0,0,,,,0.17176949995700852,0.4115835096945378,0.5430589999377844,,,,,,,,,
d5419d24e3f12cc98db8a0792babd5f886758ddd3fc42e7ea513816b648d1aed,load720,May2024,550.0,swmpc,0,1500.0,0.5,97.0,72.0,10.0,1500.0,720.0,0.9920451527714831,3.187251324765384,-2.935866410844028,14.0435542280533,5.875645834138073,1076.165741195848,0,248.1155403790398,247.89639792696843,1350.0,1500.0,-1.5374242970719934,0.15569693506289806,41.406424089677365,0.0,1.164897557598606e-14,41.406424089677365,0.0,86503.43222371,78480.0,1215.5166053652542,6657.915618344732,0.0,-1.2732925824820995e-11,-5.6843418860808015e-12,0,0,0,0.0,0,0,True,1008,0,6.35847187193965e-11,1.8414092913984922e-13,5.672921494930595e-10,0.7452049994753907,1.1121472500872198,3.5207650007578195,1.021645488433045,3.187251324765384,-2.25973844435066,9.855474146880784,5.905881080816336,1076.165741195848,0,173.9837266526425,173.96853397651532,1403.250178511704,1183.5803405266363,-0.5192908877506852,0.20176059261147383,41.406424089677365,0.0,1.164897557598606e-14,41.406424089677365,0.0,52904.07324432308,51840.0,853.0242618603984,430.718820447762,0.0,1.1823431123048067e-11,2.0463630789890885e-12,0,0,0,0.0,0,0,True,1008,0,6.35847187193965e-11,1.8414092913984922e-13,5.672921494930595e-10,0.772175500060257,1.1342696397605316,3.5207650007578195,1.0046566278120985,2.935866410844028,-2.935866410844028,3.285965867396614,9.998845985012604,1088.5567400257248,0,58.14889404412406,58.00377091230729,1183.5803405266363,1500.0,-1.5374242970719934,4.808395779321017e-07,0.0,0.0,0.0,0.0,0.0,24750.0,18000.0,284.4113400085896,6149.169000518037,0.0,-9.322320693172514e-12,-7.958078640513122e-12,0,0,0,0.0,0,0,True,1008,0,6.35847187193965e-11,1.8414092913984922e-13,5.672921494930595e-10,0.7452049994753907,1.1121472500872198,3.5207650007578195,0.3021459997398779,0.5335172802006108,2.9960229994685506,0.3021459997398779,0.5335172802006108,2.9960229994685506,0.3021459997398779,0.5335172802006108,2.9960229994685506
d5419d24e3f12cc98db8a0792babd5f886758ddd3fc42e7ea513816b648d1aed,load720,May2024,550.0,swmpc,1,1500.0,0.5,97.0,72.0,10.0,1500.0,720.0,0.9074816461443537,3.2542209522798657,-2.6620525205507874,14.073889790320235,5.871290022266457,1076.36819898795,0,248.54922210623076,248.43188036203858,1350.0,1500.0,-0.8232330596074462,0.15411625153323683,41.407129210072654,0.0,1.2391308341842463e-14,41.407129210072654,0.0,86545.6704442529,78480.0,1218.1422497761998,6697.528194476701,0.0,0.0,4.774847184307873e-12,0,0,0,0.0,0,0,True,1008,0,7.626379227442542e-11,2.0836154908996296e-13,4.6164909256977216e-10,0.7335974996749428,1.2867652301611088,1.3372989997151308,0.9419823160818068,3.2542209522798657,-2.4101165970787406,9.876823753204894,5.875328677467581,1076.36819898795,0,174.39579365093076,174.3453965868609,1403.4111539080527,1183.6139795413105,-0.3298604432493448,0.19957709086007047,41.407129210072654,0.0,1.2391308341842463e-14,41.407129210072654,0.0,52931.60660723654,51840.0,854.8721417192708,456.53163988401184,0.0,-2.5011104298755527e-12,4.547473508864641e-12,0,0,0,0.0,0,0,True,1008,0,7.626379227442542e-11,2.0836154908996296e-13,4.6164909256977216e-10,0.7605379996675765,1.290969660058181,1.3372989997151308,0.9319064710852301,2.724432763643563,-2.6620525205507874,3.2902000606193216,9.997754351772734,1088.2584599672202,0,58.148836879677475,58.07851276404932,1183.6139795413105,1500.0,-0.8232330596074462,9.356867614052078e-07,0.0,0.0,0.0,0.0,0.0,24750.0,18000.0,284.7778235987878,6148.836155942532,0.0,9.549694368615746e-12,1.7053025658242404e-13,0,0,0,0.0,0,0,True,1008,0,7.626379227442542e-11,2.0836154908996296e-13,4.6164909256977216e-10,0.7335974996749428,1.2867652301611088,1.3372989997151308,0.30629699995188275,0.5460171300728689,0.5980820005788701,0.30629699995188275,0.5460171300728689,0.5980820005788701,0.30629699995188275,0.5460171300728689,0.5980820005788701
d5419d24e3f12cc98db8a0792babd5f886758ddd3fc42e7ea513816b648d1aed,load720,May2024,550.0,swmpc,2,1500.0,0.5,97.0,72.0,10.0,1500.0,720.0,0.9506496510761451,3.530878118239343,-2.3943512849509716,14.06005219886652,5.872559586404185,1076.7721346143762,0,248.03794052166137,248.18761961282368,1350.0,1500.0,1.0500774187967181,0.15592736974850108,41.386118903545196,0.0,1.2349021060483307e-14,41.386118903545196,0.0,86524.44046549335,78480.0,1216.9445599380529,6677.495905555282,0.0,-1.1823431123048067e-11,-6.366462912410498e-12,0,0,0,0.0,0,0,True,1008,0,7.874690179442787e-11,2.1026681600438305e-13,5.394373362364683e-10,0.7713094996688596,1.6787327902511606,8.871181000358774,0.9780292873131192,3.124056023545563,-2.3943512849509716,9.845930672984075,5.899252665861594,1076.7721346143762,0,173.88251709247032,173.80007286159304,1403.191987682103,1184.9588008824699,-0.7732088388875127,0.20234634683313146,41.386118903545196,0.0,1.2349021060483307e-14,41.386118903545196,0.0,52909.263102794794,51840.0,852.1982422640724,435.29804733035076,0.0,-3.637978807091713e-12,-6.366462912410498e-12,0,0,0,0.0,0,0,True,1008,0,7.874690179442787e-11,2.1026681600438305e-13,5.394373362364683e-10,0.8025420002013561,2.0480415501151543,8.871181000358774,1.018098630253312,3.530878118239343,-2.1689011054113507,3.308898173690986,9.999895621381299,1087.895406223888,0,58.14867862205904,58.40857129504755,1184.9588008824699,1500.0,1.0500774187967181,4.349109117285366e-08,0.0,0.0,0.0,0.0,0.0,24750.0,18000.0,286.3962078452919,6148.562593037173,0.0,-5.002220859751105e-12,2.8421709430404007e-13,0,0,0,0.0,0,0,True,1008,0,7.874690179442787e-11,2.1026681600438305e-13,5.394373362364683e-10,0.7713094996688596,1.6787327902511606,8.871181000358774,0.3181649999532965,0.7076134999351755,1.5357480006059632,0.3181649999532965,0.7076134999351755,1.5357480006059632,0.3181649999532965,0.7076134999351755,1.5357480006059632
d5419d24e3f12cc98db8a0792babd5f886758ddd3fc42e7ea513816b648d1aed,cap1200,Feb2022,400.0,pid_lowdrag_preview,0,1200.0,0.5,96.16666666666667,72.0,10.0,1500.0,600.0,1.2446214609674309,4.885969589464366,-4.3361001862213016,28.700619724880827,6.950907051565714,826.6208039163924,0,506.8928080169364,506.6224783650079,1080.0,1200.0,-1.8353514997288585,0.23767026154568638,0.0,0.0,0.0,0.0,0.0,77195.96616774751,64900.0,2484.1346637290903,9691.83150401842,0.0,1.8189894035458565e-12,4.547473508864641e-12,0,0,0,0.0,0,0,True,0,0,,,,0.16954049988271436,0.3872417396360101,1.2881949996881303,1.2350314373273288,4.885969589464366,-3.890394816175103,18.171901122541477,6.950907051565714,832.677201088122,0,320.7369294428174,320.7698534580693,989.1283426483105,911.570906939885,0.06683875992894173,0.3048398888837861,0.0,0.0,0.0,0.0,0.0,46975.2240495962,43200.0,1572.8388417072847,2279.9426435973546,0.0,1.057287590811029e-11,1.3642420526593924e-12,0,0,0,0.0,0,0,True,0,0,,,,0.17784849978852435,0.4242680997867854,1.2881949996881303,1.3636273107716999,4.3361001862213016,-4.3361001862213016,7.971310570027104,8.721818858452389,826.6208039163924,0,140.9895153755706,140.7093350428039,911.570906939885,1200.0,-1.8353514997288585,0.0005956290082740345,0.0,0.0,0.0,0.0,0.0,22550.0,14500.0,689.9436002487471,7071.627306691136,0.0,-1.4779288903810084e-12,3.296918293926865e-12,0,0,0,0.0,0,0,True,0,0,,,,0.16954049988271436,0.3872417396360101,1.2881949996881303,,,,,,,,,
d5419d24e3f12cc98db8a0792babd5f886758ddd3fc42e7ea513816b648d1aed,cap1200,Feb2022,400.0,pid_lowdrag_preview,1,1200.0,0.5,96.16666666666667,72.0,10.0,1500.0,600.0,1.2710830368318584,5.463220852427185,-4.8060898426920176,28.708968203163778,6.940081134059428,825.9432799884945,0,507.00645313328107,506.76984545320335,1080.0,1200.0,-1.606413645669818,0.2375676534958968,0.0,0.0,0.0,0.0,0.0,77225.5945367555,64900.0,2484.8572524568226,9720.73728429868,0.0,7.275957614183426e-12,6.366462912410498e-12,0,0,0,0.0,0,0,True,0,0,,,,0.17990600053963135,0.4402272395691396,2.0103039996683947,1.2858665424843474,5.463220852427185,-4.8060898426920176,18.18648932300845,6.946174796267882,830.3579338628206,0,320.8190862281523,321.027363935066,988.9919289906784,910.2786055914689,1.4143582843244076,0.3046855088968746,0.0,0.0,0.0,0.0,0.0,46994.40625815666,43200.0,1574.1014992669075,2299.018082288959,0.0,-4.547473508864641e-12,2.9558577807620168e-12,0,0,0,0.0,0,0,True,0,0,,,,0.18923049992736196,0.4066879304173198,0.5005559996789088,1.3755073598409238,4.148050025105476,-4.148050025105476,7.962282105970733,8.847379515920334,825.9432799884945,0,140.9949112098796,140.5499648661342,910.2786055914689,1200.0,-1.606413645669818,0.0005349024797145496,0.0,0.0,0.0,0.0,0.0,22550.0,14500.0,689.1621564772311,7071.116449114241,0.0,3.183231456205249e-12,3.410605131648481e-12,0,0,0,0.0,0,0,True,0,0,,,,0.17990600053963135,0.4402272395691396,2.0103039996683947,,,,,,,,,
d5419d24e3f12cc98db8a0792babd5f886758ddd3fc42e7ea513816b648d1aed,cap1200,Feb2022,400.0,pid_lowdrag_preview,2,1200.0,0.5,96.16666666666667,72.0,10.0,1500.0,600.0,1.2712342679437063,4.3446142338216305,-4.3446142338216305,28.70749653359324,6.932981859576069,826.6974244937542,0,507.0166424199176,506.7438675860851,1080.0,1200.0,-1.8519613230600953,0.2375951316681828,0.0,0.0,0.0,0.0,0.0,77229.42784492763,64900.0,2484.729874531544,9724.69797039609,0.0,1.8189894035458565e-12,-3.001332515850663e-11,0,0,0,0.0,0,0,True,0,0,,,,0.16421800000898656,0.4897702699872749,1.6355890002159867,1.2892906031953162,4.3446142338216305,-4.3446142338216305,18.16352402837841,6.932981859576069,831.4927092664406,0,320.84038700679315,320.6219812432082,988.2981693507732,915.3147221061975,-1.443541580811143,0.30471182128952934,0.0,0.0,0.0,0.0,0.0,47001.10727796531,43200.0,1572.113776179362,2301.976949030523,0.0,-2.0463630789890885e-12,-2.4101609596982598e-11,0,0,0,0.0,0,0,True,0,0,,,,0.16487900029460434,0.5345289593333273,1.6355890002159867,1.3065853471316877,3.668873170390725,-3.460169550962746,7.983661204675538,8.69859982683572,826.6974244937542,0,140.98749642381858,140.9273480750963,915.3147221061975,1200.0,-1.8519613230600953,0.0006068820771365502,0.0,0.0,0.0,0.0,0.0,22550.0,14500.0,691.0125890003169,7074.302133105879,0.0,-2.0463630789890885e-12,-5.343281372915953e-12,0,0,0,0.0,0,0,True,0,0,,,,0.16421800000898656,0.4897702699872749,1.6355890002159867,,,,,,,,,
d5419d24e3f12cc98db8a0792babd5f886758ddd3fc42e7ea513816b648d1aed,cap1200,Feb2022,400.0,swmpc,0,1200.0,0.5,96.16666666666667,72.0,10.0,1500.0,600.0,1.1942890782959812,4.541012487374246,-4.343068246729672,28.471063725641027,6.3343698426836195,826.6208170606124,0,502.8406943497722,502.5703627531078,1080.0,1200.0,-1.8353496044874191,0.22078297271989444,34.47582419874047,0.0,1.2332413496731753e-14,34.47582419874047,0.0,75049.24351812803,64900.0,2464.26582394638,7564.977694181654,0.0,3.637978807091713e-12,1.8189894035458565e-11,0,0,0,0.0,0,0,True,1008,0,2.3246069283738866e-11,1.9279444731775756e-13,1.2228657883512809e-10,0.7073224996929639,1.3323169595605566,7.9922140002963715,1.1577287520544,4.541012487374246,-3.208071067929268,17.94698306447675,6.347297803847656,829.7530099080747,0,316.9169203590523,316.799606644653,1021.8607273247923,910.8328634342527,0.05432600248605013,0.28481220226622794,34.45611612262156,0.0,1.2332413496731753e-14,34.45611612262156,0.0,45054.88516650889,43200.0,1553.3714312508962,412.5415991485397,0.0,8.526512829121202e-12,9.777068044058979e-12,0,0,0,0.0,0,0,True,1008,0,2.3246069283738866e-11,1.9279444731775756e-13,1.2228657883512809e-10,0.7311085000765161,1.3814762195670478,7.9922140002963715,1.3636228602325162,4.343068246729672,-4.343068246729672,7.9733258067157955,9.491923811264979,826.6208170606124,0,141.02324513313465,140.74490794037592,910.8328634342527,1200.0,-1.8353496044874191,0.0002279110216959479,0.0,0.0,0.0,0.0,0.0,22550.0,14500.0,690.1180257267386,7070.714837707519,0.0,5.229594535194337e-12,9.094947017729282e-12,0,0,0,0.0,0,0,True,1008,0,2.3246069283738866e-11,1.9279444731775756e-13,1.2228657883512809e-10,0.7073224996929639,1.3323169595605566,7.9922140002963715,0.26729299997896305,0.549389640564186,5.781758000011905,0.26729299997896305,0.549389640564186,5.781758000011905,0.26729299997896305,0.549389640564186,5.781758000011905
d5419d24e3f12cc98db8a0792babd5f886758ddd3fc42e7ea513816b648d1aed,cap1200,Feb2022,400.0,swmpc,1,1200.0,0.5,96.16666666666667,72.0,10.0,1500.0,600.0,1.1506149699048902,4.148052568547428,-4.148052568547428,28.47867790490573,6.375338330574209,825.9571300575271,0,502.9413778791155,502.7047680170529,1080.0,1200.0,-1.6064104903489351,0.22056654703823952,34.48971561302407,0.0,1.2803646469649352e-14,34.48971561302407,0.0,75044.83255533295,64900.0,2464.924856637235,7559.907698695712,0.0,-1.8189894035458565e-12,-1.000444171950221e-11,0,0,0,0.0,0,0,True,1008,0,2.2649874430067488e-11,1.436952679488695e-13,1.222879129683258e-10,0.7525060000261874,1.500539519820447,12.184301000161213,1.119729904155092,3.582054070197046,-3.4261776376515627,17.94436916297382,6.401774006759374,830.2671795102232,0,316.8654151711031,316.7534661337347,1019.0695253911158,910.7235961934921,0.2622844157740474,0.2850802738934596,34.43980880245179,0.0,1.2803646469649352e-14,34.43980880245179,0.0,45053.314902623904,43200.0,1553.1451893302092,408.51564249131843,0.0,-4.547473508864641e-13,-6.59383658785373e-12,0,0,0,0.0,0,0,True,1008,0,2.2649874430067488e-11,1.436952679488695e-13,1.222879129683258e-10,0.826277000214759,1.74964150970481,12.184301000161213,1.3731121086641918,4.148052568547428,-4.148052568547428,7.973414540809607,9.460425352122948,825.9571300575271,0,141.02172165835208,140.74647427193327,910.7235961934921,1200.0,-1.6064104903489351,0.00024264701128118293,0.0,0.0,0.0,0.0,0.0,22550.0,14500.0,690.1257059594316,7070.597890234062,0.0,1.8189894035458565e-12,-3.865352482534945e-12,0,0,0,0.0,0,0,True,1008,0,2.2649874430067488e-11,1.436952679488695e-13,1.222879129683258e-10,0.7525060000261874,1.500539519820447,12.184301000161213,0.30932700019548065,0.5715624900312828,2.8390160005073994,0.30932700019548065,0.5715624900312828,2.8390160005073994,0.30932700019548065,0.5715624900312828,2.8390160005073994
d5419d24e3f12cc98db8a0792babd5f886758ddd3fc42e7ea513816b648d1aed,cap1200,Feb2022,400.0,swmpc,2,1200.0,0.5,96.16666666666667,72.0,10.0,1500.0,600.0,1.1386229923159545,3.9620564933866262,-3.4601728599518538,28.489559751828295,6.286363239840769,826.6974241194371,0,503.1696317234109,502.8968540524746,1080.0,1200.0,-1.8519621016457677,0.21996167212026851,34.477688478469084,0.0,1.485609927272188e-14,34.477688478469084,0.0,75045.91047519358,64900.0,2465.866716896874,7560.043758296728,0.0,2.091837814077735e-11,-5.002220859751105e-12,0,0,0,0.0,0,0,True,1008,0,2.2857279159488893e-11,2.1238159210591559e-13,1.4669066151403283e-10,0.7296415001292189,1.296289370056911,3.344419000313792,1.1164512881202113,3.9620564933866262,-3.0111108040437102,17.950693081504916,6.286363239840769,829.5080371591366,0,317.14433136584273,316.86509575392984,1022.678496604023,913.0984095854158,-1.0171283772215247,0.2839555066077445,34.44883931057236,0.0,1.485609927272188e-14,34.44883931057236,0.0,45054.320249443794,43200.0,1553.6925456376566,410.20779082475633,0.0,1.1937117960769683e-11,6.59383658785373e-12,0,0,0,0.0,0,0,True,1008,0,2.2857279159488893e-11,2.1238159210591559e-13,1.4669066151403283e-10,0.7634124999640335,1.3182206707278963,3.344419000313792,1.3090890362025134,3.6842664619907737,-3.4601728599518538,7.982069222409418,9.490705100851487,826.6974241194371,0,141.02220505835078,140.8992464518911,913.0984095854158,1200.0,-1.8519621016457677,0.0002284804272842944,0.0,0.0,0.0,0.0,0.0,22550.0,14500.0,690.8747976087241,7072.223611976693,0.0,1.5916157281026244e-12,-1.0800249583553523e-11,0,0,0,0.0,0,0,True,1008,0,2.2857279159488893e-11,2.1238159210591559e-13,1.4669066151403283e-10,0.7296415001292189,1.296289370056911,3.344419000313792,0.293322999823431,0.5661124196012678,1.0364239997215918,0.293322999823431,0.5661124196012678,1.0364239997215918,0.293322999823431,0.5661124196012678,1.0364239997215918
d5419d24e3f12cc98db8a0792babd5f886758ddd3fc42e7ea513816b648d1aed,cap1200,Feb2022,550.0,pid_lowdrag_preview,0,1200.0,0.5,96.58333333333333,72.0,10.0,1500.0,600.0,0.5733815216375968,2.2203443702310324,-2.2203443702310324,2.2297418449131965,6.71096765910776,838.8460627688141,0,39.41036797325239,39.35933615415184,1080.0,1200.0,-0.35800374671816826,0.27229619359725343,0.0,0.0,0.0,0.0,0.0,76300.50234349945,65150.0,192.99161694805827,10837.510726551394,0.0,1.8189894035458565e-12,-9.947598300641403e-13,0,0,0,0.0,0,0,True,0,0,,,,0.17505399955553003,0.45379130058790923,4.260181000063312,0.5665018588818285,1.852077611722052,-1.1652728663757443,1.401190435661714,6.724966152369797,839.394812630207,0,24.57887144619038,24.733771534587472,879.5063799891852,951.5959566269794,0.5162984374910593,0.3511941246768816,0.0,0.0,0.0,0.0,0.0,45425.568188699515,43200.0,121.27772030983127,2032.2008917518924,0.0,2.5011104298755527e-12,0.0,0,0,0,0.0,0,0,True,0,0,,,,0.1738379996822914,0.4049340799610943,0.9119970000028843,0.6156312244103598,2.2203443702310324,-2.2203443702310324,0.6445299741996489,8.894267949878502,838.8460627688141,0,11.50185227426125,11.37722376867245,951.5959566269794,1200.0,-0.35800374671816826,0.0005036008614397458,0.0,0.0,0.0,0.0,0.0,23531.42971823441,14750.0,55.786225735527395,8477.239449125862,0.0,1.8189894035458565e-12,-1.0160761121369433e-12,0,0,0,0.0,0,0,True,0,0,,,,0.17505399955553003,0.45379130058790923,4.260181000063312,,,,,,,,,
d5419d24e3f12cc98db8a0792babd5f886758ddd3fc42e7ea513816b648d1aed,cap1200,Feb2022,550.0,pid_lowdrag_preview,1,1200.0,0.5,96.58333333333333,72.0,10.0,1500.0,600.0,0.5437734214867388,1.773252754472196,-1.462754582054913,2.2290110909047627,6.7034149063468735,838.9425083869401,0,39.407279054856524,39.346436906318125,1080.0,1200.0,-0.4268263727426529,0.2722801726524545,0.0,0.0,0.0,0.0,0.0,76296.52392855486,65150.0,192.92836774367282,10833.595560811202,0.0,1.4551915228366852e-11,4.263256414560601e-13,0,0,0,0.0,0,0,True,0,0,,,,0.24137500076903962,0.5138943597194157,1.5163889993345947,0.5824972405842398,1.773252754472196,-1.462754582054913,1.3955943619371167,6.7034149063468735,839.2666752397137,0,24.575330079129493,24.63498980908328,879.5716873729887,951.5351599408323,0.6726406011730433,0.3511742363517174,0.0,0.0,0.0,0.0,0.0,45420.54368291297,43200.0,120.79336140562273,2027.7868489395066,0.0,4.547473508864641e-12,2.2737367544323206e-13,0,0,0,0.0,0,0,True,0,0,,,,0.25006800024129916,0.3763118597271386,0.7098010000845534,0.5047052437341047,1.6127843270078301,-1.1335104778409004,0.6427125641846481,8.899244179219732,838.9425083869401,0,11.501867784194424,11.34514290161032,951.5351599408323,1200.0,-0.4268263727426529,0.000501242980637584,0.0,0.0,0.0,0.0,0.0,23531.516665088988,14750.0,55.628922818039456,8477.422902211785,0.0,4.547473508864641e-12,2.4868995751603507e-13,0,0,0,0.0,0,0,True,0,0,,,,0.24137500076903962,0.5138943597194157,1.5163889993345947,,,,,,,,,
d5419d24e3f12cc98db8a0792babd5f886758ddd3fc42e7ea513816b648d1aed,cap1200,Feb2022,550.0,pid_lowdrag_preview,2,1200.0,0.5,96.58333333333333,72.0,10.0,1500.0,600.0,0.49388331658235124,1.7898464985191822,-1.0039408942684531,2.2294687388144694,6.702222945833785,838.9696676394739,0,39.41177174383057,39.354515293490884,1080.0,1200.0,-0.4016715195029974,0.27225174456537415,0.0,0.0,0.0,0.0,0.0,76298.9143522747,65150.0,192.96797870145716,10835.94637357325,0.0,3.637978807091713e-12,1.1652900866465643e-12,0,0,0,0.0,0,0,True,0,0,,,,0.16006100031518145,0.30405793955651467,0.4842810003538034,0.47923556869391487,1.2648873012512922,-1.0031474232673645,1.3966080827849932,6.702222945833785,838.9696676394739,0,24.580146875196757,24.652883979078247,879.4475407623664,951.0959893272753,0.28028156887739897,0.3511310153164291,0.0,0.0,0.0,0.0,0.0,45424.15728937402,43200.0,120.88110233671352,2031.627738472402,0.0,1.1368683772161603e-12,-1.4210854715202004e-13,0,0,0,0.0,0,0,True,0,0,,,,0.1605069996912789,0.3039552895734231,0.4842810003538034,0.5501459102233323,1.7898464985191822,-0.8448961051180959,0.6460784230022856,8.888925869925407,839.0622157227425,0,11.501766655368538,11.404556940483648,951.0959893272753,1200.0,-0.4016715195029974,0.0005061325159069208,0.0,0.0,0.0,0.0,0.0,23531.336363475937,14750.0,55.92024916019831,8476.512103643014,0.0,3.410605131648481e-13,1.3002932064409833e-12,0,0,0,0.0,0,0,True,0,0,,,,0.16006100031518145,0.30405793955651467,0.4842810003538034,,,,,,,,,
d5419d24e3f12cc98db8a0792babd5f886758ddd3fc42e7ea513816b648d1aed,cap1200,Feb2022,550.0,swmpc,0,1200.0,0.5,96.58333333333333,72.0,10.0,1500.0,600.0,0.5676491700432532,2.2270203437656164,-2.2270203437656164,2.2391658515957213,5.204175564471881,838.8362759868459,0,39.57744975946077,39.52568843739225,1080.0,1200.0,-0.36312094796448946,0.22247787728006196,34.20643198137564,0.0,1.2745834249546793e-14,34.20643198137564,0.0,75664.6745017517,65150.0,193.80729625727662,10200.867205494418,0.0,0.0,9.094947017729282e-13,0,0,0,0.0,0,0,True,1008,0,6.475035912404703e-11,1.6210605219556506e-13,4.742162693642283e-10,0.7979849997354904,1.8923691005511505,205.61928500046633,0.5463369414071949,1.7132524019107223,-1.1139828534796834,1.4091974732962864,5.2052602071479,839.2688406337637,0,24.720585406210294,24.875111522701864,879.5356109586496,1013.5835779387234,0.5433913776651025,0.2883996036515576,34.20643198137564,0.0,1.2745834249546793e-14,34.20643198137564,0.0,44801.30525293641,43200.0,121.97075620705257,1345.28652974928,0.0,-5.684341886080801e-13,5.542233338928781e-13,0,0,0,0.0,0,0,True,1008,0,6.475035912404703e-11,1.6210605219556506e-13,4.742162693642283e-10,0.8944100000007893,1.8168502797743664,5.015810999793757,0.6189401404993191,2.2270203437656164,-2.2270203437656164,0.6444907178001813,9.546836602455212,838.8362759868459,0,11.505750759680954,11.37653081588736,1013.5835779387234,1200.0,-0.36312094796448946,0.0001988925706869482,0.0,0.0,0.0,0.0,0.0,23542.66583645592,14750.0,55.7828279628107,8550.466586431834,0.0,1.9326762412674725e-12,2.7711166694643907e-13,0,0,0,0.0,0,0,True,1008,0,6.475035912404703e-11,1.6210605219556506e-13,4.742162693642283e-10,0.7979849997354904,1.8923691005511505,205.61928500046633,0.3146300000480551,0.6471522001447735,1.5527730001849704,0.3146300000480551,0.6471522001447735,1.5527730001849704,0.3146300000480551,0.6471522001447735,1.5527730001849704
d5419d24e3f12cc98db8a0792babd5f886758ddd3fc42e7ea513816b648d1aed,cap1200,Feb2022,550.0,swmpc,1,1200.0,0.5,96.58333333333333,72.0,10.0,1500.0,600.0,0.5440174540065899,1.5971297854557633,-1.3535502552986145,2.2387780378365627,5.199999999999999,838.8546780035813,0,39.58126375502921,39.518842760549845,1080.0,1200.0,-0.4379018787294626,0.222823917575538,34.17234877314691,0.0,1.1633679829570454e-14,34.17234877314691,0.0,75740.30640764101,65150.0,193.77372967887362,10276.532677962143,0.0,7.275957614183426e-12,4.547473508864641e-13,0,0,0,0.0,0,0,True,1008,0,8.66752084159445e-11,1.408251319023928e-13,3.7651251910640147e-10,0.7168020001699915,1.6008492198125186,17.38193799974397,0.583483564859192,1.5971297854557633,-1.3535502552986145,1.4056073136228413,5.199999999999999,838.8546780035813,0,24.725288076691648,24.81173813185122,879.4228563603485,1012.3281937528229,0.7261413997039199,0.28884770458613795,34.17234877314691,0.0,1.1633679829570454e-14,34.17234877314691,0.0,44878.96330451898,43200.0,121.6600158753589,1424.3979512511419,0.0,-1.5916157281026244e-12,6.821210263296962e-13,0,0,0,0.0,0,0,True,1008,0,8.66752084159445e-11,1.408251319023928e-13,3.7651251910640147e-10,0.736992500605993,1.1345877497024044,2.4316100007126806,0.4995195780284579,1.5807617800310254,-1.133352154865861,0.6424048038491137,9.530436575160335,838.9308742301411,0,11.50564032504682,11.339710325400173,1012.3281937528229,1200.0,-0.4379018787294626,0.0002063914370900033,0.0,0.0,0.0,0.0,0.0,23542.389315757307,14750.0,55.60228513129387,8549.11522437884,0.0,3.410605131648481e-12,-2.4158453015843406e-13,0,0,0,0.0,0,0,True,1008,0,8.66752084159445e-11,1.408251319023928e-13,3.7651251910640147e-10,0.7168020001699915,1.6008492198125186,17.38193799974397,0.26751399991553626,0.5603042801158151,1.003514999865729,0.26751399991553626,0.5603042801158151,1.003514999865729,0.26751399991553626,0.5603042801158151,1.003514999865729
d5419d24e3f12cc98db8a0792babd5f886758ddd3fc42e7ea513816b648d1aed,cap1200,Feb2022,550.0,swmpc,2,1200.0,0.5,96.58333333333333,72.0,10.0,1500.0,600.0,0.4739344927641025,1.8681428404524922,-0.8978887433186173,2.2383439783356547,5.203043089148256,838.8904814222652,0,39.56879226804688,39.51118075526148,1080.0,1200.0,-0.4041619189083576,0.22247124476037683,34.18559575631165,0.0,1.1443150469817931e-14,34.18559575631165,0.0,75670.14622022785,65150.0,193.73616037679344,10206.410059851049,0.0,-7.275957614183426e-12,2.5579538487363607e-13,0,0,0,0.0,0,0,True,1008,0,5.930542782347648e-11,1.8276586582000886e-13,3.7038844067464094e-10,0.9807799997361144,1.377946820084617,4.235854000398831,0.45161977884314586,1.1747803250327706,-0.8693634802475572,1.405550392976909,5.203043089148256,838.8904814222652,0,24.712788974134167,24.810733370316623,879.4343949136909,1011.5504488722503,0.3513050302863121,0.28839443079145766,34.18559575631165,0.0,1.071499774972134e-14,34.18559575631165,0.0,44811.401333234055,43200.0,121.65508920300817,1357.6301900724752,0.0,-1.1823431123048067e-11,4.831690603168681e-13,0,0,0,0.0,0,0,True,1008,0,5.930542782347648e-11,1.8276586582000886e-13,3.7038844067464094e-10,1.069354500486952,1.6358496597331336,4.235854000398831,0.5588433271209395,1.8681428404524922,-0.8466504774987698,0.6457004646083091,9.526142798403429,839.0527775685181,0,11.505574078443328,11.397885230251774,1011.5504488722503,1200.0,-0.4041619189083576,0.00020835678222796972,0.0,0.0,0.0,0.0,0.0,23542.31684365535,14750.0,55.88753559662481,8547.979756930972,0.0,-3.069544618483633e-12,-2.4868995751603507e-13,0,0,0,0.0,0,0,True,1008,0,5.930542782347648e-11,1.8276586582000886e-13,3.7038844067464094e-10,0.9807799997361144,1.377946820084617,4.235854000398831,0.3653915000541019,0.5811623996669365,1.1351940001986804,0.3653915000541019,0.5811623996669365,1.1351940001986804,0.3653915000541019,0.5811623996669365,1.1351940001986804
d5419d24e3f12cc98db8a0792babd5f886758ddd3fc42e7ea513816b648d1aed,cap1200,Mar2015,400.0,pid_lowdrag_preview,0,1200.0,0.5,96.33333333333333,72.0,10.0,1500.0,600.0,1.5464441194931828,6.296320144087076,-5.308042949065566,41.01519871756086,7.0588733284837755,817.3237834705407,0,724.2449538437286,723.9990573064244,1080.0,1200.0,-1.669593296945095,0.22415898822293068,0.0,0.0,0.0,0.0,0.0,78453.96173338097,65000.0,3550.002677667012,9783.959055713982,0.0,2.1827872842550278e-11,-2.7284841053187847e-12,0,0,0,0.0,0,0,True,0,0,,,,0.16184400010388345,0.3833034206309094,0.4866439994657412,1.539964455350141,6.296320144087076,-4.598285320214927,26.56557933240625,7.065737649237633,817.3237834705407,0,468.8941793767893,468.93480940825515,905.9195676982812,1001.074503706298,0.2712995847687125,0.28805430256809694,0.0,0.0,0.0,0.0,0.0,48060.80159281759,43200.0,2299.339774341741,2466.306882467836,0.0,5.5706550483591855e-12,8.185452315956354e-12,0,0,0,0.0,0,0,True,0,0,,,,0.16281099988191272,0.36504225968201315,0.4866439994657412,1.6427214774371839,5.308042949065566,-5.308042949065566,11.062367663154014,8.549879939295378,819.4763459684665,0,195.55844937448728,195.2725821189665,1001.074503706298,1200.0,-1.669593296945095,0.0007134561732037303,0.0,0.0,0.0,0.0,0.0,22650.0,14600.0,957.4849337184605,6893.589569987842,0.0,4.547473508864641e-12,-1.2164491636212915e-11,0,0,0,0.0,0,0,True,0,0,,,,0.16184400010388345,0.3833034206309094,0.4866439994657412,,,,,,,,,
d5419d24e3f12cc98db8a0792babd5f886758ddd3fc42e7ea513816b648d1aed,cap1200,Mar2015,400.0,pid_lowdrag_preview,1,1200.0,0.5,96.33333333333333,72.0,10.0,1500.0,600.0,1.5907871002469838,6.913298090919852,-4.9992712857201695,41.02603193510365,7.045296453640091,819.0148756170236,0,724.5156541307363,724.1902849374966,1080.0,1200.0,-2.2091821199283004,0.22394791528275493,0.0,0.0,0.0,0.0,0.0,78490.21620750442,65000.0,3550.9403288911717,9819.275878613233,0.0,-1.4551915228366852e-11,4.5929482439532876e-11,0,0,0,0.0,0,0,True,0,0,,,,0.16474399990329402,0.4644530896985088,0.8531980001862394,1.6008657005462315,6.913298090919852,-4.9992712857201695,26.592643042674563,7.045296453640091,819.0148756170236,0,469.12388049957997,469.4125372100012,906.4204441818023,999.0648042611424,2.4588805325329304,0.2877545591261096,0.0,0.0,0.0,0.0,0.0,48090.39702005662,43200.0,2301.682229015228,2496.070430962046,0.0,-3.979039320256561e-12,4.547473508864641e-12,0,0,0,0.0,0,0,True,0,0,,,,0.1652490000196849,0.4701653699521554,0.8531980001862394,1.7368594643781592,5.482806635089219,-4.473242839798331,11.040594095563932,8.73219389749907,819.7707733711464,0,195.57579290400372,194.88823575707556,999.0648042611424,1200.0,-2.2091821199283004,0.0005865578021205797,0.0,0.0,0.0,0.0,0.0,22650.0,14600.0,955.6003585935846,6893.464445667552,0.0,-5.002220859751105e-12,4.126832209294662e-11,0,0,0,0.0,0,0,True,0,0,,,,0.16474399990329402,0.4644530896985088,0.8531980001862394,,,,,,,,,
d5419d24e3f12cc98db8a0792babd5f886758ddd3fc42e7ea513816b648d1aed,cap1200,Mar2015,400.0,pid_lowdrag_preview,2,1200.0,0.5,96.33333333333333,72.0,10.0,1500.0,600.0,1.6156502012394458,5.5424832524731755,-5.5424832524731755,41.046132253799385,7.041816192461814,816.7146721275823,0,724.4804231499456,724.5450951600993,1080.0,1200.0,0.43898774962872267,0.22397832622874825,0.0,0.0,0.0,0.0,0.0,78477.98680058174,65000.0,3552.680078725912,9805.306721855817,0.0,-1.0913936421275139e-11,1.9554136088117957e-11,0,0,0,0.0,0,0,True,0,0,,,,0.2758414998424996,0.387434970061804,0.45715000032942044,1.63071843060996,5.5424832524731755,-5.5424832524731755,26.557991051493087,7.054615694024646,816.7146721275823,0,469.0854433716777,468.80086130122265,906.0494811992608,1001.5697832855672,-1.4715081425383687,0.287810707960899,0.0,0.0,0.0,0.0,0.0,48079.34983895147,43200.0,2298.6829832398275,2485.1465536253386,0.0,9.094947017729282e-13,1.3642420526593924e-12,0,0,0,0.0,0,0,True,0,0,,,,0.2779550000013842,0.38684796008055816,0.45715000032942044,1.6868340827736275,4.3656724551692605,-4.140291441231966,11.094334830723565,8.534248033119146,816.7380536374557,0,195.55546045612186,195.83686560188937,1001.5697832855672,1200.0,0.43898774962872267,0.000727148731281102,0.0,0.0,0.0,0.0,0.0,22650.0,14600.0,960.2517990273932,6891.317984258172,0.0,-1.3642420526593924e-12,1.864464138634503e-11,0,0,0,0.0,0,0,True,0,0,,,,0.2758414998424996,0.387434970061804,0.45715000032942044,,,,,,,,,
d5419d24e3f12cc98db8a0792babd5f886758ddd3fc42e7ea513816b648d1aed,cap1200,Mar2015,400.0,swmpc,0,1200.0,0.5,96.33333333333333,72.0,10.0,1500.0,600.0,1.3951951961636797,5.493057240732014,-5.3079995065927505,40.2831335076398,4.934446882858188,817.8045855841244,0,711.3225670275945,711.0766641828618,1080.0,1200.0,-1.6695989174768329,0.2258028576826312,34.663441210882674,0.0,1.2536114628729574e-14,34.663441210882674,0.0,75995.40687703152,65000.0,3486.6399844044254,7388.766892627096,0.0,9.094947017729282e-13,4.001776687800884e-11,0,0,0,0.0,0,0,True,1008,0,1.7177902418236134e-11,2.1466469054623048e-13,1.6580387348067085e-10,0.7747489994471835,1.2649624400728499,3.711407000082545,1.3350459346114032,5.493057240732014,-3.7619102569296956,25.906660878318664,5.587498235638861,817.8045855841244,0,457.38746542192916,457.3036006242558,928.8592555671569,1000.8183925344447,0.40016536228358746,0.2908400476637324,34.66139211839628,0.0,1.2536114628729574e-14,34.66139211839628,0.0,45959.073633017775,43200.0,2242.3081775309247,444.8063185195674,0.0,4.774847184307873e-12,1.3642420526593924e-12,0,0,0,0.0,0,0,True,1008,0,1.7177902418236134e-11,2.1466469054623048e-13,1.6580387348067085e-10,0.8437480000793585,1.2823047099755056,3.711407000082545,1.6428102691927167,5.3079995065927505,-5.3079995065927505,11.062023246440251,8.666358877848454,819.4763478295831,0,195.57135249091243,195.266502485474,1000.8183925344447,1200.0,-1.6695989174768329,0.0006182551685575133,0.0,0.0,0.0,0.0,0.0,22650.0,14600.0,957.4551232995857,6893.363269234862,0.0,2.7284841053187847e-12,3.865352482534945e-11,0,0,0,0.0,0,0,True,1008,0,1.7177902418236134e-11,2.1466469054623048e-13,1.6580387348067085e-10,0.7747489994471835,1.2649624400728499,3.711407000082545,0.31978800006982055,0.5599471401910703,3.0798489997323486,0.31978800006982055,0.5599471401910703,3.0798489997323486,0.31978800006982055,0.5599471401910703,3.0798489997323486
d5419d24e3f12cc98db8a0792babd5f886758ddd3fc42e7ea513816b648d1aed,cap1200,Mar2015,400.0,swmpc,1,1200.0,0.5,96.33333333333333,72.0,10.0,1500.0,600.0,1.3636692945684132,5.482790799811482,-4.473235882818699,40.244337591500056,4.770774030315787,818.581681092817,0,710.7172159933292,710.3918398350294,1080.0,1200.0,-2.20918436255306,0.2264047158867254,34.702788841104244,0.0,1.2527232017398395e-14,34.702788841104244,0.0,75990.69218799239,65000.0,3483.282068059105,7387.410119933281,0.0,-4.547473508864641e-12,4.547473508864641e-13,0,0,0,0.0,0,0,True,1008,0,1.7965754884501058e-11,2.731732367963286e-13,2.9817910046730713e-10,1.0887180001191155,1.3551265899059217,1.7919300007633865,1.293843844390269,4.714515000581741,-3.752182706259191,25.86835536659536,5.595312943699895,818.581681092817,0,456.6497984674951,456.62743288047557,928.1822167061376,1000.3843507227308,0.8054230185225606,0.2920466958650365,34.64298691786565,0.0,1.2527232017398395e-14,34.64298691786565,0.0,45953.74445924708,43200.0,2238.9927073286663,442.54961790181414,0.0,-4.774847184307873e-12,-1.4551915228366852e-11,0,0,0,0.0,0,0,True,1008,0,1.7965754884501058e-11,2.731732367963286e-13,2.9817910046730713e-10,1.1304814997856738,1.3638225793329182,1.7919300007633865,1.7308625842533345,5.482790799811482,-4.473235882818699,11.052342281094077,8.391573282179563,819.7707738811272,0,195.53963009645702,195.09561437560706,1000.3843507227308,1200.0,-2.20918436255306,0.0008526654753036045,0.0,0.0,0.0,0.0,0.0,22650.0,14600.0,956.6172033582749,6893.767147364454,0.0,-1.4779288903810084e-12,1.546140993013978e-11,0,0,0,0.0,0,0,True,1008,0,1.7965754884501058e-11,2.731732367963286e-13,2.9817910046730713e-10,1.0887180001191155,1.3551265899059217,1.7919300007633865,0.4081709998899896,0.5990575201667524,1.092659999812895,0.4081709998899896,0.5990575201667524,1.092659999812895,0.4081709998899896,0.5990575201667524,1.092659999812895
d5419d24e3f12cc98db8a0792babd5f886758ddd3fc42e7ea513816b648d1aed,cap1200,Mar2015,400.0,swmpc,2,1200.0,0.5,96.33333333333333,72.0,10.0,1500.0,600.0,1.4309294624016937,4.738263065926731,-4.140048737637699,40.29460458115582,5.102860938909397,816.7354255544697,0,711.2144860158724,711.2791512284269,1080.0,1200.0,0.4389791823923588,0.22563510376888885,34.66872765281798,0.0,1.082656353225841e-14,34.66872765281798,0.0,76004.73663494454,65000.0,3487.6328441971236,7397.103790747416,0.0,2.7284841053187847e-12,6.821210263296962e-12,0,0,0,0.0,0,0,True,1008,0,3.408318022329987e-11,2.612417807920661e-13,2.1859592774437462e-10,1.0073205003209296,1.456791939563118,15.126948999750311,1.3910224497445687,4.738263065926731,-3.791645795106888,25.87254124260332,5.136274089181507,817.7574836602254,0,457.0890880257828,456.70132183819806,928.4071079923557,1002.5926334094361,-1.2963255923241377,0.2910928951776228,34.66872765281798,0.0,1.082656353225841e-14,34.66872765281798,0.0,45965.27452037469,43200.0,2239.3550089022838,451.7339860553375,0.0,1.261923898709938e-11,9.094947017729282e-12,0,0,0,0.0,0,0,True,1008,0,3.408318022329987e-11,2.612417807920661e-13,2.1859592774437462e-10,1.1034604995074915,1.8468363200281421,15.126948999750311,1.687332297855963,4.365718360990286,-4.140048737637699,11.093873503284062,8.708421578102584,816.7354255544697,0,195.57312086101217,195.82872226376537,1002.5926334094361,1200.0,0.4389791823923588,0.0005979970133004331,0.0,0.0,0.0,0.0,0.0,22650.0,14600.0,960.2118695939731,6892.380763815462,0.0,-4.547473508864641e-13,-3.069544618483633e-12,0,0,0,0.0,0,0,True,1008,0,3.408318022329987e-11,2.612417807920661e-13,2.1859592774437462e-10,1.0073205003209296,1.456791939563118,15.126948999750311,0.38038899992898223,0.6326532302136908,5.978043000141042,0.38038899992898223,0.6326532302136908,5.978043000141042,0.38038899992898223,0.6326532302136908,5.978043000141042
d5419d24e3f12cc98db8a0792babd5f886758ddd3fc42e7ea513816b648d1aed,cap1200,Mar2015,550.0,pid_lowdrag_preview,0,1200.0,0.5,96.75,72.0,10.0,1500.0,600.0,0.6485087041667109,2.7398214731365442,-2.7398214731365442,3.355616788424255,6.781587687150398,837.8558839083535,0,59.276875580897375,59.23324688076041,1080.0,1200.0,-0.3060716986656189,0.2667544295107859,0.0,0.0,0.0,0.0,0.0,76752.16582050735,65250.0,290.4398602616071,11091.725960245732,0.0,-7.275957614183426e-12,-1.7621459846850485e-12,0,0,0,0.0,0,0,True,0,0,,,,0.27775899980042595,0.3585913602728397,0.4274949997125077,0.6058536854550691,2.212086610496044,-1.7024201219901443,2.165766162477376,6.783519160900652,838.372089259251,0,38.11693450725224,38.23003932706514,979.7027436302003,890.3773225863567,0.4783062795177102,0.34518766795621625,0.0,0.0,0.0,0.0,0.0,45397.32805884465,43200.0,187.45430758338318,2099.1991723051106,0.0,-4.547473508864641e-13,-1.5631940186722204e-12,0,0,0,0.0,0,0,True,0,0,,,,0.28086400061511085,0.3624079201745188,0.3890469997713808,0.7980054959948562,2.7398214731365442,-2.7398214731365442,0.9373065100205347,8.614112500094308,837.8558839083535,0,16.65711611410783,16.545306395686907,890.3773225863567,1200.0,-0.3060716986656189,0.0006462253913984695,0.0,0.0,0.0,0.0,0.0,23826.00888234433,14850.0,81.12701448263266,8585.259190448052,0.0,-1.5916157281026244e-12,-1.7053025658242404e-13,0,0,0,0.0,0,0,True,0,0,,,,0.27775899980042595,0.3585913602728397,0.4274949997125077,,,,,,,,,
d5419d24e3f12cc98db8a0792babd5f886758ddd3fc42e7ea513816b648d1aed,cap1200,Mar2015,550.0,pid_lowdrag_preview,1,1200.0,0.5,96.75,72.0,10.0,1500.0,600.0,0.6362074832918408,2.053434348665178,-1.8933549812063575,3.3526531050635087,6.779037826791798,837.9171096815021,0,59.27434322226717,59.18093203098787,1080.0,1200.0,-0.6553119691088796,0.266722577763971,0.0,0.0,0.0,0.0,0.0,76744.21944602468,65250.0,290.18334355084323,11084.036102473836,0.0,-3.637978807091713e-12,-5.115907697472721e-13,0,0,0,0.0,0,0,True,0,0,,,,0.2810140003930428,0.3672256007484975,0.6012759995428496,0.6656858525267101,2.053434348665178,-1.8933549812063575,2.1597414240369215,6.779037826791798,837.9171096815021,0,38.11400308320913,38.12369082485685,979.7054171795241,890.5372421581988,0.7415761621668935,0.3451249347141254,0.0,0.0,0.0,0.0,0.0,45387.96023999488,43200.0,186.93284631379166,2090.19556870241,0.0,-1.5916157281026244e-12,-3.410605131648481e-13,0,0,0,0.0,0,0,True,0,0,,,,0.27666299956763396,0.3612386301392689,0.6012759995428496,0.6261608975123907,1.7950242459774017,-1.539851937443018,0.9323646928901175,8.623915773923468,838.8015743790759,0,16.657193921258887,16.45807358795569,890.5372421581988,1200.0,-0.6553119691088796,0.0006377879461560987,0.0,0.0,0.0,0.0,0.0,23826.32212249896,14850.0,80.69928367566209,8586.160080981495,0.0,-2.7284841053187847e-12,-1.4210854715202004e-13,0,0,0,0.0,0,0,True,0,0,,,,0.2810140003930428,0.3672256007484975,0.6012759995428496,,,,,,,,,
d5419d24e3f12cc98db8a0792babd5f886758ddd3fc42e7ea513816b648d1aed,cap1200,Mar2015,550.0,pid_lowdrag_preview,2,1200.0,0.5,96.75,72.0,10.0,1500.0,600.0,0.6126276084883417,1.9638158427551389,-1.472330735065043,3.357105958946986,6.780943657081475,838.4408583080987,0,59.28200764573072,59.259533674152976,1080.0,1200.0,-0.15766524709761143,0.26672320186411724,0.0,0.0,0.0,0.0,0.0,76754.53129166411,65250.0,290.5687529528169,11093.962538711286,0.0,-9.094947017729282e-12,-1.4210854715202004e-12,0,0,0,0.0,0,0,True,0,0,,,,0.27458400018076645,0.35309779974340927,0.7419599996865145,0.6017099448184757,1.7488232161849737,-1.472330735065043,2.1622649616875487,6.78523307738452,838.4408583080987,0,38.122240488140804,38.168236235759764,979.3763045167804,890.7100424815728,0.40516006108373404,0.34511877176315897,0.0,0.0,0.0,0.0,0.0,45399.723783424146,43200.0,187.15126694070614,2101.2387785186465,0.0,-7.958078640513122e-13,-5.684341886080801e-13,0,0,0,0.0,0,0,True,0,0,,,,0.27803000011772383,0.3616621702167319,0.7419599996865145,0.7066136008971036,1.9638158427551389,-1.1458123084157705,0.9390874786026715,8.608478262338025,838.9663337392092,0,16.65697219425249,16.57674399966954,890.7100424815728,1200.0,-0.15766524709761143,0.0006510683856565391,0.0,0.0,0.0,0.0,0.0,23825.829086182497,14850.0,81.28116327218102,8585.257965391884,0.0,-5.6843418860808015e-12,-8.668621376273222e-13,0,0,0,0.0,0,0,True,0,0,,,,0.27458400018076645,0.35309779974340927,0.7419599996865145,,,,,,,,,
d5419d24e3f12cc98db8a0792babd5f886758ddd3fc42e7ea513816b648d1aed,cap1200,Mar2015,550.0,swmpc,0,1200.0,0.5,96.75,72.0,10.0,1500.0,600.0,0.6224546163730397,2.749613997526467,-2.749613997526467,3.3799243077981647,5.199999999999999,837.8454124245284,0,59.70616049821467,59.662322483523546,1080.0,1200.0,-0.30753905326128006,0.2228012730066964,34.24506605578205,0.0,1.591799634510671e-14,34.24506605578205,0.0,75636.43988893121,65250.0,292.5437573915236,9973.896131539688,0.0,-1.8189894035458565e-12,-1.5347723092418164e-12,0,0,0,0.0,0,0,True,1008,0,7.549618983026433e-11,1.4531054694282083e-13,3.000755455134033e-10,1.0697550005716039,1.3792721600839293,9.450614999877871,0.5589522772165227,2.0794006902724504,-1.4631460951641202,2.187161184321643,5.204864419549921,837.8454124245284,0,38.53054360168121,38.60770361080981,979.544636328544,925.5697972860854,0.3256957307457924,0.28851463718399395,34.24506605578205,0.0,1.591799634510671e-14,34.24506605578205,0.0,44425.53760704407,43200.0,189.30611830747367,1090.2063277790496,0.0,-4.092726157978177e-12,-1.8189894035458565e-12,0,0,0,0.0,0,0,True,1008,0,7.549618983026433e-11,1.4531054694282083e-13,3.000755455134033e-10,1.101332499729324,1.3831896098690777,9.450614999877871,0.7993073836513515,2.749613997526467,-2.749613997526467,0.9389277454730238,9.94788161396679,837.8507961694042,0,16.664189257105754,16.57392439525733,925.5697972860854,1200.0,-0.30753905326128006,2.193534765715377e-05,0.0,0.0,0.0,0.0,0.0,23849.18565021823,14850.0,81.267337835376,8643.488109668942,0.0,1.7053025658242404e-12,2.7000623958883807e-13,0,0,0,0.0,0,0,True,1008,0,7.549618983026433e-11,1.4531054694282083e-13,3.000755455134033e-10,1.0697550005716039,1.3792721600839293,9.450614999877871,0.3999030004706583,0.5884202502329566,2.124167000147281,0.3999030004706583,0.5884202502329566,2.124167000147281,0.3999030004706583,0.5884202502329566,2.124167000147281
d5419d24e3f12cc98db8a0792babd5f886758ddd3fc42e7ea513816b648d1aed,cap1200,Mar2015,550.0,swmpc,1,1200.0,0.5,96.75,72.0,10.0,1500.0,600.0,0.6192540920491454,2.2106313658878207,-1.7732581039890647,3.3751438767236053,5.200000000000003,838.0468526739825,0,59.671832533466926,59.57793845760886,1080.0,1200.0,-0.6586984051391482,0.2236563195963801,34.2516410016629,0.0,1.2009042039472521e-14,34.2516410016629,0.0,75668.09919326534,65250.0,292.12999508765336,10005.969198177689,0.0,0.0,-1.1937117960769683e-12,0,0,0,0.0,0,0,True,1008,0,7.21559657028682e-11,1.56471725875252e-13,4.956328643106261e-10,1.0744820001491462,1.3523408001128703,3.0053469999984372,0.6533343174011573,2.2106313658878207,-1.7732581039890647,2.181490323320747,5.200000000000003,838.0468526739825,0,38.49860501941005,38.50760174254803,979.6561978713484,924.9920462688684,0.5419149743393064,0.2896723984536581,34.2516410016629,0.0,1.2009042039472521e-14,34.2516410016629,0.0,44467.26258483282,43200.0,188.8152863142786,1133.1114501210045,0.0,-1.3869794202037156e-11,-1.1937117960769683e-12,0,0,0,0.0,0,0,True,1008,0,7.21559657028682e-11,1.56471725875252e-13,4.956328643106261e-10,1.1172565000379109,1.3759553301679255,3.0053469999984372,0.6250160975760117,1.796197820454836,-1.5994189772754908,0.9343437288223955,9.945249422676861,838.8223596876693,0,16.664149618526494,16.49300747086123,924.9920462688684,1200.0,-0.6586984051391482,2.3043172273973234e-05,0.0,0.0,0.0,0.0,0.0,23849.144522229326,14850.0,80.87057585705978,8643.265992641136,0.0,1.2505552149377763e-12,-2.842170943040401e-14,0,0,0,0.0,0,0,True,1008,0,7.21559657028682e-11,1.56471725875252e-13,4.956328643106261e-10,1.0744820001491462,1.3523408001128703,3.0053469999984372,0.40035450001596473,0.574815859854425,2.3392110006170697,0.40035450001596473,0.574815859854425,2.3392110006170697,0.40035450001596473,0.574815859854425,2.3392110006170697
d5419d24e3f12cc98db8a0792babd5f886758ddd3fc42e7ea513816b648d1aed,cap1200,Mar2015,550.0,swmpc,2,1200.0,0.5,96.75,72.0,10.0,1500.0,600.0,0.577124727093464,2.016564667224884,-1.3066561110317707,3.3812530035371506,5.202304867768186,838.4797817735703,0,59.70862044218663,59.685776580848106,1080.0,1200.0,-0.1602589162066579,0.2225426526537575,34.27599079025727,0.0,1.1430617438803053e-14,34.27599079025727,0.0,75625.49861225107,65250.0,292.658760453285,9962.839851797771,0.0,-1.8189894035458565e-11,1.1368683772161603e-13,0,0,0,0.0,0,0,True,1008,0,6.329531270806207e-11,1.16171331496945e-13,3.514599034320038e-10,1.069543999619782,1.5382134796163898,8.229271999880439,0.5616980875692886,1.955991051159799,-1.3066561110317707,2.185750514875711,5.202304867768186,838.4797817735703,0,38.53303428749057,38.5828025160709,979.3910982945129,923.7973362661181,0.3331612525507808,0.2881912207180186,34.27599079025727,0.0,1.1430617438803053e-14,34.27599079025727,0.0,44421.74197281273,43200.0,189.18402014711182,1088.1517146939998,0.0,-1.1027623258996755e-11,-5.684341886080802e-14,0,0,0,0.0,0,0,True,1008,0,6.329531270806207e-11,1.16171331496945e-13,3.514599034320038e-10,1.1174019996360585,1.6863523404299452,8.229271999880439,0.7110541107814929,2.016564667224884,-1.1456719674170017,0.9400492609609912,9.936794559261253,838.9566486063139,0,16.66405611831747,16.59372135300572,923.7973362661181,1200.0,-0.1602589162066579,2.6601616472499146e-05,0.0,0.0,0.0,0.0,0.0,23849.012414988458,14850.0,81.36440875322621,8641.445342501349,0.0,-3.410605131648481e-13,9.947598300641403e-14,0,0,0,0.0,0,0,True,1008,0,6.329531270806207e-11,1.16171331496945e-13,3.514599034320038e-10,1.069543999619782,1.5382134796163898,8.229271999880439,0.4033035002066754,0.6325166595252077,3.499852999993891,0.4033035002066754,0.6325166595252077,3.499852999993891,0.4033035002066754,0.6325166595252077,3.499852999993891
d5419d24e3f12cc98db8a0792babd5f886758ddd3fc42e7ea513816b648d1aed,cap1200,May2024,400.0,pid_lowdrag_preview,0,1200.0,0.5,96.58333333333333,72.0,10.0,1500.0,600.0,2.3925654319407417,9.337202844209969,-8.22627293691039,107.33418067939847,7.241732091213971,801.3384343633518,0,1893.981810896117,1894.6597373273178,1080.0,1200.0,4.603737071156502,0.1888227241143703,0.0,0.0,0.0,0.0,0.0007674597083653108,84641.644952916,65150.0,9290.132456530508,10081.512496385489,0.0,-5.4569682106375694e-12,2.000888343900442e-11,0,0,0,0.0,0,0,True,0,0,,,,0.2594920006231405,0.381492000360595,1.5541160000793752,2.500412476146513,9.337202844209969,-8.22627293691039,73.76405076380132,7.244125257433856,801.3384343633518,0,1301.9884815831,1302.0808111610922,856.513433349644,1156.2267847255898,-0.5708446046337485,0.23826302547805422,0.0,0.0,0.0,0.0,0.0011574074074074073,53149.64287847019,43200.0,6384.525393386501,3265.404133707747,0.0,4.547473508864641e-13,1.0913936421275139e-11,0,0,0,0.0,0,0,True,0,0,,,,0.2531419995648321,0.3884393103635371,1.5541160000793752,2.2508404318497024,6.367762792855501,-6.367762792855501,25.98731362179116,8.731704665534746,820.4216428407221,0,457.9653110471154,458.72728043245047,1156.2267847255898,1200.0,4.603737071156502,0.0005808257579709153,0.0,0.0,0.0,0.0,0.0,23300.0,14750.0,2249.288942326444,6256.937842399144,0.0,-1.8189894035458565e-12,7.275957614183426e-12,0,0,0,0.0,0,0,True,0,0,,,,0.2594920006231405,0.381492000360595,1.5541160000793752,,,,,,,,,
d5419d24e3f12cc98db8a0792babd5f886758ddd3fc42e7ea513816b648d1aed,cap1200,May2024,400.0,pid_lowdrag_preview,1,1200.0,0.5,96.58333333333333,72.0,10.0,1500.0,600.0,2.394271203927957,8.195204809308052,-8.195204809308052,107.31128027549916,7.209782338535744,801.3371679965776,0,1894.1928256922013,1894.2555000847046,1080.0,1200.0,0.4254254521802068,0.1889123626511242,0.0,0.0,0.0,0.0,0.0023023791250959325,84632.78417149888,65150.0,9288.150349952852,10074.633821546004,0.0,-2.000888343900442e-11,2.7284841053187847e-11,0,0,0,0.0,0,0,True,0,0,,,,0.28365900016069645,0.40094247953675227,0.6824600004620152,2.4386406850551747,8.195204809308052,-8.195204809308052,73.77748654450399,7.217442557532817,801.3371679965776,0,1302.1775023109021,1302.3179791589926,859.5551012883107,1153.4567808311886,-0.0696443971246481,0.23837995926315558,0.0,0.0,0.0,0.0,0.003472222222222222,53128.26872352125,43200.0,6385.6883051597515,3248.6787388186067,0.0,-1.4551915228366852e-11,6.366462912410498e-12,0,0,0,0.0,0,0,True,0,0,,,,0.2782849996947334,0.37207518955256086,0.5916930003877496,2.5135056061055883,7.152791361324489,-6.919545453041792,25.949469774592444,8.842318052527126,816.277979852839,0,457.98635510501754,458.05926197700956,1153.4567808311886,1200.0,0.4254254521802068,0.0005282385344627105,0.0,0.0,0.0,0.0,0.0,23300.0,14750.0,2246.0134307334547,6257.443350097733,0.0,-9.094947017729282e-13,2.000888343900442e-11,0,0,0,0.0,0,0,True,0,0,,,,0.28365900016069645,0.40094247953675227,0.6824600004620152,,,,,,,,,
d5419d24e3f12cc98db8a0792babd5f886758ddd3fc42e7ea513816b648d1aed,cap1200,May2024,400.0,pid_lowdrag_preview,2,1200.0,0.5,96.58333333333333,72.0,10.0,1500.0,600.0,2.4544384935205357,9.31850276235491,-9.261499623768032,107.3104357424166,7.2126686338181685,799.7939221173443,0,1893.8667396481114,1894.2405924120733,1080.0,1200.0,2.538696971721947,0.18894912532644192,0.0,0.0,0.0,0.0,0.0023023791250959325,84640.43997189633,65150.0,9288.077252788888,10082.362719107441,0.0,3.637978807091713e-12,-1.8189894035458565e-12,0,0,0,0.0,0,0,True,0,0,,,,0.26267599969287403,0.3781899193563732,1.2709980001091026,2.51869526320612,9.31850276235491,-9.261499623768032,73.740666604886,7.2126686338181685,799.7939221173443,0,1301.8197907007582,1301.668034689455,856.4763832962755,1155.2417085502684,-1.589491967111826,0.2384531992392498,0.0,0.0,0.0,0.0,0.003472222222222222,53135.686642580484,43200.0,6382.501416193634,3254.4199011328583,0.0,1.7053025658242404e-12,-1.000444171950221e-11,0,0,0,0.0,0,0,True,0,0,,,,0.2644940000209317,0.3866009900411881,1.2709980001091026,2.5162522619455983,7.752767353318632,-6.2003803523257375,25.97855660997503,8.739022006157045,818.590920812666,0,457.9647941790831,458.57270192258284,1155.2417085502684,1200.0,2.538696971721947,0.0005773418913068706,0.0,0.0,0.0,0.0,0.0,23300.0,14750.0,2248.5309936545445,6256.710714895727,0.0,2.7284841053187847e-12,5.9117155615240335e-12,0,0,0,0.0,0,0,True,0,0,,,,0.26267599969287403,0.3781899193563732,1.2709980001091026,,,,,,,,,
d5419d24e3f12cc98db8a0792babd5f886758ddd3fc42e7ea513816b648d1aed,cap1200,May2024,400.0,swmpc,0,1200.0,0.5,96.58333333333333,72.0,10.0,1500.0,600.0,4.405779634694887,20.461279745213687,-7.18188804667443,98.23029640764518,3.130110242942045,585.8307830326795,0,1733.28013242354,1733.958245278856,1080.0,1200.0,4.6039051953703165,0.26642900844208983,35.99252395310005,3.035554812550474,1.1275044038374675e-14,35.99252395310005,0.0,80077.02409798029,65150.0,8502.160813031962,6304.863284948346,0.0,1.6370904631912708e-11,-5.4569682106375694e-12,0,0,0,0.0,0,0,True,1008,0,5.9117155615240335e-12,3.569011014769184e-13,3.351066653073077e-10,1.1340209994159522,2.1066997995330934,5.6987320003827335,5.19486113621211,20.461279745213687,-7.18188804667443,65.42696109241128,3.130110242942045,585.8307830326795,0,1154.555620145761,1154.9147543944048,860.225974657543,1013.4322727282204,1.1476392708718777,0.34081161360181733,35.99252395310005,3.035554812550474,1.1275044038374675e-14,35.99252395310005,0.0,49152.59545244229,43200.0,5662.92238809097,136.4667662806412,0.0,-3.410605131648481e-12,-4.547473508864641e-12,0,0,0,0.0,0,0,True,1008,0,5.9117155615240335e-12,3.569011014769184e-13,3.351066653073077e-10,1.210747499953868,2.529363859684956,5.6987320003827335,2.2495132355152894,6.367673125118017,-6.367673125118017,25.940130682858822,7.00777309271632,682.1885951472472,0,457.3854677779441,457.89440860990567,1013.4322727282204,1200.0,4.6039051953703165,0.0022357557002645745,0.0,0.0,0.0,0.0,0.0,23300.0,14750.0,2245.205101097154,6118.227171631068,0.0,1.1368683772161603e-12,-4.547473508864641e-13,0,0,0,0.0,0,0,True,1008,0,5.9117155615240335e-12,3.569011014769184e-13,3.351066653073077e-10,1.1340209994159522,2.1066997995330934,5.6987320003827335,0.5241859998932341,0.9674210904358901,4.07550199997786,0.5241859998932341,0.9674210904358901,4.07550199997786,0.5241859998932341,0.9674210904358901,4.07550199997786
d5419d24e3f12cc98db8a0792babd5f886758ddd3fc42e7ea513816b648d1aed,cap1200,May2024,400.0,swmpc,1,1200.0,0.5,96.58333333333333,72.0,10.0,1500.0,600.0,4.416769458031795,20.02928189560771,-8.109178212471306,98.15432493765994,3.1329270234805033,585.8335256719961,0,1732.5543540068138,1732.6171991698163,1080.0,1200.0,0.4256348367780447,0.2682058999782504,35.97002352320337,2.610996239430247,1.181015407420766e-14,35.97002352320337,0.0,80068.5530203479,65150.0,8495.585228119351,6302.96779222854,0.0,-8.185452315956354e-12,-3.092281986027956e-11,0,0,0,0.0,0,0,True,1008,0,6.366462912410498e-12,2.727634479480546e-13,3.7519486470640717e-10,1.0014319996116683,1.5548665800997699,3.4821459994418547,5.17595741179517,20.02928189560771,-8.109178212471306,65.39531121205101,3.1329270234805033,585.8335256719961,0,1153.9140823751231,1154.3560716557804,862.8486989803882,990.7772010181548,1.6612130608409643,0.34293264517242716,35.97002352320337,2.610996239430247,1.181015407420766e-14,35.97002352320337,0.0,49125.50345309001,43200.0,5660.182985051588,137.3919660006436,0.0,-1.0459189070388675e-11,-2.9103830456733704e-11,0,0,0,0.0,0,0,True,1008,0,6.366462912410498e-12,2.727634479480546e-13,3.7519486470640717e-10,1.0978370000884752,1.5702015206443316,3.4821459994418547,2.5131795693936407,7.1528363563120365,-6.9196094321087,25.89869561717869,6.912381105276575,657.9959200665512,0,457.34496003277695,457.16299807356904,990.7772010181548,1200.0,0.4256348367780447,0.002360026602980625,0.0,0.0,0.0,0.0,0.0,23300.0,14750.0,2241.6187575290833,6099.158443489074,0.0,2.2737367544323206e-12,-2.7284841053187847e-12,0,0,0,0.0,0,0,True,1008,0,6.366462912410498e-12,2.727634479480546e-13,3.7519486470640717e-10,1.0014319996116683,1.5548665800997699,3.4821459994418547,0.4733645005217113,0.8269860605923895,2.11896800010436,0.4733645005217113,0.8269860605923895,2.11896800010436,0.4733645005217113,0.8269860605923895,2.11896800010436
d5419d24e3f12cc98db8a0792babd5f886758ddd3fc42e7ea513816b648d1aed,cap1200,May2024,400.0,swmpc,2,1200.0,0.5,96.58333333333333,72.0,10.0,1500.0,600.0,4.391634482798901,16.92218204587698,-9.407266742549837,98.1315330139607,3.137461891688227,596.3842467660855,0,1731.8408531382854,1732.2148768164523,1080.0,1200.0,2.538833785802126,0.2686048121945358,36.001900877334414,2.7234774148001457,1.1100346170481974e-14,36.001900877334414,0.0,80085.45478514518,65150.0,8493.612510865996,6321.842274279184,0.0,9.094947017729282e-13,7.275957614183426e-12,0,0,0,0.0,0,0,True,1008,0,7.73070496506989e-12,1.452978720260628e-07,3.212362051206589e-10,1.0014810004577157,1.6655194797385777,5.303093999827979,5.138832876858056,16.92218204587698,-9.407266742549837,65.33508534411389,3.137461891688227,596.3842467660855,0,1153.3751077787301,1153.2929664417472,861.4637201823198,1027.4392717395447,-1.099765949882567,0.3434555508925272,36.001900877334414,2.7234774148001457,1.1100346170481974e-14,36.001900877334414,0.0,49143.9475997789,43200.0,5654.970234677934,123.00181354373944,0.0,6.821210263296962e-13,-9.094947017729282e-13,0,0,0,0.0,0,0,True,1008,0,7.73070496506989e-12,1.452978720260628e-07,3.212362051206589e-10,1.089003999823035,1.7452867794781908,5.303093999827979,2.5152478316831606,7.752721371129155,-6.200241219252348,25.941039955241365,6.9868659899245635,694.7668245217934,0,457.37463138393286,457.91045905872124,1027.4392717395447,1200.0,2.538833785802126,0.002262963949076102,0.0,0.0,0.0,0.0,0.0,23300.0,14750.0,2245.283801664117,6132.1554700754305,0.0,2.9558577807620168e-12,1.000444171950221e-11,0,0,0,0.0,0,0,True,1008,0,7.73070496506989e-12,1.452978720260628e-07,3.212362051206589e-10,1.0014810004577157,1.6655194797385777,5.303093999827979,0.478767999993579,0.8840436899936317,2.6551769997240626,0.478767999993579,0.8840436899936317,2.6551769997240626,0.478767999993579,0.8840436899936317,2.6551769997240626
d5419d24e3f12cc98db8a0792babd5f886758ddd3fc42e7ea513816b648d1aed,cap1200,May2024,550.0,pid_lowdrag_preview,0,1200.0,0.5,97.0,72.0,10.0,1500.0,600.0,0.963734434710972,2.9359008045867085,-2.9359008045867085,12.843006252448385,6.6679146482703535,846.6255685902748,0,226.923508720612,226.7043610780331,1080.0,1200.0,-1.5374543014913797,0.2731415704396405,0.0,0.0,0.0,0.0,0.0,78322.40360028352,65400.0,1111.6051612829442,11690.798439000595,0.0,1.8189894035458565e-11,6.366462912410498e-12,0,0,0,0.0,0,0,True,0,0,,,,0.26511500027481816,0.3680761694704415,1.0008809995269985,0.9699463838093156,2.8891750937327743,-2.6345425564795732,8.75051782568431,6.6679146482703535,846.6255685902748,0,154.3703675362463,154.46387814344564,1119.3600966265285,935.9594580401483,0.3097153464332223,0.3544237316787142,0.0,0.0,0.0,0.0,0.0,45800.979417284354,43200.0,757.3865952977093,2026.9934605730296,0.0,4.774847184307873e-12,3.410605131648481e-12,0,0,0,0.0,0,0,True,0,0,,,,0.2632324999467528,0.3758985001331894,1.0008809995269985,1.0035986100195355,2.9359008045867085,-2.9359008045867085,3.2779413684287917,8.080680857312709,856.5563084420863,0,58.12541903600723,57.862122697264766,935.9594580401483,1200.0,-1.5374543014913797,0.001099141802900272,0.0,0.0,0.0,0.0,0.0,24745.85138089137,15000.0,283.7167927745648,9198.094046156952,0.0,-2.0463630789890885e-12,2.8990143619012088e-12,0,0,0,0.0,0,0,True,0,0,,,,0.26511500027481816,0.3680761694704415,1.0008809995269985,,,,,,,,,
d5419d24e3f12cc98db8a0792babd5f886758ddd3fc42e7ea513816b648d1aed,cap1200,May2024,550.0,pid_lowdrag_preview,1,1200.0,0.5,97.0,72.0,10.0,1500.0,600.0,0.8822344845222421,2.981222515925765,-2.662599742412567,12.849541796171586,6.675800660651825,846.9596552515551,0,226.93708141509165,226.81972629976738,1080.0,1200.0,-0.8233234575018287,0.27308889077260645,0.0,0.0,0.0,0.0,0.0,78312.29715866463,65400.0,1112.1708344588053,11680.126324205823,0.0,-1.8189894035458565e-12,6.821210263296962e-13,0,0,0,0.0,0,0,True,0,0,,,,0.1920750000863336,0.36254014985388516,1.485621999563591,0.9048476648591267,2.981222515925765,-2.592778424732387,8.749494621573024,6.675800660651825,846.9596552515551,0,154.38952280049028,154.44581657516912,1119.5070607194496,936.0008408999074,0.30127889197319746,0.35429448933133734,0.0,0.0,0.0,0.0,0.0,45789.13390975845,43200.0,757.298033558438,2015.3420960195472,0.0,-6.59383658785373e-12,5.684341886080801e-13,0,0,0,0.0,0,0,True,0,0,,,,0.19614099983300548,0.34579598991513155,1.485621999563591,0.9314783789275075,2.7240582332015038,-2.662599742412567,3.283784710067401,8.091751809007736,856.2492645429664,0,58.12557041114809,57.96526918856813,936.0008408999074,1200.0,-0.8233234575018287,0.001089500083240269,0.0,0.0,0.0,0.0,0.0,24745.937967124504,15000.0,284.22255354403757,9197.716254480372,0.0,-1.8189894035458565e-12,1.1368683772161603e-13,0,0,0,0.0,0,0,True,0,0,,,,0.1920750000863336,0.36254014985388516,1.485621999563591,,,,,,,,,
d5419d24e3f12cc98db8a0792babd5f886758ddd3fc42e7ea513816b648d1aed,cap1200,May2024,550.0,pid_lowdrag_preview,2,1200.0,0.5,97.0,72.0,10.0,1500.0,600.0,0.9154129607067477,3.5300799552351236,-2.5330196022987366,12.865129767936681,6.663425813118654,847.7063415155624,0,226.9452094734803,227.0948847097233,1080.0,1200.0,1.050043698400259,0.27311277500898257,0.0,0.0,0.0,0.0,0.0,78335.30717287617,65400.0,1113.5200255693048,11701.787147306859,0.0,-7.275957614183426e-12,-8.640199666842818e-12,0,0,0,0.0,0,0,True,0,0,,,,0.2745445003711211,0.3600471606296197,0.3863040001306217,0.9222768363260088,3.251275439746678,-2.5330196022987366,8.740226996043866,6.663425813118654,847.7063415155624,0,154.39405474707084,154.28222472735447,1119.3736440619148,938.4113340419186,-0.6521482970565557,0.3543631971922452,0.0,0.0,0.0,0.0,0.0,45813.39507863048,43200.0,756.495889561256,2037.8614990892106,0.0,-7.16227077646181e-12,-8.86757334228605e-12,0,0,0,0.0,0,0,True,0,0,,,,0.2808640001603635,0.36908863020471466,0.3863040001306217,1.015590206174438,3.5300799552351236,-2.1696407590061426,3.3065793058631243,8.070501064127937,855.8970184984305,0,58.125005871110204,58.36763870971666,938.4113340419186,1200.0,1.050043698400259,0.0011080103839617994,0.0,0.0,0.0,0.0,0.0,24745.771656387566,15000.0,286.1955020763219,9197.987488353152,0.0,-1.057287590811029e-11,2.8421709430404007e-13,0,0,0,0.0,0,0,True,0,0,,,,0.2745445003711211,0.3600471606296197,0.3863040001306217,,,,,,,,,
d5419d24e3f12cc98db8a0792babd5f886758ddd3fc42e7ea513816b648d1aed,cap1200,May2024,550.0,swmpc,0,1200.0,0.5,97.0,72.0,10.0,1500.0,600.0,0.9551657697891797,3.0927135227248073,-2.9358446802943945,12.782100218133317,5.224255040858077,846.558944654514,0,225.84839816387708,225.62924958748533,1080.0,1200.0,-1.5374586060643196,0.24607520989638887,34.6107420460545,0.0,1.1114899183545992e-14,34.6107420460545,0.0,76341.89308861387,65400.0,1106.333540233557,9715.559548380312,0.0,0.0,1.318767317570746e-11,0,0,0,0.0,0,0,True,1008,0,7.256170669405116e-11,1.6321681412791097e-13,3.5534429150476294e-10,0.7637884996256616,1.8877097797940225,11.486787999274384,0.9703535315766254,3.0927135227248073,-2.064846083521843,8.701500683495654,5.224255040858077,846.558944654514,0,153.61156932172105,153.59862902004548,1119.3130437246878,936.0517247974861,-0.5031799105927348,0.3193783206642533,34.6107420460545,0.0,1.1114899183545992e-14,34.6107420460545,0.0,44174.16288028546,43200.0,753.1439976397161,404.2802015729551,0.0,8.412825991399586e-12,5.002220859751105e-12,0,0,0,0.0,0,0,True,1008,0,7.256170669405116e-11,1.6321681412791097e-13,3.5534429150476294e-10,0.7982500001162407,2.0517854999070475,11.486787999274384,1.0051363108131044,2.9358446802943945,-2.9358446802943945,3.2856906410681663,9.73099780709803,856.5534556670804,0,58.14633784937749,57.998912625417915,936.0517247974861,1200.0,-1.5374586060643196,0.00011380186882015142,0.0,0.0,0.0,0.0,0.0,24750.0,15000.0,284.38751824902613,9201.66420654846,0.0,-3.410605131648481e-13,8.071765478234738e-12,0,0,0,0.0,0,0,True,1008,0,7.256170669405116e-11,1.6321681412791097e-13,3.5534429150476294e-10,0.7637884996256616,1.8877097797940225,11.486787999274384,0.2994520000356715,0.8884561899321828,10.965561999910278,0.2994520000356715,0.8884561899321828,10.965561999910278,0.2994520000356715,0.8884561899321828,10.965561999910278
d5419d24e3f12cc98db8a0792babd5f886758ddd3fc42e7ea513816b648d1aed,cap1200,May2024,550.0,swmpc,1,1200.0,0.5,97.0,72.0,10.0,1500.0,600.0,0.8750356083849469,3.0398872131481767,-2.66250288952142,12.79278444496523,5.214049843594175,846.6901755061741,0,225.9351994900953,225.81784723899491,1080.0,1200.0,-0.8233014410361648,0.24565408021877577,34.61518170713742,0.0,1.1576293754381496e-14,34.61518170713742,0.0,76382.13377772504,65400.0,1107.2582958131359,9754.875481911897,0.0,-1.2732925824820995e-11,1.1368683772161603e-12,0,0,0,0.0,0,0,True,1008,0,7.861461596490786e-11,1.8521051359243752e-13,3.0008524596143286e-10,0.7641335005246219,1.3889764199120693,8.158835000358522,0.8982485236339459,3.0398872131481767,-2.3447384973987937,8.70260831937216,5.225990355626445,846.6901755061741,0,153.6715224506243,153.6181809753072,1119.472549685441,936.0789960235331,-0.32406236976385117,0.31898072300760427,34.61518170713742,0.0,1.1576293754381496e-14,34.61518170713742,0.0,44200.37311206333,43200.0,753.2398672307459,430.5267984944878,0.0,-5.229594535194337e-12,-5.115907697472721e-12,0,0,0,0.0,0,0,True,1008,0,7.861461596490786e-11,1.8521051359243752e-13,3.0008524596143286e-10,0.8135574998959783,1.4279837305821261,8.158835000358522,0.9309610710237204,2.724117615260184,-2.66250288952142,3.290000760502698,9.716769447911007,856.2508393376818,0,58.146155405089445,58.074994724373425,936.0789960235331,1200.0,-0.8233014410361648,0.0001200401622696301,0.0,0.0,0.0,0.0,0.0,24750.0,15000.0,284.7605735068819,9201.31842251665,0.0,-6.821210263296962e-13,6.366462912410498e-12,0,0,0,0.0,0,0,True,1008,0,7.861461596490786e-11,1.8521051359243752e-13,3.0008524596143286e-10,0.7641335005246219,1.3889764199120693,8.158835000358522,0.32213650047197007,0.6136228600917085,2.8665069994531223,0.32213650047197007,0.6136228600917085,2.8665069994531223,0.32213650047197007,0.6136228600917085,2.8665069994531223
d5419d24e3f12cc98db8a0792babd5f886758ddd3fc42e7ea513816b648d1aed,cap1200,May2024,550.0,swmpc,2,1200.0,0.5,97.0,72.0,10.0,1500.0,600.0,0.9123398649289007,3.530213446356356,-2.2984113534912467,12.800502355925277,5.21211415740014,847.0477804442565,0,225.8044084660661,225.9540835717248,1080.0,1200.0,1.0500453161075711,0.24611495863964783,34.58814224353502,0.0,1.0878907824549883e-14,34.58814224353502,0.0,76358.42815517203,65400.0,1107.9263068293276,9730.501848342703,0.0,-3.637978807091713e-12,1.2505552149377763e-11,0,0,0,0.0,0,0,True,1008,0,8.61337397177452e-11,1.6446952076751182e-13,3.3414257115295e-10,0.7349699999394943,1.392912689880177,5.8803459996852325,0.9251837704518896,3.093891993165016,-2.2984113534912467,8.694478567517272,5.223844281822478,847.0477804442565,0,153.54351041399164,153.47467483945937,1119.265575686218,937.298476072103,-0.6914270222187042,0.31965120414629744,34.58814224353502,0.0,1.0878907824549883e-14,34.58814224353502,0.0,44179.24336366997,43200.0,752.5362100071897,408.67425327688966,0.0,-7.275957614183426e-12,5.002220859751105e-12,0,0,0,0.0,0,0,True,1008,0,8.61337397177452e-11,1.6446952076751182e-13,3.3414257115295e-10,0.7664770000701537,1.492374180425027,5.8803459996852325,1.017032041111158,3.530213446356356,-2.1692449934780598,3.30814691918345,9.833794430515834,855.892751337637,0,58.14707817047832,58.39531017301965,937.298476072103,1200.0,1.0500453161075711,6.935952355602293e-05,0.0,0.0,0.0,0.0,0.0,24750.0,15000.0,286.33118425412414,9200.967291817975,0.0,-3.751665644813329e-12,7.332801033044234e-12,0,0,0,0.0,0,0,True,1008,0,8.61337397177452e-11,1.6446952076751182e-13,3.3414257115295e-10,0.7349699999394943,1.392912689880177,5.8803459996852325,0.30243599985624314,0.6119325504278093,3.6031990002811654,0.30243599985624314,0.6119325504278093,3.6031990002811654,0.30243599985624314,0.6119325504278093,3.6031990002811654
d5419d24e3f12cc98db8a0792babd5f886758ddd3fc42e7ea513816b648d1aed,cap1800,Feb2022,400.0,pid_lowdrag_preview,0,1800.0,0.5,96.16666666666667,72.0,10.0,1500.0,600.0,1.2361703247093405,4.839305549860001,-4.336785539984703,28.288579995303486,6.7801821676469505,1415.4247303652107,0,499.6194951210058,499.34916541969955,1620.0,1800.0,-1.8353481804952025,0.25285771392576306,0.0,0.0,0.0,0.0,0.0,75783.42874368027,64900.0,2448.4712465315233,8254.957497148776,0.0,3.092281986027956e-11,-1.3642420526593924e-11,0,0,0,0.0,0,0,True,0,0,,,,0.16024199976527598,0.32692393010620435,0.5473860001075082,1.223309159909803,4.839305549860001,-3.8586897710338235,17.80548082002449,6.7801821676469505,1432.8873276472482,0,314.26713104048457,314.3018132706479,1579.5039287897318,1511.7570566307893,0.07610948290675879,0.3247114264764518,0.0,0.0,0.0,0.0,0.0,45738.548793959664,43200.0,1541.123938555294,1065.1717275633239,0.0,1.1141310096718371e-11,-4.320099833421409e-12,0,0,0,0.0,0,0,True,0,0,,,,0.16129300001921365,0.34314157989683647,0.5473860001075082,1.3636644433201852,4.336785539984703,-4.336785539984703,7.970625528260662,8.550171422308225,1426.6208060112685,0,140.97878855987955,140.69724270609328,1511.7570566307893,1800.0,-1.8353481804952025,0.0007181195932236539,0.0,0.0,0.0,0.0,0.0,22549.361604074336,14500.0,689.8843075918364,7071.2343531133,0.0,1.1141310096718371e-11,-8.86757334228605e-12,0,0,0,0.0,0,0,True,0,0,,,,0.16024199976527598,0.32692393010620435,0.5473860001075082,,,,,,,,,
d5419d24e3f12cc98db8a0792babd5f886758ddd3fc42e7ea513816b648d1aed,cap1800,Feb2022,400.0,pid_lowdrag_preview,1,1800.0,0.5,96.16666666666667,72.0,10.0,1500.0,600.0,1.2632512824879376,5.4354943400248885,-4.758630545809865,28.296420840058506,6.7704302916930565,1419.8569246486795,0,499.7241791240058,499.487571776087,1620.0,1800.0,-1.6064080195501447,0.2527703906996107,0.0,0.0,0.0,0.0,0.0,75811.7460899197,64900.0,2449.1498978789723,8282.596192040715,0.0,-1.6370904631912708e-11,-1.1823431123048067e-11,0,0,0,0.0,0,0,True,0,0,,,,0.1628804998290434,0.431163979646953,0.6057339996914379,1.2750807349681714,5.4354943400248885,-4.758630545809865,17.81966713803976,6.775637464494427,1430.6086854471466,0,314.34659274209565,314.5522297306644,1579.3703965754053,1510.4899294313125,1.3973743235692382,0.3245595063796971,0.0,0.0,0.0,0.0,0.0,45758.002329439834,43200.0,1542.3518118441011,1084.5309847398257,0.0,-2.2737367544323206e-13,-5.4569682106375694e-12,0,0,0,0.0,0,0,True,0,0,,,,0.16414749961768393,0.4468833795726814,0.6057339996914379,1.3755441291735269,4.148045211099088,-4.148045211099088,7.961982999795545,8.67191400753354,1425.9438416319813,0,140.98712955883406,140.54468505289975,1510.4899294313125,1800.0,-1.6064080195501447,0.0006198238191672534,0.0,0.0,0.0,0.0,0.0,22550.0,14500.0,689.1362678370087,7071.353661594294,0.0,-9.777068044058979e-12,-6.821210263296962e-12,0,0,0,0.0,0,0,True,0,0,,,,0.1628804998290434,0.431163979646953,0.6057339996914379,,,,,,,,,
d5419d24e3f12cc98db8a0792babd5f886758ddd3fc42e7ea513816b648d1aed,cap1800,Feb2022,400.0,pid_lowdrag_preview,2,1800.0,0.5,96.16666666666667,72.0,10.0,1500.0,600.0,1.262851508484902,4.293158621527255,-4.293158621527255,28.294800134091393,6.76268716565499,1420.1391772706957,0,499.7317387495448,499.4589631229762,1620.0,1800.0,-1.8519628932699561,0.2528074824298002,0.0,0.0,0.0,0.0,0.0,75815.43635184359,64900.0,2449.009620354982,8286.426731488602,0.0,-1.8189894035458565e-12,1.000444171950221e-11,0,0,0,0.0,0,0,True,0,0,,,,0.16202500046347268,0.44420147984965286,1.00625899995066,1.2781888825011078,4.293158621527255,-4.293158621527255,17.797147666746568,6.76268716565499,1431.7189943364733,0,314.36759004244425,314.15471669897977,1578.6814758771225,1515.4780456063615,-1.4157299073413014,0.3245895520303539,0.0,0.0,0.0,0.0,0.0,45765.01449139639,43200.0,1540.402676258031,1087.815245409122,0.0,3.637978807091713e-12,2.9558577807620168e-12,0,0,0,0.0,0,0,True,0,0,,,,0.16404799953306792,0.458359580261458,1.00625899995066,1.3063914126055982,3.67527911439538,-3.4601615704596043,7.9827815299755045,8.527243468198156,1426.6974228006516,0,140.9760653847406,140.91182008368122,1515.4780456063615,1800.0,-1.8519628932699561,0.0007383453248809291,0.0,0.0,0.0,0.0,0.0,22549.201793681994,14500.0,690.9364502118244,7073.743389076532,0.0,1.1368683772161603e-12,5.9117155615240335e-12,0,0,0,0.0,0,0,True,0,0,,,,0.16202500046347268,0.44420147984965286,1.00625899995066,,,,,,,,,
d5419d24e3f12cc98db8a0792babd5f886758ddd3fc42e7ea513816b648d1aed,cap1800,Feb2022,400.0,swmpc,0,1800.0,0.5,96.16666666666667,72.0,10.0,1500.0,600.0,1.197193514772152,4.536022388376296,-4.345595423132181,28.673765243446173,6.334903514563875,1426.6208191359744,0,506.4187754957186,506.14844386435624,1620.0,1800.0,-1.8353512128815055,0.20979315378682917,34.46867727841964,0.0,8.747460989715838e-15,34.46867727841964,0.0,75122.02257951655,64900.0,2481.8103185111813,7560.212261005349,0.0,-1.546140993013978e-11,-5.002220859751105e-12,0,0,0,0.0,0,0,True,1008,0,4.140543648933724e-11,1.8813168868001741e-13,1.3037374911790723e-10,0.7739429993307567,1.7551159201957485,4.2430240000612685,1.1598969539030808,4.536022388376296,-3.211757257580757,18.11366475481097,6.348086890456371,1429.3665872721426,0,319.8631383687868,319.7418668419833,1627.9951413390252,1510.5961246346828,0.03881100099533796,0.27139975022500806,34.441331036717166,0.0,8.747460989715838e-15,34.441331036717166,0.0,45058.64402428681,43200.0,1567.798289232951,408.2447517581993,0.0,-4.092726157978177e-12,-3.183231456205249e-12,0,0,0,0.0,0,0,True,1008,0,4.140543648933724e-11,1.8813168868001741e-13,1.3037374911790723e-10,0.8937739999055339,1.8179072102248002,4.2430240000612685,1.3636172503363648,4.345595423132181,-4.345595423132181,7.9744960502939755,9.930470784214037,1426.6208191359744,0,141.04161691641497,140.76556504490668,1510.5961246346828,1800.0,-1.8353512128815055,2.9969489563019813e-05,0.0,0.0,0.0,0.0,0.0,22550.0,14500.0,690.2193142238204,7070.376810410866,0.0,3.183231456205249e-12,-1.8189894035458565e-12,0,0,0,0.0,0,0,True,1008,0,4.140543648933724e-11,1.8813168868001741e-13,1.3037374911790723e-10,0.7739429993307567,1.7551159201957485,4.2430240000612685,0.3142444998047722,0.5781491999005081,2.660895999724744,0.3142444998047722,0.5781491999005081,2.660895999724744,0.3142444998047722,0.5781491999005081,2.660895999724744
d5419d24e3f12cc98db8a0792babd5f886758ddd3fc42e7ea513816b648d1aed,cap1800,Feb2022,400.0,swmpc,1,1800.0,0.5,96.16666666666667,72.0,10.0,1500.0,600.0,1.1532643902182123,4.148058529943228,-4.148058529943228,28.677239013525753,6.377675495738277,1425.9557679543025,0,506.44637283970155,506.20976274958906,1620.0,1800.0,-1.6064131865277886,0.2097735031597806,34.48017572341889,0.0,1.2583814580858173e-14,34.48017572341889,0.0,75114.99623637107,64900.0,2482.110984934124,7552.885251436946,0.0,5.4569682106375694e-12,1.000444171950221e-11,0,0,0,0.0,0,0,True,1008,0,2.1328247567588717e-11,2.167933895485436e-13,1.5487716163363865e-10,0.7259459998749662,1.907855040481081,5.827895999573229,1.1220841466117901,3.6153825549408793,-3.394869266077876,18.11036985226184,6.401919277047108,1429.8378519161593,0,319.7964654344586,319.6837053210335,1626.802823862037,1510.4677550177742,0.26139272935688496,0.271757753939992,34.425200655629915,0.0,1.2583814580858173e-14,34.425200655629915,0.0,45054.73726557511,43200.0,1567.5131043932538,403.55923002612917,0.0,1.0459189070388675e-11,1.2505552149377763e-11,0,0,0,0.0,0,0,True,1008,0,2.1328247567588717e-11,2.167933895485436e-13,1.5487716163363865e-10,0.7496919997720397,1.9055858304363924,3.5213139999541454,1.3729069430207284,4.148058529943228,-4.148058529943228,7.974525466807236,9.924642919954042,1425.9557679543025,0,141.04120053861885,140.7660843043172,1510.4677550177742,1800.0,-1.6064131865277886,3.248150001988748e-05,0.0,0.0,0.0,0.0,0.0,22550.0,14500.0,690.2218603214637,7070.24589469631,0.0,-2.2737367544323206e-13,-2.9558577807620168e-12,0,0,0,0.0,0,0,True,1008,0,2.1328247567588717e-11,2.167933895485436e-13,1.5487716163363865e-10,0.7259459998749662,1.907855040481081,5.827895999573229,0.2798774999064335,0.7587087006140725,2.060159999928146,0.2798774999064335,0.7587087006140725,2.060159999928146,0.2798774999064335,0.7587087006140725,2.060159999928146
d5419d24e3f12cc98db8a0792babd5f886758ddd3fc42e7ea513816b648d1aed,cap1800,Feb2022,400.0,swmpc,2,1800.0,0.5,96.16666666666667,72.0,10.0,1500.0,600.0,1.1423498995125811,3.9551628148183227,-3.4601895064115524,28.686428499793095,6.288325564164138,1426.6974251398526,0,506.64475264357816,506.3719752854886,1620.0,1800.0,-1.8519613249227405,0.20926438479228537,34.46925478933598,0.0,1.2663296388169318e-14,34.46925478933598,0.0,75117.5766604543,64900.0,2482.9063657167217,7554.670294737578,0.0,-2.7284841053187847e-12,-1.6370904631912708e-11,0,0,0,0.0,0,0,True,1008,0,4.4598645383098587e-11,1.6342713450273708e-13,1.3031707256376876e-10,0.7217689999379218,1.2179575001573537,2.251708000585495,1.1199153807033002,3.9551628148183227,-3.0067531764507294,18.114357885267196,6.288325564164138,1429.130114078445,0,320.0398757035248,319.7541019599968,1628.8429333486476,1512.8789479554334,-1.0415059886872768,0.270719658354565,34.43706667106009,0.0,1.2663296388169318e-14,34.43706667106009,0.0,45058.00829390589,43200.0,1567.8582819930075,406.11399730610424,0.0,5.4569682106375694e-12,-9.549694368615746e-12,0,0,0,0.0,0,0,True,1008,0,4.4598645383098587e-11,1.6342713450273708e-13,1.3031707256376876e-10,0.7465919998139725,1.2285165599678294,2.251708000585495,1.3097178185140528,3.669660891406238,-3.4601895064115524,7.983310003268915,9.927799849259955,1426.6974251398526,0,141.04051628686915,140.92114867840195,1512.8789479554334,1800.0,-1.8519613249227405,3.112075462941011e-05,0.0,0.0,0.0,0.0,0.0,22550.0,14500.0,690.9821913435219,7071.8967566119045,0.0,-7.275957614183426e-12,-7.503331289626658e-12,0,0,0,0.0,0,0,True,1008,0,4.4598645383098587e-11,1.6342713450273708e-13,1.3031707256376876e-10,0.7217689999379218,1.2179575001573537,2.251708000585495,0.28189549993840046,0.5020755800342156,1.398530999722425,0.28189549993840046,0.5020755800342156,1.398530999722425,0.28189549993840046,0.5020755800342156,1.398530999722425
d5419d24e3f12cc98db8a0792babd5f886758ddd3fc42e7ea513816b648d1aed,cap1800,Feb2022,550.0,pid_lowdrag_preview,0,1800.0,0.5,96.58333333333333,72.0,10.0,1500.0,600.0,0.5719939063196734,2.2195484647527337,-2.2195484647527337,2.1993330844302954,6.563723174712315,1420.516577732903,0,38.87346528050077,38.82256162637105,1620.0,1800.0,-0.35710459016263485,0.2864434119304321,0.0,0.0,0.0,0.0,0.0,74930.67246336205,65150.0,190.35963698662658,9410.312826375406,0.0,-1.4551915228366852e-11,8.242295734817162e-13,0,0,0,0.0,0,0,True,0,0,,,,0.17994100016949233,0.5025531796673023,2.106739999362617,0.5645279269220713,1.8429260617122054,-1.1548786256462336,1.3739719370233061,6.567210437113157,1439.4087563271264,0,24.098973707949128,24.25331141317722,1479.5192869239781,1544.1094467827736,0.5156462639570236,0.3697831939105336,0.0,0.0,0.0,0.0,0.0,44225.35982603407,43200.0,118.92186818501747,841.8477979902516,0.0,-8.640199666842818e-12,-4.263256414560601e-14,0,0,0,0.0,0,0,True,0,0,,,,0.17016699985106243,0.5497488602213699,2.106739999362617,0.6156032531280597,2.2195484647527337,-2.2195484647527337,0.6444879106444208,8.735918677335091,1438.8466931135383,0,11.500888646414982,11.37648126405806,1544.1094467827736,1800.0,-0.35710459016263485,0.000578819335339098,0.0,0.0,0.0,0.0,0.0,23528.656037009372,14750.0,55.782584994088026,8466.982898798053,0.0,-5.6843418860808015e-12,8.597567102697212e-13,0,0,0,0.0,0,0,True,0,0,,,,0.17994100016949233,0.5025531796673023,2.106739999362617,,,,,,,,,
d5419d24e3f12cc98db8a0792babd5f886758ddd3fc42e7ea513816b648d1aed,cap1800,Feb2022,550.0,pid_lowdrag_preview,1,1800.0,0.5,96.58333333333333,72.0,10.0,1500.0,600.0,0.5416410398383908,1.7673138296231627,-1.452311223372817,2.1986017665010102,6.545908082376966,1421.3048235570732,0,38.870376058272456,38.80965242422305,1620.0,1800.0,-0.4259948683902621,0.2864301162952855,0.0,0.0,0.0,0.0,0.0,74926.48504585601,65150.0,190.29633897300337,9406.18870688298,0.0,-2.7284841053187847e-11,9.379164112033322e-13,0,0,0,0.0,0,0,True,0,0,,,,0.27212999975745333,0.3737309197458672,0.5139360000612214,0.5797293030966223,1.7673138296231627,-1.452311223372817,1.3683566808088268,6.545908082376966,1439.2826671783387,0,24.095554655350767,24.154191078936954,1479.5782356433963,1544.0416708372964,0.6681764088571072,0.3697616087816934,0.0,0.0,0.0,0.0,0.0,44220.52661620012,43200.0,118.43584897212872,837.6273320340781,0.0,-1.3869794202037156e-11,4.263256414560601e-14,0,0,0,0.0,0,0,True,0,0,,,,0.2770779997263162,0.3765602701332679,0.5139360000612214,0.5046487189708406,1.6113987118005753,-1.1331354016438127,0.6427007534734699,8.740927454261202,1438.943054957761,0,11.500904440060843,11.344934419291327,1544.0416708372964,1800.0,-0.4259948683902621,0.0005764348009489328,0.0,0.0,0.0,0.0,0.0,23528.74396671501,14750.0,55.627900561471336,8467.157736990828,0.0,-7.73070496506989e-12,8.810729923425242e-13,0,0,0,0.0,0,0,True,0,0,,,,0.27212999975745333,0.3737309197458672,0.5139360000612214,,,,,,,,,
d5419d24e3f12cc98db8a0792babd5f886758ddd3fc42e7ea513816b648d1aed,cap1800,Feb2022,550.0,pid_lowdrag_preview,2,1800.0,0.5,96.58333333333333,72.0,10.0,1500.0,600.0,0.4921058946353903,1.795478304848075,-1.0012452900409698,2.199048852066615,6.5445806191107145,1421.1648577495796,0,38.87482654567916,38.81754436521433,1620.0,1800.0,-0.40185198187828064,0.2864008286765173,0.0,0.0,0.0,0.0,0.0,74928.95260392592,65150.0,190.33503572456493,9408.61756820136,0.0,3.637978807091713e-12,4.263256414560601e-13,0,0,0,0.0,0,0,True,0,0,,,,0.18209500012744684,0.7988580398341589,2.146540000467212,0.47630687307892255,1.2605802742764354,-0.9897914351895452,1.369400051989243,6.5445806191107145,1438.9853850506438,0,24.100275137404424,24.172608635712674,1479.4587627348694,1543.6060428280882,0.27946580946445465,0.36971975402760093,0.0,0.0,0.0,0.0,0.0,44224.02049209579,43200.0,118.52615623870534,841.3470557638632,0.0,-3.979039320256561e-12,7.105427357601002e-14,0,0,0,0.0,0,0,True,0,0,,,,0.16732750009396113,0.5195590304174396,2.146540000467212,0.5508624973098675,1.795478304848075,-0.8455499662086368,0.6460289874289844,8.73067353324234,1439.0622598050218,0,11.500803474585393,11.403684305226708,1543.6060428280882,1800.0,-0.40185198187828064,0.0005813167473538439,0.0,0.0,0.0,0.0,0.0,23528.56394494133,14750.0,55.915970345926645,8466.254017423493,0.0,2.5011104298755527e-12,4.050093593832571e-13,0,0,0,0.0,0,0,True,0,0,,,,0.18209500012744684,0.7988580398341589,2.146540000467212,,,,,,,,,
d5419d24e3f12cc98db8a0792babd5f886758ddd3fc42e7ea513816b648d1aed,cap1800,Feb2022,550.0,swmpc,0,1800.0,0.5,96.58333333333333,72.0,10.0,1500.0,600.0,0.567515406460096,2.226504228077829,-2.226504228077829,2.240349723427914,5.204182993991397,1438.836752481044,0,39.59830739672907,39.54658610745774,1620.0,1800.0,-0.3628401579335332,0.22224586546930913,34.202862501093016,0.0,1.4488413848140797e-14,34.202862501093016,0.0,75679.76659520245,65150.0,193.90976432535012,10155.856830877105,0.0,0.0,-5.684341886080801e-13,0,0,0,0.0,0,0,True,1008,0,8.261772691067975e-11,1.3802019385078756e-13,3.0592898261190256e-10,1.0203900001215516,1.7547482998452326,8.860374000505544,0.5463610942473304,1.7142811743542552,-1.1140820076689124,1.409659794484694,5.205542112202009,1439.268630672617,0,24.728877532606568,24.883272402450004,1479.5356533484703,1611.7409260277702,0.5426806239411235,0.28863272849000365,34.202862501093016,0.0,1.4488413848140797e-14,34.202862501093016,0.0,44781.577023974896,43200.0,122.01077165274337,1327.3609796428575,0.0,4.547473508864641e-12,3.126388037344441e-13,0,0,0,0.0,0,0,True,1008,0,8.261772691067975e-11,1.3802019385078756e-13,3.0592898261190256e-10,1.0845475003407046,2.1545248304300864,8.860374000505544,0.6188579547196716,2.226504228077829,-2.226504228077829,0.6445003260969733,9.551684463867572,1438.836752481044,0,11.505779021599192,11.376700421253883,1611.7409260277702,1800.0,-0.3628401579335332,0.00019667830634273464,0.0,0.0,0.0,0.0,0.0,23542.747487453616,14750.0,55.783659593044376,8548.704753888342,0.0,-1.1368683772161603e-12,-8.384404281969182e-13,0,0,0,0.0,0,0,True,1008,0,8.261772691067975e-11,1.3802019385078756e-13,3.0592898261190256e-10,1.0203900001215516,1.7547482998452326,8.860374000505544,0.37970350012983545,0.647895589509061,6.520300999909523,0.37970350012983545,0.647895589509061,6.520300999909523,0.37970350012983545,0.647895589509061,6.520300999909523
d5419d24e3f12cc98db8a0792babd5f886758ddd3fc42e7ea513816b648d1aed,cap1800,Feb2022,550.0,swmpc,1,1800.0,0.5,96.58333333333333,72.0,10.0,1500.0,600.0,0.544186392725653,1.5971705177798867,-1.3534074360504746,2.240038884296811,5.199999999999999,1438.8516808037627,0,39.60350559733614,39.541099184440895,1620.0,1800.0,-0.43779958691447973,0.2228977149729141,34.165428565073434,0.0,1.8128317386192458e-14,34.165428565073434,0.0,75741.41124323811,65150.0,193.88286015854732,10217.528383079563,0.0,1.8189894035458565e-12,-7.389644451905042e-13,0,0,0,0.0,0,0,True,1008,0,7.656595175600659e-11,1.1353926093573564e-13,2.730761329194042e-10,1.0477309997440898,2.0021638599791918,7.826183000361198,0.5834774596895366,1.5971705177798867,-1.3534074360504746,1.4062453551292655,5.199999999999999,1438.8516808037627,0,24.73629984760704,24.823000821381463,1479.4229462328085,1609.962667748005,0.7280067093670368,0.28941875270762274,34.165428565073434,0.0,1.2124924701946697e-14,34.165428565073434,0.0,44849.225532100056,43200.0,121.71524050249859,1396.970570082366,0.0,5.4569682106375694e-12,-7.105427357601002e-14,0,0,0,0.0,0,0,True,1008,0,7.656595175600659e-11,1.1353926093573564e-13,2.730761329194042e-10,1.10129250015234,2.2367663401109805,7.826183000361198,0.49975751708737437,1.5809927955269814,-1.1336557986214757,0.6423985912393073,9.554725273359884,1438.930849540575,0,11.505781968262077,11.339600660598304,1609.962667748005,1800.0,-0.43779958691447973,0.00019528998761231264,0.0,0.0,0.0,0.0,0.0,23542.798681706798,14750.0,55.60174740912851,8547.159602045667,0.0,-7.73070496506989e-12,-7.034373084024992e-13,0,0,0,0.0,0,0,True,1008,0,7.656595175600659e-11,1.1353926093573564e-13,2.730761329194042e-10,1.0477309997440898,2.0021638599791918,7.826183000361198,0.3843800000140618,0.8485689801727849,3.9080189999367576,0.3843800000140618,0.8485689801727849,3.9080189999367576,0.3843800000140618,0.8485689801727849,3.9080189999367576
d5419d24e3f12cc98db8a0792babd5f886758ddd3fc42e7ea513816b648d1aed,cap1800,Feb2022,550.0,swmpc,2,1800.0,0.5,96.58333333333333,72.0,10.0,1500.0,600.0,0.47394605538933915,1.8673862451687455,-0.8981329640373588,2.239362266213936,5.203040384454951,1438.8905065711,0,39.58677705491136,39.52915554234058,1620.0,1800.0,-0.40423204470425844,0.2223067411140599,34.18357036259219,0.0,1.1947874918678508e-14,34.18357036259219,0.0,75689.26755896414,65150.0,193.8242965996467,10165.443262364488,0.0,-9.094947017729282e-12,3.979039320256561e-13,0,0,0,0.0,0,0,True,1008,0,6.944029574961648e-11,1.1706083641810772e-13,3.3192936861249556e-10,1.036104000377236,1.255796580153401,3.5796339998341864,0.4515558977556329,1.1751225488260388,-0.8696954799816012,1.4058432629443411,5.203040384454951,1438.8905065711,0,24.71798343604324,24.815903102195676,1479.434699045938,1611.1766852665064,0.35085838194936514,0.28872872250386905,34.18357036259219,0.0,1.1947874918678508e-14,34.18357036259219,0.0,44795.525114202115,43200.0,121.6804380785734,1342.102689902975,0.0,1.5916157281026244e-12,7.105427357601002e-14,0,0,0,0.0,0,0,True,1008,0,6.944029574961648e-11,1.1706083641810772e-13,3.3192936861249556e-10,1.0768349998215854,1.269223080616939,3.5796339998341864,0.5587489048122006,1.8673862451687455,-0.846685559488833,0.6457050286630686,9.530744704987127,1439.0526951898214,0,11.505600970752184,11.397965794809739,1611.1766852665064,1800.0,-0.40423204470425844,0.00020625043196298432,0.0,0.0,0.0,0.0,0.0,23542.39451532137,14750.0,55.88793063083517,8547.68326995704,0.0,-2.2737367544323206e-12,2.6290081223123707e-13,0,0,0,0.0,0,0,True,1008,0,6.944029574961648e-11,1.1706083641810772e-13,3.3192936861249556e-10,1.036104000377236,1.255796580153401,3.5796339998341864,0.378306000129669,0.5260916193947195,0.6735859997206717,0.378306000129669,0.5260916193947195,0.6735859997206717,0.378306000129669,0.5260916193947195,0.6735859997206717
d5419d24e3f12cc98db8a0792babd5f886758ddd3fc42e7ea513816b648d1aed,cap1800,Mar2015,400.0,pid_lowdrag_preview,0,1800.0,0.5,96.33333333333333,72.0,10.0,1500.0,600.0,1.5363998362231919,6.23618648853153,-5.308036394417286,40.40179274604023,6.885150973411452,1417.8474226855467,0,713.417131492374,713.1712334993165,1620.0,1800.0,-1.669598006643355,0.239846748870707,0.0,0.0,0.0,0.0,0.0,76998.14717566925,65000.0,3496.9103384980344,8321.236837171235,0.0,2.000888343900442e-11,-1.6825651982799172e-11,0,0,0,0.0,0,0,True,0,0,,,,0.271164000423596,0.7247726892728679,5.333821000021999,1.5264087056418485,6.23618648853153,-4.537375236861408,26.019858243437177,6.892039758484096,1417.8474226855467,0,459.2597551700728,459.3017571174071,1501.325641487552,1601.2756240600404,0.28317988850176334,0.30832566955576957,0.0,0.0,0.0,0.0,0.0,46799.102817377985,43200.0,2252.1057882176974,1247.0470465878007,0.0,1.3642420526593924e-12,-5.9117155615240335e-12,0,0,0,0.0,0,0,True,0,0,,,,0.26801449985214276,0.7686969803580721,5.333821000021999,1.6427317570625226,5.308036394417286,-5.308036394417286,11.061105264042808,8.376081051169221,1419.476346076181,0,195.53791680551956,195.2502982877212,1601.2756240600404,1800.0,-1.669598006643355,0.0008663559820560884,0.0,0.0,0.0,0.0,0.0,22650.0,14600.0,957.3756688516505,6893.899955208398,0.0,7.958078640513122e-12,-1.2278178473934531e-11,0,0,0,0.0,0,0,True,0,0,,,,0.271164000423596,0.7247726892728679,5.333821000021999,,,,,,,,,
d5419d24e3f12cc98db8a0792babd5f886758ddd3fc42e7ea513816b648d1aed,cap1800,Mar2015,400.0,pid_lowdrag_preview,1,1800.0,0.5,96.33333333333333,72.0,10.0,1500.0,600.0,1.5802872172838613,6.867346800863743,-4.937302975915372,40.41226681882073,6.871546282460839,1419.5005457489117,0,713.681492017294,713.3561215178178,1620.0,1800.0,-2.2091838819906116,0.23964487021378955,0.0,0.0,0.0,0.0,0.0,77033.50782744671,65000.0,3497.8169045413492,8355.690922905353,0.0,-7.275957614183426e-12,-1.0459189070388675e-11,0,0,0,0.0,0,0,True,0,0,,,,0.27770899987444864,0.35763038959885307,0.4058029999214341,1.5865152420816997,6.867346800863743,-4.937302975915372,26.046183160924723,6.871546282460839,1419.5005457489117,0,459.48090226850655,459.7664437711485,1501.805211871573,1599.296483067568,2.4307830492034554,0.3080461676846217,0.0,0.0,0.0,0.0,0.0,46828.20258469749,43200.0,2254.384297904163,1276.3270155973414,0.0,1.2732925824820995e-11,-3.183231456205249e-12,0,0,0,0.0,0,0,True,0,0,,,,0.2798720001919719,0.3576424696348113,0.40293900019605644,1.7367625213366622,5.4827941581606865,-4.473237376660109,11.039860029992479,8.553000531203242,1419.7707724702384,0,195.55869850303714,194.87527805362504,1599.296483067568,1800.0,-2.2091838819906116,0.0007107241592546609,0.0,0.0,0.0,0.0,0.0,22650.0,14600.0,955.5368227622894,6893.759660305273,0.0,-5.229594535194337e-12,-7.844391802791506e-12,0,0,0,0.0,0,0,True,0,0,,,,0.27770899987444864,0.35763038959885307,0.4058029999214341,,,,,,,,,
d5419d24e3f12cc98db8a0792babd5f886758ddd3fc42e7ea513816b648d1aed,cap1800,Mar2015,400.0,pid_lowdrag_preview,2,1800.0,0.5,96.33333333333333,72.0,10.0,1500.0,600.0,1.6063734586818958,5.517747566103935,-5.517747566103935,40.432421361471505,6.868184454942164,1416.7305135940492,0,713.6472179623663,713.7118889000465,1620.0,1800.0,0.43898075353354216,0.23967584309736645,0.0,0.0,0.0,0.0,0.0,77022.00743756455,65000.0,3499.5613476408334,8342.44608992371,0.0,-7.275957614183426e-12,-2.4101609596982598e-11,0,0,0,0.0,0,0,True,0,0,,,,0.19582500044634799,0.35331417985617003,0.5286579998937668,1.6176657929936582,5.517747566103935,-5.517747566103935,26.01203694759105,6.881087711661451,1417.2532871678459,0,459.44515391888626,459.1636958377671,1501.4533577712473,1601.7896321502276,-1.4567418107762933,0.30809864626411065,0.0,0.0,0.0,0.0,0.0,46817.28120689927,43200.0,2251.428828893721,1265.5161036265595,0.0,-1.0913936421275139e-11,-6.366462912410498e-12,0,0,0,0.0,0,0,True,0,0,,,,0.24585099981777603,0.3531957298309862,0.5286579998937668,1.6866636654934943,4.3654180923476815,-4.140065118670464,11.093047782190322,8.360477004863688,1416.7305135940492,0,195.534916867378,195.814146659784,1601.7896321502276,1800.0,0.43898075353354216,0.0008801569161156486,0.0,0.0,0.0,0.0,0.0,22650.0,14600.0,960.140400670598,6891.649231479643,0.0,1.3642420526593924e-11,-1.716671249596402e-11,0,0,0,0.0,0,0,True,0,0,,,,0.19582500044634799,0.35331417985617003,0.5286579998937668,,,,,,,,,
d5419d24e3f12cc98db8a0792babd5f886758ddd3fc42e7ea513816b648d1aed,cap1800,Mar2015,400.0,swmpc,0,1800.0,0.5,96.33333333333333,72.0,10.0,1500.0,600.0,1.394753713118112,5.5111874379217625,-5.308007753454149,40.33584803442421,5.258324124644734,1419.1282223207545,0,712.2530821529906,712.0071794282159,1620.0,1800.0,-1.6695985132828355,0.2215274452496384,34.61413879614316,0.0,1.1458831622752395e-14,34.61413879614316,0.0,76064.06155993765,65000.0,3491.2026030698516,7392.858956867806,0.0,1.0913936421275139e-11,-9.094947017729282e-13,0,0,0,0.0,0,0,True,1008,0,1.727042751736129e-11,2.025063092622743e-13,1.4580851908919948e-10,0.6984589999774471,0.8848318700165692,1.1172069998792722,1.332502347476015,5.5111874379217625,-3.6322606494650245,25.915709498393923,5.58005459973375,1419.1282223207545,0,457.544925800192,457.46332659436683,1533.431177726588,1600.949658507153,0.44050550274550915,0.2871502484046653,34.61413879614316,0.0,1.1458831622752395e-14,34.61413879614316,0.0,45953.36547570885,43200.0,2243.091365873308,442.7556290549903,0.0,1.1596057447604835e-11,-4.547473508864641e-12,0,0,0,0.0,0,0,True,1008,0,1.727042751736129e-11,2.025063092622743e-13,1.4580851908919948e-10,0.7162515003074077,0.8970619199317297,1.1172069998792722,1.6428855097983284,5.308007753454149,-5.308007753454149,11.058471767361112,8.18028131358211,1419.4763474893864,0,195.51460361359477,195.20381188330362,1600.949658507153,1800.0,-1.6695985132828355,0.0010402684150505603,0.0,0.0,0.0,0.0,0.0,22650.0,14600.0,957.1477309027114,6893.8019276044415,0.0,0.0,3.410605131648481e-12,0,0,0,0.0,0,0,True,1008,0,1.727042751736129e-11,2.025063092622743e-13,1.4580851908919948e-10,0.6984589999774471,0.8848318700165692,1.1172069998792722,0.2659509996192355,0.36403680944204075,0.4017569999632542,0.2659509996192355,0.36403680944204075,0.4017569999632542,0.2659509996192355,0.36403680944204075,0.4017569999632542
d5419d24e3f12cc98db8a0792babd5f886758ddd3fc42e7ea513816b648d1aed,cap1800,Mar2015,400.0,swmpc,1,1800.0,0.5,96.33333333333333,72.0,10.0,1500.0,600.0,1.3664646310714321,5.4827926736325026,-4.4732367023825645,40.3365126007312,5.172726021515311,1419.748930282293,0,712.3442863521483,712.0189103327252,1620.0,1800.0,-2.209184098057449,0.22123823021716427,34.63017146842202,0.0,1.3359002705845279e-14,34.63017146842202,0.0,76061.7072332759,65000.0,3491.2601235072034,7390.447109768672,0.0,-2.2737367544323206e-11,-2.5011104298755527e-11,0,0,0,0.0,0,0,True,1008,0,1.7077308974141376e-11,2.1167177901199602e-13,1.7848692951769135e-10,0.7028160002846562,1.0952992001693926,1.799696000489348,1.2974668021873859,4.809497946873307,-3.7033935310319066,25.918333218804406,5.605308618172759,1419.748930282293,0,457.53052945741746,457.5096404283366,1534.3580382863215,1600.3888897256372,0.8025848204270005,0.2868706602635258,34.589093943547546,0.0,1.3359002705845279e-14,34.589093943547546,0.0,45949.90898587857,43200.0,2243.318457653269,440.55967678596426,0.0,-1.750777300912887e-11,-1.5006662579253316e-11,0,0,0,0.0,0,0,True,1008,0,1.7077308974141376e-11,2.1167177901199602e-13,1.7848692951769135e-10,0.72196500013888,1.1078295998595415,1.799696000489348,1.7308615612505611,5.4827926736325026,-4.4732367023825645,11.052421880106245,8.399901733537797,1419.770774109639,0,195.5406169327781,195.09701945497739,1600.3888897256372,1800.0,-2.209184098057449,0.0008453104864003524,0.0,0.0,0.0,0.0,0.0,22650.0,14600.0,956.6240929190749,6893.764796806554,0.0,-7.958078640513122e-12,-1.000444171950221e-11,0,0,0,0.0,0,0,True,1008,0,1.7077308974141376e-11,2.1167177901199602e-13,1.7848692951769135e-10,0.7028160002846562,1.0952992001693926,1.799696000489348,0.26354249985161005,0.406792559679161,1.1640369993983768,0.26354249985161005,0.406792559679161,1.1640369993983768,0.26354249985161005,0.406792559679161,1.1640369993983768
d5419d24e3f12cc98db8a0792babd5f886758ddd3fc42e7ea513816b648d1aed,cap1800,Mar2015,400.0,swmpc,2,1800.0,0.5,96.33333333333333,72.0,10.0,1500.0,600.0,1.4321855284847211,4.733856927603483,-4.140996874310076,40.37529235211583,5.105813966258985,1416.7409164814865,0,712.6387839842275,712.7034493407828,1620.0,1800.0,0.4389801016077399,0.2208090927711691,34.596553051645905,0.0,1.1731460525893739e-14,34.596553051645905,0.0,76074.15217799594,65000.0,3494.6166407388823,7399.535537257055,0.0,-6.366462912410498e-12,1.1823431123048067e-11,0,0,0,0.0,0,0,True,1008,0,1.757401575799823e-11,2.107019289493669e-13,4.1070458991036083e-10,0.7258255000124336,1.2016366098850995,4.313980999540945,1.3911244621223153,4.733856927603483,-3.83048427850008,25.90702886888554,5.105813966258985,1419.1561741137418,0,457.7067042460559,457.3100963827009,1533.4979487988212,1602.4099953227767,-1.3168104076758027,0.28656548613522714,34.5948783223586,0.0,1.1731460525893739e-14,34.5948783223586,0.0,45960.67430895261,43200.0,2242.340028345707,449.42223408295536,0.0,4.547473508864641e-12,-2.2737367544323206e-12,0,0,0,0.0,0,0,True,1008,0,1.757401575799823e-11,2.107019289493669e-13,4.1070458991036083e-10,0.7611940000060713,1.2127638005677,4.313980999540945,1.6881952548510795,4.366181157529354,-4.140996874310076,11.096748241156924,9.406096342546238,1416.7409164814865,0,195.62084830797107,195.87946705046022,1602.4099953227767,1800.0,0.4389801016077399,0.00026631548427513696,0.0,0.0,0.0,0.0,0.0,22650.0,14600.0,960.4606877751862,6891.949307547576,0.0,-1.432454155292362e-11,1.5120349416974932e-11,0,0,0,0.0,0,0,True,1008,0,1.757401575799823e-11,2.107019289493669e-13,4.1070458991036083e-10,0.7258255000124336,1.2016366098850995,4.313980999540945,0.2843090001078963,0.5052940598579876,0.6420899999284302,0.2843090001078963,0.5052940598579876,0.6420899999284302,0.2843090001078963,0.5052940598579876,0.6420899999284302
d5419d24e3f12cc98db8a0792babd5f886758ddd3fc42e7ea513816b648d1aed,cap1800,Mar2015,550.0,pid_lowdrag_preview,0,1800.0,0.5,96.75,72.0,10.0,1500.0,600.0,0.6458929260521705,2.7387620639055967,-2.7387620639055967,3.3076962822188505,6.621395717666125,1437.8565617647148,0,58.430951830816376,58.38735554283891,1620.0,1800.0,-0.3058442296460271,0.28122935099261737,0.0,0.0,0.0,0.0,0.0,75358.76326532586,65250.0,286.29218011708906,9642.471085208781,0.0,7.275957614183426e-12,-3.979039320256561e-13,0,0,0,0.0,0,0,True,0,0,,,,0.23680699996475596,0.41261503985879266,1.6422290000264184,0.6020885423164162,2.2043995736166835,-1.6805112045258284,2.122686822526137,6.623286274633399,1438.410782917022,0,37.35709660208666,37.46960411062682,1579.7140444190343,1487.4033555088238,0.47453455813229084,0.3639553775100163,0.0,0.0,0.0,0.0,0.0,44198.42448213722,43200.0,183.72564657573855,907.0095244717038,0.0,1.2391865311656147e-11,-2.842170943040401e-14,0,0,0,0.0,0,0,True,0,0,,,,0.2615700000205834,0.41834668018054777,1.6367199996238924,0.7979013311680372,2.7387620639055967,-2.7387620639055967,0.9372414107180593,8.455560097614908,1437.8565617647148,0,16.655396937568568,16.54415726475296,1487.4033555088238,1800.0,-0.3058442296460271,0.0007828449738831456,0.0,0.0,0.0,0.0,0.0,23820.93688034459,14850.0,81.12137992019396,8577.218855933217,0.0,-2.9558577807620168e-12,-3.552713678800501e-13,0,0,0,0.0,0,0,True,0,0,,,,0.23680699996475596,0.41261503985879266,1.6422290000264184,,,,,,,,,
d5419d24e3f12cc98db8a0792babd5f886758ddd3fc42e7ea513816b648d1aed,cap1800,Mar2015,550.0,pid_lowdrag_preview,1,1800.0,0.5,96.75,72.0,10.0,1500.0,600.0,0.6330933379457582,2.0488207545131445,-1.8830321254208684,3.3047323847309507,6.618928344096534,1437.9483496909381,0,58.42844569677738,58.335036913299064,1620.0,1800.0,-0.6552948616445065,0.2811971826191857,0.0,0.0,0.0,0.0,0.0,75351.03086294641,65250.0,286.03564487290316,9634.995218073513,0.0,3.637978807091713e-12,3.979039320256561e-13,0,0,0,0.0,0,0,True,0,0,,,,0.16258600044238847,0.42849036024563264,1.97855599981267,0.661376897850886,2.0488207545131445,-1.8830321254208684,2.1166482664889124,6.618928344096534,1437.9483496909381,0,37.35421141067505,37.363011700614365,1579.7094568581892,1487.5540827076354,0.737189082428813,0.3638920711229019,0.0,0.0,0.0,0.0,0.0,44189.361222999825,43200.0,183.2029893469147,898.3136078034622,0.0,-2.1600499167107046e-12,1.7053025658242404e-13,0,0,0,0.0,0,0,True,0,0,,,,0.16447299958599615,0.4081024002334743,1.97855599981267,0.6262430100895432,1.7875924427062273,-1.5426297588273883,0.9323028327164407,8.465206999787423,1438.7943262348872,0,16.655474205407984,16.456981634025425,1487.5540827076354,1800.0,-0.6552948616445065,0.0007745013019477831,0.0,0.0,0.0,0.0,0.0,23821.24663916519,14850.0,80.69392947065889,8578.106792402168,0.0,1.1368683772161603e-12,1.7053025658242404e-13,0,0,0,0.0,0,0,True,0,0,,,,0.16258600044238847,0.42849036024563264,1.97855599981267,,,,,,,,,
d5419d24e3f12cc98db8a0792babd5f886758ddd3fc42e7ea513816b648d1aed,cap1800,Mar2015,550.0,pid_lowdrag_preview,2,1800.0,0.5,96.75,72.0,10.0,1500.0,600.0,0.609618177101572,1.9647191865369678,-1.4588439501821995,3.30917831529592,6.620771174035243,1438.4728606772444,0,58.43595999637213,58.413516346254134,1620.0,1800.0,-0.15745246410369873,0.28119843135184064,0.0,0.0,0.0,0.0,0.0,75361.05976912058,65250.0,286.4204550384969,9644.63931408208,0.0,0.0,4.547473508864641e-13,0,0,0,0.0,0,0,True,0,0,,,,0.159440000061295,0.21199147919105607,0.3015749998667161,0.596963988838167,1.7443646294996142,-1.4588439501821995,2.1192431610426383,6.624557401663921,1438.4728606772444,0,37.36227279394682,37.40881670142996,1579.3876483947981,1487.7251608945703,0.4078269936144352,0.3638875283909945,0.0,0.0,0.0,0.0,0.0,44200.760804680525,43200.0,183.42758615253837,908.9957060282188,0.0,4.092726157978177e-12,0.0,0,0,0,0.0,0,0,True,0,0,,,,0.16027650053729303,0.21009929955653206,0.3015749998667161,0.7068008032514643,1.9647191865369678,-1.1459222445264459,0.9389702701142166,8.449999046417657,1438.9672005286182,0,16.65525307723795,16.57467503894793,1487.7251608945703,1800.0,-0.15745246410369873,0.0007876569504388087,0.0,0.0,0.0,0.0,0.0,23820.75823571496,14850.0,81.27101848535035,8577.212378124179,0.0,-4.547473508864641e-13,4.263256414560601e-13,0,0,0,0.0,0,0,True,0,0,,,,0.159440000061295,0.21199147919105607,0.3015749998667161,,,,,,,,,
d5419d24e3f12cc98db8a0792babd5f886758ddd3fc42e7ea513816b648d1aed,cap1800,Mar2015,550.0,swmpc,0,1800.0,0.5,96.75,72.0,10.0,1500.0,600.0,0.6225057680785475,2.7497835448011756,-2.7497835448011756,3.3818698719586893,5.199999999999999,1437.8411543761401,0,59.74050542428375,59.69666552371824,1620.0,1800.0,-0.3075523441657424,0.22280152045016144,34.23864557849584,0.0,1.7137661848592016e-14,34.23864557849584,0.0,75649.7534730408,65250.0,292.7121524790866,9927.041320561704,0.0,-1.8189894035458565e-12,-9.663381206337363e-13,0,0,0,0.0,0,0,True,1008,0,6.897589917003905e-11,1.0546819263378719e-13,3.6457347062655774e-10,0.724523999451776,3.478543919554795,5.922018999626744,0.5589459863414165,2.0789768928661942,-1.4640408447012305,2.188110803204253,5.204866094704135,1437.8411543761401,0,38.54721364236389,38.624466254837046,1579.5448047294751,1521.33441941914,0.32653144374489784,0.2888505959293374,34.23864557849584,0.0,1.7137661848592016e-14,34.23864557849584,0.0,44402.52245166615,43200.0,189.38831099899954,1071.3445259774671,0.0,-1.5916157281026244e-11,-9.379164112033322e-13,0,0,0,0.0,0,0,True,1008,0,6.897589917003905e-11,1.0546819263378719e-13,3.6457347062655774e-10,0.7519949999732489,4.197314489265388,5.922018999626744,0.799383219395755,2.7497835448011756,-2.7497835448011756,0.938915061154928,9.924108149207166,1437.85076767973,0,16.66408637357769,16.573700492054897,1521.33441941914,1800.0,-0.3075523441657424,3.194101464343291e-05,0.0,0.0,0.0,0.0,0.0,23848.814189831362,14850.0,81.26623996520529,8638.882369285306,0.0,8.640199666842818e-12,-5.684341886080802e-14,0,0,0,0.0,0,0,True,1008,0,6.897589917003905e-11,1.0546819263378719e-13,3.6457347062655774e-10,0.724523999451776,3.478543919554795,5.922018999626744,0.277599000128248,1.2255502196876435,4.122301999814226,0.277599000128248,1.2255502196876435,4.122301999814226,0.277599000128248,1.2255502196876435,4.122301999814226
d5419d24e3f12cc98db8a0792babd5f886758ddd3fc42e7ea513816b648d1aed,cap1800,Mar2015,550.0,swmpc,1,1800.0,0.5,96.75,72.0,10.0,1500.0,600.0,0.6190060847267747,2.2118322206661105,-1.7734252456575632,3.377732683843443,5.199999999999999,1438.0479191793656,0,59.71752613216955,59.62363600322337,1620.0,1800.0,-0.6586707411333919,0.22353926975224536,34.24433921317253,0.0,1.105657398778178e-14,34.24433921317253,0.0,75678.71420203517,65250.0,292.3540650055067,9956.360137029667,0.0,0.0,-1.3073986337985843e-12,0,0,0,0.0,0,0,True,1008,0,1.005049657904375e-10,1.4575063131635239e-13,3.5202449833325245e-10,0.7200770005511004,1.3019783999698125,3.5745260001931456,0.6531159218328247,2.2118322206661105,-1.7734252456575632,2.183002083499155,5.199999999999999,1438.0479191793656,0,38.525212460760066,38.534287287864196,1579.6563316919396,1521.9498726882239,0.5425127651542425,0.2898553129298057,34.24433921317253,0.0,1.105657398778178e-14,34.24433921317253,0.0,44441.88026165635,43200.0,188.9461342157672,1110.6405864442947,0.0,-1.8189894035458565e-12,-1.3642420526593924e-12,0,0,0,0.0,0,0,True,1008,0,1.005049657904375e-10,1.4575063131635239e-13,3.5202449833325245e-10,0.7513045002269791,1.3942513608526492,3.5745260001931456,0.6250681647284577,1.7952503021806479,-1.5984278097748756,0.9343352461680232,9.929430456507685,1438.8211938761178,0,16.66408115132844,16.492857735300355,1521.9498726882239,1800.0,-0.6586707411333919,2.9700986318270672e-05,0.0,0.0,0.0,0.0,0.0,23848.897350882933,14850.0,80.86984165494266,8639.977381916218,0.0,4.547473508864641e-12,4.263256414560601e-14,0,0,0,0.0,0,0,True,1008,0,1.005049657904375e-10,1.4575063131635239e-13,3.5202449833325245e-10,0.7200770005511004,1.3019783999698125,3.5745260001931456,0.2766924994830333,0.5525448905427761,1.3062819998594932,0.2766924994830333,0.5525448905427761,1.3062819998594932,0.2766924994830333,0.5525448905427761,1.3062819998594932
d5419d24e3f12cc98db8a0792babd5f886758ddd3fc42e7ea513816b648d1aed,cap1800,Mar2015,550.0,swmpc,2,1800.0,0.5,96.75,72.0,10.0,1500.0,600.0,0.5771762660928011,2.0139782847836614,-1.3081922195851803,3.3830941312200955,5.202293381278775,1438.481024456725,0,59.74112983744969,59.71827611147335,1620.0,1800.0,-0.1603281833231449,0.22257519737626041,34.269530849214654,0.0,1.3135219004543592e-14,34.269530849214654,0.0,75640.72646595353,65250.0,292.81811621428983,9917.908349739237,0.0,-1.8189894035458565e-12,5.684341886080801e-13,0,0,0,0.0,0,0,True,1008,0,6.332593907593632e-11,9.450008490662221e-14,4.38432001643429e-10,0.7325859996853978,1.253401280082472,5.021709999709856,0.5616868575476031,1.9564461139962077,-1.3081922195851803,2.1865782118673156,5.202293381278775,1438.481024456725,0,38.54739118997154,38.5974129985358,1579.3909613434314,1523.2307025121008,0.33350778743624687,0.28859118187089505,34.269530849214654,0.0,1.3135219004543592e-14,34.269530849214654,0.0,44400.792625403556,43200.0,189.25566009104395,1067.6972241438477,0.0,5.5706550483591855e-12,-8.526512829121202e-14,0,0,0,0.0,0,0,True,1008,0,6.332593907593632e-11,9.450008490662221e-14,4.38432001643429e-10,0.76391299990064,1.2624411895558292,5.021709999709856,0.7108736009418899,2.0139782847836614,-1.1456521628424525,0.9400457379229565,9.936112427911725,1438.9564913042257,0,16.664053194474967,16.593659164443757,1523.2307025121008,1800.0,-0.1603281833231449,2.6888708791417137e-05,0.0,0.0,0.0,0.0,0.0,23849.00175668612,14850.0,81.36410382249755,8640.868355375727,0.0,3.637978807091713e-12,7.247535904753022e-13,0,0,0,0.0,0,0,True,1008,0,6.332593907593632e-11,9.450008490662221e-14,4.38432001643429e-10,0.7325859996853978,1.253401280082472,5.021709999709856,0.2835480004250712,0.5365902300491143,3.6346269998830394,0.2835480004250712,0.5365902300491143,3.6346269998830394,0.2835480004250712,0.5365902300491143,3.6346269998830394
d5419d24e3f12cc98db8a0792babd5f886758ddd3fc42e7ea513816b648d1aed,cap1800,May2024,400.0,pid_lowdrag_preview,0,1800.0,0.5,96.58333333333333,72.0,10.0,1500.0,600.0,2.3682896389415604,9.200180205516517,-8.074149618856609,105.63812888803533,7.063547358324335,1402.69538348449,0,1864.0431469714235,1864.7210819877423,1620.0,1800.0,4.603768394328654,0.20523820253947722,0.0,0.0,0.0,0.0,0.0007674597083653108,83049.64977237213,65150.0,9143.333499337488,8576.316273034652,0.0,1.4551915228366852e-11,-1.0913936421275139e-11,0,0,0,0.0,0,0,True,0,0,,,,0.1600519999556127,0.22446331986429874,0.29410399929474806,2.4679173449437046,9.200180205516517,-8.074149618856609,72.2227328269568,7.065705190734086,1402.69538348449,0,1274.7756962702442,1274.8735131794585,1457.042516010403,1756.3350036596248,-0.5189046962186694,0.2596423940392746,0.0,0.0,0.0,0.0,0.0011574074074074073,51763.67514853482,43200.0,6251.119169010648,2013.263491874953,0.0,1.3642420526593924e-12,-1.000444171950221e-11,0,0,0,0.0,0,0,True,0,0,,,,0.1607174999662675,0.2257763600937323,0.29410399929474806,2.250792996422022,6.36774608772248,-6.36774608772248,25.984108140060584,8.542832903378997,1420.421640294209,0,457.9163673390726,458.6706973651121,1756.3350036596248,1800.0,4.603768394328654,0.0007123092043908041,0.0,0.0,0.0,0.0,0.0,23300.0,14750.0,2249.0114971577523,6257.323506501874,0.0,1.8189894035458565e-12,-2.2737367544323206e-12,0,0,0,0.0,0,0,True,0,0,,,,0.1600519999556127,0.22446331986429874,0.29410399929474806,,,,,,,,,
d5419d24e3f12cc98db8a0792babd5f886758ddd3fc42e7ea513816b648d1aed,cap1800,May2024,400.0,pid_lowdrag_preview,1,1800.0,0.5,96.58333333333333,72.0,10.0,1500.0,600.0,2.371961755171581,8.081064057536423,-8.081064057536423,105.61801089083389,7.031891944375543,1402.7390607988807,0,1864.3032796137188,1864.3659597046658,1620.0,1800.0,0.425464172847569,0.20530202261039154,0.0,0.0,0.0,0.0,0.0023023791250959325,83042.95214138422,65150.0,9141.592219368962,8571.359922015254,0.0,0.0,4.729372449219227e-11,0,0,0,0.0,0,0,True,0,0,,,,0.1600420000613667,0.22395720066924696,0.3258719998484594,2.408016617955811,8.081064057536423,-8.081064057536423,72.23811654242317,7.03917141901024,1402.7390607988807,0,1275.0019288330811,1275.1450660633611,1460.077258019176,1753.6052709669484,-0.04089811909943819,0.25973312230672085,0.0,0.0,0.0,0.0,0.003472222222222222,51744.64782558259,43200.0,6252.450681055147,1998.6691315796795,0.0,5.229594535194337e-12,3.456079866737127e-11,0,0,0,0.0,0,0,True,0,0,,,,0.1608170000508835,0.22877138944750178,0.3258719998484594,2.5135395953949247,7.152799682691693,-6.91955728828907,25.947203391298927,8.652504232737314,1416.618404700627,0,457.9505761258217,458.0192558470958,1753.6052709669484,1800.0,0.425464172847569,0.0006185773810772899,0.0,0.0,0.0,0.0,0.0,23300.0,14750.0,2245.817267676526,6257.788003290423,0.0,9.094947017729282e-13,1.0913936421275139e-11,0,0,0,0.0,0,0,True,0,0,,,,0.1600420000613667,0.22395720066924696,0.3258719998484594,,,,,,,,,
d5419d24e3f12cc98db8a0792babd5f886758ddd3fc42e7ea513816b648d1aed,cap1800,May2024,400.0,pid_lowdrag_preview,2,1800.0,0.5,96.58333333333333,72.0,10.0,1500.0,600.0,2.4321513868903817,9.246059354394674,-9.18260504025966,105.61511188753063,7.034742201949849,1401.2033925682542,0,1863.9409280040802,1864.314786585341,1620.0,1800.0,2.538722242228687,0.20535604747036207,0.0,0.0,0.0,0.0,0.0023023791250959325,83048.63936389438,65150.0,9141.341300933555,8577.298062960821,0.0,-9.094947017729282e-12,2.3646862246096134e-11,0,0,0,0.0,0,0,True,0,0,,,,0.24111400034598773,0.3849057001389156,7.808871000634099,2.4878929423130955,9.246059354394674,-9.18260504025966,72.19985522788355,7.034742201949849,1401.2033925682542,0,1274.6199521515482,1274.4696784869536,1457.00165627105,1755.3635983593676,-1.5642018746584654,0.2598203955205355,0.0,0.0,0.0,0.0,0.003472222222222222,51750.23781965873,43200.0,6249.139036267003,2002.7368413033957,0.0,-1.4551915228366852e-11,1.1823431123048067e-11,0,0,0,0.0,0,0,True,0,0,,,,0.17301150001003407,0.3755766797530667,7.808871000634099,2.5161115193635646,7.752758860588074,-6.200354656204581,25.975612226392144,8.549441304730609,1418.5908858317152,0,457.9165366701541,458.52072775190436,1755.3635983593676,1800.0,2.538722242228687,0.0007065808343984514,0.0,0.0,0.0,0.0,0.0,23300.0,14750.0,2248.2761474041326,6257.087450955236,0.0,9.094947017729282e-13,1.1823431123048067e-11,0,0,0,0.0,0,0,True,0,0,,,,0.24111400034598773,0.3849057001389156,7.808871000634099,,,,,,,,,
d5419d24e3f12cc98db8a0792babd5f886758ddd3fc42e7ea513816b648d1aed,cap1800,May2024,400.0,swmpc,0,1800.0,0.5,96.58333333333333,72.0,10.0,1500.0,600.0,4.394732577720344,20.46053015254438,-7.181812305003405,97.75502154487182,2.8320543618457794,705.837601118504,0,1724.8905937041723,1725.568707659423,1620.0,1800.0,4.603913969360292,0.27464159194154447,35.992517101488396,3.0339718119936956,1.2615826394420154e-14,35.992517101488396,0.0,79429.25150662448,65150.0,8461.02418348416,5638.227323140327,0.0,5.4569682106375694e-12,-2.000888343900442e-11,0,0,0,0.0,0,0,True,1008,0,4.547473508864641e-12,2.984416249522965e-13,2.1447744333408612e-10,0.8668780001244158,1.343090760474297,8.478212000227359,5.181893700215836,20.46053015254438,-7.181812305003405,64.94364518722195,3.1219830537980275,705.837601118504,0,1146.0355391310889,1146.3832765354882,1420.9062494918135,1133.432433649012,1.147639143280685,0.3522092374151963,35.992517101488396,3.0339718119936956,1.2615826394420154e-14,35.992517101488396,0.0,48533.61596357556,43200.0,5621.089779418369,0.0,0.0,6.59383658785373e-12,6.366462912410498e-12,0,0,0,0.0,0,0,True,1008,0,4.547473508864641e-12,2.984416249522965e-13,2.1447744333408612e-10,0.9082354999918607,1.393756970155662,8.478212000227359,2.249510695371249,6.367668443359435,-6.367668443359435,25.94013079159602,7.007772342497044,802.188758905229,0,457.3854674572665,457.8944105293192,1133.432433649012,1800.0,4.603913969360292,0.00223575667629039,0.0,0.0,0.0,0.0,0.0,23300.0,14750.0,2245.2051105086966,5638.227323140328,0.0,1.2505552149377763e-11,-2.5920599000528455e-11,0,0,0,0.0,0,0,True,1008,0,4.547473508864641e-12,2.984416249522965e-13,2.1447744333408612e-10,0.8668780001244158,1.343090760474297,8.478212000227359,0.4241599999659229,0.6281808203766558,1.6754589996708091,0.4241599999659229,0.6281808203766558,1.6754589996708091,0.4241599999659229,0.6281808203766558,1.6754589996708091
d5419d24e3f12cc98db8a0792babd5f886758ddd3fc42e7ea513816b648d1aed,cap1800,May2024,400.0,swmpc,1,1800.0,0.5,96.58333333333333,72.0,10.0,1500.0,600.0,4.405985863560082,20.029224891215563,-8.108570883050561,97.83196467804629,2.6088083616080895,705.8387421660022,0,1726.8640606968333,1726.9269055379227,1620.0,1800.0,0.42564220633357763,0.27400551563790876,35.97001594519782,2.6108551689707467,1.1746251600676955e-14,35.97001594519782,0.0,79446.52438468148,65150.0,8467.683869096772,5648.840515584703,0.0,-9.094947017729282e-12,-1.0913936421275139e-11,0,0,0,0.0,0,0,True,1008,0,7.73070496506989e-12,2.8558023988689415e-13,3.1441728048844526e-10,0.9322770001745084,2.0526492396493268,19.44283600005292,5.165582431962825,20.029224891215563,-8.108570883050561,65.03860700536607,3.132925391669308,705.8387421660022,0,1147.6402361725352,1148.059539700502,1463.2385962058108,1110.7772688290315,1.661213013343513,0.3512404945805082,35.97001594519782,2.6108551689707467,1.1746251600676955e-14,35.97001594519782,0.0,48505.28346461808,43200.0,5629.309042501982,28.435749492885634,0.0,1.000444171950221e-11,-2.9103830456733704e-11,0,0,0,0.0,0,0,True,1008,0,7.73070496506989e-12,2.8558023988689415e-13,3.1441728048844526e-10,1.0104299999511568,2.256020869763233,19.44283600005292,2.5131782078750384,7.152837938629091,-6.919611683115363,25.898695598900616,6.912378327341438,777.9959937989266,0,457.3449588448409,457.1629977509258,1110.7772688290315,1800.0,0.42564220633357763,0.0023600302265198714,0.0,0.0,0.0,0.0,0.0,23300.0,14750.0,2241.6187559470777,5619.158512881938,0.0,-1.546140993013978e-11,2.000888343900442e-11,0,0,0,0.0,0,0,True,1008,0,7.73070496506989e-12,2.8558023988689415e-13,3.1441728048844526e-10,0.9322770001745084,2.0526492396493268,19.44283600005292,0.44335399979900103,1.453286759906396,9.31018299979769,0.44335399979900103,1.453286759906396,9.31018299979769,0.44335399979900103,1.453286759906396,9.31018299979769
d5419d24e3f12cc98db8a0792babd5f886758ddd3fc42e7ea513816b648d1aed,cap1800,May2024,400.0,swmpc,2,1800.0,0.5,96.58333333333333,72.0,10.0,1500.0,600.0,4.374143562637374,16.916501049883664,-9.404016144573689,97.75948416252913,2.7160020860350502,716.3885263121193,0,1725.2734583163897,1725.6474816524444,1620.0,1800.0,2.538839330896735,0.27530980873106314,36.00188767655302,2.7212881106423357,1.1532716934853777e-14,36.00188767655302,0.0,79463.00409636708,65150.0,8461.410437973424,5671.593658393666,0.0,1.3642420526593924e-11,-2.3646862246096134e-11,0,0,0,0.0,0,0,True,1008,0,5.9117155615240335e-12,1.4529928743704054e-07,2.2324349240449928e-10,1.0131389999514795,1.3515265997375536,3.1396590002259472,5.119985626936593,16.916501049883664,-9.404016144573689,64.91392246647611,3.1374597773629316,716.3885263121193,0,1145.946372975691,1145.8586119605668,1460.3000991392014,1147.4394265185642,-1.0997662646695971,0.35337439829842665,36.00188767655302,2.7212881106423357,1.1532716934853777e-14,36.00188767655302,0.0,48507.246433350854,43200.0,5618.517178491544,1.5899274799444356,0.0,-3.183231456205249e-12,2.000888343900442e-11,0,0,0,0.0,0,0,True,1008,0,5.9117155615240335e-12,1.4529928743704054e-07,2.2324349240449928e-10,1.0632344997247856,1.3709638304499094,3.1396590002259472,2.515246465752009,7.752719508484006,-6.200235579162836,25.94104003599739,6.986865515753481,814.7669758959674,0,457.3746311804582,457.9104604842257,1147.4394265185642,1800.0,2.538839330896735,0.0022629645663440057,0.0,0.0,0.0,0.0,0.0,23300.0,14750.0,2245.28380865377,5652.155617864805,0.0,1.1368683772161603e-11,-4.18367562815547e-11,0,0,0,0.0,0,0,True,1008,0,5.9117155615240335e-12,1.4529928743704054e-07,2.2324349240449928e-10,1.0131389999514795,1.3515265997375536,3.1396590002259472,0.4603049997058406,0.6731706299342477,2.508464999664284,0.4603049997058406,0.6731706299342477,2.508464999664284,0.4603049997058406,0.6731706299342477,2.508464999664284
d5419d24e3f12cc98db8a0792babd5f886758ddd3fc42e7ea513816b648d1aed,cap1800,May2024,550.0,pid_lowdrag_preview,0,1800.0,0.5,97.0,72.0,10.0,1500.0,600.0,0.9570712557421854,2.935898656025529,-2.935898656025529,12.652124921635417,6.512088300690583,1446.6959027118367,0,223.55407874255778,223.3349295529591,1620.0,1800.0,-1.5374638931825757,0.28732660055356396,0.0,0.0,0.0,0.0,0.0,76916.93073848699,65400.0,1095.0837434502675,10241.84699503671,0.0,-1.0913936421275139e-11,-3.637978807091713e-12,0,0,0,0.0,0,0,True,0,0,,,,0.2754760002972034,0.3565222596353124,1.9207289997211774,0.9607913714799994,2.8664404191076756,-2.5958022698760033,8.575413216001586,6.512088300690583,1446.6959027118367,0,151.27977157954354,151.37293682646268,1719.3765542367803,1536.0351432472482,0.30474121402949095,0.37284338875206,0.0,0.0,0.0,0.0,0.0,44594.20605346651,43200.0,742.2307054646178,835.3167589914185,0.0,-2.7284841053187847e-12,-1.3642420526593924e-12,0,0,0,0.0,0,0,True,0,0,,,,0.27730300007533515,0.3565222596353123,1.9207289997211774,1.0036667388264957,2.935898656025529,-2.935898656025529,3.2778225380373804,7.926346257831564,1456.5553375261459,0,58.12261397967609,57.860025106758854,1536.0351432472482,1800.0,-1.5374638931825757,0.0012338839085657138,0.0,0.0,0.0,0.0,0.0,24744.632506465034,15000.0,283.70650760660016,9196.961142105676,0.0,-4.774847184307873e-12,-2.3305801732931286e-12,0,0,0,0.0,0,0,True,0,0,,,,0.2754760002972034,0.3565222596353124,1.9207289997211774,,,,,,,,,
d5419d24e3f12cc98db8a0792babd5f886758ddd3fc42e7ea513816b648d1aed,cap1800,May2024,550.0,pid_lowdrag_preview,1,1800.0,0.5,97.0,72.0,10.0,1500.0,600.0,0.8778724242205513,2.958647613413632,-2.662675494328141,12.658666011338285,6.519651196918917,1447.0095591513643,0,223.5677496662761,223.45039267216384,1620.0,1800.0,-0.8233358040452003,0.2872717671271626,0.0,0.0,0.0,0.0,0.0,76907.29251479048,65400.0,1095.6498966492354,10231.642618141224,0.0,-1.4551915228366852e-11,1.5916157281026244e-12,0,0,0,0.0,0,0,True,0,0,,,,0.2621754997562675,0.45283477950761175,0.6244930000320892,0.8989522505166228,2.958647613413632,-2.5795807810500264,8.574337249152272,6.519651196918917,1447.0095591513643,0,151.29907100660103,151.35394389191882,1719.5232977254295,1536.0791296061745,0.29571774136275053,0.37271031101757235,0.0,0.0,0.0,0.0,0.0,44582.94543104525,43200.0,742.137576933838,824.2520222306573,0.0,-8.981260180007666e-12,-2.9558577807620168e-12,0,0,0,0.0,0,0,True,0,0,,,,0.268324999979086,0.3977547693466467,0.6244930000320892,0.9312989435950912,2.7240056889131665,-2.662675494328141,3.2836705526334065,7.937325978209232,1456.2480523324734,0,58.12276448781705,57.963254084968696,1536.0791296061745,1800.0,-0.8233358040452003,0.0012242789096380546,0.0,0.0,0.0,0.0,0.0,24744.71989065441,15000.0,284.2126728361816,9196.5863474244,0.0,-3.865352482534945e-12,4.376943252282217e-12,0,0,0,0.0,0,0,True,0,0,,,,0.2621754997562675,0.45283477950761175,0.6244930000320892,,,,,,,,,
d5419d24e3f12cc98db8a0792babd5f886758ddd3fc42e7ea513816b648d1aed,cap1800,May2024,550.0,pid_lowdrag_preview,2,1800.0,0.5,97.0,72.0,10.0,1500.0,600.0,0.910119212217929,3.529998030513525,-2.5131636653095484,12.674155550658034,6.507611424316151,1447.7573221766033,0,223.57413880553023,223.72381355555262,1620.0,1800.0,1.050039740279317,0.2873013160736724,0.0,0.0,0.0,0.0,0.0,76929.2617070493,65400.0,1096.9905681022683,10252.271138947015,0.0,-1.6370904631912708e-11,5.6843418860808015e-12,0,0,0,0.0,0,0,True,0,0,,,,0.1600315003997821,0.36320564989182474,1.512021999587887,0.9150555958058031,3.225498281419277,-2.5131636653095484,8.565204617192249,6.507611424316151,1447.7573221766033,0,151.3018446897979,151.1927349465402,1719.389605465953,1538.4626187476986,-0.6387185966596007,0.3727877920765508,0.0,0.0,0.0,0.0,0.0,44606.119246629576,43200.0,741.3471170817415,845.6991162660688,0.0,-2.0236257114447653e-11,2.9558577807620168e-12,0,0,0,0.0,0,0,True,0,0,,,,0.1610780004739354,0.4188615501152521,1.512021999587887,1.0154152839687096,3.529998030513525,-2.1697047082707286,3.306311991129336,7.916284601190261,1455.8968939259337,0,58.122201923687186,58.36292007805767,1538.4626187476986,1800.0,1.050039740279317,0.0012426881795882805,0.0,0.0,0.0,0.0,0.0,24744.552346199896,15000.0,286.1723650917331,9196.842599855865,0.0,3.865352482534945e-12,2.6147972675971687e-12,0,0,0,0.0,0,0,True,0,0,,,,0.1600315003997821,0.36320564989182474,1.512021999587887,,,,,,,,,
d5419d24e3f12cc98db8a0792babd5f886758ddd3fc42e7ea513816b648d1aed,cap1800,May2024,550.0,swmpc,0,1800.0,0.5,97.0,72.0,10.0,1500.0,600.0,0.9576433870298853,3.1032812129706144,-2.935841550119221,12.816890845791505,5.224250112899901,1446.5517629368048,0,226.46252121877907,226.24337270318514,1620.0,1800.0,-1.537458443082869,0.24248460376889713,34.57704892209771,0.0,1.295713673107125e-14,34.57704892209771,0.0,76372.51611112812,65400.0,1109.3447854598514,9683.171325668263,0.0,-5.4569682106375694e-12,6.821210263296962e-13,0,0,0,0.0,0,0,True,1008,0,9.851693491238349e-11,1.7493865653101375e-13,3.8490199305116163e-10,0.7659109996893676,1.3193024997235638,4.012437000710634,0.9738454360417304,3.1032812129706144,-2.082308509387076,8.73360223227174,5.224250112899901,1446.5517629368048,0,154.17874104981425,154.16528459599286,1719.313275088983,1536.0357333482068,-0.5051824683323503,0.3145023989735731,34.57704892209771,0.0,1.295713673107125e-14,34.57704892209771,0.0,44174.00100864996,43200.0,755.9224940916488,401.35605629907536,0.0,-1.2505552149377763e-11,-2.3874235921539366e-12,0,0,0,0.0,0,0,True,1008,0,9.851693491238349e-11,1.7493865653101375e-13,3.8490199305116163e-10,0.8159414996953274,1.3445653803864837,4.012437000710634,1.0051524943140417,2.935841550119221,-2.935841550119221,3.285797300482667,9.901243688729013,1456.5533607004074,0,58.14793510491796,58.00079537420089,1536.0357333482068,1800.0,-1.537458443082869,4.114846302971653e-05,0.0,0.0,0.0,0.0,0.0,24750.0,15000.0,284.3967499782075,9201.63898337001,0.0,1.2050804798491299e-11,3.296918293926865e-12,0,0,0,0.0,0,0,True,1008,0,9.851693491238349e-11,1.7493865653101375e-13,3.8490199305116163e-10,0.7659109996893676,1.3193024997235638,4.012437000710634,0.3197725000063656,0.5843517000721477,3.5348250003153225,0.3197725000063656,0.5843517000721477,3.5348250003153225,0.3197725000063656,0.5843517000721477,3.5348250003153225
d5419d24e3f12cc98db8a0792babd5f886758ddd3fc42e7ea513816b648d1aed,cap1800,May2024,550.0,swmpc,1,1800.0,0.5,97.0,72.0,10.0,1500.0,600.0,0.8769116189593062,3.1141240261495113,-2.66248572897166,12.833711511211531,5.214032973293493,1446.6837234952732,0,226.65764237717084,226.54029058455956,1620.0,1800.0,-0.8232984924688935,0.24168664862621259,34.58739544303479,0.0,1.165130541782071e-14,34.58739544303479,0.0,76414.00478163404,65400.0,1110.8006703305316,9723.204111303507,0.0,0.0,-8.86757334228605e-12,0,0,0,0.0,0,0,True,1008,0,7.093710755939859e-11,2.34755600233205e-13,3.136903735812348e-10,0.7691559999329911,1.2948262796453494,2.0530689998849994,0.9009628642418377,3.1141240261495113,-2.3499392149969935,8.740924568528362,5.225801422217618,1446.6837234952732,0,154.34802963724988,154.2945382559264,1719.4727693912077,1536.060906790447,-0.32445221208035946,0.31354163252516953,34.58739544303479,0.0,1.165130541782071e-14,34.58739544303479,0.0,44201.660050332954,43200.0,756.5562667937374,428.5156461399906,0.0,1.3642420526593924e-11,1.2505552149377763e-12,0,0,0,0.0,0,0,True,1008,0,7.093710755939859e-11,2.34755600233205e-13,3.136903735812348e-10,0.8103929999379034,1.2998958300795493,2.0530689998849994,0.9308810175032945,2.724129183217883,-2.66248572897166,3.2901016743665767,9.900473727872939,1456.251168515543,0,58.14788073296168,58.076776052866705,1536.060906790447,1800.0,-0.8232984924688935,4.146928005299699e-05,0.0,0.0,0.0,0.0,0.0,24750.0,15000.0,284.76930793942176,9201.291598851021,0.0,-4.547473508864641e-12,-1.0061285138363019e-11,0,0,0,0.0,0,0,True,1008,0,7.093710755939859e-11,2.34755600233205e-13,3.136903735812348e-10,0.7691559999329911,1.2948262796453494,2.0530689998849994,0.31960800015440327,0.563337160338051,0.6877189998704125,0.31960800015440327,0.563337160338051,0.6877189998704125,0.31960800015440327,0.563337160338051,0.6877189998704125
d5419d24e3f12cc98db8a0792babd5f886758ddd3fc42e7ea513816b648d1aed,cap1800,May2024,550.0,swmpc,2,1800.0,0.5,97.0,72.0,10.0,1500.0,600.0,0.9147677312684898,3.5302671771496534,-2.3570910217240453,12.833367133943666,5.21215264515811,1447.0391395294769,0,226.38453619615433,226.5342116473595,1620.0,1800.0,1.050047836266458,0.24266982186123798,34.554380243117606,0.0,1.1379211758712135e-14,34.554380243117606,0.0,76389.86210506455,65400.0,1110.7708633257887,9699.091241738746,0.0,-1.0913936421275139e-11,-4.547473508864641e-13,0,0,0,0.0,0,0,True,1008,0,7.80689103412194e-11,1.7971516142165925e-13,4.569950428586562e-10,0.7287549997272436,1.2231945999701566,1.3465430001815548,0.9285331886105698,3.10918206255883,-2.3570910217240453,8.724915414045292,5.223870928093916,1447.0391395294769,0,154.0813551638829,154.01194514126615,1719.2652105179066,1537.2852417852928,-0.6954085920006037,0.3149488341625464,34.554380243117606,0.0,1.1379211758712135e-14,34.554380243117606,0.0,44179.69314003064,43200.0,755.1706209097952,406.5024878534689,0.0,8.185452315956354e-12,1.7053025658242404e-12,0,0,0,0.0,0,0,True,1008,0,7.80689103412194e-11,1.7971516142165925e-13,4.569950428586562e-10,0.7574384999315953,1.2287604904759064,1.3465430001815548,1.017198233951139,3.5302671771496534,-2.169224075973034,3.308218031594272,9.90712536140366,1455.8928617567858,0,58.14776557388353,58.39656544715993,1537.2852417852928,1800.0,1.050047836266458,3.8697766081785545e-05,0.0,0.0,0.0,0.0,0.0,24750.0,15000.0,286.337339271199,9200.947902514083,0.0,-1.1823431123048067e-11,-2.3874235921539366e-12,0,0,0,0.0,0,0,True,1008,0,7.80689103412194e-11,1.7971516142165925e-13,4.569950428586562e-10,0.7287549997272436,1.2231945999701566,1.3465430001815548,0.2963575002468133,0.539861590550572,0.7274079998751404,0.2963575002468133,0.539861590550572,0.7274079998751404,0.2963575002468133,0.539861590550572,0.7274079998751404
d5419d24e3f12cc98db8a0792babd5f886758ddd3fc42e7ea513816b648d1aed,eta04,Feb2022,400.0,pid_lowdrag_preview,0,1500.0,0.4,96.16666666666667,72.0,10.0,1500.0,600.0,1.2432888669430073,4.910839133895934,-4.336027734912932,28.66755511891726,6.889366203225222,1123.2760048333962,0,506.30915257751246,506.0388229324741,1350.0,1500.0,-1.8353512361645699,0.2398709765052447,0.0,0.0,0.0,0.0,0.0,77127.80282881595,64900.0,3101.5910143192086,8976.211814496755,0.0,9.094947017729282e-12,-6.366462912410498e-12,0,0,0,0.0,0,0,True,0,0,,,,0.1708929999040265,0.45584759008306713,1.0016719998020562,1.2332348329934297,4.910839133895934,-3.891200157813728,18.144485856310506,6.889366203225222,1130.93005894717,0,320.2526981156855,320.28592000101526,1283.7988119700253,1209.5180446371962,0.06840424425899982,0.3075947200822169,0.0,0.0,0.0,0.0,0.0,46923.14377353886,43200.0,1963.0824483612287,1834.3420925104767,0.0,1.546140993013978e-11,-6.366462912410498e-12,0,0,0,0.0,0,0,True,0,0,,,,0.17254049998882692,0.46466026943562583,1.0016719998020562,1.3636264254566797,4.336027734912932,-4.336027734912932,7.97118346345945,8.676495520545565,1123.2760048333962,0,140.98750228358477,140.70709136148452,1209.5180446371962,1500.0,-1.8353512361645699,0.0006176012992423763,0.0,0.0,0.0,0.0,0.0,22550.0,14500.0,862.4157484375498,6897.102296199649,0.0,2.5011104298755527e-12,-2.2737367544323206e-13,0,0,0,0.0,0,0,True,0,0,,,,0.1708929999040265,0.45584759008306713,1.0016719998020562,,,,,,,,,
d5419d24e3f12cc98db8a0792babd5f886758ddd3fc42e7ea513816b648d1aed,eta04,Feb2022,400.0,pid_lowdrag_preview,1,1500.0,0.4,96.16666666666667,72.0,10.0,1500.0,600.0,1.2706562215683959,5.465245035476983,-4.805503303185105,28.677080305909644,6.8758638420286955,1122.4286982566002,0,506.4435688981393,506.20696124750793,1350.0,1500.0,-1.6064132116734982,0.23976287058886725,0.0,0.0,0.0,0.0,0.0,77163.2278609697,64900.0,3102.6215603236747,9010.606300645997,0.0,-2.3646862246096134e-11,5.002220859751105e-12,0,0,0,0.0,0,0,True,0,0,,,,0.23801499992259778,0.43160543004887586,1.411039999766217,1.285371024129232,5.465245035476983,-4.805503303185105,18.160016084288166,6.883461790300154,1128.0157262705607,0,320.35270882787506,320.5600591193722,1283.6303489125378,1207.8958344128475,1.4084353419020772,0.3074125015225211,0.0,0.0,0.0,0.0,0.0,46946.65449512919,43200.0,1964.7626898518704,1857.6263197769995,0.0,-7.503331289626658e-12,1.3642420526593924e-12,0,0,0,0.0,0,0,True,0,0,,,,0.2219550001427706,0.4324635304783442,1.411039999766217,1.3755166203762694,4.14804950915277,-4.14804950915277,7.962295453858914,8.832989640717614,1122.4286982566002,0,140.99427437613429,140.5502004826539,1207.8958344128475,1500.0,-1.6064132116734982,0.0005418507330763322,0.0,0.0,0.0,0.0,0.0,22550.0,14500.0,861.4541397270145,6896.441694685825,0.0,-7.958078640513122e-12,3.410605131648481e-12,0,0,0,0.0,0,0,True,0,0,,,,0.23801499992259778,0.43160543004887586,1.411039999766217,,,,,,,,,
d5419d24e3f12cc98db8a0792babd5f886758ddd3fc42e7ea513816b648d1aed,eta04,Feb2022,400.0,pid_lowdrag_preview,2,1500.0,0.4,96.16666666666667,72.0,10.0,1500.0,600.0,1.2706509163076223,4.334965346381068,-4.334965346381068,28.676157742495693,6.867019491304134,1123.371780435151,0,506.46345107242996,506.19067618580067,1350.0,1500.0,-1.8519614432007074,0.23978392387698044,0.0,0.0,0.0,0.0,0.0,77169.76390626194,64900.0,3102.521746635927,9017.242159626003,0.0,-1.2732925824820995e-11,-5.002220859751105e-12,0,0,0,0.0,0,0,True,0,0,,,,0.1696809999884863,0.457863420342619,3.548745999978564,1.2885218604526658,4.334965346381068,-4.334965346381068,18.13764032239407,6.867019491304134,1129.4437682338314,0,320.38197361445486,320.165082841689,1282.759613244179,1214.2060922842334,-1.435356148518622,0.3074396205917458,0.0,0.0,0.0,0.0,0.0,46955.71775990393,43200.0,1962.3418185309113,1861.929462332957,0.0,-5.229594535194337e-12,-2.9558577807620168e-12,0,0,0,0.0,0,0,True,0,0,,,,0.17032200048561208,0.4600360194672247,3.548745999978564,1.3064493490313234,3.6678357999771833,-3.4601681167259812,7.983463986014012,8.647397904876811,1123.371780435151,0,140.98522085232634,140.92386677720015,1214.2060922842334,1500.0,-1.8519614432007074,0.000631721148977693,0.0,0.0,0.0,0.0,0.0,22550.0,14500.0,863.7443988316388,6900.461693452595,0.0,4.547473508864641e-13,-2.1600499167107046e-12,0,0,0,0.0,0,0,True,0,0,,,,0.1696809999884863,0.457863420342619,3.548745999978564,,,,,,,,,
d5419d24e3f12cc98db8a0792babd5f886758ddd3fc42e7ea513816b648d1aed,eta04,Feb2022,400.0,swmpc,0,1500.0,0.4,96.16666666666667,72.0,10.0,1500.0,600.0,1.1987055306460175,4.551623225212097,-4.345326071605086,28.769689764026452,6.391929608641499,1123.2760231340646,0,508.1120322292719,507.8417006239087,1350.0,1500.0,-1.835351986810565,0.20703717467284521,27.66862578258871,0.0,1.0484239864519209e-14,27.66862578258871,0.0,75548.46814223925,64900.0,3112.641133389644,7385.827008849608,0.0,6.366462912410498e-12,2.6830093702301383e-11,0,0,0,0.0,0,0,True,1008,0,2.1598908891566708e-11,1.7098003661460134e-13,1.3780440815093626e-10,0.6941780002307496,1.1394560503049431,1.2540529996840633,1.1628254565885279,4.551623225212097,-3.2217264119535685,18.205920732055844,6.399482233208184,1126.6950519976517,0,321.49226277444245,321.3703665846312,1325.4410204211817,1208.2627268508907,0.037005589343607426,0.26731221900599544,27.643286036302246,0.0,1.0484239864519209e-14,27.643286036302246,0.0,45460.74558940435,43200.0,1969.7291909169771,408.1946920576663,0.0,0.0,1.5006662579253316e-11,0,0,0,0.0,0,0,True,1008,0,2.1598908891566708e-11,1.7098003661460134e-13,1.3780440815093626e-10,0.716191500032437,1.1512259006121894,1.2540529996840633,1.363611850398605,4.345326071605086,-4.345326071605086,7.974507852371335,9.929115887922741,1123.2760231340646,0,141.04155932737484,140.7657733748266,1208.2627268508907,1500.0,-1.835351986810565,3.0553496584984075e-05,0.0,0.0,0.0,0.0,0.0,22550.0,14500.0,862.7754196663942,6895.487307184498,0.0,1.5916157281026244e-12,1.3073986337985843e-11,0,0,0,0.0,0,0,True,1008,0,2.1598908891566708e-11,1.7098003661460134e-13,1.3780440815093626e-10,0.6941780002307496,1.1394560503049431,1.2540529996840633,0.25684749971333076,0.4875071602327807,0.7869279997976264,0.25684749971333076,0.4875071602327807,0.7869279997976264,0.25684749971333076,0.4875071602327807,0.7869279997976264
d5419d24e3f12cc98db8a0792babd5f886758ddd3fc42e7ea513816b648d1aed,eta04,Feb2022,400.0,swmpc,1,1500.0,0.4,96.16666666666667,72.0,10.0,1500.0,600.0,1.154943051398939,4.148059393279254,-4.148059393279254,28.776064234481762,6.427115999377227,1122.4445711697138,0,508.1908327465748,507.95422258514094,1350.0,1500.0,-1.6064145350828767,0.20688329345233591,27.680511668664515,0.0,1.0509601298232904e-14,27.680511668664515,0.0,75542.86603328752,64900.0,3113.33079807163,7379.5352352159025,0.0,1.7280399333685637e-11,-1.8189894035458565e-12,0,0,0,0.0,0,0,True,1008,0,2.058938103260466e-11,1.538348917258192e-13,1.139109514419654e-10,0.7450895000147284,1.6937469101139866,7.620640999448369,1.1252871801310786,3.6255674259737134,-3.409584606066346,18.20424204847848,6.450230533647257,1127.2829284503844,0,321.4544030253751,321.3407345124799,1324.4131494022222,1208.0987398391783,0.25729877687990665,0.2675558949221549,27.627107889713788,0.0,1.0298185072320642e-14,27.627107889713788,0.0,45455.7337947816,43200.0,1969.5475713167616,402.50063302788953,0.0,9.549694368615746e-12,4.547473508864641e-13,0,0,0,0.0,0,0,True,1008,0,2.058938103260466e-11,1.538348917258192e-13,1.139109514419654e-10,0.8019199999580451,1.8735592699158514,7.620640999448369,1.3729014713052667,4.148059393279254,-4.148059393279254,7.9745565552168785,9.923367815635617,1122.4445711697138,0,141.04114637112065,140.7666330759884,1208.0987398391783,1500.0,-1.6064145350828767,3.30311139501438e-05,0.0,0.0,0.0,0.0,0.0,22550.0,14500.0,862.7806889091686,6895.31805093001,0.0,6.821210263296962e-13,-2.2737367544323206e-12,0,0,0,0.0,0,0,True,1008,0,2.058938103260466e-11,1.538348917258192e-13,1.139109514419654e-10,0.7450895000147284,1.6937469101139866,7.620640999448369,0.2948650003418152,0.6155534405115757,2.137296000000788,0.2948650003418152,0.6155534405115757,2.137296000000788,0.2948650003418152,0.6155534405115757,2.137296000000788
d5419d24e3f12cc98db8a0792babd5f886758ddd3fc42e7ea513816b648d1aed,eta04,Feb2022,400.0,swmpc,2,1500.0,0.4,96.16666666666667,72.0,10.0,1500.0,600.0,1.1440215191472622,3.977224295027554,-3.460189066827297,28.78361500615977,6.326855624603384,1123.3717819014607,0,508.3602857545105,508.0875085802804,1350.0,1500.0,-1.851960957981646,0.20647681034319376,27.670000740608625,0.0,1.5671276584884338e-14,27.670000740608625,0.0,75545.81077130964,64900.0,3114.147728761768,7381.663042547863,0.0,-8.185452315956354e-12,4.547473508864641e-12,0,0,0,0.0,0,0,True,1008,0,1.9111111781948332e-11,1.7526788409997074e-13,9.588411918004945e-11,0.8027819994822494,1.2930113499169236,5.948603999968327,1.122764859524182,3.977224295027554,-3.023577586747706,18.207286700811366,6.326855624603384,1126.3896379596201,0,321.6804481747349,321.39447862412084,1326.350412752918,1211.12339581419,-1.0407043294981122,0.2666647771439583,27.63877805524179,0.0,1.5671276584884338e-14,27.63877805524179,0.0,45460.39691190712,43200.0,1969.8769773745266,405.7469514713189,0.0,-1.3642420526593924e-12,3.410605131648481e-12,0,0,0,0.0,0,0,True,1008,0,1.9111111781948332e-11,1.7526788409997074e-13,9.588411918004945e-11,1.020790999973542,1.312275529826365,5.948603999968327,1.3096229311873404,3.6679680654779077,-3.460189066827297,7.983298207074014,9.92567128317414,1123.3717819014607,0,141.04042604712583,140.920940452323,1211.12339581419,1500.0,-1.851960957981646,3.203824001130062e-05,0.0,0.0,0.0,0.0,0.0,22550.0,14500.0,863.7264629292417,6897.396932884946,0.0,-1.5916157281026244e-12,6.821210263296962e-13,0,0,0,0.0,0,0,True,1008,0,1.9111111781948332e-11,1.7526788409997074e-13,9.588411918004945e-11,0.8027819994822494,1.2930113499169236,5.948603999968327,0.34056449976560543,0.5238760499469206,4.889560000265192,0.34056449976560543,0.5238760499469206,4.889560000265192,0.34056449976560543,0.5238760499469206,4.889560000265192
d5419d24e3f12cc98db8a0792babd5f886758ddd3fc42e7ea513816b648d1aed,eta04,Feb2022,550.0,pid_lowdrag_preview,0,1500.0,0.4,96.58333333333333,72.0,10.0,1500.0,600.0,0.5728673428162877,2.2199937738478184,-2.2199937738478184,2.215522184551815,6.632452931594592,1138.5579195130208,0,39.15930288455823,39.108331136043304,1350.0,1500.0,-0.3575823362916708,0.2790639941523452,0.0,0.0,0.0,0.0,0.0,75656.2051641789,65150.0,239.70107220954796,10116.50409196934,0.0,-1.2732925824820995e-11,-1.7053025658242404e-13,0,0,0,0.0,0,0,True,0,0,,,,0.18516900036047446,0.3764355600105775,0.5064340002718382,0.5657576590312642,1.848008164204657,-1.1604658719152212,1.3885905343965386,6.653530255447878,1139.2518353459782,0,24.356721892771677,24.51135845545151,1179.3907704223966,1247.8480577152811,0.515908993780613,0.35998412741316466,0.0,0.0,0.0,0.0,0.0,44868.12681306926,43200.0,150.23394587322093,1449.435579903153,0.0,-4.092726157978177e-12,-9.663381206337363e-13,0,0,0,0.0,0,0,True,0,0,,,,0.19703750012922683,0.36824115037234134,0.5064340002718382,0.615620148429264,2.2199937738478184,-2.2199937738478184,0.6445109693663025,8.820046519394918,1138.5579195130208,0,11.501401222063894,11.376888295925234,1247.8480577152811,1500.0,-0.3575823362916708,0.000538813115570691,0.0,0.0,0.0,0.0,0.0,23530.131266363333,14750.0,69.73072600452059,8458.248598074097,0.0,2.9558577807620168e-12,7.247535904753022e-13,0,0,0,0.0,0,0,True,0,0,,,,0.18516900036047446,0.3764355600105775,0.5064340002718382,,,,,,,,,
d5419d24e3f12cc98db8a0792babd5f886758ddd3fc42e7ea513816b648d1aed,eta04,Feb2022,550.0,pid_lowdrag_preview,1,1500.0,0.4,96.58333333333333,72.0,10.0,1500.0,600.0,0.5424910512736466,1.770728106610477,-1.457826815545559,2.2147449476102548,6.6267309510046735,1138.6784375821842,0,39.155397695801874,39.09461137286753,1350.0,1500.0,-0.4264346584677696,0.2790472257237021,0.0,0.0,0.0,0.0,0.0,75650.92679303463,65150.0,239.616981637333,10111.309811397286,0.0,-5.4569682106375694e-12,-5.968558980384842e-13,0,0,0,0.0,0,0,True,0,0,,,,0.18152399934479035,0.42619248069968313,1.4124310000624973,0.5808270611029267,1.770728106610477,-1.457826815545559,1.3829328695321095,6.6267309510046735,1139.0927947346884,0,24.352336157755314,24.411489524994433,1179.4684954559075,1247.767767616871,0.6705541210249066,0.3599597424733513,0.0,0.0,0.0,0.0,0.0,44861.848782278335,43200.0,149.62183359392958,1443.9276765234404,0.0,-2.0463630789890885e-12,-1.2221335055073723e-12,0,0,0,0.0,0,0,True,0,0,,,,0.16684699994584662,0.4395110096174901,1.4124310000624973,0.5046809584578208,1.6120826276019216,-1.1333834966644645,0.6427074625282807,8.826289408166545,1138.6784375821842,0,11.501424482771252,11.34505284732536,1247.767767616871,1500.0,-0.4264346584677696,0.0005358482599334691,0.0,0.0,0.0,0.0,0.0,23530.24059541495,14750.0,69.53560156576498,8458.472761466059,0.0,2.2737367544323206e-12,6.252776074688882e-13,0,0,0,0.0,0,0,True,0,0,,,,0.18152399934479035,0.42619248069968313,1.4124310000624973,,,,,,,,,
d5419d24e3f12cc98db8a0792babd5f886758ddd3fc42e7ea513816b648d1aed,eta04,Feb2022,550.0,pid_lowdrag_preview,2,1500.0,0.4,96.58333333333333,72.0,10.0,1500.0,600.0,0.4931255607570351,1.7923696851357818,-1.00377460103482,2.2152616324670746,6.625156508509711,1138.7211199271862,0,39.16100030302066,39.10373187845984,1350.0,1500.0,-0.40175548382103443,0.2790105922160373,0.0,0.0,0.0,0.0,0.0,75654.0085811282,65150.0,239.6728826411862,10114.335698487017,0.0,-1.8189894035458565e-12,-2.842170943040401e-14,0,0,0,0.0,0,0,True,0,0,,,,0.19189999966329196,0.3494555604083871,3.721315999428043,0.4779336032676962,1.262018715031445,-0.9957721326500177,1.3840293477466066,6.625156508509711,1138.7211199271862,0,24.358284149498957,24.43084452554269,1179.3161660149403,1247.2207395685748,0.27997095696628094,0.3599066291162317,0.0,0.0,0.0,0.0,0.0,44866.27114614043,43200.0,149.74046341650785,1448.6261091702816,0.0,-8.640199666842818e-12,-2.2737367544323206e-13,0,0,0,0.0,0,0,True,0,0,,,,0.17842950001067948,0.348765429780542,0.5255639998722472,0.5504661534578158,1.7923696851357818,-0.8452066257596016,0.6460542551368158,8.813424761453494,1138.827789520069,0,11.501307744636765,11.404130330047408,1247.2207395685748,1500.0,-0.40175548382103443,0.0005419585061300358,0.0,0.0,0.0,0.0,0.0,23530.015280086456,14750.0,69.89769668822487,8457.338322966805,0.0,-2.2737367544323206e-13,1.9895196601282805e-13,0,0,0,0.0,0,0,True,0,0,,,,0.19189999966329196,0.3494555604083871,3.721315999428043,,,,,,,,,
d5419d24e3f12cc98db8a0792babd5f886758ddd3fc42e7ea513816b648d1aed,eta04,Feb2022,550.0,swmpc,0,1500.0,0.4,96.58333333333333,72.0,10.0,1500.0,600.0,0.5675513589132106,2.226594344712794,-2.226594344712794,2.2390748433073457,5.2050278633338545,1138.5457970842458,0,39.57580790526203,39.52408196181588,1350.0,1500.0,-0.3628727924078703,0.22259717584984273,27.40480717553871,0.0,1.2377476856775992e-14,27.40480717553871,0.0,75641.83550464732,65150.0,242.2492739817761,10099.586230665518,0.0,-2.1827872842550278e-11,-4.263256414560601e-13,0,0,0,0.0,0,0,True,1008,0,6.477448438701535e-11,1.0059876917952038e-13,2.218822134013935e-10,1.0270800003127079,1.7181914400498526,8.89776899930439,0.5462862162785317,1.7141679665073752,-1.113923829048872,1.4088929687758267,5.2050278633338545,1139.0867280966568,0,24.715266079623937,24.869736418041548,1179.4200919038074,1311.9554857615287,0.5428674202412367,0.2887268685722917,27.40480717553871,0.0,1.1445027187998005e-14,27.40480717553871,0.0,44766.82117531945,43200.0,152.4305004024925,1281.8552810592255,0.0,-8.86757334228605e-12,-1.1368683772161603e-12,0,0,0,0.0,0,0,True,1008,0,6.477448438701535e-11,1.0059876917952038e-13,2.218822134013935e-10,1.0732349996942503,1.9830647598973754,8.89776899930439,0.6188798639307482,2.226594344712794,-2.226594344712794,0.6444999060666379,9.555779845700854,1138.5457970842458,0,11.505802886889551,11.376693006891308,1311.9554857615287,1500.0,-0.3628727924078703,0.00019480861381981907,0.0,0.0,0.0,0.0,0.0,23542.8164323654,14750.0,69.72952904751864,8535.042389079399,0.0,-8.412825991399586e-12,7.247535904753022e-13,0,0,0,0.0,0,0,True,1008,0,6.477448438701535e-11,1.0059876917952038e-13,2.218822134013935e-10,1.0270800003127079,1.7181914400498526,8.89776899930439,0.37319299963201047,0.6378867903458726,8.388551000280131,0.37319299963201047,0.6378867903458726,8.388551000280131,0.37319299963201047,0.6378867903458726,8.388551000280131
d5419d24e3f12cc98db8a0792babd5f886758ddd3fc42e7ea513816b648d1aed,eta04,Feb2022,550.0,swmpc,1,1500.0,0.4,96.58333333333333,72.0,10.0,1500.0,600.0,0.5440533923650556,1.5971891088411212,-1.3532755989581347,2.238874708590561,5.199999999999999,1138.565826337322,0,39.582963699964175,39.520549189799254,1350.0,1500.0,-0.4378564255312085,0.22315452760956167,27.36738679247288,0.0,1.7779000822286814e-14,27.36738679247288,0.0,75715.43185137588,65150.0,242.22762107009095,10173.2042303058,0.0,1.4551915228366852e-11,5.684341886080802e-14,0,0,0,0.0,0,0,True,1008,0,1.0062168405050342e-10,1.1340052382290891e-13,2.3699003649848057e-10,1.0969960003421875,1.4131227607140318,4.243715000484372,0.5834061503055854,1.5971891088411212,-1.3532755989581347,1.4054789029738275,5.199999999999999,1138.565826337322,0,24.72272557194829,24.809471430926823,1179.2790485695664,1310.42348962174,0.7279822379350662,0.2895007894150412,27.36738679247288,0.0,1.7779000822286814e-14,27.36738679247288,0.0,44842.48490362757,43200.0,152.06112688006294,1359.2793356953384,0.0,5.002220859751105e-12,8.526512829121202e-13,0,0,0,0.0,0,0,True,1008,0,1.0062168405050342e-10,1.1340052382290891e-13,2.3699003649848057e-10,1.1402060004002124,1.462165199873197,4.243715000484372,0.4996901207243553,1.5806615464389324,-1.1335969669744372,0.6423989955384748,9.556741351817777,1138.6634891302235,0,11.505793721737394,11.339607797275303,1310.42348962174,1500.0,-0.4378564255312085,0.00019436976831033181,0.0,0.0,0.0,0.0,0.0,23542.83261479355,14750.0,69.50222800321775,8533.75387641208,0.0,5.9117155615240335e-12,-8.100187187665142e-13,0,0,0,0.0,0,0,True,1008,0,1.0062168405050342e-10,1.1340052382290891e-13,2.3699003649848057e-10,1.0969960003421875,1.4131227607140318,4.243715000484372,0.40833649973137653,0.6073212500723456,1.73103299948707,0.40833649973137653,0.6073212500723456,1.73103299948707,0.40833649973137653,0.6073212500723456,1.73103299948707
d5419d24e3f12cc98db8a0792babd5f886758ddd3fc42e7ea513816b648d1aed,eta04,Feb2022,550.0,swmpc,2,1500.0,0.4,96.58333333333333,72.0,10.0,1500.0,600.0,0.4738693674283026,1.868238945491612,-0.8972888914868236,2.238079519686089,5.203800181115652,1138.6132341732323,0,39.56413051062371,39.50651253911311,1350.0,1500.0,-0.40420723892748356,0.22267184081549174,27.385522547300535,0.0,1.147695123704171e-14,27.385522547300535,0.0,75650.57374364881,65150.0,242.1415882448094,10108.432155404002,0.0,-1.8189894035458565e-12,1.1368683772161603e-13,0,0,0,0.0,0,0,True,1008,0,8.97982700734105e-11,1.184547678195034e-13,2.4670258489899714e-10,1.098898999771336,1.4082918792882997,4.355765000582323,0.4515056799012622,1.1747143855318427,-0.868922564201057,1.4050733076318502,5.203800181115652,1138.6132341732323,0,24.704490196021947,24.8023118741181,1179.2936239543362,1311.5140983290619,0.3501815851777792,0.2888138296517254,27.385522547300535,0.0,1.147695123704171e-14,27.385522547300535,0.0,44781.249172898715,43200.0,152.01724483770084,1297.0114536863005,0.0,1.1823431123048067e-11,1.4210854715202004e-13,0,0,0,0.0,0,0,True,1008,0,8.97982700734105e-11,1.184547678195034e-13,2.4670258489899714e-10,1.1407164997763175,1.4789943492633006,4.355765000582323,0.5588532757663064,1.868238945491612,-0.8466928899288177,0.6457106731171744,9.530681800456009,1138.8158656383928,0,11.505600592170147,11.398065430544122,1311.5140983290619,1500.0,-0.40420723892748356,0.000206279217731975,0.0,0.0,0.0,0.0,0.0,23542.39345384613,14750.0,69.86052397152864,8534.047028203662,0.0,2.2737367544323206e-13,-8.526512829121202e-14,0,0,0,0.0,0,0,True,1008,0,8.97982700734105e-11,1.184547678195034e-13,2.4670258489899714e-10,1.098898999771336,1.4082918792882997,4.355765000582323,0.3993229997831804,0.5945394300852052,2.448905999699491,0.3993229997831804,0.5945394300852052,2.448905999699491,0.3993229997831804,0.5945394300852052,2.448905999699491
d5419d24e3f12cc98db8a0792babd5f886758ddd3fc42e7ea513816b648d1aed,eta04,Mar2015,400.0,pid_lowdrag_preview,0,1500.0,0.4,96.33333333333333,72.0,10.0,1500.0,600.0,1.5472578781182853,6.352406658232212,-5.308044163510203,41.068805605834456,7.01261256098962,1111.600384133677,0,725.1912208836305,724.9453244900126,1350.0,1500.0,-1.6695928862318397,0.22392865940039497,0.0,0.0,0.0,0.0,0.0,78636.86721285591,65000.0,4443.303166506258,9043.564046349666,0.0,1.2732925824820995e-11,-3.456079866737127e-11,0,0,0,0.0,0,0,True,0,0,,,,0.27768400013883365,0.38142249998600164,0.547927000297932,1.541328658702633,6.352406658232212,-4.589222943410277,26.621370106972257,7.021147641123439,1111.600384133677,0,469.8788139635778,469.9196264871655,1201.560859615275,1298.8640574061953,0.27256791666150093,0.28741031893578817,0.0,0.0,0.0,0.0,0.0,48240.663114340095,43200.0,2880.210815681473,2063.1491008677176,0.0,1.546140993013978e-11,-3.637978807091713e-11,0,0,0,0.0,0,0,True,0,0,,,,0.28014249983243644,0.382020500355793,0.4795029999513645,1.6427177287579913,5.308044163510203,-5.308044163510203,11.062189204879317,8.524719061887971,1114.3454324177283,0,195.5554859332036,195.26943197885032,1298.8640574061953,1500.0,-1.6695928862318397,0.0007355013691124901,0.0,0.0,0.0,0.0,0.0,22650.0,14600.0,1196.836859447142,6652.027197959061,0.0,7.503331289626658e-12,2.0463630789890885e-12,0,0,0,0.0,0,0,True,0,0,,,,0.27768400013883365,0.38142249998600164,0.547927000297932,,,,,,,,,
d5419d24e3f12cc98db8a0792babd5f886758ddd3fc42e7ea513816b648d1aed,eta04,Mar2015,400.0,pid_lowdrag_preview,1,1500.0,0.4,96.33333333333333,72.0,10.0,1500.0,600.0,1.592082193428838,6.97701948042959,-5.016425038687885,41.08391979248434,6.995522607173576,1113.7631595453959,0,725.5374887025527,725.2121196593448,1350.0,1500.0,-2.2091819560155272,0.22365629395889153,0.0,0.0,0.0,0.0,0.0,78683.51071080679,65000.0,4444.938395785784,9088.572315020981,0.0,-2.3646862246096134e-11,-4.547473508864641e-12,0,0,0,0.0,0,0,True,0,0,,,,0.2549794999140431,0.46031035967644124,3.2688540004528477,1.6029020065293518,6.97701948042959,-5.016425038687885,26.652027703929395,6.995522607173576,1113.7631595453959,0,470.17276588896914,470.46079346893504,1202.186244551272,1296.3250064956503,2.4521628860384226,0.28702421279162293,0.0,0.0,0.0,0.0,0.0,48278.802142188564,43200.0,2883.527712670064,2101.1356675740976,0.0,-2.432898327242583e-11,1.000444171950221e-11,0,0,0,0.0,0,0,True,0,0,,,,0.2549794999140431,0.47443207955438943,3.2688540004528477,1.7368302289793185,5.482807812280953,-4.4732433538883924,11.040731977759954,8.753081999974782,1114.7134668296353,0,195.5772371542413,194.89066964946005,1296.3250064956503,1500.0,-2.2091819560155272,0.0005765125792930315,0.0,0.0,0.0,0.0,0.0,22650.0,14600.0,1194.5153659486543,6651.809640546993,0.0,-2.9558577807620168e-12,-1.4551915228366852e-11,0,0,0,0.0,0,0,True,0,0,,,,0.2549794999140431,0.46031035967644124,3.2688540004528477,,,,,,,,,
d5419d24e3f12cc98db8a0792babd5f886758ddd3fc42e7ea513816b648d1aed,eta04,Mar2015,400.0,pid_lowdrag_preview,2,1500.0,0.4,96.33333333333333,72.0,10.0,1500.0,600.0,1.6166705664761676,5.545659349299967,-5.545659349299967,41.10351269652285,6.991309762944297,1110.8712158490407,0,725.493300875702,725.5579730136394,1350.0,1500.0,0.4389884043484926,0.223695508529695,0.0,0.0,0.0,0.0,0.0,78667.9064941546,65000.0,4447.058185033889,9070.848309120704,0.0,-1.8189894035458565e-12,4.547473508864641e-12,0,0,0,0.0,0,0,True,0,0,,,,0.2662669999153877,0.454042690598726,1.4608250003220746,1.6321990352058968,5.545659349299967,-5.545659349299967,26.616856937298547,7.007238464006953,1110.8712158490407,0,470.1240328744217,469.8399601514801,1201.7255114565826,1299.4905012187864,-1.4688244676217437,0.28709691077571353,0.0,0.0,0.0,0.0,0.0,48264.65170152436,43200.0,2879.7225282622107,2087.1641834999537,0.0,9.322320693172514e-12,-1.864464138634503e-11,0,0,0,0.0,0,0,True,0,0,,,,0.2642340004967991,0.4644726100741531,1.4608250003220746,1.6867858881352111,4.365660076960921,-4.140222935937345,11.094117551744368,8.505060262212917,1110.9226104119782,0,195.55202030798796,195.83303019987,1299.4905012187864,1500.0,0.4389884043484926,0.0007527471648410833,0.0,0.0,0.0,0.0,0.0,22650.0,14600.0,1200.2912410059646,6649.199260212816,0.0,-6.366462912410498e-12,2.3419488570652902e-11,0,0,0,0.0,0,0,True,0,0,,,,0.2662669999153877,0.454042690598726,1.4608250003220746,,,,,,,,,
d5419d24e3f12cc98db8a0792babd5f886758ddd3fc42e7ea513816b648d1aed,eta04,Mar2015,400.0,swmpc,0,1500.0,0.4,96.33333333333333,72.0,10.0,1500.0,600.0,1.399156608014926,5.527463587000966,-5.307988816872239,40.68157328019719,5.010404716621865,1111.809666105009,0,718.3558130938395,718.1099110948406,1350.0,1500.0,-1.6695958590134978,0.21349156906037237,27.829542746199763,0.0,1.1904674723051291e-14,27.829542746199763,0.0,76690.0388039313,65000.0,4401.407849773896,7138.630954157385,0.0,-1.6370904631912708e-11,-9.094947017729282e-13,0,0,0,0.0,0,0,True,1008,0,1.4643847275775597e-11,2.335862099745801e-13,1.6966793988370168e-10,1.0372805004408292,1.3304948804307057,5.352528000003076,1.3393969992032342,5.527463587000966,-3.7543380493298173,26.24794083760091,5.5866385297133805,1111.809666105009,0,463.41357557363244,463.32786422710564,1231.1289280007757,1298.3755387271997,0.41601928882300854,0.27560752488266704,27.825487321991854,0.0,1.1904674723051291e-14,27.825487321991854,0.0,46541.45390941293,43200.0,2839.808874826712,434.3984238598048,0.0,1.2050804798491299e-11,-6.366462912410498e-12,0,0,0,0.0,0,0,True,1008,0,1.4643847275775597e-11,2.335862099745801e-13,1.6966793988370168e-10,1.074416500159714,1.3550214702991068,2.132790000359819,1.642812176472293,5.307988816872239,-5.307988816872239,11.063742845066411,9.141419227798805,1114.3454355940241,0,195.60404105625855,195.29685678882572,1298.3755387271997,1500.0,-1.6695958590134978,0.000390978830373756,0.0,0.0,0.0,0.0,0.0,22650.0,14600.0,1197.004950392599,6651.370588334587,0.0,-1.2960299500264227e-11,5.9117155615240335e-12,0,0,0,0.0,0,0,True,1008,0,1.4643847275775597e-11,2.335862099745801e-13,1.6966793988370168e-10,1.0372805004408292,1.3304948804307057,5.352528000003076,0.37043899965283344,0.5754560200603008,0.7454649994542706,0.37043899965283344,0.5754560200603008,0.7454649994542706,0.37043899965283344,0.5754560200603008,0.7454649994542706
d5419d24e3f12cc98db8a0792babd5f886758ddd3fc42e7ea513816b648d1aed,eta04,Mar2015,400.0,swmpc,1,1500.0,0.4,96.33333333333333,72.0,10.0,1500.0,600.0,1.3696446825880482,5.482799851335585,-4.473239843733609,40.6892952242422,4.837259957271912,1112.8262233480393,0,718.5715940272073,718.246218619468,1350.0,1500.0,-2.2091830894351006,0.21300843280823156,27.85989395419718,0.0,1.0891782402477702e-14,27.85989395419718,0.0,76689.37960940554,65000.0,4402.243299890398,7137.136309515135,0.0,-1.0913936421275139e-11,2.9103830456733704e-11,0,0,0,0.0,0,0,True,1008,0,1.2246237961024575e-11,2.786363436533918e-13,9.072003617126353e-11,0.8547494999220362,2.0393321408300813,74.78984099998343,1.3022763383452973,4.7554716896265745,-3.771438306197524,26.258153087697416,5.376438504059678,1112.8262233480393,0,463.52774187351037,463.5081305594437,1232.2817554418095,1297.623185455544,0.8132564695551991,0.2750617392375758,27.804069021262183,0.0,1.0891782402477702e-14,27.804069021262183,0.0,46539.25069846788,43200.0,2840.913755344229,432.99551310991615,0.0,2.7284841053187847e-12,9.094947017729282e-12,0,0,0,0.0,0,0,True,1008,0,1.2246237961024575e-11,2.786363436533918e-13,9.072003617126353e-11,1.0318774998268054,2.9232296292229853,74.78984099998343,1.7308878198838313,5.482799851335585,-4.473239843733609,11.056602051691602,9.318801264419044,1114.713468749205,0,195.61597630660947,195.17080771839858,1297.623185455544,1500.0,-2.2091830894351006,0.00030722117060788534,0.0,0.0,0.0,0.0,0.0,22650.0,14600.0,1196.232375944791,6651.390809510744,0.0,-9.549694368615746e-12,2.0463630789890885e-11,0,0,0,0.0,0,0,True,1008,0,1.2246237961024575e-11,2.786363436533918e-13,9.072003617126353e-11,0.8547494999220362,2.0393321408300813,74.78984099998343,0.3485359998194326,0.7300928301174268,4.394933999719797,0.3485359998194326,0.7300928301174268,4.394933999719797,0.3485359998194326,0.7300928301174268,4.394933999719797
d5419d24e3f12cc98db8a0792babd5f886758ddd3fc42e7ea513816b648d1aed,eta04,Mar2015,400.0,swmpc,2,1500.0,0.4,96.33333333333333,72.0,10.0,1500.0,600.0,1.4366539619620893,4.758027163334191,-4.140979679301381,40.70946879687335,5.037431731095011,1110.9292297197574,0,718.5376561132526,718.6023219183401,1350.0,1500.0,0.4389839107170701,0.213003294382908,27.81883831305868,0.0,1.1188412468881226e-14,27.81883831305868,0.0,76701.44365182349,65000.0,4404.42591265033,7147.0177391731595,0.0,2.7284841053187847e-12,-1.8189894035458565e-12,0,0,0,0.0,0,0,True,1008,0,1.404689188380819e-11,2.344640494242366e-13,1.357228116098305e-10,0.8027770004446211,1.4440728495992514,27.58229999926698,1.3980958155372416,4.758027163334191,-3.8450241442769766,26.23274830218081,5.037431731095011,1111.8813283210013,0,463.45480689432065,463.05968604764485,1231.2157203104007,1300.524837049709,-1.3024945352226496,0.2751931536387521,27.814831896746085,0.0,1.1188412468881226e-14,27.814831896746085,0.0,46549.59029062548,43200.0,2838.165168861974,442.1160050241974,0.0,2.0463630789890885e-12,4.092726157978177e-12,0,0,0,0.0,0,0,True,1008,0,1.404689188380819e-11,2.344640494242366e-13,1.357228116098305e-10,1.0373710001658765,1.5764895196389246,27.58229999926698,1.6879857420031597,4.366280688904226,-4.140979679301381,11.096628793453064,9.406096342546236,1110.9292297197574,0,195.62084822768975,195.87735856316726,1300.524837049709,1500.0,0.4389839107170701,0.00026631548427513696,0.0,0.0,0.0,0.0,0.0,22650.0,14600.0,1200.5629364709362,6649.961900578775,0.0,2.9558577807620168e-12,-6.139089236967266e-12,0,0,0,0.0,0,0,True,1008,0,1.404689188380819e-11,2.344640494242366e-13,1.357228116098305e-10,0.8027770004446211,1.4440728495992514,27.58229999926698,0.34713949980869074,0.6180755193418007,1.1986890003754525,0.34713949980869074,0.6180755193418007,1.1986890003754525,0.34713949980869074,0.6180755193418007,1.1986890003754525
d5419d24e3f12cc98db8a0792babd5f886758ddd3fc42e7ea513816b648d1aed,eta04,Mar2015,550.0,pid_lowdrag_preview,0,1500.0,0.4,96.75,72.0,10.0,1500.0,600.0,0.6473320227615162,2.7393397176638246,-2.7393397176638246,3.334179661460701,6.703535223504364,1137.320243238403,0,58.89845303807643,58.85483935871423,1350.0,1500.0,-0.3059663260355592,0.2733845582566591,0.0,0.0,0.0,0.0,0.0,76126.46882128985,65250.0,360.73050649821045,10365.738314791644,0.0,7.275957614183426e-12,-1.1368683772161603e-13,0,0,0,0.0,0,0,True,0,0,,,,0.2670230005605845,0.4513829995266863,1.3213449992690585,0.6041700948783596,2.2091583237051964,-1.6916546886786819,2.146567575805324,6.7059247323652285,1137.9871363853745,0,37.778316395604094,37.89114645108828,1279.6352766415764,1188.5864277747546,0.47648402117192745,0.3537489008718069,0.0,0.0,0.0,0.0,0.0,44862.00825718077,43200.0,232.24075709035378,1520.816348957267,0.0,2.660272002685815e-11,6.536993168992922e-13,0,0,0,0.0,0,0,True,0,0,,,,0.2625415004331444,0.49736009973457806,1.3213449992690585,0.7979555298149845,2.7393397176638246,-2.7393397176638246,0.9372765424575324,8.53973188369612,1137.320243238403,0,16.65631236127622,16.544777409163878,1188.5864277747546,1500.0,-0.3059663260355592,0.0007101831929894331,0.0,0.0,0.0,0.0,0.0,23823.634448960263,14850.0,101.40552586223603,8560.81535087278,0.0,-3.183231456205249e-12,-8.242295734817162e-13,0,0,0,0.0,0,0,True,0,0,,,,0.2670230005605845,0.4513829995266863,1.3213449992690585,,,,,,,,,
d5419d24e3f12cc98db8a0792babd5f886758ddd3fc42e7ea513816b648d1aed,eta04,Mar2015,550.0,pid_lowdrag_preview,1,1500.0,0.4,96.75,72.0,10.0,1500.0,600.0,0.6352470967788716,2.0513575058430433,-1.8884407449513674,3.33118590929563,6.700396275221671,1137.4134416166164,0,58.89540262514863,58.801993735308905,1350.0,1500.0,-0.6552957622334361,0.27334280498889085,0.0,0.0,0.0,0.0,0.0,76116.80080949473,65250.0,360.4066074152296,10356.394202079482,0.0,-1.8189894035458565e-11,-1.4210854715202004e-12,0,0,0,0.0,0,0,True,0,0,,,,0.27323299946147017,0.40046356010861944,1.9513850002113031,0.6643840206718431,2.0513575058430433,-1.8884407449513674,2.1404969726337097,6.700396275221671,1137.4134416166164,0,37.7747590569764,37.783988346021005,1279.6341292243062,1188.7810131102015,0.7394498512148857,0.35366774421325076,0.0,0.0,0.0,0.0,0.0,44850.59366579609,43200.0,231.5839683209409,1509.8628135892477,0.0,-8.185452315956354e-12,-1.1937117960769683e-12,0,0,0,0.0,0,0,True,0,0,,,,0.2787359999274486,0.3739432605561887,0.5968709992885124,0.6261927314925989,1.7918413933366537,-1.5408960171043873,0.9323379367919582,8.551897584604061,1138.4980499511487,0,16.65641623278281,16.457601290113324,1188.7810131102015,1500.0,-0.6552957622334361,0.0006997084042159596,0.0,0.0,0.0,0.0,0.0,23824.023325493483,14850.0,100.87120980730728,8561.933128796374,0.0,-3.637978807091713e-12,-1.7053025658242404e-13,0,0,0,0.0,0,0,True,0,0,,,,0.27323299946147017,0.40046356010861944,1.9513850002113031,,,,,,,,,
d5419d24e3f12cc98db8a0792babd5f886758ddd3fc42e7ea513816b648d1aed,eta04,Mar2015,550.0,pid_lowdrag_preview,2,1500.0,0.4,96.75,72.0,10.0,1500.0,600.0,0.6111208291261261,1.9642314575612545,-1.4661132553592324,3.33574539597296,6.702740686089283,1138.069278311859,0,58.90493809289045,58.88247765735262,1350.0,1500.0,-0.15757029224187136,0.2733438831360082,0.0,0.0,0.0,0.0,0.0,76129.62662802797,65250.0,360.89990594904816,10368.726722078925,0.0,7.275957614183426e-12,-1.0231815394945443e-12,0,0,0,0.0,0,0,True,0,0,,,,0.17883999953482999,0.43818563979584774,1.47181099964655,0.5993037073279921,1.7468922678381205,-1.4661132553592324,2.143178648941199,6.707607168423512,1138.069278311859,0,37.784982217188556,37.83132521575042,1279.227024871084,1188.995965548979,0.40700610913336277,0.35366091326212656,0.0,0.0,0.0,0.0,0.0,44865.18258103593,43200.0,231.8741033918995,1523.5395369661285,0.0,-6.59383658785373e-12,-6.536993168992922e-13,0,0,0,0.0,0,0,True,0,0,,,,0.1701219998722081,0.43970896022983647,1.47181099964655,0.7066864487795707,1.9642314575612545,-1.1458677826449275,0.9390269449364097,8.532731129841894,1138.7083933192862,0,16.656153274651558,16.575675461209123,1188.995965548979,1500.0,-0.15757029224187136,0.0007162141383666443,0.0,0.0,0.0,0.0,0.0,23823.410550113138,14850.0,101.59490485104129,8560.811610811077,0.0,1.1368683772161603e-12,-4.121147867408581e-13,0,0,0,0.0,0,0,True,0,0,,,,0.17883999953482999,0.43818563979584774,1.47181099964655,,,,,,,,,
d5419d24e3f12cc98db8a0792babd5f886758ddd3fc42e7ea513816b648d1aed,eta04,Mar2015,550.0,swmpc,0,1500.0,0.4,96.75,72.0,10.0,1500.0,600.0,0.622414306645537,2.7498088581487536,-2.7498088581487536,3.3797346787476403,5.199999999999999,1137.305589820193,0,59.702818088177814,59.65897515721297,1350.0,1500.0,-0.30757359974086285,0.22320551597394123,27.440528471077652,0.0,1.0615324816664482e-14,27.440528471077652,0.0,75606.89587511745,65250.0,365.659180453425,9841.236694664003,0.0,-2.1827872842550278e-11,-1.5916157281026244e-12,0,0,0,0.0,0,0,True,1008,0,7.438279661962004e-11,6.839389038374991e-14,1.57887607915489e-10,0.8354410001629731,1.324570000142558,10.185092999563494,0.5588374491651109,2.079473097808659,-1.462921628728509,2.18677166886081,5.20608629532736,1137.305589820193,0,38.523489114872724,38.60082789558105,1279.4320483641643,1221.918208834251,0.32692770659923553,0.2891526180942513,27.440528471077652,0.0,1.0615324816664482e-14,27.440528471077652,0.0,44389.569390639634,43200.0,236.59050555137372,1010.4927246181612,0.0,-1.2050804798491299e-11,-5.684341886080801e-13,0,0,0,0.0,0,0,True,1008,0,7.438279661962004e-11,6.839389038374991e-14,1.57887607915489e-10,1.0357234996263287,1.3278628598709474,10.185092999563494,0.7993929821994968,2.7498088581487536,-2.7498088581487536,0.9389135206551824,9.931581780938714,1137.3134111520228,0,16.664118694782125,16.573673299199562,1221.918208834251,1500.0,-0.30757359974086285,2.8795546742954592e-05,0.0,0.0,0.0,0.0,0.0,23848.930965327167,14850.0,101.58263328724665,8619.266540874174,0.0,4.092726157978177e-12,-1.0373923942097463e-12,0,0,0,0.0,0,0,True,1008,0,7.438279661962004e-11,6.839389038374991e-14,1.57887607915489e-10,0.8354410001629731,1.324570000142558,10.185092999563494,0.34967300007338054,0.565161670110683,5.8135250001214445,0.34967300007338054,0.565161670110683,5.8135250001214445,0.34967300007338054,0.565161670110683,5.8135250001214445
d5419d24e3f12cc98db8a0792babd5f886758ddd3fc42e7ea513816b648d1aed,eta04,Mar2015,550.0,swmpc,1,1500.0,0.4,96.75,72.0,10.0,1500.0,600.0,0.6189680403327266,2.211520907469094,-1.7724182792007923,3.3751871605621435,5.205852381774992,1137.5632846799392,0,59.672591986704354,59.57870250262843,1350.0,1500.0,-0.6586662279441953,0.22407545786308292,27.44621620542505,0.0,1.0536877045559548e-14,27.44621620542505,0.0,75631.774424729,65250.0,365.1671768108742,9866.607247918106,0.0,-1.6370904631912708e-11,3.979039320256561e-13,0,0,0,0.0,0,0,True,1008,0,7.277245937405684e-11,8.241785571097404e-14,2.372989782369527e-10,0.7628919993294403,1.494935159898887,9.947323999767832,0.6529496916016645,2.211520907469094,-1.7724182792007923,2.181264734948511,5.205852381774992,1137.5632846799392,0,38.49450948029323,38.503619663369214,1279.571103406246,1222.4589980376436,0.5428922874853015,0.2903774913363013,27.44621620542505,0.0,1.0536877045559548e-14,27.44621620542505,0.0,44424.66207736982,43200.0,235.99470110736107,1045.7794816310632,0.0,-1.4779288903810084e-12,-2.8421709430404007e-13,0,0,0,0.0,0,0,True,1008,0,7.277245937405684e-11,8.241785571097404e-14,2.372989782369527e-10,0.8076135004557727,1.8074720192544165,9.947323999767832,0.625087696295384,1.7950883293524384,-1.5987517014145851,0.9343339287273111,9.936411042572951,1138.5265098341542,0,16.66411135296864,16.492834479876777,1222.4589980376436,1500.0,-0.6586662279441953,2.6763029220111534e-05,0.0,0.0,0.0,0.0,0.0,23849.006422540202,14850.0,101.08715953255202,8620.378261045287,0.0,-6.821210263296962e-12,6.821210263296962e-13,0,0,0,0.0,0,0,True,1008,0,7.277245937405684e-11,8.241785571097404e-14,2.372989782369527e-10,0.7628919993294403,1.494935159898887,9.947323999767832,0.30532099981428473,0.5886522901255374,4.383775999485806,0.30532099981428473,0.5886522901255374,4.383775999485806,0.30532099981428473,0.5886522901255374,4.383775999485806
d5419d24e3f12cc98db8a0792babd5f886758ddd3fc42e7ea513816b648d1aed,eta04,Mar2015,550.0,swmpc,2,1500.0,0.4,96.75,72.0,10.0,1500.0,600.0,0.5770327306049348,2.014756335876882,-1.3078185580670834,3.3812195083144103,5.202874367655934,1138.1006250860373,0,59.70804310428142,59.68518532418049,1350.0,1500.0,-0.16035663336515427,0.22287990994922757,27.471525369689562,0.0,1.0889198189881842e-14,27.471525369689562,0.0,75602.14745196649,65250.0,365.8198266621094,9836.327625304386,0.0,3.637978807091713e-12,-1.0231815394945443e-12,0,0,0,0.0,0,0,True,1008,0,8.238765382536433e-11,7.528151136587656e-14,2.174028920529674e-10,0.7499920002373983,1.9578165998245864,39.986473000681144,0.56156203342002,1.9576734034344554,-1.3078185580670834,2.185493734825779,5.202874367655934,1138.1006250860373,0,38.528410466860215,38.57826984233262,1279.239762321863,1223.5046887287115,0.3331588162109256,0.2887508219693744,27.471525369689562,0.0,1.0286875884154705e-14,27.471525369689562,0.0,44391.8547796776,43200.0,236.45224371831927,1011.1376095524338,0.0,5.002220859751105e-12,-5.684341886080802e-14,0,0,0,0.0,0,0,True,1008,0,8.238765382536433e-11,7.528151136587656e-14,2.174028920529674e-10,0.7869325004321581,2.8182263307098747,39.986473000681144,0.710942476216831,2.014756335876882,-1.1456655645743012,0.9400493095128759,9.940128822143945,1138.6954663642498,0,16.664070554144253,16.59372221004176,1223.5046887287115,1500.0,-0.16035663336515427,2.5198307178508905e-05,0.0,0.0,0.0,0.0,0.0,23849.064512846,14850.0,101.70551619444169,8620.863685380262,0.0,-7.048583938740194e-12,-1.0231815394945443e-12,0,0,0,0.0,0,0,True,1008,0,8.238765382536433e-11,7.528151136587656e-14,2.174028920529674e-10,0.7499920002373983,1.9578165998245864,39.986473000681144,0.2923060001194244,0.5978978999792159,39.229799999702664,0.2923060001194244,0.5978978999792159,39.229799999702664,0.2923060001194244,0.5978978999792159,39.229799999702664
d5419d24e3f12cc98db8a0792babd5f886758ddd3fc42e7ea513816b648d1aed,eta04,May2024,400.0,pid_lowdrag_preview,0,1500.0,0.4,96.58333333333333,72.0,10.0,1500.0,600.0,2.4190047827604997,9.635854568332434,-8.391701450571418,109.17585282276237,7.257105337255039,1085.0010332914826,0,1926.4909620722333,1927.1688787518156,1350.0,1500.0,4.603703057393432,0.17435931982395747,0.0,0.0,0.0,0.0,0.0023023791250959325,86461.84688941878,65150.0,11811.919178007152,9349.927711411623,0.0,-7.275957614183426e-12,-3.2741809263825417e-11,0,0,0,0.0,0,0,True,0,0,,,,0.17708799987303792,0.5038061001869212,1.590010000654729,2.5375393830218016,9.635854568332434,-8.391701450571418,75.53186797000473,7.257105337255039,1085.0010332914826,0,1333.2010076492559,1333.286267450489,1150.4738244421412,1455.212758095331,-0.6241407906636596,0.21781298484129785,0.0,0.0,0.0,0.0,0.003472222222222222,54847.07090112363,43200.0,8171.919859183281,3170.412108287164,0.0,2.5011104298755527e-12,-2.3646862246096134e-11,0,0,0,0.0,0,0,True,0,0,,,,0.18053749954560772,0.5150883602073004,1.590010000654729,2.250868517418616,6.367780931293964,-6.367780931293964,25.98891617155374,8.840299008145564,1110.5270553395694,0,457.9857610506856,458.75556859277594,1455.212758095331,1500.0,4.603703057393432,0.0005291968878738951,0.0,0.0,0.0,0.0,0.0,23300.0,14750.0,2811.7845604627405,5693.428197632585,0.0,-6.366462912410498e-12,-8.640199666842818e-12,0,0,0,0.0,0,0,True,0,0,,,,0.17708799987303792,0.5038061001869212,1.590010000654729,,,,,,,,,
d5419d24e3f12cc98db8a0792babd5f886758ddd3fc42e7ea513816b648d1aed,eta04,May2024,400.0,pid_lowdrag_preview,1,1500.0,0.4,96.58333333333333,72.0,10.0,1500.0,600.0,2.417914964280423,8.333152065984905,-8.333152065984905,109.1584788654924,7.221561108409365,1084.6485687609218,0,1926.799528319282,1926.8621941792996,1350.0,1500.0,0.42538321018218994,0.17446758952258756,0.0,0.0,0.0,0.0,0.006907137375287797,86451.92965749139,65150.0,11810.039460342738,9341.890197148641,0.0,-1.0913936421275139e-11,-6.548361852765083e-11,0,0,0,0.0,0,0,True,0,0,,,,0.23554500057798577,0.4747353394668608,0.7433820001097047,2.47255365066126,8.333152065984905,-8.333152065984905,75.55028310006398,7.231297115124908,1084.6485687609218,0,1333.4796548994282,1333.611330773838,1154.3775218834842,1451.6576161811345,-0.13427994027733803,0.2179527860687942,0.0,0.0,0.0,0.0,0.010416666666666666,54821.029949177966,43200.0,8173.912223083282,3149.837631797027,0.0,-7.048583938740194e-12,8.185452315956354e-12,0,0,0,0.0,0,0,True,0,0,,,,0.19120850038234494,0.4846191606611679,0.7433820001097047,2.513547758799685,7.152782283723354,-6.91953254584223,25.95154906339488,8.98724172101803,1104.9612007877176,0,458.0135469592017,458.0959655205663,1451.6576161811345,1500.0,0.42538321018218994,0.0004596124352423958,0.0,0.0,0.0,0.0,0.0,23300.0,14750.0,2807.74175017014,5693.915866010991,0.0,-3.637978807091713e-12,-7.275957614183426e-11,0,0,0,0.0,0,0,True,0,0,,,,0.23554500057798577,0.4747353394668608,0.7433820001097047,,,,,,,,,
d5419d24e3f12cc98db8a0792babd5f886758ddd3fc42e7ea513816b648d1aed,eta04,May2024,400.0,pid_lowdrag_preview,2,1500.0,0.4,96.58333333333333,72.0,10.0,1500.0,600.0,2.47075768348776,9.378488346934319,-9.378488346934319,109.14500646247713,7.225530518916178,1082.851394221873,0,1926.2505344534932,1926.624379725451,1350.0,1500.0,2.5386696262285113,0.17455071417670842,0.0,0.0,0.0,0.0,0.005372217958557176,86456.80195942672,65150.0,11808.581858396563,9348.220101030149,0.0,-1.2732925824820995e-11,-6.184563972055912e-11,0,0,0,0.0,0,0,True,0,0,,,,0.2761369996733265,0.43755815999247727,1.1884839996127994,2.5416157871170655,9.378488346934319,-9.378488346934319,75.500630404955,7.225530518916178,1082.851394221873,0,1332.8907047436942,1332.7348628893649,1150.4997470749054,1453.9706263612552,-1.6218814561143517,0.21810202557848146,0.0,0.0,0.0,0.0,0.008101851851851851,54825.670153970656,43200.0,8168.54021447119,3153.659060213121,0.0,5.002220859751105e-12,1.8189894035458565e-11,0,0,0,0.0,0,0,True,0,0,,,,0.27864499998031533,0.4368071000408229,1.1884839996127994,2.5163586174854493,7.752776541747153,-6.20040815975517,25.980018849183466,8.850827314011907,1108.2386028614706,0,457.98584412032733,458.5985133252086,1453.9706263612552,1500.0,2.5386696262285113,0.0005242002058023498,0.0,0.0,0.0,0.0,0.0,23300.0,14750.0,2810.8219441879064,5693.148682173344,0.0,-4.547473508864641e-12,-7.958078640513122e-11,0,0,0,0.0,0,0,True,0,0,,,,0.2761369996733265,0.43755815999247727,1.1884839996127994,,,,,,,,,
d5419d24e3f12cc98db8a0792babd5f886758ddd3fc42e7ea513816b648d1aed,eta04,May2024,400.0,swmpc,0,1500.0,0.4,96.58333333333333,72.0,10.0,1500.0,600.0,4.6766717564938505,21.049841699190438,-7.164340768009424,99.56429300530188,2.9046745687081192,658.1923698505794,0,1756.827788968225,1757.5059132007855,1350.0,1500.0,4.603880560025573,0.2570836673180422,29.39403080583612,5.232221518063027,9.805394236874829e-15,29.39403080583612,0.0,81375.44230551345,65150.0,10772.028352306672,5303.4139532067775,0.0,-4.547473508864641e-12,4.3655745685100555e-11,0,0,0,0.0,0,0,True,1008,0,6.366462912410498e-12,2.588127287831224e-07,1.8537420042154163e-10,1.1566260000108741,1.6568642793936308,1.8854650006687734,5.5416447878420385,21.049841699190438,-7.164340768009424,66.74183657831266,3.239169179164808,658.1923698505794,0,1177.7290438730681,1178.1248970252743,1105.3741904454712,1057.4558765841944,1.4444105653092265,0.32670371953408284,29.39403080583612,5.232221518063027,9.805394236874829e-15,29.39403080583612,0.0,50372.993262021846,43200.0,7220.911575883124,0.0,0.0,1.1368683772161603e-12,4.001776687800884e-11,0,0,0,0.0,0,0,True,1008,0,6.366462912410498e-12,2.588127287831224e-07,1.8537420042154163e-10,1.2252989999979036,1.6880280201257842,1.8854650006687734,2.2498744102943573,6.3676862651482224,-6.3676862651482224,25.917352101892348,6.172811166546104,720.9039372925438,0,457.0270922422844,457.492321782031,1057.4558765841944,1500.0,4.603880560025573,0.003331289693967343,0.0,0.0,0.0,0.0,0.0,23300.0,14750.0,2804.041923377409,5303.4139532067775,0.0,-7.73070496506989e-12,4.547473508864641e-12,0,0,0,0.0,0,0,True,1008,0,6.366462912410498e-12,2.588127287831224e-07,1.8537420042154163e-10,1.1566260000108741,1.6568642793936308,1.8854650006687734,0.5468805002237787,0.9031817502909687,1.2569869995786576,0.5468805002237787,0.9031817502909687,1.2569869995786576,0.5468805002237787,0.9031817502909687,1.2569869995786576
d5419d24e3f12cc98db8a0792babd5f886758ddd3fc42e7ea513816b648d1aed,eta04,May2024,400.0,swmpc,1,1500.0,0.4,96.58333333333333,72.0,10.0,1500.0,600.0,4.6889899368050845,20.213500939309597,-7.825054474174976,99.78256876865608,3.1119500642282745,660.5379649645182,0,1761.2960525354088,1761.3589104272564,1350.0,1500.0,0.42559760715812445,0.2544282035093034,29.354251776383663,4.946118597033468,1.1579136491818082e-14,29.354251776383663,0.0,81385.3680016309,65150.0,10795.643974338382,5289.724027292501,0.0,-1.0913936421275139e-11,-9.094947017729282e-12,0,0,0,0.0,0,0,True,1008,0,5.9117155615240335e-12,5.494530742762245e-08,1.5982357388761555e-10,1.2177180005892296,1.5668594594717433,1.757592999638291,5.527071559041577,20.213500939309597,-7.825054474174976,66.94636748745016,3.1119500642282745,660.5379649645182,0,1181.2598136851907,1181.735270497454,1127.9422849936668,1039.4528470091714,1.862244762480259,0.32358984378263356,29.354251776383663,4.946118597033468,1.1579136491818082e-14,29.354251776383663,0.0,50354.55068103039,43200.0,7243.040119014882,0.0,0.0,-5.4569682106375694e-12,2.4556356947869062e-11,0,0,0,0.0,0,0,True,1008,0,5.9117155615240335e-12,5.494530742762245e-08,1.5982357388761555e-10,1.289406499836332,1.5769061602895817,1.757592999638291,2.5129688712171454,7.152828353457153,-6.9195980578660965,25.877486711402042,6.119335892708615,700.7956771963736,0,457.00019100178883,456.78861910506157,1039.4528470091714,1500.0,0.42559760715812445,0.003418801980179742,0.0,0.0,0.0,0.0,0.0,23300.0,14750.0,2799.728819716659,5289.724027292501,0.0,-1.1368683772161603e-11,-3.410605131648481e-11,0,0,0,0.0,0,0,True,1008,0,5.9117155615240335e-12,5.494530742762245e-08,1.5982357388761555e-10,1.2177180005892296,1.5668594594717433,1.757592999638291,0.5868705002285424,0.8615048604406184,1.060972000232141,0.5868705002285424,0.8615048604406184,1.060972000232141,0.5868705002285424,0.8615048604406184,1.060972000232141
d5419d24e3f12cc98db8a0792babd5f886758ddd3fc42e7ea513816b648d1aed,eta04,May2024,400.0,swmpc,2,1500.0,0.4,96.58333333333333,72.0,10.0,1500.0,600.0,4.649257157666484,17.491224743425846,-9.376518109813333,99.65355698952938,2.956336621223236,664.0942703413602,0,1758.7075622657924,1759.0815983724603,1350.0,1500.0,2.538811099715531,0.2566392941983806,29.384840273267784,4.356805779759901,1.1512273290712845e-14,29.384840273267784,0.0,81396.81661807632,65150.0,10781.685972924563,5315.130645151755,0.0,-4.547473508864641e-12,-5.4569682106375694e-12,0,0,0,0.0,0,0,True,1008,0,6.366462912410498e-12,2.171755318520259e-13,1.788351432632869e-10,1.1048879996451433,1.599331919751421,3.3915089998117764,5.472073669411075,17.491224743425846,-9.376518109813333,66.76364960159934,3.2280404733925216,664.0942703413602,0,1178.5432245684044,1178.5099398579484,1140.4609170994001,1068.1977709854486,-0.7991619054228067,0.3270833227655521,29.384840273267784,4.356805779759901,1.1512273290712845e-14,29.384840273267784,0.0,50351.008417453486,43200.0,7223.271563567443,0.0,0.0,5.6843418860808015e-12,7.275957614183426e-12,0,0,0,0.0,0,0,True,1008,0,6.366462912410498e-12,2.171755318520259e-13,1.788351432632869e-10,1.204578000397305,1.622323840510944,3.3915089998117764,2.513561194058702,7.752728997729719,-6.200264290906489,25.908342189823088,5.821264457221817,730.8977491152233,0,456.8417274144515,457.3332790844836,1068.1977709854486,1500.0,2.538811099715531,0.003929031015841966,0.0,0.0,0.0,0.0,0.0,23300.0,14750.0,2803.067125833692,5315.130645151756,0.0,-1.3642420526593924e-12,-1.2278178473934531e-11,0,0,0,0.0,0,0,True,1008,0,6.366462912410498e-12,2.171755318520259e-13,1.788351432632869e-10,1.1048879996451433,1.599331919751421,3.3915089998117764,0.5335105001904594,0.862652799796706,2.20978500055935,0.5335105001904594,0.862652799796706,2.20978500055935,0.5335105001904594,0.862652799796706,2.20978500055935
d5419d24e3f12cc98db8a0792babd5f886758ddd3fc42e7ea513816b648d1aed,eta04,May2024,550.0,pid_lowdrag_preview,0,1500.0,0.4,97.0,72.0,10.0,1500.0,600.0,0.9621451763385771,2.9359007477760315,-2.9359007477760315,12.786434779455368,6.602092454872549,1145.818209816739,0,225.92491146188428,225.70576313390268,1350.0,1500.0,-1.5374587094411254,0.2779515263068303,0.0,0.0,0.0,0.0,0.0,77892.88926680098,65400.0,1383.3858887731822,10959.503378027806,0.0,9.094947017729282e-12,2.7284841053187847e-12,0,0,0,0.0,0,0,True,0,0,,,,0.2728219997152337,0.35123403055877134,0.49012999988917727,0.9679034876753536,2.8813345013186336,-2.625231945887208,8.700004479291906,6.602092454872549,1145.818209816739,0,153.47878162360863,153.5722180683267,1419.209097416054,1234.983320566581,0.30774727184325457,0.360479358942038,0.0,0.0,0.0,0.0,0.0,45447.538798297246,43200.0,941.2681201998504,1490.4964549468632,0.0,-5.6843418860808015e-12,5.4569682106375694e-12,0,0,0,0.0,0,0,True,0,0,,,,0.2744590001384495,0.3541179200692567,0.49012999988917727,1.0035932366072868,2.9359007477760315,-2.9359007477760315,3.277889180127813,8.014513733222302,1155.6948321447803,0,58.1242179621957,57.86120147094039,1234.983320566581,1500.0,-1.5374587094411254,0.0011568357130836704,0.0,0.0,0.0,0.0,0.0,24745.33140870252,15000.0,354.6403446281235,9125.674384640977,0.0,-9.094947017729282e-13,-2.1032064978498966e-12,0,0,0,0.0,0,0,True,0,0,,,,0.2728219997152337,0.35123403055877134,0.49012999988917727,,,,,,,,,
d5419d24e3f12cc98db8a0792babd5f886758ddd3fc42e7ea513816b648d1aed,eta04,May2024,550.0,pid_lowdrag_preview,1,1500.0,0.4,97.0,72.0,10.0,1500.0,600.0,0.8809608580981151,2.9758168002590537,-2.662632226012647,12.793200055062492,6.611857703002207,1146.2232215815766,0,225.94253949726664,225.82518357596135,1350.0,1500.0,-0.8233288861811161,0.27788263680525727,0.0,0.0,0.0,0.0,0.0,77880.73076154236,65400.0,1384.1178353219966,10946.612926220341,0.0,-2.546585164964199e-11,-4.320099833421409e-12,0,0,0,0.0,0,0,True,0,0,,,,0.26832499952433864,0.3955026492076288,9.623083999940718,0.9031634800107152,2.9758168002590537,-2.5878458209335804,8.699265946924715,6.611857703002207,1146.2232215815766,0,153.50341003872688,153.55918151713644,1419.3928285373283,1235.0360169211333,0.29911936540156603,0.3603126019455254,0.0,0.0,0.0,0.0,0.0,45433.286221425085,43200.0,941.1882171406389,1476.4548159006233,0.0,-1.8189894035458565e-11,-3.524291969370097e-12,0,0,0,0.0,0,0,True,0,0,,,,0.270188000285998,0.412601030166115,9.623083999940718,0.9314334026829925,2.724035800434649,-2.662632226012647,3.2837369082957846,8.028332753873139,1155.3109229459333,0,58.12441960094603,57.96442539313006,1235.0360169211333,1500.0,-0.8233288861811161,0.0011447768001668912,0.0,0.0,0.0,0.0,0.0,24745.440344245846,15000.0,355.27302017596,9125.203340991018,0.0,-6.821210263296962e-13,-9.663381206337363e-13,0,0,0,0.0,0,0,True,0,0,,,,0.26832499952433864,0.3955026492076288,9.623083999940718,,,,,,,,,
d5419d24e3f12cc98db8a0792babd5f886758ddd3fc42e7ea513816b648d1aed,eta04,May2024,550.0,pid_lowdrag_preview,2,1500.0,0.4,97.0,72.0,10.0,1500.0,600.0,0.9140497276913364,3.5300549725070596,-2.5275147650390863,12.80883203763759,6.596507218407403,1147.1605303245428,0,225.95144376033167,226.10111886341792,1350.0,1500.0,1.0500425854697824,0.27791664049127107,0.0,0.0,0.0,0.0,0.0,77908.81195694013,65400.0,1385.8090858137027,10973.002871126424,0.0,-5.4569682106375694e-12,-5.9117155615240335e-12,0,0,0,0.0,0,0,True,0,0,,,,0.2781600001071638,0.3988315006608904,3.1559029994241428,0.9204734046926916,3.2448752261698246,-2.5275147650390863,8.690075139606307,6.596507218407403,1147.1605303245428,0,153.50768897405433,153.3969456620761,1419.2257995389143,1238.0427674424961,-0.6466508628800511,0.36040555947092756,0.0,0.0,0.0,0.0,0.0,45462.83716130358,43200.0,940.1938482356202,1503.826345164379,0.0,3.183231456205249e-12,-5.115907697472721e-12,0,0,0,0.0,0,0,True,0,0,,,,0.28092399952583946,0.3823884805206029,3.1559029994241428,1.0155067436444105,3.5300549725070596,-2.1696669002994895,3.30646425293029,8.001821844487687,1154.8713255813134,0,58.12375868273867,58.365607798798465,1238.0427674424961,1500.0,1.0500425854697824,0.001167915333471714,0.0,0.0,0.0,0.0,0.0,24745.23120733336,15000.0,357.7319298250498,9125.542044950798,0.0,-7.958078640513122e-12,-9.663381206337363e-13,0,0,0,0.0,0,0,True,0,0,,,,0.2781600001071638,0.3988315006608904,3.1559029994241428,,,,,,,,,
d5419d24e3f12cc98db8a0792babd5f886758ddd3fc42e7ea513816b648d1aed,eta04,May2024,550.0,swmpc,0,1500.0,0.4,97.0,72.0,10.0,1500.0,600.0,0.9582401428478603,3.11099785938859,-2.935847752727568,12.831847638281245,5.228965477006637,1145.6873295276657,0,226.7265375873552,226.5073895555126,1350.0,1500.0,-1.5374551676213741,0.2418256116811467,27.779900584012935,0.0,9.9119848952661e-15,27.779900584012935,0.0,76528.36595270442,65400.0,1388.2991823653442,9590.066770339066,0.0,-1.0913936421275139e-11,-2.5011104298755527e-12,0,0,0,0.0,0,0,True,1008,0,8.632772413861314e-11,1.592859177890204e-13,1.996854036669723e-10,1.0227639995719073,1.330220190120599,3.5791020000033313,0.9748891832797589,3.11099785938859,-2.0901472698897123,8.75013764209003,5.230312269434368,1145.6873295276657,0,154.47053289434058,154.4571671540453,1419.1425161431953,1235.0551995927835,-0.5059389201924205,0.3132853127102494,27.779900584012935,0.0,9.9119848952661e-15,27.779900584012935,0.0,44345.25405476184,43200.0,946.6921114195034,382.6492598927473,0.0,-2.0463630789890885e-12,4.547473508864641e-13,0,0,0,0.0,0,0,True,1008,0,8.632772413861314e-11,1.592859177890204e-13,1.996854036669723e-10,1.097375999961514,1.330220190120599,1.4813450006840867,1.005090091586925,2.935847752727568,-2.935847752727568,3.285801028535813,9.89692404596188,1155.6924164079996,0,58.147892610002316,58.000861181683234,1235.0551995927835,1500.0,-1.5374551676213741,4.294831418250045e-05,0.0,0.0,0.0,0.0,0.0,24750.0,15000.0,355.4963408170936,9129.558858775687,0.0,-3.637978807091713e-12,-2.9558577807620168e-12,0,0,0,0.0,0,0,True,1008,0,8.632772413861314e-11,1.592859177890204e-13,1.996854036669723e-10,1.0227639995719073,1.330220190120599,3.5791020000033313,0.39367950057567214,0.5804688900661857,0.6775629999538069,0.39367950057567214,0.5804688900661857,0.6775629999538069,0.39367950057567214,0.5804688900661857,0.6775629999538069
d5419d24e3f12cc98db8a0792babd5f886758ddd3fc42e7ea513816b648d1aed,eta04,May2024,550.0,swmpc,1,1500.0,0.4,97.0,72.0,10.0,1500.0,600.0,0.8773212541101099,3.11793986056,-2.662461908534169,12.848394950398177,5.217564849352929,1145.854368314998,0,226.91683346280087,226.79948221258135,1350.0,1500.0,-0.8232947150245309,0.2410652975117492,27.78930746058639,0.0,1.0430394481842163e-14,27.78930746058639,0.0,76573.47771635572,65400.0,1390.0894638999966,9633.38825245572,0.0,0.0,-2.0463630789890885e-12,0,0,0,0.0,0,0,True,1008,0,6.197170173352229e-11,1.4570311623884885e-13,1.9845559978899972e-10,1.0290180002812122,1.3554370097881479,4.070553000019572,0.9016169453260854,3.11793986056,-2.3474267907440662,8.756923542404978,5.229201820158762,1145.854368314998,0,154.63033766177222,154.5769516628275,1419.3421279583667,1235.0836080817812,-0.323910403996706,0.31243372134563774,27.78930746058639,0.0,1.0430394481842163e-14,27.78930746058639,0.0,44374.562585111606,43200.0,947.4262893901637,411.3948155980304,0.0,2.9558577807620168e-12,3.524291969370097e-12,0,0,0,0.0,0,0,True,1008,0,6.197170173352229e-11,1.4570311623884885e-13,1.9845559978899972e-10,1.0795944999699714,1.3930252599675434,4.070553000019572,0.9308778222354558,2.7241457421332598,-2.662461908534169,3.290094980970455,9.896264501905012,1155.314446319264,0,58.147839269260714,58.07665790124119,1235.0836080817812,1500.0,-0.8232947150245309,4.322312420623753e-05,0.0,0.0,0.0,0.0,0.0,24750.0,15000.0,355.96091075449766,9129.12269732728,0.0,-2.2737367544323206e-12,-5.6274984672199935e-12,0,0,0,0.0,0,0,True,1008,0,6.197170173352229e-11,1.4570311623884885e-13,1.9845559978899972e-10,1.0290180002812122,1.3554370097881479,4.070553000019572,0.3895075001310033,0.6075451197466463,2.016002999880584,0.3895075001310033,0.6075451197466463,2.016002999880584,0.3895075001310033,0.6075451197466463,2.016002999880584
d5419d24e3f12cc98db8a0792babd5f886758ddd3fc42e7ea513816b648d1aed,eta04,May2024,550.0,swmpc,2,1500.0,0.4,97.0,72.0,10.0,1500.0,600.0,0.9153189860438005,3.530314694158733,-2.3511262964457273,12.848415684147364,5.229842317915361,1146.2966247278337,0,226.65017244473648,226.79984820409973,1350.0,1500.0,1.050050056539476,0.24194465728812187,27.75665942095559,0.0,1.0356544955608189e-14,27.75665942095559,0.0,76551.92257417878,65400.0,1390.0917071192023,9611.830867059582,0.0,1.8189894035458565e-12,-2.2737367544323206e-13,0,0,0,0.0,0,0,True,1008,0,6.103563138870819e-11,1.4933831948837902e-13,2.3014404269405327e-10,1.0824685004990897,1.3579297997785038,2.279009999256232,0.9294694177908284,3.1215696847066283,-2.3511262964457273,8.74108301991791,5.229842317915361,1146.2966247278337,0,154.3664689944351,154.29733523510131,1419.0825144233497,1236.6150594404394,-0.6936581823974848,0.31373547922461553,27.75665942095559,0.0,1.0356544955608189e-14,27.75665942095559,0.0,44354.06721297328,43200.0,945.7124766145632,390.8221913416264,0.0,1.8189894035458565e-12,2.9558577807620168e-12,0,0,0,0.0,0,0,True,1008,0,6.103563138870819e-11,1.4933831948837902e-13,2.3014404269405327e-10,1.1191940002390766,1.3818700996762345,2.279009999256232,1.0171518535751525,3.530314694158733,-2.1692185159772635,3.3082019601924717,9.90362252924302,1154.8665830704024,0,58.14773108928489,58.39628175525871,1236.6150594404394,1500.0,1.050050056539476,4.015727948214476e-05,0.0,0.0,0.0,0.0,0.0,24750.0,15000.0,357.91993529700153,9128.69512414344,0.0,1.3642420526593924e-12,-3.240074875066057e-12,0,0,0,0.0,0,0,True,1008,0,6.103563138870819e-11,1.4933831948837902e-13,2.3014404269405327e-10,1.0824685004990897,1.3579297997785038,2.279009999256232,0.41326399968966143,0.609999200587481,1.5495380002903403,0.41326399968966143,0.609999200587481,1.5495380002903403,0.41326399968966143,0.609999200587481,1.5495380002903403
d5419d24e3f12cc98db8a0792babd5f886758ddd3fc42e7ea513816b648d1aed,eta06,Feb2022,400.0,pid_lowdrag_preview,0,1500.0,0.6,96.16666666666667,72.0,10.0,1500.0,600.0,1.2378034027537559,4.831452268175781,-4.336717654019594,28.378512154773976,6.849757386376147,1128.8506714731402,0,501.2069748931125,500.93664520071064,1350.0,1500.0,-1.835348904132843,0.2489134153186504,0.0,0.0,0.0,0.0,0.0,76058.64184725488,64900.0,2046.8793131906364,8961.762534064239,0.0,-7.275957614183426e-12,1.1823431123048067e-11,0,0,0,0.0,0,0,True,0,0,,,,0.23303150055653532,0.48665866031114924,3.482787999928405,1.2255201414244281,4.831452268175781,-3.863786312751472,17.885790776519624,6.849757386376147,1134.0065208294468,0,315.6852624701054,315.71944221340505,1284.6588523590117,1213.0805158036806,0.07352611608803272,0.31953084430269507,0.0,0.0,0.0,0.0,0.0,45981.18996755146,43200.0,1290.06252832587,1562.7057757809118,0.0,-7.048583938740194e-12,1.6143530956469476e-11,0,0,0,0.0,0,0,True,0,0,,,,0.24559550001868047,0.5167355504909208,3.482787999928405,1.3636579817109558,4.336717654019594,-4.336717654019594,7.970900191151529,8.60928244415341,1128.8506714731402,0,140.98325638534254,140.7020910472022,1213.0805158036806,1500.0,-1.835348904132843,0.0006660760436306701,0.0,0.0,0.0,0.0,0.0,22549.760279038877,14500.0,574.9234004866767,7187.917394355892,0.0,1.0459189070388675e-11,-4.092726157978177e-12,0,0,0,0.0,0,0,True,0,0,,,,0.23303150055653532,0.48665866031114924,3.482787999928405,,,,,,,,,
d5419d24e3f12cc98db8a0792babd5f886758ddd3fc42e7ea513816b648d1aed,eta06,Feb2022,400.0,pid_lowdrag_preview,1,1500.0,0.6,96.16666666666667,72.0,10.0,1500.0,600.0,1.2649091513288344,5.43659298773855,-4.767256638966501,28.38535465568767,6.840900962958828,1128.2866227979594,0,501.29403626939,501.05742882156426,1350.0,1500.0,-1.6064092312008142,0.24884161690206164,0.0,0.0,0.0,0.0,0.0,76082.6151056483,64900.0,2047.3728476470699,8985.24225800126,0.0,2.3646862246096134e-11,1.0913936421275139e-11,0,0,0,0.0,0,0,True,0,0,,,,0.25052299997696537,0.4386524195706442,1.3380899999901885,1.2773120967212659,5.43659298773855,-4.767256638966501,17.899179323591266,6.845940132838166,1132.1083457889483,0,315.74906956145674,315.95577644465806,1284.5462420455824,1212.0240182748187,1.4041818929836154,0.3194137245488944,0.0,0.0,0.0,0.0,0.0,45997.19124054772,43200.0,1291.0282146129011,1578.685249705596,0.0,1.3869794202037156e-11,1.5916157281026244e-12,0,0,0,0.0,0,0,True,0,0,,,,0.25987200024246704,0.36297999025919114,1.3380899999901885,1.3755312501848922,4.148046350106597,-4.148046350106597,7.962025777831663,8.711482701828691,1128.2866227979594,0,140.9888874471559,140.54544016951155,1212.0240182748187,1500.0,-1.6064092312008142,0.000600637550609795,0.0,0.0,0.0,0.0,0.0,22550.0,14500.0,574.2833086826492,7187.740709592175,0.0,6.139089236967266e-12,9.094947017729282e-12,0,0,0,0.0,0,0,True,0,0,,,,0.25052299997696537,0.4386524195706442,1.3380899999901885,,,,,,,,,
d5419d24e3f12cc98db8a0792babd5f886758ddd3fc42e7ea513816b648d1aed,eta06,Feb2022,400.0,pid_lowdrag_preview,2,1500.0,0.6,96.16666666666667,72.0,10.0,1500.0,600.0,1.2647164949440026,4.3084796303883195,-4.3084796303883195,28.383896940444657,6.83509345312821,1128.9145193139157,0,501.30447273279657,501.03169727581815,1350.0,1500.0,-1.8519625533372164,0.24886076582933558,0.0,0.0,0.0,0.0,0.0,76086.45512311617,64900.0,2047.2677058708027,8989.187417245374,0.0,1.8189894035458565e-12,-4.547473508864641e-13,0,0,0,0.0,0,0,True,0,0,,,,0.27539499978956883,0.39561782942655516,1.6282780006804387,1.2806019420530332,4.3084796303883195,-4.3084796303883195,17.876390438872868,6.83509345312821,1133.0329309584397,0,315.76832217228497,315.5535077352674,1283.972980452322,1216.1809889736885,-1.4258796190842986,0.3194309855242701,0.0,0.0,0.0,0.0,0.0,46003.238725270305,43200.0,1289.3845027633706,1581.64621398557,0.0,2.5011104298755527e-12,-9.094947017729282e-13,0,0,0,0.0,0,0,True,0,0,,,,0.2772630000436038,0.4373692600347567,1.6282780006804387,1.3065007165422162,3.674739952199161,-3.460163484327495,7.983135774679155,8.590165946923447,1128.9145193139157,0,140.98082338916862,140.91807320056404,1216.1809889736885,1500.0,-1.8519625533372164,0.000682897134548277,0.0,0.0,0.0,0.0,0.0,22549.634098163926,14500.0,575.8059260634604,7190.009161074151,0.0,-3.410605131648481e-12,9.094947017729282e-13,0,0,0,0.0,0,0,True,0,0,,,,0.27539499978956883,0.39561782942655516,1.6282780006804387,,,,,,,,,
d5419d24e3f12cc98db8a0792babd5f886758ddd3fc42e7ea513816b648d1aed,eta06,Feb2022,400.0,swmpc,0,1500.0,0.6,96.16666666666667,72.0,10.0,1500.0,600.0,1.1953931864424339,4.529068114235997,-4.345813610590994,28.599279058441223,6.297328685238051,1128.8506829732523,0,505.10394759559995,504.8336159612335,1350.0,1500.0,-1.8353506112471223,0.212188561672366,41.263849227832665,0.0,1.67328918962403e-14,41.263849227832665,0.0,74789.30414509021,64900.0,2062.802741652608,7676.501403437589,0.0,-1.2732925824820995e-11,1.546140993013978e-11,0,0,0,0.0,0,0,True,1008,0,3.4788172342814505e-11,1.9309604945708207e-13,1.374978488630808e-10,1.0603155001263076,1.3066866199005744,1.480384999922535,1.1581937707154146,4.529068114235997,-3.2082780841737986,18.053819354011413,6.3125503929232964,1131.1230388048991,0,318.80547626543444,318.6854776224281,1327.843829193345,1212.1542393377456,0.04135158844292164,0.27412674087309363,41.23944150661152,0.0,1.67328918962403e-14,41.23944150661152,0.0,44794.83128761245,43200.0,1302.1820579691732,408.33881949886654,0.0,-7.048583938740194e-12,1.0231815394945443e-11,0,0,0,0.0,0,0,True,1008,0,3.4788172342814505e-11,1.9309604945708207e-13,1.374978488630808e-10,1.1059890002798056,1.3103162297193194,1.480384999922535,1.3636236456481645,4.345813610590994,-4.345813610590994,7.974479379140984,9.932352754711424,1128.8506829732523,0,141.0416968551317,140.76527076621687,1212.1542393377456,1500.0,-1.8353506112471223,2.9158295383080457e-05,0.0,0.0,0.0,0.0,0.0,22550.0,14500.0,575.1815593997994,7186.972679937937,0.0,-8.86757334228605e-12,5.7980287238024175e-12,0,0,0,0.0,0,0,True,1008,0,3.4788172342814505e-11,1.9309604945708207e-13,1.374978488630808e-10,1.0603155001263076,1.3066866199005744,1.480384999922535,0.3896980001627526,0.5481237801086536,0.8102129995677387,0.3896980001627526,0.5481237801086536,0.8102129995677387,0.3896980001627526,0.5481237801086536,0.8102129995677387
d5419d24e3f12cc98db8a0792babd5f886758ddd3fc42e7ea513816b648d1aed,eta06,Feb2022,400.0,swmpc,1,1500.0,0.6,96.16666666666667,72.0,10.0,1500.0,600.0,1.1514708828813702,4.148057950660586,-4.148057950660586,28.604891304283026,6.344028107512939,1128.2964546853452,0,505.16929317522687,504.93268315646174,1350.0,1500.0,-1.606412198394537,0.21206892616008677,41.276849456740365,0.0,1.7982368930149755e-14,41.276849456740365,0.0,74785.75724085336,64900.0,2063.2075405318064,7672.549700321542,0.0,-1.0913936421275139e-11,-4.092726157978177e-12,0,0,0,0.0,0,0,True,1008,0,3.4327869978841273e-11,1.7480895910499787e-13,1.5849350830498244e-10,1.077776500096661,1.291664309792395,2.4595320001026266,1.1201142598272238,3.605200710706413,-3.3862738152965903,18.051474688637956,6.370194001424508,1131.5227053861643,0,318.75568645892946,318.6440896595934,1326.4141519076734,1212.0475478456494,0.26495524030178785,0.2744302205319331,41.22329899753768,0.0,1.7982368930149755e-14,41.22329899753768,0.0,44791.92839782839,43200.0,1302.0129424417783,404.28205944864726,0.0,8.640199666842818e-12,-5.6843418860808015e-12,0,0,0,0.0,0,0,True,1008,0,3.4327869978841273e-11,1.7480895910499787e-13,1.5849350830498244e-10,1.1231000003135705,1.3058456102316993,2.4595320001026266,1.3729126782468175,4.148057950660586,-4.148057950660586,7.974500422388946,9.926587847892922,1128.2964546853452,0,141.04128313713846,140.76564222099705,1212.0475478456494,1500.0,-1.606412198394537,3.164316901171915e-05,0.0,0.0,0.0,0.0,0.0,22550.0,14500.0,575.1830772027267,7186.864470642913,0.0,-9.322320693172514e-12,1.7053025658242404e-12,0,0,0,0.0,0,0,True,1008,0,3.4327869978841273e-11,1.7480895910499787e-13,1.5849350830498244e-10,1.077776500096661,1.291664309792395,2.4595320001026266,0.39009850024740444,0.5450747500708529,0.8141779999277787,0.39009850024740444,0.5450747500708529,0.8141779999277787,0.39009850024740444,0.5450747500708529,0.8141779999277787
d5419d24e3f12cc98db8a0792babd5f886758ddd3fc42e7ea513816b648d1aed,eta06,Feb2022,400.0,swmpc,2,1500.0,0.6,96.16666666666667,72.0,10.0,1500.0,600.0,1.1407986589386971,3.9426411567255855,-3.4601899459958076,28.61150402752946,6.260778968861219,1128.9145207117836,0,505.32218823720683,505.04941074882623,1350.0,1500.0,-1.851961606182158,0.21168822185174307,41.265425760075004,0.0,1.5364115962334483e-14,41.265425760075004,0.0,74786.83833517956,64900.0,2063.684501633336,7673.1538335462365,0.0,8.185452315956354e-12,4.547473508864641e-13,0,0,0,0.0,0,0,True,1008,0,4.8243296345497434e-11,2.2154272825550917e-13,1.6907470276190312e-10,1.0597340001368138,1.4023080100287186,10.090538000440574,1.1180849662081371,3.9426411567255855,-2.9944970682263374,18.053039016774463,6.260778968861219,1130.9307565942743,0,318.95628838177777,318.67170313293,1328.7835144154149,1214.0537645820139,-1.0391239542514086,0.2735873671226736,41.23528927407225,0.0,1.5364115962334483e-14,41.23528927407225,0.0,44793.8477847941,43200.0,1302.1257739702414,406.4517606572713,0.0,8.640199666842818e-12,3.865352482534945e-12,0,0,0,0.0,0,0,True,1008,0,4.8243296345497434e-11,2.2154272825550917e-13,1.6907470276190312e-10,1.0921635002887342,1.4308068701939178,10.090538000440574,1.3097496238160498,3.6698732329532504,-3.4601899459958076,7.98329543907613,9.930012834286842,1128.9145207117836,0,141.04061014674505,140.92089159170797,1214.0537645820139,1500.0,-1.851961606182158,3.016688177304161e-05,0.0,0.0,0.0,0.0,0.0,22550.0,14500.0,575.817442303259,7188.236322278752,0.0,-3.410605131648481e-12,-3.410605131648481e-12,0,0,0,0.0,0,0,True,1008,0,4.8243296345497434e-11,2.2154272825550917e-13,1.6907470276190312e-10,1.0597340001368138,1.4023080100287186,10.090538000440574,0.3871794997394318,0.5634124005428017,8.468879999782075,0.3871794997394318,0.5634124005428017,8.468879999782075,0.3871794997394318,0.5634124005428017,8.468879999782075
d5419d24e3f12cc98db8a0792babd5f886758ddd3fc42e7ea513816b648d1aed,eta06,Feb2022,550.0,pid_lowdrag_preview,0,1500.0,0.6,96.58333333333333,72.0,10.0,1500.0,600.0,0.5727340883793468,2.219906476326287,-2.219906476326287,2.2135481983002903,6.631000583457913,1139.0386752319569,0,39.12445072721441,39.07348638995102,1350.0,1500.0,-0.35753027629107237,0.2797571101523705,0.0,0.0,0.0,0.0,0.0,75566.5947769114,65150.0,159.65833554417273,10106.936441367237,0.0,1.0913936421275139e-11,1.5916157281026244e-12,0,0,0,0.0,0,0,True,0,0,,,,0.2689059992917464,0.3735197000423796,0.6544329999087495,0.5655627970123867,1.8472068002447486,-1.1598055446520448,1.3867990134972767,6.64112846390686,1139.5016953369393,0,24.3251160706579,24.479734582283662,1179.5942164573592,1247.855905570815,0.5159809868782759,0.36090789877419116,0.0,0.0,0.0,0.0,0.0,44788.26621836182,43200.0,100.02674547556394,1419.9777837728031,0.0,-2.2737367544323206e-13,1.1652900866465643e-12,0,0,0,0.0,0,0,True,0,0,,,,0.2676990002328239,0.39107881949348655,0.6544329999087495,0.6156136487680947,2.219906476326287,-2.219906476326287,0.6445079733232861,8.811824350174605,1139.0386752319569,0,11.501351183398164,11.37683540986355,1247.855905570815,1500.0,-0.35753027629107237,0.0005427188076521094,0.0,0.0,0.0,0.0,0.0,23529.98724396783,14750.0,46.486934571724326,8481.356214966927,0.0,7.958078640513122e-12,4.263256414560601e-13,0,0,0,0.0,0,0,True,0,0,,,,0.2689059992917464,0.3735197000423796,0.6544329999087495,,,,,,,,,
d5419d24e3f12cc98db8a0792babd5f886758ddd3fc42e7ea513816b648d1aed,eta06,Feb2022,550.0,pid_lowdrag_preview,1,1500.0,0.6,96.58333333333333,72.0,10.0,1500.0,600.0,0.542349116980263,1.7700140122324228,-1.4573235586285591,2.2128445942645047,6.623282455857212,1139.1189907500905,0,39.12184794530822,39.061066392619075,1350.0,1500.0,-0.426401206292212,0.279745900122621,0.0,0.0,0.0,0.0,0.0,75563.0899689039,65150.0,159.60758614132476,10103.482382762606,0.0,2.3646862246096134e-11,1.1368683772161603e-13,0,0,0,0.0,0,0,True,0,0,,,,0.2420249993519974,0.4984513997260367,1.3973790000818553,0.5806473588249921,1.7700140122324228,-1.4573235586285591,1.3812247743720645,6.623282455857212,1139.3958047178708,0,24.322204048648672,24.381338280472665,1179.6458775246485,1247.802155256708,0.6703144833445549,0.36089158973874946,0.0,0.0,0.0,0.0,0.0,44784.0962955218,43200.0,99.62468793674896,1416.3153298529955,0.0,5.6843418860808015e-12,9.805489753489383e-13,0,0,0,0.0,0,0,True,0,0,,,,0.2448445002301014,0.45336696030972196,1.3973790000818553,0.5046707631524497,1.6120487805455923,-1.1332969078794122,0.6427061151572344,8.815983919877155,1139.1189907500905,0,11.501361769974455,11.345029063571712,1247.802155256708,1500.0,-0.426401206292212,0.0005407428110336676,0.0,0.0,0.0,0.0,0.0,23530.060108843136,14750.0,46.35697052761533,8481.505293572236,0.0,7.275957614183426e-12,-8.384404281969182e-13,0,0,0,0.0,0,0,True,0,0,,,,0.2420249993519974,0.4984513997260367,1.3973790000818553,,,,,,,,,
d5419d24e3f12cc98db8a0792babd5f886758ddd3fc42e7ea513816b648d1aed,eta06,Feb2022,550.0,pid_lowdrag_preview,2,1500.0,0.6,96.58333333333333,72.0,10.0,1500.0,600.0,0.493007631545272,1.7929957015439868,-1.0036882758140564,2.2132545917314363,6.6222337989927835,1139.1482938392655,0,39.12557305866695,39.06830365560591,1350.0,1500.0,-0.4017623495310545,0.27972159796448903,0.0,0.0,0.0,0.0,0.0,75565.12471463725,65150.0,159.63715835177047,10105.48755628546,0.0,-1.8189894035458565e-11,2.0463630789890885e-12,0,0,0,0.0,0,0,True,0,0,,,,0.26877500022237655,0.362259499852371,2.3739329999443726,0.4777314079753392,1.2619344247505069,-0.9949321504682302,1.3822076023611887,6.6222337989927835,1139.1482938392655,0,24.326169833820238,24.398687130651805,1179.5444076491747,1247.4377826354023,0.279803104698658,0.36085637035489737,0.0,0.0,0.0,0.0,0.0,44787.02330782499,43200.0,99.69557714575309,1419.434355693015,0.0,8.185452315956354e-12,1.0942358130705543e-12,0,0,0,0.0,0,0,True,0,0,,,,0.27017799993700464,0.3582662798089585,2.3739329999443726,0.5505435935218698,1.7929957015439868,-0.8452366255223751,0.6460534827528484,8.807415210601018,1139.2185334110115,0,11.501271161713554,11.40411669594896,1247.4377826354023,1500.0,-0.4017623495310545,0.0005448136273648041,0.0,0.0,0.0,0.0,0.0,23529.909997490922,14750.0,46.59840874847018,8480.749371377842,0.0,-1.2050804798491299e-11,9.094947017729282e-13,0,0,0,0.0,0,0,True,0,0,,,,0.26877500022237655,0.362259499852371,2.3739329999443726,,,,,,,,,
d5419d24e3f12cc98db8a0792babd5f886758ddd3fc42e7ea513816b648d1aed,eta06,Feb2022,550.0,swmpc,0,1500.0,0.6,96.58333333333333,72.0,10.0,1500.0,600.0,0.5676455056104306,2.2264594081789255,-2.2264594081789255,2.2404629388800035,5.203485615336506,1139.0306946754708,0,39.60030594125136,39.54858458322148,1350.0,1500.0,-0.3628406282514334,0.2225828428841362,41.000988882924496,0.0,1.8169906198407982e-14,41.000988882924496,0.0,75667.17637812461,65150.0,161.5996362512701,10205.576741873356,0.0,1.4551915228366852e-11,-9.663381206337363e-13,0,0,0,0.0,0,0,True,1008,0,7.082357313366938e-11,2.1063553115069743e-13,5.568960793022165e-10,1.0523279997869395,1.344659979986318,2.86695700015116,0.5464179894841389,1.7143641216680408,-1.1143052745610476,1.410193796640001,5.204615506167557,1139.3902745468488,0,24.738379021284175,24.892698592475163,1179.61319561633,1311.0171277594457,0.5420728214085102,0.2886284120811945,41.000988882924496,0.0,1.355960502996979e-14,41.000988882924496,0.0,44790.553533935294,43200.0,101.71415943829058,1357.4354423538873,0.0,0.0,-5.968558980384842e-13,0,0,0,0.0,0,0,True,1008,0,7.082357313366938e-11,2.1063553115069743e-13,5.568960793022165e-10,1.0954379999930097,1.3888921599391308,2.86695700015116,0.6188346196852248,2.2264594081789255,-2.2264594081789255,0.6445032180779966,9.545591676315425,1139.0306946754708,0,11.505743498142973,11.37675147041632,1311.0171277594457,1500.0,-0.3628406282514334,0.00019946137135851139,0.0,0.0,0.0,0.0,0.0,23542.644861931156,14750.0,46.48659158639863,8557.175398104202,0.0,-2.2737367544323206e-13,-3.410605131648481e-13,0,0,0,0.0,0,0,True,1008,0,7.082357313366938e-11,2.1063553115069743e-13,5.568960793022165e-10,1.0523279997869395,1.344659979986318,2.86695700015116,0.39667350029048976,0.6004006300099718,2.119437999681395,0.39667350029048976,0.6004006300099718,2.119437999681395,0.39667350029048976,0.6004006300099718,2.119437999681395
d5419d24e3f12cc98db8a0792babd5f886758ddd3fc42e7ea513816b648d1aed,eta06,Feb2022,550.0,swmpc,1,1500.0,0.6,96.58333333333333,72.0,10.0,1500.0,600.0,0.5441562148248696,1.5972452834248543,-1.3536686412990093,2.24023822384916,5.199999999999999,1139.0444510404109,0,39.607008602726125,39.54461792023846,1350.0,1500.0,-0.4376892289146781,0.22314346137703378,40.96354664603727,0.0,1.1898243369719427e-14,40.96354664603727,0.0,75729.76256602953,65150.0,161.5834280531285,10268.179137976387,0.0,-1.4551915228366852e-11,5.684341886080802e-14,0,0,0,0.0,0,0,True,1008,0,1.0837613690874705e-10,1.5691279088061752e-13,3.5299884008462205e-10,1.0611919997245423,1.2939841802108276,2.484108999851742,0.5835130087483444,1.5972452834248543,-1.3536686412990093,1.4067466476042176,5.199999999999999,1139.0444510404109,0,24.745367010994205,24.83184962111001,1179.5192414257153,1309.0970266977702,0.7266219789162278,0.2894241874479446,40.96354664603727,0.0,1.1898243369719427e-14,40.96354664603727,0.0,44854.16549266042,43200.0,101.46552420285789,1423.1221831854996,0.0,-4.547473508864641e-12,-6.536993168992922e-13,0,0,0,0.0,0,0,True,1008,0,1.0837613690874705e-10,1.5691279088061752e-13,3.5299884008462205e-10,1.1026140000467421,1.30253491061012,2.484108999851742,0.4997590907444104,1.5813918355852365,-1.1336574796587229,0.6424100185047044,9.552768743325487,1139.109173199095,0,11.505770563693527,11.339802374344501,1309.0970266977702,1500.0,-0.4376892289146781,0.00019618321432168795,0.0,0.0,0.0,0.0,0.0,23542.76574397189,14750.0,46.33561373098624,8555.527156938668,0.0,-6.366462912410498e-12,6.821210263296962e-13,0,0,0,0.0,0,0,True,1008,0,1.0837613690874705e-10,1.5691279088061752e-13,3.5299884008462205e-10,1.0611919997245423,1.2939841802108276,2.484108999851742,0.4024169998047,0.5540030803513216,1.6414370002166834,0.4024169998047,0.5540030803513216,1.6414370002166834,0.4024169998047,0.5540030803513216,1.6414370002166834
d5419d24e3f12cc98db8a0792babd5f886758ddd3fc42e7ea513816b648d1aed,eta06,Feb2022,550.0,swmpc,2,1500.0,0.6,96.58333333333333,72.0,10.0,1500.0,600.0,0.4738989342768145,1.8672134326770902,-0.8980446895584464,2.2395195641956596,5.2025360062921475,1139.0756824235407,0,39.58955001980057,39.53193216159456,1350.0,1500.0,-0.40420642774552107,0.22267460071375145,40.9816583772499,0.0,1.292602227436002e-14,40.9816583772499,0.0,75672.17076604432,65150.0,161.53159272187662,10210.639173322477,0.0,3.2741809263825417e-11,-1.1368683772161603e-13,0,0,0,0.0,0,0,True,1008,0,9.326120382921557e-11,2.8888805313978084e-13,6.307350884712428e-10,1.037645999531378,1.3316096004564315,2.243226000246068,0.4515886032407642,1.174975197762251,-0.8702433500438929,1.406435700159711,5.2025360062921475,1139.0756824235407,0,24.728413213051226,24.826360786147998,1179.5288437892912,1310.4034579935917,0.3513891138136387,0.2887616950734122,40.9816583772499,0.0,1.292602227436002e-14,40.9816583772499,0.0,44800.01238542943,43200.0,101.4430962514501,1367.6946749736974,0.0,1.9099388737231493e-11,-2.842170943040401e-14,0,0,0,0.0,0,0,True,1008,0,9.326120382921557e-11,2.8888805313978084e-13,6.307350884712428e-10,1.078538000001572,1.374040160462753,2.243226000246068,0.5587256501519263,1.8672134326770902,-0.8466669758781791,0.6457031971822049,9.537538243048473,1139.2106337408698,0,11.50564064157275,11.397933465564286,1310.4034579935917,1500.0,-0.40420642774552107,0.00020314269671006802,0.0,0.0,0.0,0.0,0.0,23542.50911305882,14750.0,46.573143425031915,8556.33942762739,0.0,1.1596057447604835e-11,-7.105427357601002e-14,0,0,0,0.0,0,0,True,1008,0,9.326120382921557e-11,2.8888805313978084e-13,6.307350884712428e-10,1.037645999531378,1.3316096004564315,2.243226000246068,0.38324849992932286,0.5507896799008447,1.3920309993409319,0.38324849992932286,0.5507896799008447,1.3920309993409319,0.38324849992932286,0.5507896799008447,1.3920309993409319
d5419d24e3f12cc98db8a0792babd5f886758ddd3fc42e7ea513816b648d1aed,eta06,Mar2015,400.0,pid_lowdrag_preview,0,1500.0,0.6,96.33333333333333,72.0,10.0,1500.0,600.0,1.5375653575640826,6.21022165287286,-5.308036542497575,40.47124340005334,6.945203313771076,1121.4882186454631,0,714.6430721838882,714.3971743604436,1350.0,1500.0,-1.6695974739268422,0.23734140348575783,0.0,0.0,0.0,0.0,0.0,77122.15438057604,65000.0,2919.1012708090793,9053.053109766966,0.0,0.0,-5.4569682106375694e-12,0,0,0,0.0,0,0,True,0,0,,,,0.2739634996942186,0.37380610016953136,0.994912000351178,1.5278262308581851,6.21022165287286,-4.553912294097245,26.076777899213806,6.950956984060717,1121.4882186454631,0,460.264843352307,460.30650117358533,1204.9809764650386,1302.6910867818626,0.2804023129865527,0.30529621026993325,0.0,0.0,0.0,0.0,0.0,46894.593831981736,43200.0,1880.8603123891382,1716.0234092757867,0.0,1.2960299500264227e-11,-2.5011104298755527e-12,0,0,0,0.0,0,0,True,0,0,,,,0.2782699998533644,0.3665544496925575,0.6480179999925895,1.642732773944617,5.308036542497575,-5.308036542497575,11.061439633184659,8.422445793606533,1122.89695507458,0,195.54340980606446,195.25620056179037,1302.6910867818626,1500.0,-1.6695974739268422,0.0008254190996114241,0.0,0.0,0.0,0.0,0.0,22650.0,14600.0,797.8371746830152,7054.853912098843,0.0,-4.774847184307873e-12,-3.183231456205249e-12,0,0,0,0.0,0,0,True,0,0,,,,0.2739634996942186,0.37380610016953136,0.994912000351178,,,,,,,,,
d5419d24e3f12cc98db8a0792babd5f886758ddd3fc42e7ea513816b648d1aed,eta06,Mar2015,400.0,pid_lowdrag_preview,1,1500.0,0.6,96.33333333333333,72.0,10.0,1500.0,600.0,1.581239085396751,6.841617026366293,-4.93672532401979,40.47923074827788,6.933922728197376,1122.8495615201512,0,714.8635371549703,714.5381667916698,1350.0,1500.0,-2.2091836910694838,0.23717220568961717,0.0,0.0,0.0,0.0,0.0,77151.8085339432,65000.0,2919.6773805698263,9082.131153373377,0.0,3.637978807091713e-12,-1.318767317570746e-11,0,0,0,0.0,0,0,True,0,0,,,,0.2737429999797314,0.37769520019537584,0.5745620001107454,1.58765974166871,6.841617026366293,-4.93672532401979,26.101102966555786,6.933922728197376,1122.8495615201512,0,460.4493824741845,460.7358865325549,1205.3839246662108,1301.0491420366852,2.44011564925313,0.3050622727251656,0.0,0.0,0.0,0.0,0.0,46918.9887835958,43200.0,1882.614825693531,1740.7087405317955,0.0,1.1368683772161603e-12,2.9558577807620168e-12,0,0,0,0.0,0,0,True,0,0,,,,0.2704879998418619,0.3768562294226282,0.5339960007404443,1.7368026690028275,5.482795517891645,-4.473237972706556,11.039899448638408,8.570591212432207,1123.142310468986,0,195.56076874595067,194.8759738703717,1301.0491420366852,1500.0,-2.2091836910694838,0.0006953324669893846,0.0,0.0,0.0,0.0,0.0,22650.0,14600.0,796.2835288149756,7054.765613221708,0.0,-1.8189894035458565e-12,-1.546140993013978e-11,0,0,0,0.0,0,0,True,0,0,,,,0.2737429999797314,0.37769520019537584,0.5745620001107454,,,,,,,,,
d5419d24e3f12cc98db8a0792babd5f886758ddd3fc42e7ea513816b648d1aed,eta06,Mar2015,400.0,pid_lowdrag_preview,2,1500.0,0.6,96.33333333333333,72.0,10.0,1500.0,600.0,1.607066814274834,5.519817088730633,-5.519817088730633,40.49953696534321,6.931041746131958,1120.6097994767529,0,714.8319404946992,714.8966115261288,1350.0,1500.0,0.4389815181493759,0.23720241961416466,0.0,0.0,0.0,0.0,0.0,77141.63876477761,65000.0,2921.1420230927843,9070.496741684834,0.0,3.637978807091713e-12,-1.4097167877480388e-11,0,0,0,0.0,0,0,True,0,0,,,,0.2681649998521607,0.45617819970175333,1.948140000422427,1.6190828167801898,5.519817088730633,-5.519817088730633,26.067096741190674,6.941812699141289,1120.9779297808234,0,460.417961999496,460.1356096625936,1205.086665210246,1303.1146027719446,-1.4611228555440903,0.3051090527489593,0.0,0.0,0.0,0.0,0.0,46909.64547691052,43200.0,1880.1620318740306,1731.4555074747852,0.0,-4.092726157978177e-12,-7.73070496506989e-12,0,0,0,0.0,0,0,True,0,0,,,,0.26842499937629327,0.4887293001047497,1.948140000422427,1.6867248071643268,4.365470018237829,-4.140149608254433,11.093413462101438,8.409480621864123,1120.6097994767529,0,195.54072649776026,195.82060163061215,1303.1146027719446,1500.0,0.4389815181493759,0.0008368555259238297,0.0,0.0,0.0,0.0,0.0,22650.0,14600.0,800.1433762420052,7052.971226529949,0.0,9.549694368615746e-12,-6.59383658785373e-12,0,0,0,0.0,0,0,True,0,0,,,,0.2681649998521607,0.45617819970175333,1.948140000422427,,,,,,,,,
d5419d24e3f12cc98db8a0792babd5f886758ddd3fc42e7ea513816b648d1aed,eta06,Mar2015,400.0,swmpc,0,1500.0,0.6,96.33333333333333,72.0,10.0,1500.0,600.0,1.393106170709014,5.474039477296174,-5.3079940509051085,40.314139153484135,5.17479258680854,1121.5203946024699,0,711.8698777942296,711.6239749131216,1350.0,1500.0,-1.669598680920899,0.22128966953398366,41.41892132180358,0.0,1.4089060577051158e-14,41.41892132180358,0.0,75610.58846310587,65000.0,2907.769688992419,7552.818774113437,0.0,-1.6370904631912708e-11,-5.4569682106375694e-12,0,0,0,0.0,0,0,True,1008,0,2.0804853075944905e-11,2.2130298652466246e-13,2.4185913966000026e-10,0.9790929998416686,1.470166669359969,6.512443999781681,1.3306664738666742,5.474039477296174,-3.7002095971256495,25.904582534524938,5.587367536967877,1121.5203946024699,0,457.35425887198323,457.2669137619564,1234.9776329712843,1302.3244194938434,0.3994207810610533,0.28646702267759283,41.41892132180358,0.0,1.4089060577051158e-14,41.41892132180358,0.0,45580.48078384093,43200.0,1868.4402416015441,444.6937557168212,0.0,-7.958078640513122e-12,0.0,0,0,0,0.0,0,0,True,1008,0,2.0804853075944905e-11,2.2130298652466246e-13,2.4185913966000026e-10,1.0593880001579237,1.6185934091481553,6.512443999781681,1.6427959256174454,5.3079940509051085,-5.3079940509051085,11.062784904043216,8.859325178829234,1122.8969567519634,0,195.58468750184727,195.27994724261987,1302.3244194938434,1500.0,-1.669598680920899,0.0005255125389288517,0.0,0.0,0.0,0.0,0.0,22650.0,14600.0,797.9342060945258,7054.390213399312,0.0,-5.4569682106375694e-12,-5.6843418860808015e-12,0,0,0,0.0,0,0,True,1008,0,2.0804853075944905e-11,2.2130298652466246e-13,2.4185913966000026e-10,0.9790929998416686,1.470166669359969,6.512443999781681,0.3719864998856792,0.6278792999273709,1.4204780000000028,0.3719864998856792,0.6278792999273709,1.4204780000000028,0.3719864998856792,0.6278792999273709,1.4204780000000028
d5419d24e3f12cc98db8a0792babd5f886758ddd3fc42e7ea513816b648d1aed,eta06,Mar2015,400.0,swmpc,1,1500.0,0.6,96.33333333333333,72.0,10.0,1500.0,600.0,1.3642181535838767,5.482792041264474,-4.473236428573728,40.305796573979656,5.036725267469352,1122.098916770503,0,711.8020880925218,711.4767119499904,1350.0,1500.0,-2.209184187464416,0.22127735065517518,41.445490967371036,0.0,1.3448864119443135e-14,41.445490967371036,0.0,75608.25920998454,65000.0,2907.167957185162,7551.091252799331,0.0,-4.18367562815547e-11,1.3642420526593924e-12,0,0,0,0.0,0,0,True,1008,0,1.4779288903810084e-11,2.5616118623747305e-13,1.587137456604134e-10,1.058607499999198,1.2807911702748243,1.5120120006031357,1.294133476508502,4.729334739036858,-3.730720258317888,25.89969472317319,5.66647549503757,1122.098916770503,0,457.2026405893206,457.18063426261017,1235.743517053737,1301.85936095256,0.7934296419844031,0.28659283110124634,41.39230584427314,0.0,1.3448864119443135e-14,41.39230584427314,0.0,45576.73135722062,43200.0,1868.0876945797706,442.5278187420113,0.0,-1.3415046851150692e-11,4.774847184307873e-12,0,0,0,0.0,0,0,True,1008,0,1.4779288903810084e-11,2.5616118623747305e-13,1.587137456604134e-10,1.0883280001507956,1.2898054799279632,1.5120120006031357,1.7309579821976122,5.482792041264474,-4.473236428573728,11.055013801977317,8.8659374451894,1123.1423117027916,0,195.58502102200146,195.14277198208958,1301.85936095256,1500.0,-2.209184187464416,0.0005223438233953326,0.0,0.0,0.0,0.0,0.0,22650.0,14600.0,797.3736936908961,7054.485667261659,0.0,-5.002220859751105e-12,-3.183231456205249e-12,0,0,0,0.0,0,0,True,1008,0,1.4779288903810084e-11,2.5616118623747305e-13,1.587137456604134e-10,1.058607499999198,1.2807911702748243,1.5120120006031357,0.38905200017325114,0.5612371397546664,0.6555390000357875,0.38905200017325114,0.5612371397546664,0.6555390000357875,0.38905200017325114,0.5612371397546664,0.6555390000357875
d5419d24e3f12cc98db8a0792babd5f886758ddd3fc42e7ea513816b648d1aed,eta06,Mar2015,400.0,swmpc,2,1500.0,0.6,96.33333333333333,72.0,10.0,1500.0,600.0,1.4303652301751404,4.71746869571507,-4.140660926699638,40.343701856021084,5.272506270636006,1120.6150134000104,0,712.0811496381623,712.1458148514292,1350.0,1500.0,0.4389797421172261,0.2208265102138568,41.407613242212946,0.0,1.6485782601550676e-14,41.407613242212946,0.0,75620.08280541493,65000.0,2909.9019813386562,7560.1808240762775,0.0,2.7284841053187847e-12,6.366462912410498e-12,0,0,0,0.0,0,0,True,1008,0,2.7284841053187847e-11,2.232229094126428e-13,4.3408008670921165e-10,0.9954575002666388,1.389412470662137,3.4181589999207063,1.3893281442917713,4.71746869571507,-3.764163221232593,25.893448877048765,5.272506270636006,1121.414523324013,0,457.46261408842145,457.0703827741987,1235.031043461497,1303.7362615253387,-1.28976792935282,0.2859711664326515,41.407613242212946,0.0,1.6485782601550676e-14,41.407613242212946,0.0,45587.10483584454,43200.0,1867.6371955135853,450.7624222671193,0.0,5.9117155615240335e-12,5.002220859751105e-12,0,0,0,0.0,0,0,True,1008,0,2.7284841053187847e-11,2.232229094126428e-13,4.3408008670921165e-10,1.0721134999585047,1.4578138698652732,3.4181589999207063,1.6874911331826767,4.366007784381509,-4.140660926699638,11.095059774459134,9.02635195312906,1120.6150134000104,0,195.59502675243414,195.84966228695976,1303.7362615253387,1500.0,0.4389797421172261,0.0004456840149228425,0.0,0.0,0.0,0.0,0.0,22650.0,14600.0,800.2621211110054,7053.474140414328,0.0,-5.4569682106375694e-12,1.1368683772161603e-12,0,0,0,0.0,0,0,True,1008,0,2.7284841053187847e-11,2.232229094126428e-13,4.3408008670921165e-10,0.9954575002666388,1.389412470662137,3.4181589999207063,0.3709295001499413,0.6338243900609082,2.245958999992581,0.3709295001499413,0.6338243900609082,2.245958999992581,0.3709295001499413,0.6338243900609082,2.245958999992581
d5419d24e3f12cc98db8a0792babd5f886758ddd3fc42e7ea513816b648d1aed,eta06,Mar2015,550.0,pid_lowdrag_preview,0,1500.0,0.6,96.75,72.0,10.0,1500.0,600.0,0.6470821804725921,2.7392851756885648,-2.7392851756885648,3.3297110951663287,6.7001316344234745,1138.2135278051198,0,58.819572263898124,58.77596036054369,1350.0,1500.0,-0.30595382302999496,0.27447270884839436,0.0,0.0,0.0,0.0,0.0,75995.92843702712,65250.0,240.16469652905005,10355.763740498069,0.0,-1.8189894035458565e-12,-2.2737367544323206e-13,0,0,0,0.0,0,0,True,0,0,,,,0.2771580002445262,0.3603432000090834,0.42009400021925103,0.6037919137811338,2.2077010590583086,-1.6905565178021789,2.1424459070814117,6.701721913017069,1138.660511731848,0,37.70560307258296,37.81839087842421,1279.757047476086,1189.0926605227119,0.4763685520738363,0.3552094029948797,0.0,0.0,0.0,0.0,0.0,44745.62637132998,43200.0,154.52988454495642,1481.7608737383944,0.0,-9.094947017729282e-13,2.842170943040401e-14,0,0,0,0.0,0,0,True,0,0,,,,0.27979200012850924,0.3622212301434046,0.4009750000477652,0.7979566057420696,2.7392851756885648,-2.7392851756885648,0.937272582045785,8.531602910288678,1138.2135278051198,0,16.656224213498632,16.54470750009491,1189.0926605227119,1500.0,-0.30595382302999496,0.0007171862873236456,0.0,0.0,0.0,0.0,0.0,23823.37445908311,14850.0,67.60339825241812,8594.863721353402,0.0,4.547473508864641e-13,-2.2737367544323206e-13,0,0,0,0.0,0,0,True,0,0,,,,0.2771580002445262,0.3603432000090834,0.42009400021925103,,,,,,,,,
d5419d24e3f12cc98db8a0792babd5f886758ddd3fc42e7ea513816b648d1aed,eta06,Mar2015,550.0,pid_lowdrag_preview,1,1500.0,0.6,96.75,72.0,10.0,1500.0,600.0,0.6349926481685215,2.0509930374100804,-1.8881101068109274,3.3267723202481774,6.6980410119083125,1138.2783239761895,0,58.81749649602252,58.72408519385134,1350.0,1500.0,-0.6553126079961658,0.2744451391351107,0.0,0.0,0.0,0.0,0.0,75989.46092079955,65250.0,239.9527291942841,10349.508191605275,0.0,7.275957614183426e-12,3.979039320256561e-13,0,0,0,0.0,0,0,True,0,0,,,,0.28533099975902587,0.3655155203159666,0.4286760004106327,0.6640304186403261,2.0509930374100804,-1.8881101068109274,2.136444985467948,6.6980410119083125,1138.2783239761895,0,37.7032079927008,37.71246279013044,1279.756289173619,1189.2219284455916,0.7393293213099241,0.35515572453633415,0.0,0.0,0.0,0.0,0.0,44737.99602855729,43200.0,154.09705134201366,1474.433337943298,0.0,-4.547473508864641e-12,-8.242295734817162e-13,0,0,0,0.0,0,0,True,0,0,,,,0.2806740003507002,0.3654000902588449,0.4286760004106327,0.6262049498220996,1.7910193502902985,-1.5415045097470284,0.932331289889814,8.539704293426798,1138.9980643723927,0,16.65628412752313,16.457483959196644,1189.2219284455916,1500.0,-0.6553126079961658,0.0007102069565684266,0.0,0.0,0.0,0.0,0.0,23823.633566737393,14850.0,67.24699377852303,8595.60850140447,0.0,7.048583938740194e-12,1.2221335055073723e-12,0,0,0,0.0,0,0,True,0,0,,,,0.28533099975902587,0.3655155203159666,0.4286760004106327,,,,,,,,,
d5419d24e3f12cc98db8a0792babd5f886758ddd3fc42e7ea513816b648d1aed,eta06,Mar2015,550.0,pid_lowdrag_preview,2,1500.0,0.6,96.75,72.0,10.0,1500.0,600.0,0.6108222953940964,1.9642970096319914,-1.4651747327297926,3.3311516349268158,6.6996044134749075,1138.7148318593556,0,58.82384647426426,58.80138872517929,1350.0,1500.0,-0.15755141992121935,0.27444592631499864,0.0,0.0,0.0,0.0,0.0,75997.98547263409,65250.0,240.26859947574033,10357.716873158344,0.0,0.0,-3.410605131648481e-13,0,0,0,0.0,0,0,True,0,0,,,,0.2712900004553376,0.48310671991202986,1.018527000269387,0.5988589679576247,1.74652748554945,-1.4651747327297926,2.138926037102118,6.702860069243495,1138.7148318593556,0,37.71003005614519,37.75625823914549,1279.485197589205,1189.3651856313825,0.4062036918476224,0.3551512833774313,0.0,0.0,0.0,0.0,0.0,44747.69412743569,43200.0,154.27600410871437,1483.5381352847876,0.0,-7.275957614183426e-12,-5.968558980384842e-13,0,0,0,0.0,0,0,True,0,0,,,,0.27533549973668414,0.4765622399736452,1.018527000269387,0.7067271618579034,1.9642970096319914,-1.1458700420334935,0.9390300172294053,8.52693966894481,1139.1389977058498,0,16.65609043362457,16.575729693233114,1189.3651856313825,1500.0,-0.15755141992121935,0.0007212050940924586,0.0,0.0,0.0,0.0,0.0,23823.22526088182,14850.0,67.73015816505978,8594.86028834814,0.0,-3.410605131648481e-12,2.7000623958883807e-13,0,0,0,0.0,0,0,True,0,0,,,,0.2712900004553376,0.48310671991202986,1.018527000269387,,,,,,,,,
d5419d24e3f12cc98db8a0792babd5f886758ddd3fc42e7ea513816b648d1aed,eta06,Mar2015,550.0,swmpc,0,1500.0,0.6,96.75,72.0,10.0,1500.0,600.0,0.6225924889805886,2.74979180470109,-2.74979180470109,3.3825083109115077,5.200000000000003,1138.1985038667697,0,59.751774065152574,59.70793522896043,1350.0,1500.0,-0.3075448628515005,0.22282714924370717,41.03674835406098,0.0,1.2085833468058179e-14,41.03674835406098,0.0,75634.25368572521,65250.0,243.97284292212063,9990.280842803122,0.0,3.092281986027956e-11,1.3073986337985843e-12,0,0,0,0.0,0,0,True,1008,0,9.121999457285141e-11,1.4115349781756484e-13,5.662220895344015e-10,1.0935209993476747,1.291807800225797,1.3966280002932763,0.5591108172244673,2.0798504669219255,-1.4657876454293728,2.189246709893094,5.204042928231648,1138.1985038667697,0,38.567338550176544,38.644517245631505,1279.6203281837034,1220.6861340058754,0.32587390672415495,0.28862933929274437,41.03674835406098,0.0,1.2085833468058179e-14,41.03674835406098,0.0,44413.98964831365,43200.0,157.905522936198,1115.0183195552904,0.0,1.318767317570746e-11,9.094947017729282e-13,0,0,0,0.0,0,0,True,1008,0,9.121999457285141e-11,1.4115349781756484e-13,5.662220895344015e-10,1.1258989998168545,1.2973221903394005,1.3966280002932763,0.799382399962577,2.74979180470109,-2.74979180470109,0.9389185330434557,9.916360406842161,1138.2089816918497,0,16.664052862768152,16.573761777727007,1220.6861340058754,1500.0,-0.3075448628515005,3.520184897221057e-05,0.0,0.0,0.0,0.0,0.0,23848.693131356908,14850.0,67.72211705731179,8651.657148305483,0.0,1.2278178473934531e-11,4.121147867408581e-13,0,0,0,0.0,0,0,True,1008,0,9.121999457285141e-11,1.4115349781756484e-13,5.662220895344015e-10,1.0935209993476747,1.291807800225797,1.3966280002932763,0.42066449987032684,0.5599814894867449,0.6211170002643485,0.42066449987032684,0.5599814894867449,0.6211170002643485,0.42066449987032684,0.5599814894867449,0.6211170002643485
d5419d24e3f12cc98db8a0792babd5f886758ddd3fc42e7ea513816b648d1aed,eta06,Mar2015,550.0,swmpc,1,1500.0,0.6,96.75,72.0,10.0,1500.0,600.0,0.619200880053024,2.2113837571814656,-1.774446359835565,3.378440506406098,5.200000000000003,1138.3720327463225,0,59.73001994247293,59.63613046586507,1350.0,1500.0,-0.6586661878973246,0.2235199088175751,41.04243002566466,0.0,1.311059640400368e-14,41.04243002566466,0.0,75662.70888482012,65250.0,243.67944118044804,10019.029443639676,0.0,0.0,-8.526512829121202e-13,0,0,0,0.0,0,0,True,1008,0,9.254982491570036e-11,9.46127035604901e-14,4.849672712677389e-10,1.0887130001719925,1.3182223597323173,1.5003140006228932,0.6532900310989376,2.2113837571814656,-1.774446359835565,2.1842036451677718,5.200000000000003,1138.3720327463225,0,38.546490346004795,38.555497218392105,1279.7131964979192,1221.302531026393,0.5419849995523691,0.28958774764017103,41.04243002566466,0.0,1.311059640400368e-14,41.04243002566466,0.0,44452.059125681866,43200.0,157.54177783197608,1152.9280133214152,0.0,-1.1368683772161603e-12,-1.1368683772161603e-12,0,0,0,0.0,0,0,True,1008,0,9.254982491570036e-11,9.46127035604901e-14,4.849672712677389e-10,1.1184929999217275,1.3288731992997782,1.5003140006228932,0.6250520774691117,1.7954318448901176,-1.5980215715244412,0.9343377780734419,9.922222751236792,1139.017668723575,0,16.664049964364757,16.49290242841893,1221.302531026393,1500.0,-0.6586661878973246,3.2734532307676645e-05,0.0,0.0,0.0,0.0,0.0,23848.784730488074,14850.0,67.39171733319017,8652.695544181279,0.0,1.8189894035458565e-12,2.984279490192421e-13,0,0,0,0.0,0,0,True,1008,0,9.254982491570036e-11,9.46127035604901e-14,4.849672712677389e-10,1.0887130001719925,1.3182223597323173,1.5003140006228932,0.4197735001980618,0.5760256602388836,0.8210190007957863,0.4197735001980618,0.5760256602388836,0.8210190007957863,0.4197735001980618,0.5760256602388836,0.8210190007957863
d5419d24e3f12cc98db8a0792babd5f886758ddd3fc42e7ea513816b648d1aed,eta06,Mar2015,550.0,swmpc,2,1500.0,0.6,96.75,72.0,10.0,1500.0,600.0,0.5770712728713742,2.0134553592652082,-1.308046406134963,3.383425223033417,5.201917259127516,1138.7338267162356,0,59.74697053331446,59.72412053422896,1350.0,1500.0,-0.16030201222747564,0.22268545438670695,41.06756382325137,0.0,1.6423833939811073e-14,41.06756382325137,0.0,75619.53118792703,65250.0,244.03897776541635,9975.492210161623,0.0,9.094947017729282e-12,3.126388037344441e-13,0,0,0,0.0,0,0,True,1008,0,1.1882346387616547e-10,2.1050137145143594e-13,4.348211463179815e-10,1.064736999978777,1.2736412002050201,1.5002439995441819,0.5616527339507722,1.9555404847487807,-1.308046406134963,2.187386713219664,5.201917259127516,1138.7338267162356,0,38.56175043037366,38.611684640151964,1279.4920456271482,1222.9480598353825,0.3337664222344756,0.28849769130365466,41.06756382325137,0.0,1.6423833939811073e-14,41.06756382325137,0.0,44406.76611824302,43200.0,157.771365490145,1105.5387385446425,0.0,5.229594535194337e-12,1.7053025658242404e-13,0,0,0,0.0,0,0,True,1008,0,1.1882346387616547e-10,2.1050137145143594e-13,4.348211463179815e-10,1.0956530004477827,1.2893704704401896,1.5002439995441819,0.7108280985795794,2.0134553592652082,-1.1456478368490934,0.940042923353841,9.932285355414026,1139.130490180173,0,16.66403665195711,16.59360948175422,1222.9480598353825,1500.0,-0.16030201222747564,2.849942953953022e-05,0.0,0.0,0.0,0.0,0.0,23848.941958678344,14850.0,67.80321684343593,8654.086801670292,0.0,1.3642420526593924e-12,1.9895196601282805e-13,0,0,0,0.0,0,0,True,1008,0,1.1882346387616547e-10,2.1050137145143594e-13,4.348211463179815e-10,1.064736999978777,1.2736412002050201,1.5002439995441819,0.40183100009016925,0.5438491292898107,0.7484790003218222,0.40183100009016925,0.5438491292898107,0.7484790003218222,0.40183100009016925,0.5438491292898107,0.7484790003218222
d5419d24e3f12cc98db8a0792babd5f886758ddd3fc42e7ea513816b648d1aed,eta06,May2024,400.0,pid_lowdrag_preview,0,1500.0,0.6,96.58333333333333,72.0,10.0,1500.0,600.0,2.3557223196881267,9.036930811591446,-7.996666552498937,104.7929109362905,7.081371385371914,1112.7360614079564,0,1849.1233808294971,1849.801320060063,1350.0,1500.0,4.6037840051576495,0.2113956016185966,0.0,0.0,0.0,0.0,0.0007674597083653108,82193.86959065439,65150.0,7558.480881402918,9335.388709251489,0.0,2.000888343900442e-11,-3.9108272176235914e-11,0,0,0,0.0,0,0,True,0,0,,,,0.2772679999907268,0.3558256000178517,0.6223090003913967,2.4499145607606314,9.036930811591446,-7.996666552498937,71.3989816588998,7.0832188894045505,1112.7360614079564,0,1260.231073772991,1260.332682273437,1160.8604597547453,1456.959723211684,-0.4924709890037775,0.2686223024221145,0.0,0.0,0.0,0.0,0.0011574074074074073,50952.13630178192,43200.0,5149.850624423685,2306.1864139013005,0.0,7.503331289626658e-12,-3.183231456205249e-11,0,0,0,0.0,0,0,True,0,0,,,,0.28017800013913075,0.3595246798249716,0.5560190002142917,2.2507758265185047,6.367737762629986,-6.367737762629986,25.983259817339857,8.507423746449474,1127.0180331093823,0,457.90528079414753,458.6557227978926,1456.959723211684,1500.0,4.6037840051576495,0.0007430388525967446,0.0,0.0,0.0,0.0,0.0,23300.0,14750.0,1874.1150599899577,6632.844663221731,0.0,4.547473508864641e-12,-6.139089236967266e-12,0,0,0,0.0,0,0,True,0,0,,,,0.2772679999907268,0.3558256000178517,0.6223090003913967,,,,,,,,,
d5419d24e3f12cc98db8a0792babd5f886758ddd3fc42e7ea513816b648d1aed,eta06,May2024,400.0,pid_lowdrag_preview,1,1500.0,0.6,96.58333333333333,72.0,10.0,1500.0,600.0,2.3696002975855768,8.029000646434724,-8.029000646434724,104.76992590367172,7.055187237433741,1112.8482153865175,0,1849.332905528023,1849.3955889538463,1350.0,1500.0,0.4254835667088628,0.21145013140056734,0.0,0.0,0.0,0.0,0.0007674597083653108,82188.28010036307,65150.0,7556.823021839278,9331.457078523812,0.0,1.6370904631912708e-11,5.547917680814862e-11,0,0,0,0.0,0,0,True,0,0,,,,0.2841690002242103,0.36629435944632865,0.7883600001150626,2.404764919362612,8.029000646434724,-8.029000646434724,71.41202155032967,7.061244803608156,1112.8482153865175,0,1260.414695821255,1260.5628620457733,1163.3497479826071,1454.7152891182714,-0.005493537522852421,0.26869861628251435,0.0,0.0,0.0,0.0,0.0011574074074074073,50936.554421412286,43200.0,5150.791162950491,2294.3977173261346,0.0,3.865352482534945e-12,0.0,0,0,0,0.0,0,0,True,0,0,,,,0.280497999938234,0.36375345988744806,0.7883600001150626,2.5135148640602036,7.152803850360215,-6.91956321336329,25.94591873332064,8.595673976552222,1123.9851486495775,0,457.93311017661176,457.9965791030236,1454.7152891182714,1500.0,0.4254835667088628,0.0006665582170498618,0.0,0.0,0.0,0.0,0.0,23300.0,14750.0,1871.4217301919598,6633.293558926319,0.0,7.275957614183426e-12,5.525180313270539e-11,0,0,0,0.0,0,0,True,0,0,,,,0.2841690002242103,0.36629435944632865,0.7883600001150626,,,,,,,,,
d5419d24e3f12cc98db8a0792babd5f886758ddd3fc42e7ea513816b648d1aed,eta06,May2024,400.0,pid_lowdrag_preview,2,1500.0,0.6,96.58333333333333,72.0,10.0,1500.0,600.0,2.420952505915481,9.214863394387066,-9.115165771916509,104.77158236964561,7.057424475429146,1111.576541023168,0,1849.0509672084347,1849.4248288415201,1350.0,1500.0,2.538734815083444,0.21148985164771572,0.0,0.0,0.0,0.0,0.0015349194167306216,82193.56838676218,65150.0,7556.942499066065,9336.625887696107,0.0,-1.2732925824820995e-11,-2.9103830456733704e-11,0,0,0,0.0,0,0,True,0,0,,,,0.2785100004984997,0.39202054027555283,2.4339829997188644,2.471695290394566,9.214863394387066,-9.115165771916509,71.37828676265367,7.057424475429146,1111.576541023168,0,1260.1155202916293,1259.967376585762,1160.7999383297397,1456.1527054126163,-1.5493805734440684,0.2687638618244208,0.0,0.0,0.0,0.0,0.0023148148148148147,50941.60717190008,43200.0,5148.3579473311065,2297.896457486095,0.0,-4.547473508864641e-12,-3.456079866737127e-11,0,0,0,0.0,0,0,True,0,0,,,,0.2809890002026805,0.386869310368638,2.4339829997188644,2.516082875007679,7.75275463424623,-6.200341870076954,25.974833570378095,8.512494909452096,1125.4924351582274,0,457.90497071789036,458.50698293931146,1456.1527054126163,1500.0,2.538734815083444,0.0007386342036849181,0.0,0.0,0.0,0.0,0.0,23300.0,14750.0,1873.5072934340692,6632.645411978543,0.0,-3.637978807091713e-12,4.774847184307873e-12,0,0,0,0.0,0,0,True,0,0,,,,0.2785100004984997,0.39202054027555283,2.4339829997188644,,,,,,,,,
d5419d24e3f12cc98db8a0792babd5f886758ddd3fc42e7ea513816b648d1aed,eta06,May2024,400.0,swmpc,0,1500.0,0.6,96.58333333333333,72.0,10.0,1500.0,600.0,4.195212773936796,20.099453306756914,-7.051338894292712,96.87514373528272,2.9646132810884565,643.5756311382908,0,1709.3590252986908,1710.0371309609072,1350.0,1500.0,4.603930216282606,0.28037967341365455,42.6726268911237,2.2381489424078045,1.3531090583804235e-14,42.6726268911237,0.0,78633.56473720587,65150.0,6987.389845974059,6346.174891231819,0.0,4.547473508864641e-12,2.091837814077735e-11,0,0,0,0.0,0,0,True,1008,0,5.6843418860808015e-12,1.7405957790711142e-08,4.3884680539985065e-10,1.0653469998942455,1.5441272994576138,3.4094909997293144,4.926666656224631,20.099453306756914,-7.051338894292712,64.10809188158788,3.096144451648154,643.5756311382908,0,1131.2918874783654,1131.6341146510313,1163.786539136126,1084.5168644335838,1.0606569396331906,0.3603566473990658,42.6726268911237,2.2381489424078045,1.3531090583804235e-14,42.6726268911237,0.0,47777.30052765331,43200.0,4623.974871017726,32.59533133812852,0.0,5.002220859751105e-12,-2.7284841053187847e-12,0,0,0,0.0,0,0,True,1008,0,5.6843418860808015e-12,1.7405957790711142e-08,4.3884680539985065e-10,1.1173409998264106,1.559379500231443,3.4094909997293144,2.2494496151479715,6.367659776471555,-6.367659776471555,25.946389093776716,7.237482942450988,758.0235370742009,0,457.48312483447216,458.0048818916839,1084.5168644335838,1500.0,4.603930216282606,0.0019380892526703608,0.0,0.0,0.0,0.0,0.0,23300.0,14750.0,1871.4556562512641,6263.061208182326,0.0,6.139089236967266e-12,2.1827872842550278e-11,0,0,0,0.0,0,0,True,1008,0,5.6843418860808015e-12,1.7405957790711142e-08,4.3884680539985065e-10,1.0653469998942455,1.5441272994576138,3.4094909997293144,0.48782149997350643,0.8196832001158327,2.6726280002549174,0.48782149997350643,0.8196832001158327,2.6726280002549174,0.48782149997350643,0.8196832001158327,2.6726280002549174
d5419d24e3f12cc98db8a0792babd5f886758ddd3fc42e7ea513816b648d1aed,eta06,May2024,400.0,swmpc,1,1500.0,0.6,96.58333333333333,72.0,10.0,1500.0,600.0,4.21307867434076,19.983888977207243,-8.072715230286121,96.93406139942212,2.71380985954215,643.014253798332,0,1711.0143087910133,1711.077143800755,1350.0,1500.0,0.4256627354770899,0.2799493366523531,42.64300356898936,1.7237244293747132,1.1932624749790373e-14,42.64300356898936,0.0,78644.78534233285,65150.0,6991.639446772381,6353.145895560477,0.0,9.094947017729282e-12,9.094947017729282e-12,0,0,0,0.0,0,0,True,1008,0,9.094947017729282e-12,3.077240534366193e-13,3.8817895678947575e-10,1.0961540001517278,1.600183679965994,1.928339999722084,4.9174067144666225,19.983888977207243,-8.072715230286121,64.25007208374814,3.0498638356689893,643.014253798332,0,1133.7225899279572,1134.140344920163,1166.331786536222,1062.8317568416119,1.588434706442058,0.35836861476533477,42.64300356898936,1.7237244293747132,1.1150927559501325e-14,42.64300356898936,0.0,47797.138800504916,43200.0,4634.215588963057,66.42324123647109,0.0,2.0463630789890885e-12,2.2737367544323206e-11,0,0,0,0.0,0,0,True,1008,0,9.094947017729282e-12,3.077240534366193e-13,3.8817895678947575e-10,1.1889540000993293,1.6117483899506624,1.928339999722084,2.5132451718986033,7.1528423530980945,-6.919617954641581,25.90404325541499,7.108638025347304,735.1235453200751,0,457.42863506622143,457.25739442328177,1062.8317568416119,1500.0,0.4256627354770899,0.0021047416308913602,0.0,0.0,0.0,0.0,0.0,23300.0,14750.0,1868.401344592123,6244.430412249503,0.0,1.4097167877480388e-11,-1.6143530956469476e-11,0,0,0,0.0,0,0,True,1008,0,9.094947017729282e-12,3.077240534366193e-13,3.8817895678947575e-10,1.0961540001517278,1.600183679965994,1.928339999722084,0.5102355003145931,0.8646154293455766,1.4033979996384005,0.5102355003145931,0.8646154293455766,1.4033979996384005,0.5102355003145931,0.8646154293455766,1.4033979996384005
d5419d24e3f12cc98db8a0792babd5f886758ddd3fc42e7ea513816b648d1aed,eta06,May2024,400.0,swmpc,2,1500.0,0.6,96.58333333333333,72.0,10.0,1500.0,600.0,4.163009639211285,16.031850752420723,-9.161017946898937,96.88337634412281,2.989028223828865,652.4905742285827,0,1709.808439927971,1710.1824527251802,1350.0,1500.0,2.5388523899018764,0.2808346270159455,42.667201434803104,1.8655890135998878,1.2330061893916716e-14,42.667201434803104,0.0,78649.61174931463,65150.0,6987.98364584058,6361.628103474048,0.0,-2.7284841053187847e-12,6.275513442233205e-11,0,0,0,0.0,0,0,True,1008,0,5.6843418860808015e-12,2.6619164761255353e-13,4.825679626389272e-10,1.1677620004775235,1.616045280443359,6.552408999596082,4.847780682501142,16.031850752420723,-9.161017946898937,64.1310548555479,3.090186601566005,652.4905742285827,0,1132.1323111996346,1132.0394563784928,1163.5727855617697,1096.3509068064884,-1.211805809289217,0.36032062721555036,42.667201434803104,1.8655890135998878,1.2330061893916716e-14,42.667201434803104,0.0,47797.10487811266,43200.0,4625.631139539221,38.695617328717844,0.0,-1.3642420526593924e-12,2.2737367544323206e-11,0,0,0,0.0,0,0,True,1008,0,5.6843418860808015e-12,2.6619164761255353e-13,4.825679626389272e-10,1.2448785000742646,1.6288982902278804,6.552408999596082,2.5157691559706548,7.752715117298067,-6.200222298502922,25.949984509453827,7.31970569836467,768.4781865658024,0,457.5160149468675,458.06834806135157,1096.3509068064884,1500.0,2.5388523899018764,0.0018321728155877848,0.0,0.0,0.0,0.0,0.0,23300.0,14750.0,1871.7149856316141,6274.635921174876,0.0,1.1368683772161603e-12,4.1154635255225e-11,0,0,0,0.0,0,0,True,1008,0,5.6843418860808015e-12,2.6619164761255353e-13,4.825679626389272e-10,1.1677620004775235,1.616045280443359,6.552408999596082,0.5634499998450337,0.8672985301382141,0.9842650006248732,0.5634499998450337,0.8672985301382141,0.9842650006248732,0.5634499998450337,0.8672985301382141,0.9842650006248732
d5419d24e3f12cc98db8a0792babd5f886758ddd3fc42e7ea513816b648d1aed,eta06,May2024,550.0,pid_lowdrag_preview,0,1500.0,0.6,97.0,72.0,10.0,1500.0,600.0,0.9589979702278695,2.9358989587053657,-2.9358989587053657,12.72081557169333,6.581957933695676,1147.2206824170746,0,224.76660331599447,224.54745484706424,1350.0,1500.0,-1.5374592561274767,0.28181339266904126,0.0,0.0,0.0,0.0,0.0,77428.0363594494,65400.0,917.5242908649833,10960.512068584401,0.0,-1.2732925824820995e-11,2.0463630789890885e-12,0,0,0,0.0,0,0,True,0,0,,,,0.26652699989426765,0.44228799960365034,0.6682840003122692,0.9633223812967202,2.8747636545449495,-2.6086106076836586,8.63761082385177,6.581957933695676,1147.2206824170746,0,152.37757058552805,152.47084713430792,1419.474099315053,1236.6702336828168,0.3069869875907898,0.3658000099566563,0.0,0.0,0.0,0.0,0.0,45024.01154930164,43200.0,623.0117637706888,1383.8036511631803,0.0,-8.86757334228605e-12,1.9326762412674725e-12,0,0,0,0.0,0,0,True,0,0,,,,0.272981499620073,0.40507243031242945,0.5832999995618593,1.003660122019284,2.9358989587053657,-2.9358989587053657,3.277876473332757,7.996216052326316,1157.1298362295142,0,58.12388543585325,57.86097717097519,1236.6702336828168,1500.0,-1.5374592561274767,0.0011728102987638156,0.0,0.0,0.0,0.0,0.0,24745.18690486023,15000.0,236.42597990572864,9245.431158637319,0.0,-2.2737367544323206e-13,3.126388037344441e-13,0,0,0,0.0,0,0,True,0,0,,,,0.26652699989426765,0.44228799960365034,0.6682840003122692,,,,,,,,,
d5419d24e3f12cc98db8a0792babd5f886758ddd3fc42e7ea513816b648d1aed,eta06,May2024,550.0,pid_lowdrag_preview,1,1500.0,0.6,97.0,72.0,10.0,1500.0,600.0,0.8794340866585882,2.9657520269975066,-2.6626409431919456,12.727212921471143,6.588343832626638,1147.4904555413377,0,224.77773680005924,224.66038067342197,1350.0,1500.0,-0.8233300698921084,0.28176857159473034,0.0,0.0,0.0,0.0,0.0,77419.87808561292,65400.0,917.9857175545841,10951.892368058327,0.0,-5.4569682106375694e-12,-6.821210263296962e-13,0,0,0,0.0,0,0,True,0,0,,,,0.17224500015800004,0.8447122500456437,6.946668000637146,0.9010337358784151,2.9657520269975066,-2.585250398144126,8.636363771816518,6.588343832626638,1147.4904555413377,0,152.3933676974181,152.44883420919388,1419.5965193372506,1236.706102031334,0.29817134980112314,0.36569091647841967,0.0,0.0,0.0,0.0,0.0,45014.43865469631,43200.0,622.921816665658,1374.4072553365716,0.0,5.9117155615240335e-12,2.7284841053187847e-12,0,0,0,0.0,0,0,True,0,0,,,,0.1679530000728846,0.5131750297095998,6.946668000637146,0.9313592627484175,2.72402957174927,-2.6626409431919456,3.2837209370319353,8.005387380006939,1156.873840580983,0,58.124002754241076,57.96414346885882,1236.706102031334,1500.0,-0.8233300698921084,0.001164802323595726,0.0,0.0,0.0,0.0,0.0,24745.259371349435,15000.0,236.84752814536853,9245.117945235394,0.0,-7.275957614183426e-12,-3.154809746774845e-12,0,0,0,0.0,0,0,True,0,0,,,,0.17224500015800004,0.8447122500456437,6.946668000637146,,,,,,,,,
d5419d24e3f12cc98db8a0792babd5f886758ddd3fc42e7ea513816b648d1aed,eta06,May2024,550.0,pid_lowdrag_preview,2,1500.0,0.6,97.0,72.0,10.0,1500.0,600.0,0.9121829574343377,3.5300264162942767,-2.520103241316974,12.742676032680222,6.578213056514231,1148.111712245809,0,224.78366013393105,224.93333504859265,1350.0,1500.0,1.0500410664826632,0.2817911031742022,0.0,0.0,0.0,0.0,0.0,77438.48700621128,65400.0,919.1010375642841,10969.385968646999,0.0,7.275957614183426e-12,1.000444171950221e-11,0,0,0,0.0,0,0,True,0,0,,,,0.27417900037107756,0.3593656295470283,0.37941200025670696,0.917872485166354,3.233014963567257,-2.520103241316974,8.627138956371459,6.578213056514231,1148.111712245809,0,152.3962991013887,152.2859980437013,1419.4852316911777,1238.699046719808,-0.644665957428515,0.36575232129632684,0.0,0.0,0.0,0.0,0.0,45034.0621382246,43200.0,622.2564511313595,1392.5918720646087,0.0,-4.320099833421409e-12,4.092726157978177e-12,0,0,0,0.0,0,0,True,0,0,,,,0.2806184998007666,0.3611941204599133,0.37941200025670696,1.015499724250961,3.5300264162942767,-2.1696770898997784,3.306433772774433,7.9877994919039015,1156.580730649104,0,58.123503734059426,58.36506976400244,1238.699046719808,1500.0,1.0500410664826632,0.0011801610806781992,0.0,0.0,0.0,0.0,0.0,24745.12033765388,15000.0,238.48575475048165,9245.333629623208,0.0,2.2737367544323206e-12,6.0538241086760536e-12,0,0,0,0.0,0,0,True,0,0,,,,0.27417900037107756,0.3593656295470283,0.37941200025670696,,,,,,,,,
d5419d24e3f12cc98db8a0792babd5f886758ddd3fc42e7ea513816b648d1aed,eta06,May2024,550.0,swmpc,0,1500.0,0.6,97.0,72.0,10.0,1500.0,600.0,0.9575407965962195,3.1041846089065075,-2.9358376087620854,12.806376834210536,5.220217426296797,1147.125859295415,0,226.27692848227767,226.0577796861807,1350.0,1500.0,-1.5374603504315019,0.24304027857868993,41.37570679007299,0.0,1.3056602562729927e-14,41.37570679007299,0.0,76234.70999851031,65400.0,923.6956354831148,9761.014363027203,0.0,5.4569682106375694e-12,2.1600499167107046e-12,0,0,0,0.0,0,0,True,1008,0,7.09546491301016e-11,2.073714279292551e-13,5.460072695416348e-10,0.7437374997607549,1.181695230161496,3.792403999796079,0.9738023856715401,3.1041846089065075,-2.078907288610935,8.724097150848106,5.220217426296797,1147.125859295415,0,154.01101822921984,153.99750118385538,1419.4273249848552,1236.6909647434761,-0.5043545318767428,0.31521176115929006,41.37570679007299,0.0,1.3056602562729927e-14,41.37570679007299,0.0,44057.859304309444,43200.0,629.2498312436078,411.34583330721443,0.0,-1.1368683772161603e-12,-2.0463630789890885e-12,0,0,0,0.0,0,0,True,1008,0,7.09546491301016e-11,2.073714279292551e-13,5.460072695416348e-10,0.778860499849543,1.1852040597477753,3.792403999796079,1.0051977285543612,2.9358376087620854,-2.9358376087620854,3.2857929080021275,9.90538736884337,1157.1275195569806,0,58.14797586596387,58.000717838268514,1236.6909647434761,1500.0,-1.5374603504315019,3.942192964856428e-05,0.0,0.0,0.0,0.0,0.0,24750.0,15000.0,236.99697482860194,9249.693989914875,0.0,6.821210263296962e-13,4.320099833421409e-12,0,0,0,0.0,0,0,True,1008,0,7.09546491301016e-11,2.073714279292551e-13,5.460072695416348e-10,0.7437374997607549,1.181695230161496,3.792403999796079,0.29513050003515673,0.5717515600372279,1.63948400040681,0.29513050003515673,0.5717515600372279,1.63948400040681,0.29513050003515673,0.5717515600372279,1.63948400040681
d5419d24e3f12cc98db8a0792babd5f886758ddd3fc42e7ea513816b648d1aed,eta06,May2024,550.0,swmpc,1,1500.0,0.6,97.0,72.0,10.0,1500.0,600.0,0.8767000186097096,3.115689618512988,-2.662487252615392,12.821919972145615,5.211699234772743,1147.2358108867656,0,226.44949855398403,226.33214669071612,1350.0,1500.0,-0.8232989450916648,0.2423330639838156,41.383456897661496,0.0,1.2117536888773736e-14,41.383456897661496,0.0,76279.8888953329,65400.0,924.816727643542,9805.072167689372,0.0,1.2732925824820995e-11,-5.684341886080801e-13,0,0,0,0.0,0,0,True,1008,0,8.471689558692524e-11,2.042094428439178e-13,4.886270318024448e-10,0.7877795001149934,2.0771217899528045,5.409874999713793,0.9006998230403033,3.115689618512988,-2.351412206888199,8.73025868610807,5.2238511687401274,1147.2358108867656,0,154.15977026318444,154.10626441941898,1419.5598409165386,1236.7132739773072,-0.3249477297067642,0.31433811650037924,41.383456897661496,0.0,1.1281783105141008e-14,41.383456897661496,0.0,44089.66904816745,43200.0,629.6942491536188,442.8213659530786,0.0,1.3642420526593924e-11,-4.547473508864641e-12,0,0,0,0.0,0,0,True,1008,0,8.471689558692524e-11,2.042094428439178e-13,4.886270318024448e-10,0.8513044999745034,2.28883337003026,5.409874999713793,0.9308919325992351,2.724128033965826,-2.662487252615392,3.2901079061878846,9.904481351896969,1156.8760114009376,0,58.1479201718177,58.07688605679232,1236.7132739773072,1500.0,-0.8232989450916648,3.979943670973096e-05,0.0,0.0,0.0,0.0,0.0,24750.0,15000.0,237.30820610368434,9249.405067873624,0.0,6.821210263296962e-13,4.007461029686965e-12,0,0,0,0.0,0,0,True,1008,0,8.471689558692524e-11,2.042094428439178e-13,4.886270318024448e-10,0.7877795001149934,2.0771217899528045,5.409874999713793,0.3341089995956281,0.6656440603182999,3.8655340003970196,0.3341089995956281,0.6656440603182999,3.8655340003970196,0.3341089995956281,0.6656440603182999,3.8655340003970196
d5419d24e3f12cc98db8a0792babd5f886758ddd3fc42e7ea513816b648d1aed,eta06,May2024,550.0,swmpc,2,1500.0,0.6,97.0,72.0,10.0,1500.0,600.0,0.9143618637216225,3.5302195800468326,-2.3584526805207133,12.823978892694788,5.210088805743956,1147.5325144368765,0,226.21881553863273,226.36849069448277,1350.0,1500.0,1.0500457789748907,0.24319547351603032,41.3523865262798,0.0,1.1752771496295124e-14,41.3523865262798,0.0,76255.88996331634,65400.0,924.9652330287607,9780.924730287572,0.0,-5.4569682106375694e-12,-4.888534022029489e-12,0,0,0,0.0,0,0,True,1008,0,7.746897638301967e-11,2.0509105524979525e-13,7.341922956945051e-10,0.8338384996022796,1.4420756499930583,2.9497020004782826,0.9279896189465421,3.1102318223565817,-2.3584526805207133,8.716577173958125,5.21836609865116,1147.5325144368765,0,153.93413539917262,153.8647587773949,1419.38727606477,1237.734273687769,-0.6947934990748763,0.31558288902798004,41.3523865262798,0.0,1.1752771496295124e-14,41.3523865262798,0.0,44067.50557937076,43200.0,628.7074319434682,420.451149804288,0.0,-2.7284841053187847e-12,-1.2505552149377763e-12,0,0,0,0.0,0,0,True,1008,0,7.746897638301967e-11,2.0509105524979525e-13,7.341922956945051e-10,1.0338100000808481,1.6998159998729534,2.9497020004782826,1.0172187821597167,3.5302195800468326,-2.169235005043447,3.3082149636937785,9.91056070301127,1156.5771336131074,0,58.14779937980177,58.39651129267352,1237.734273687769,1500.0,1.0500457789748907,3.7266373745237225e-05,0.0,0.0,0.0,0.0,0.0,24750.0,15000.0,238.6142281117874,9249.120045575975,0.0,-5.4569682106375694e-12,-3.467448550509289e-12,0,0,0,0.0,0,0,True,1008,0,7.746897638301967e-11,2.0509105524979525e-13,7.341922956945051e-10,0.8338384996022796,1.4420756499930583,2.9497020004782826,0.3664030000436469,0.6197980795150214,1.3880250007787254,0.3664030000436469,0.6197980795150214,1.3880250007787254,0.3664030000436469,0.6197980795150214,1.3880250007787254
