event,h_km,payload,phase_deg,seed,completion_event_h,resource_matched,saving_full_pct,endpoint_difference_Wh,endpoint_altitude_difference_m,pi_full_fuel_g,pi_full_rms,pi_full_minE,pi_full_E_start_Wh,pi_full_E_end_Wh,pi_full_x_end,pi_full_qp_attempts_all,pi_full_qp_failures_all,pi_event_window_fuel_g,pi_event_window_rms,pi_event_window_minE,pi_event_window_E_start_Wh,pi_event_window_E_end_Wh,pi_event_window_x_end,pi_event_window_qp_attempts_all,pi_event_window_qp_failures_all,pi_before_recovery_fuel_g,pi_before_recovery_rms,pi_before_recovery_minE,pi_before_recovery_E_start_Wh,pi_before_recovery_E_end_Wh,pi_before_recovery_x_end,pi_before_recovery_qp_attempts_all,pi_before_recovery_qp_failures_all,pi_recovery_fuel_g,pi_recovery_rms,pi_recovery_minE,pi_recovery_E_start_Wh,pi_recovery_E_end_Wh,pi_recovery_x_end,pi_recovery_qp_attempts_all,pi_recovery_qp_failures_all,mpc_full_fuel_g,mpc_full_rms,mpc_full_minE,mpc_full_E_start_Wh,mpc_full_E_end_Wh,mpc_full_x_end,mpc_full_qp_attempts_all,mpc_full_qp_failures_all,mpc_event_window_fuel_g,mpc_event_window_rms,mpc_event_window_minE,mpc_event_window_E_start_Wh,mpc_event_window_E_end_Wh,mpc_event_window_x_end,mpc_event_window_qp_attempts_all,mpc_event_window_qp_failures_all,mpc_before_recovery_fuel_g,mpc_before_recovery_rms,mpc_before_recovery_minE,mpc_before_recovery_E_start_Wh,mpc_before_recovery_E_end_Wh,mpc_before_recovery_x_end,mpc_before_recovery_qp_attempts_all,mpc_before_recovery_qp_failures_all,mpc_recovery_fuel_g,mpc_recovery_rms,mpc_recovery_minE,mpc_recovery_E_start_Wh,mpc_recovery_E_end_Wh,mpc_recovery_x_end,mpc_recovery_qp_attempts_all,mpc_recovery_qp_failures_all
Feb2022,400.0,False,0.0,0,96.16666666666667,True,-0.6114575297963726,0.0,2.8219074010849e-07,28.493157133094353,1.2402806430263877,1126.6208050263438,1350.0,1500.0,0.27614228799939156,0,0,17.98837331557321,1.2290381433099438,1132.782434566555,1284.316186377139,1211.6639387400019,1.113596459850669,0,0,20.52212472800761,1.202446721346019,1132.782434566555,1350.0,1211.6639387400019,1.113596459850669,0,0,7.971032405086742,1.3636451666354765,1126.6208050263438,1211.6639387400019,1500.0,0.27614228799939156,0,0,28.66738068786137,1.1966830286653283,1126.6208191351845,1350.0,1500.0,0.27614257019013166,1008,0,18.11462317223406,1.1600054665036201,1129.3666172076632,1327.1244437556124,1210.5961257825725,0.5823626043274999,1008,0,20.69288464061287,1.144153612986919,1129.3666172076632,1350.0,1210.5961257825725,0.5823626043274999,1008,0,7.9744960472485005,1.363617225402539,1126.6208191351845,1210.5961257825725,1500.0,0.27614257019013166,1008,0
Feb2022,400.0,False,0.0,1,96.16666666666667,True,-0.600875012865199,0.0,3.67872416973114e-07,28.50097148995334,1.2671947616746435,1125.9435495316961,1350.0,1500.0,0.800663435831666,0,0,18.002536702341366,1.2805190466848269,1130.4833577394284,1284.181199455481,1210.384236477752,0.18600763101130724,0,0,20.53883869763969,1.2342682605521538,1130.4833577394284,1350.0,1210.384236477752,0.18600763101130724,0,0,7.96213279231365,1.3755253340950686,1125.9435495316961,1210.384236477752,1500.0,0.800663435831666,0,0,28.672226706060304,1.152804279761461,1125.9557685282937,1350.0,1500.0,0.800663067959249,1008,0,18.111382764802833,1.1220969961224705,1129.8378830755148,1325.6365784243487,1210.4677574081784,0.46358930319547653,1008,0,20.697701232117513,1.0812130536831421,1129.8378830755148,1350.0,1210.4677574081784,0.46358930319547653,1008,0,7.974525473942791,1.372906887690729,1125.9557685282937,1210.4677574081784,1500.0,0.800663067959249,1008,0
Feb2022,400.0,False,0.0,2,96.16666666666667,True,-0.6372643223722857,0.0,3.5390257835388184e-08,28.499703707067415,1.2670701091135987,1126.6974236415676,1350.0,1500.0,-2.3871333012357354,0,0,17.97990982669584,1.2837500956035257,1131.6059421460955,1283.4898377351242,1215.3963982686182,-0.5581626910716295,0,0,20.516438816739615,1.255503180908737,1131.6059421460955,1350.0,1215.3963982686182,-0.5581626910716295,0,0,7.983264890327799,1.3064787939724836,1126.6974236415676,1215.3963982686182,1500.0,-2.3871333012357354,0,0,28.681322150774367,1.142113652975345,1126.6974251218285,1350.0,1500.0,-2.3871333366259933,1008,0,18.115709992760298,1.1200107780299586,1129.130145118421,1327.9491891119899,1212.8789496594204,-0.17479455191642046,1008,0,20.698012145883496,1.0891270038026157,1129.130145118421,1350.0,1212.8789496594204,-0.17479455191642046,1008,0,7.983310004890871,1.3097178118791373,1126.6974251218285,1212.8789496594204,1500.0,-2.3871333366259933,1008,0
Feb2022,400.0,False,0.0,3,96.16666666666667,True,-0.6370037605618656,0.0,1.7527490854263306e-06,28.497849693959353,1.2707419943467009,1126.8725857619268,1350.0,1500.0,-2.2563351737335324,0,0,18.008005581545767,1.264255816707845,1129.727580486053,1285.5868056889997,1213.227252725501,0.6109108654782176,0,0,20.531509676596574,1.2494872509228117,1129.727580486053,1350.0,1213.227252725501,0.6109108654782176,0,0,7.9663400173627785,1.3420045136908427,1126.8725857619268,1213.227252725501,1500.0,-2.2563351737335324,0,0,28.679382068189142,1.1737163205899366,1126.8725130899365,1350.0,1500.0,-2.256336926482618,1008,0,18.1397190182971,1.138639106778418,1127.8485506008437,1325.8585306903656,1211.29670198928,0.9884717930108309,1008,0,20.709654862217835,1.1207618515038582,1127.8485506008437,1350.0,1211.29670198928,0.9884717930108309,1008,0,7.9697272059713065,1.3416173933930065,1126.8725130899365,1211.29670198928,1500.0,-2.256336926482618,1008,0
Feb2022,400.0,False,0.0,4,96.16666666666667,True,-0.6240634479179552,0.0,7.57165253162384e-07,28.507226802711784,1.321724132473587,1126.2292280152021,1350.0,1500.0,0.061056570149958134,0,0,17.98821003583585,1.2645378160649379,1129.9145643269646,1283.7678090167915,1213.7448960561373,0.05637621320784092,0,0,20.51817282907815,1.2418616409934071,1129.9145643269646,1350.0,1213.7448960561373,0.05637621320784092,0,0,7.989053973633634,1.5679869365807009,1126.2292280152021,1213.7448960561373,1500.0,0.061056570149958134,0,0,28.68512998520258,1.2281908910392412,1126.2279109326778,1350.0,1500.0,0.06105581298470497,1008,0,18.12703971195724,1.1073043991098208,1128.3712207899264,1324.137859736046,1211.3376087903139,1.359208426438272,1008,0,20.704169119607933,1.1112193378707595,1128.3712207899264,1350.0,1211.3376087903139,1.359208426438272,1008,0,7.980960865594646,1.5683122208052287,1126.2279109326778,1211.3376087903139,1500.0,0.06105581298470497,1008,0
Feb2022,400.0,False,180.0,0,96.91666666666667,True,-0.45929313084352646,0.0,3.650784492492676e-07,28.7563103776846,1.2490073799668706,1128.4059893509022,1350.0,1500.0,-0.305722339078784,0,0,17.975989861454202,1.213386608302085,1128.4059893509022,1418.4275444542418,1424.7010537690603,1.8016248857602477,0,0,20.565676889568174,1.220244507486619,1128.4059893509022,1350.0,1424.7010537690603,1.8016248857602477,0,0,8.190633488116426,1.3414373194301568,1137.7725401500845,1424.7010537690603,1500.0,-0.305722339078784,0,0,28.88838613593335,1.187258011574034,1127.7642005236944,1350.0,1500.0,-0.30572270415723324,1008,0,18.121970208029367,1.160517692765808,1127.7642005236944,1418.191106225057,1418.5643605598364,1.5100004123523831,1008,0,20.70549132575233,1.1376158238046603,1127.7642005236944,1350.0,1418.5643605598364,1.5100004123523831,1008,0,8.182894810181018,1.3411421432746795,1137.7725474488807,1418.5643605598364,1500.0,-0.30572270415723324,1008,0
Feb2022,400.0,False,180.0,1,96.91666666666667,True,-0.4394976103422722,0.0,5.736947059631348e-07,28.741249982744467,1.2377257974279625,1130.2686586706989,1350.0,1500.0,-0.5398359391838312,0,0,17.974514418744466,1.2159495312852338,1130.2686586706989,1418.1889029829892,1426.2067677493892,-0.7062541898339987,0,0,20.56887119425108,1.179620209342314,1130.2686586706989,1350.0,1426.2067677493892,-0.7062541898339987,0,0,8.172378788493386,1.4161545056246598,1136.6253808412227,1426.2067677493892,1500.0,-0.5398359391838312,0,0,28.867567089601128,1.1957511004193015,1129.6568571723187,1350.0,1500.0,-0.5398353654891253,1008,0,18.122364527729427,1.1473383349524144,1129.6568571723187,1418.2396542721385,1419.3281742401316,1.2941465489566326,1008,0,20.7030436193899,1.1221083375154632,1129.6568571723187,1350.0,1419.3281742401316,1.2941465489566326,1008,0,8.164523470211229,1.4160753021761505,1136.6253806918496,1419.3281742401316,1500.0,-0.5398353654891253,1008,0
Feb2022,400.0,False,180.0,2,96.91666666666667,True,-0.4488678799274843,0.0,1.955777406692505e-08,28.75805102879229,1.2529014711785642,1130.6161487258566,1350.0,1500.0,2.0911008855327964,0,0,17.957346737918783,1.2395373013801043,1130.6161487258566,1418.7525194117281,1423.5141087237648,-0.9466119008138776,0,0,20.55053289945742,1.2228470096068609,1130.6161487258566,1350.0,1423.5141087237648,-0.9466119008138776,0,0,8.207518129334872,1.3492986072487803,1137.9203725705622,1423.5141087237648,1500.0,2.0911008855327964,0,0,28.887136682753695,1.2132954960294446,1128.2493576306047,1350.0,1500.0,2.0911008659750223,1008,0,18.102929319986405,1.1985348327851226,1128.2493576306047,1417.9734726891616,1419.734507209896,0.10031924024224281,1008,0,20.68978821442932,1.1697593338555166,1128.2493576306047,1350.0,1419.734507209896,0.10031924024224281,1008,0,8.197348468324375,1.349758750004,1137.9203731378925,1419.734507209896,1500.0,2.0911008659750223,1008,0
Feb2022,400.0,False,180.0,3,96.91666666666667,True,-0.42662606246666696,0.0,7.245689630508423e-07,28.7587764596101,1.253118977604832,1130.421533398994,1350.0,1500.0,-0.6941806543618441,0,0,17.983027930037096,1.2347879124977126,1130.421533398994,1418.6767789606859,1426.4760833959122,-1.1046062847599387,0,0,20.566629062482917,1.2184514874630787,1130.421533398994,1350.0,1426.4760833959122,-1.1046062847599387,0,0,8.192147397127183,1.3635121558281285,1137.5430377121188,1426.4760833959122,1500.0,-0.6941806543618441,0,0,28.881468895233326,1.1956488606024396,1129.6457181731143,1350.0,1500.0,-0.694179929792881,1008,0,18.12976561256768,1.1649522068172153,1129.6457181731143,1418.3603578916304,1421.8783585529864,1.2592810364440084,1008,0,20.69829633570127,1.1410184923003635,1129.6457181731143,1350.0,1421.8783585529864,1.2592810364440084,1008,0,8.183172559532057,1.3637905875414618,1137.543051375294,1421.8783585529864,1500.0,-0.694179929792881,1008,0
Feb2022,400.0,False,180.0,4,96.91666666666667,True,-0.40904136578606326,0.0,3.259629011154175e-07,28.77774527834855,1.3319158256065993,1130.2218589029092,1350.0,1500.0,-0.3730080518871546,0,0,17.966946196290017,1.2709369295573338,1130.2218589029092,1418.189090161157,1425.1300307930455,-0.6176639460027218,0,0,20.553073149024335,1.2548235335321645,1130.2218589029092,1350.0,1425.1300307930455,-0.6176639460027218,0,0,8.224672129324215,1.5640601243571368,1136.752715546146,1425.1300307930455,1500.0,-0.3730080518871546,0,0,28.895458160677542,1.2835445341516134,1128.7209406063014,1350.0,1500.0,-0.3730083778500557,1008,0,18.115851715593458,1.204756154350448,1128.7209406063014,1418.2711722933059,1423.110255295112,1.7058687629178166,1008,0,20.69221968296079,1.1875178662866752,1128.7209406063014,1350.0,1423.110255295112,1.7058687629178166,1008,0,8.203238477716752,1.564429732810568,1136.752716447005,1423.110255295112,1500.0,-0.3730083778500557,1008,0
Feb2022,400.0,True,0.0,0,96.16666666666667,True,-0.2375583362259585,0.0,1.648440957069397e-07,28.93409089771406,1.2456836914481528,995.4494931707404,1350.0,1500.0,0.2761427853256464,0,0,18.429307073515343,1.2372196264777606,995.4494931707404,1284.316186377139,1211.6639395079517,1.1135972319170833,0,0,20.963058485949745,1.2096169820187257,995.4494931707404,1350.0,1211.6639395079517,1.1135972319170833,0,0,7.971032411764316,1.3636463946927702,1126.6208049748964,1211.6639395079517,1500.0,0.2761427853256464,0,0,29.002826242652777,1.1994984777927524,1023.0106221361905,1350.0,1500.0,0.2761429501697421,1008,0,18.45006872623856,1.1643654668522179,1023.0106221361905,1327.1244437556124,1210.596126444352,0.582363260909915,1008,0,21.028330194617368,1.1479433771038008,1023.0106221361905,1350.0,1210.596126444352,0.582363260909915,1008,0,7.974496048035409,1.363618153000778,1126.6208190948685,1210.596126444352,1500.0,0.2761429501697421,1008,0
Feb2022,400.0,True,0.0,1,96.16666666666667,True,-0.23605023650858575,0.0,1.2479722499847412e-07,28.941491537509528,1.2770310595948158,996.6860930501009,1350.0,1500.0,0.8006623908877373,0,0,18.44305676413262,1.2951156379280333,996.6860930501009,1284.181199455481,1210.384238413713,0.18600783590227365,0,0,20.979358759430944,1.2472541208100634,996.6860930501009,1350.0,1210.384238413713,0.18600783590227365,0,0,7.962132778078583,1.3755265124279896,1125.9435520048078,1210.384238413713,1500.0,0.8006623908877373,0,0,29.00980799673293,1.1624403392893885,1020.1249333490225,1350.0,1500.0,0.8006622660905123,1008,0,18.44896407548207,1.1369332588931975,1020.1249333490225,1325.6365784243487,1210.4677570194058,0.46359005477279425,1008,0,21.03528254279675,1.0944173316692565,1020.1249333490225,1350.0,1210.4677570194058,0.46359005477279425,1008,0,7.974525453936181,1.3729077873191617,1125.9557705687973,1210.4677570194058,1500.0,0.8006622660905123,1008,0
Feb2022,400.0,True,0.0,2,96.16666666666667,True,-0.2601073621531127,0.0,4.0978193283081055e-08,28.94082032767648,1.2763059480990964,993.1314571444304,1350.0,1500.0,-2.3871336188167334,0,0,18.421026408093446,1.2974216080276073,993.1314571444304,1283.4898377351242,1215.3963955689912,-0.558164432644844,0,0,20.95755539813722,1.267491830742509,993.1314571444304,1350.0,1215.3963955689912,-0.558164432644844,0,0,7.98326492953926,1.3064801303974627,1126.6974253648527,1215.3963955689912,1500.0,-2.3871336188167334,0,0,29.01609753201627,1.1492151016023384,1019.8491160331433,1350.0,1500.0,-2.38713357783854,1008,0,18.45048533110597,1.130870694737707,1019.8491160331433,1327.9491891119899,1212.8789494815837,-0.17479651141911745,1008,0,21.032787484229168,1.0987037638420016,1019.8491160331433,1350.0,1212.8789494815837,-0.17479651141911745,1008,0,7.9833100477871035,1.3097188479693769,1126.6974264289752,1212.8789494815837,1500.0,-2.38713357783854,1008,0
Feb2022,400.0,True,0.0,3,96.16666666666667,True,-0.25482955113543965,0.0,6.780028343200684e-07,28.940100325097724,1.2793433610080414,991.835087668393,1350.0,1500.0,-2.2563395891338587,0,0,18.450256165991746,1.2772210316977326,991.835087668393,1285.5868056889997,1213.2272520854544,0.6109075900167227,0,0,20.973760261042553,1.2607386436937287,991.835087668393,1350.0,1213.2272520854544,0.6109075900167227,0,0,7.966340064055171,1.3420059663351136,1126.8725847468445,1213.2272520854544,1500.0,-2.2563395891338587,0,0,29.013848252854316,1.1854646009419458,1021.1093409298597,1350.0,1500.0,-2.256340267136693,1008,0,18.474185170075337,1.156778572418797,1021.1093409298597,1325.8585306903656,1211.2967046985525,0.9884714083746076,1008,0,21.044121013996072,1.1365722775858742,1021.1093409298597,1350.0,1211.2967046985525,0.9884714083746076,1008,0,7.969727238858244,1.341618488550628,1126.87251235568,1211.2967046985525,1500.0,-2.256340267136693,1008,0
Feb2022,400.0,True,0.0,4,96.16666666666667,True,-0.2518378078114457,0.0,2.8032809495925903e-07,28.948353353652298,1.3273573417250137,990.7493144441555,1350.0,1500.0,0.06105457432568073,0,0,18.429336577129504,1.2733707603794546,990.7493144441555,1283.7678090167915,1213.7448959663054,0.05637296847999096,0,0,20.959299370371806,1.2495739604465352,990.7493144441555,1350.0,1213.7448959663054,0.05637296847999096,0,0,7.989053983280492,1.5679884413151264,1126.2292272361374,1213.7448959663054,1500.0,0.06105457432568073,0,0,29.021256252135647,1.2329731441048193,1021.4893901539717,1350.0,1500.0,0.06105429399758577,1008,0,18.463165969177652,1.1152595780940546,1021.4893901539717,1324.137859736046,1211.3376108000182,1.3592089228332043,1008,0,21.040295376828343,1.1180176515001203,1021.4893901539717,1350.0,1211.3376108000182,1.3592089228332043,1008,0,7.980960875307304,1.5683133746736815,1126.2279103763565,1211.3376108000182,1500.0,0.06105429399758577,1008,0
Feb2022,400.0,True,180.0,0,96.91666666666667,True,-0.09976860491440166,0.0,5.4016709327697754e-08,29.196032824299795,1.2577026540603915,921.996557153597,1350.0,1500.0,-0.30572366528213024,0,0,18.415712278837102,1.2268977936046217,921.996557153597,1418.4275444542418,1424.7010531146632,1.801626043394208,0,0,21.005399306951073,1.231770120878842,921.996557153597,1350.0,1424.7010531146632,1.801626043394208,0,0,8.190633517348722,1.341438572715757,1137.7725371957627,1424.7010531146632,1500.0,-0.30572366528213024,0,0,29.22516129893895,1.1948002736062036,1006.6823009238256,1350.0,1500.0,-0.30572371929883957,1008,0,18.458745364172405,1.1721682138410676,1006.6823009238256,1418.191106225057,1418.5643604914933,1.5100019928067923,1008,0,21.042266481895368,1.1478084942244502,1006.6823009238256,1350.0,1418.5643604914933,1.5100019928067923,1008,0,8.182894817043582,1.3411431026075287,1137.7725451855724,1418.5643604914933,1500.0,-0.30572371929883957,1008,0
Feb2022,400.0,True,180.0,1,96.91666666666667,True,-0.07197637832859438,0.0,1.0896474123001099e-07,29.17958083949457,1.2467330582882863,926.6794455498301,1350.0,1500.0,-0.5398340001702309,0,0,18.412845249370736,1.2297902704005401,926.6794455498301,1418.1889029829892,1426.206773248263,-0.7062586322426796,0,0,21.00720202487735,1.1918552133577278,926.6794455498301,1350.0,1426.206773248263,-0.7062586322426796,0,0,8.172378814617218,1.416155846443087,1136.6253801778134,1426.206773248263,1500.0,-0.5398340001702309,0,0,29.200583244994302,1.2047482894494974,1008.7506473689227,1350.0,1500.0,-0.5398338912054896,1008,0,18.455380663057692,1.1614886386779997,1008.7506473689227,1418.2396542721385,1419.3281732668563,1.2941473964601755,1008,0,21.036059754718163,1.1345177367757997,1008.7506473689227,1350.0,1419.3281732668563,1.2941473964601755,1008,0,8.164523490276139,1.4160763107922425,1136.6253801877053,1419.3281732668563,1500.0,-0.5398338912054896,1008,0
Feb2022,400.0,True,180.0,2,96.91666666666667,True,-0.08821319001267784,0.0,3.166496753692627e-08,29.197094979031597,1.2599048142128455,927.6401632271782,1350.0,1500.0,2.091100671328604,0,0,18.396390739458386,1.2502290469259412,927.6401632271782,1418.7525194117281,1423.514110815681,-0.9466124577447772,0,0,20.989576900997022,1.232141188101843,927.6401632271782,1350.0,1423.514110815681,-0.9466124577447772,0,0,8.207518078034575,1.3492998574009631,1137.9203727538277,1423.514110815681,1500.0,2.091100671328604,0,0,29.222850667903632,1.2238683465679137,1008.3341060127493,1350.0,1500.0,2.0911007029935718,1008,0,18.438643322058788,1.2146870256970954,1008.3341060127493,1417.9734726891616,1419.734503485241,0.10031738132238388,1008,0,21.025502216501703,1.183954104080311,1008.3341060127493,1350.0,1419.734503485241,0.10031738132238388,1008,0,8.197348451401929,1.3497597031587625,1137.9203732785095,1419.734503485241,1500.0,2.0911007029935718,1008,0
Feb2022,400.0,True,180.0,3,96.91666666666667,True,-0.07549811798590922,0.0,1.7229467630386353e-07,29.195535698301352,1.2613943675003323,932.2184312275537,1350.0,1500.0,-0.6941782599315047,0,0,18.419787153482943,1.2474685113551003,932.2184312275537,1418.6767789606859,1426.476083177046,-1.1046110913157463,0,0,21.003388285928764,1.229473010157443,932.2184312275537,1350.0,1426.476083177046,-1.1046110913157463,0,0,8.192147412372588,1.363513526509472,1137.5430376496115,1426.476083177046,1500.0,-0.6941782599315047,0,0,29.217577778289474,1.2057923312233891,1008.7848217470334,1350.0,1500.0,-0.6941780876368284,1008,0,18.465874462842034,1.1806613395252463,1008.7848217470334,1418.3603578916304,1421.878354772073,1.2592803621664643,1008,0,21.034405185975622,1.1547756569560077,1008.7848217470334,1350.0,1421.878354772073,1.2592803621664643,1008,0,8.183172592313852,1.3637916398361076,1137.5430513301592,1421.878354772073,1500.0,-0.6941780876368284,1008,0
Feb2022,400.0,True,180.0,4,96.91666666666667,True,-0.05767200428482197,0.0,1.862645149230957e-08,29.215122977569372,1.3391380842193048,929.7476504268395,1350.0,1500.0,-0.3730093892663717,0,0,18.404323887560842,1.2823655337573694,929.7476504268395,1418.189090161157,1425.1300276322656,-0.6176680233329535,0,0,20.99045084029516,1.264750613570022,929.7476504268395,1350.0,1425.1300276322656,-0.6176680233329535,0,0,8.224672137274212,1.5640614947054012,1136.752717630734,1425.1300276322656,1500.0,-0.3730093892663717,0,0,29.231971924544812,1.2917397191000342,1007.6994952527291,1350.0,1500.0,-0.3730094078928232,1008,0,18.452365458043833,1.2179336429836554,1007.6994952527291,1418.2711722933059,1423.1102562155245,1.7058692369610071,1008,0,21.028733425411165,1.1989841285049458,1007.6994952527291,1350.0,1423.1102562155245,1.7058692369610071,1008,0,8.203238499133647,1.5644307726203306,1136.752718050351,1423.1102562155245,1500.0,-0.3730094078928232,1008,0
Feb2022,550.0,False,0.0,0,96.58333333333333,True,-1.1536943366786985,0.0,0.0067220646888017654,2.214337173862378,0.572787363064649,1138.846380415506,1350.0,1500.0,-0.7237471640110016,0,0,1.3875150489708028,0.5656407063889904,1139.4018080979165,1179.512882489787,1247.8528084820448,0.5190854724496603,0,0,1.569828002626873,0.5596334692307533,1139.4018080979165,1350.0,1247.8528084820448,0.5190854724496603,0,0,0.6445091712355049,0.6156162449813739,1138.846380415506,1247.8528084820448,1500.0,-0.7237471640110016,0,0,2.2398838564321992,0.5676062555700738,1138.8367769211334,1350.0,1500.0,-0.7304692286998034,1008,0,1.4096467256338936,0.5463615558709644,1139.2686798824302,1179.5358278389126,1311.7187929478998,0.4822602989152074,1008,0,1.5953829049576422,0.5517098627859051,1139.2686798824302,1350.0,1311.7187929478998,0.4822602989152074,1008,0,0.644500951474557,0.6188496914471443,1138.8367769211334,1311.7187929478998,1500.0,-0.7304692286998034,1008,0
Feb2022,550.0,False,0.0,1,96.58333333333333,True,-1.176922276944467,0.0,0.012023625895380974,2.2136041792967034,0.5424058628760318,1138.9427733398434,1350.0,1500.0,-0.42454686015844345,0,0,1.3819075082125716,0.5807192091758844,1139.2746737684242,1179.5749504056932,1247.7884152512686,0.5734748421236873,0,0,1.5708975261226064,0.5529614059931761,1139.2746737684242,1350.0,1247.7884152512686,0.5734748421236873,0,0,0.642706653174097,0.5046748287461381,1138.9427733398434,1247.7884152512686,1500.0,-0.42454686015844345,0,0,2.23965658000622,0.5441256598647045,1138.8517440228818,1350.0,1500.0,-0.4365704860538244,1008,0,1.40621207112651,0.5834829555475008,1138.8517440228818,1179.4230232880334,1309.9293538370237,0.6204364392906427,1008,0,1.597257090554533,0.5564450813799086,1138.8517440228818,1350.0,1309.9293538370237,0.6204364392906427,1008,0,0.6423994894516871,0.4997443224957985,1138.9308880016447,1309.9293538370237,1500.0,-0.4365704860538244,1008,0
Feb2022,550.0,False,0.0,2,96.58333333333333,True,-1.1216757169105183,0.0,0.002217911183834076,2.2140567265201714,0.49305477153793736,1138.9775300738606,1350.0,1500.0,-0.6010527713224292,0,0,1.3829356683949179,0.4778122373834178,1138.9775300738606,1179.4531466964643,1247.3510181002528,0.49819018226116896,0,0,1.5680029366555912,0.47492615369753344,1138.9775300738606,1350.0,1247.3510181002528,0.49819018226116896,0,0,0.6460537898645802,0.55051263875876,1139.062236698611,1247.3510181002528,1500.0,-0.6010527713224292,0,0,2.238891263180172,0.4738864384221635,1138.890575778508,1350.0,1500.0,-0.6032706825062633,1008,0,1.405835524883068,0.45155375714056056,1138.890575778508,1179.4346101731805,1311.1760133151329,0.44947823602706194,1008,0,1.5931859028335236,0.44599618421923753,1138.890575778508,1350.0,1311.1760133151329,0.44947823602706194,1008,0,0.6457053603466485,0.5587779384811657,1139.0527256572116,1311.1760133151329,1500.0,-0.6032706825062633,1008,0
Feb2022,550.0,False,0.0,3,96.58333333333333,True,-1.1770090836519336,0.0,0.001679418608546257,2.2130702050104802,0.48437383494480635,1138.2509136257536,1350.0,1500.0,-0.3858577096834779,0,0,1.389121703229696,0.5025592567712599,1138.2509136257536,1179.4938676638985,1246.7698499788005,0.7287436006590724,0,0,1.5711617644878229,0.501518782492387,1138.2509136257536,1350.0,1246.7698499788005,0.7287436006590724,0,0,0.6419084405226574,0.42054851874556054,1139.3331281244443,1246.7698499788005,1500.0,-0.3858577096834779,0,0,2.239118242351048,0.49121913724709854,1138.4103607564239,1350.0,1500.0,-0.38753712829202414,1008,0,1.4125162909013849,0.5122109285229719,1138.4103607564239,1179.4421449245904,1310.926217935289,0.6821277849376202,1008,0,1.59677458571467,0.5108061888111409,1138.4103607564239,1350.0,1310.926217935289,0.6821277849376202,1008,0,0.642343656636378,0.417411943546596,1139.330371248657,1310.926217935289,1500.0,-0.38753712829202414,1008,0
Feb2022,550.0,False,0.0,4,96.58333333333333,True,-1.1630091830835432,0.0,0.0031131403520703316,2.219825988739756,0.5436972324273788,1138.841113518208,1350.0,1500.0,0.31151280645281076,0,0,1.3875673644535382,0.5462233891447671,1138.841113518208,1179.5060818032682,1247.364794530898,0.6966307489201427,0,0,1.5698991534515443,0.537364870811521,1138.841113518208,1350.0,1247.364794530898,0.6966307489201427,0,0,0.6499268352882117,0.5647990863362731,1139.3495577474812,1247.364794530898,1500.0,0.31151280645281076,0,0,2.2456427688372744,0.5420362782949614,1138.7381559586613,1350.0,1500.0,0.30839966610074043,1008,0,1.413243047645723,0.5374376290003913,1138.7381559586613,1179.2440907357638,1310.9645708982603,0.7730912193655968,1008,0,1.5968682855950416,0.534309431978662,1138.7381559586613,1350.0,1310.9645708982603,0.7730912193655968,1008,0,0.6487744832422329,0.5676453697512234,1139.3420343740706,1310.9645708982603,1500.0,0.30839966610074043,1008,0
Feb2022,550.0,False,180.0,0,97.41666666666667,True,-0.8733920541382338,0.0,0.00024825334548950195,2.2283920893945672,0.5578177908451007,1138.9307234857906,1350.0,1500.0,-0.8489078627899289,0,0,1.391917412471363,0.5598199893941354,1139.0719203207411,1454.115413250617,1469.9590660057152,0.8152843816205859,0,0,1.5782279430925983,0.5514637105792443,1139.0719203207411,1350.0,1469.9590660057152,0.8152843816205859,0,0,0.650164146301969,0.5783210895000753,1138.9307234857906,1469.9590660057152,1500.0,-0.8489078627899289,0,0,2.2478546888383844,0.5453031645585599,1138.8228991504704,1350.0,1500.0,-0.8486596094444394,1008,0,1.4097885638621537,0.5356031648149056,1138.8228991504704,1499.4554357913535,1469.9221663141577,0.5465806825086474,1008,0,1.5964213614971365,0.535066927613744,1138.8228991504704,1350.0,1469.9221663141577,0.5465806825086474,1008,0,0.6514333273412478,0.5778445980190625,1138.9281912488966,1469.9221663141577,1500.0,-0.8486596094444394,1008,0
Feb2022,550.0,False,180.0,1,97.41666666666667,True,-0.7919553263845791,0.0,0.006770326755940914,2.2271443762738143,0.5559473369547426,1138.7783465095274,1350.0,1500.0,-0.9410495683550835,0,0,1.389412434217462,0.6072265393168681,1138.7783465095274,1454.0323565917402,1469.87597653963,0.8108898736536503,0,0,1.5800191354039799,0.5722996749831446,1138.7783465095274,1350.0,1469.87597653963,0.8108898736536503,0,0,0.6471252408698345,0.4980998231527486,1139.6810490014707,1469.87597653963,1500.0,-0.9410495683550835,0,0,2.2447823647879894,0.5298618665835313,1138.813755779351,1350.0,1500.0,-0.9478198951110244,1008,0,1.4045157435024815,0.5648206987520958,1138.813755779351,1499.6095948963869,1469.9047553462283,0.5608399789780378,1008,0,1.595350147217508,0.5375451170749906,1138.813755779351,1350.0,1469.9047553462283,0.5608399789780378,1008,0,0.6494322175704814,0.5036362296779144,1139.6482996048928,1469.9047553462283,1500.0,-0.9478198951110244,1008,0
Feb2022,550.0,False,180.0,2,97.41666666666667,True,-0.914240573985648,0.0,0.006777615286409855,2.236038368371679,0.47932156381763824,1139.2144631945857,1350.0,1500.0,0.02205191645771265,0,0,1.3851306618180792,0.4681472616773269,1139.2144631945857,1454.0342185356337,1470.0,0.31299927923828363,0,0,1.5734128208427247,0.45624746107034964,1139.2144631945857,1350.0,1470.0,0.31299927923828363,0,0,0.6626255475289544,0.5487201484581038,1139.2946370822262,1470.0,1500.0,0.02205191645771265,0,0,2.2564811383852197,0.4730059992617477,1139.258244604601,1350.0,1500.0,0.015274301171302795,1008,0,1.4075227801779708,0.4559002101413505,1139.258244604601,1499.6411441872763,1469.9815391249863,0.39905098266899586,1008,0,1.5951490700969626,0.44869950995318875,1139.258244604601,1350.0,1469.9815391249863,0.39905098266899586,1008,0,0.6613320682882571,0.5456887015181284,1139.2856924050627,1469.9815391249863,1500.0,0.015274301171302795,1008,0
Feb2022,550.0,False,180.0,3,97.41666666666667,True,-0.8503634419575731,0.0,0.011637071147561073,2.2324814257835737,0.4975845068869274,1139.2691911150348,1350.0,1500.0,-0.32405193336308,0,0,1.3970392967566154,0.5320617799669487,1139.3345958436862,1454.0202571495854,1469.9172759246667,0.7970549231395125,0,0,1.5791353034684423,0.5263975987203567,1139.3345958436862,1350.0,1469.9172759246667,0.7970549231395125,0,0,0.6533461223151313,0.38740384735106087,1139.2691911150348,1469.9172759246667,1500.0,-0.32405193336308,0,0,2.2514656316769304,0.47881277057561034,1139.2546301044783,1350.0,1500.0,-0.3356890045106411,1008,0,1.4134097706710664,0.5025877464420088,1139.4489562885587,1500.0,1469.9462703646127,0.6102013066411018,1008,0,1.5963361693243434,0.5032047151828279,1139.4489562885587,1350.0,1469.9462703646127,0.6102013066411018,1008,0,0.655129462352587,0.38742473190244425,1139.2546301044783,1469.9462703646127,1500.0,-0.3356890045106411,1008,0
Feb2022,550.0,False,180.0,4,97.41666666666667,True,-0.8646527663685502,0.0,0.001946922391653061,2.2371707715426057,0.5572848875707043,1138.5520591579577,1350.0,1500.0,-0.013323978520929813,0,0,1.3958617201292918,0.544193215744397,1139.4317134606324,1454.2792151111337,1470.0,0.9109696904197335,0,0,1.5783364227811252,0.5390426806523242,1139.4317134606324,1350.0,1470.0,0.9109696904197335,0,0,0.6588343487614805,0.6137287162444376,1138.5520591579577,1470.0,1500.0,-0.013323978520929813,0,0,2.2565145305071375,0.5489205405135527,1138.5505884254637,1350.0,1500.0,-0.015270900912582874,1008,0,1.4142827597828953,0.5293460148178155,1139.3509305097136,1499.862386879266,1469.9972155149194,0.7710291929543018,1008,0,1.5968048709728977,0.5269928384071246,1139.3509305097136,1350.0,1469.9972155149194,0.7710291929543018,1008,0,0.6597096595342398,0.6158607019105382,1138.5505884254637,1469.9972155149194,1500.0,-0.015270900912582874,1008,0
Feb2022,550.0,True,0.0,0,96.58333333333333,True,-0.8290178378689486,0.0,0.0069197965785861015,2.248808040487889,0.5748806385824614,1010.2116859868604,1350.0,1500.0,-0.721204430796206,0,0,1.4219014408217523,0.569207371372903,1010.2116859868604,1179.512882489787,1247.8610042882337,0.5101482309401035,0,0,1.6042143944778224,0.562724631539495,1010.2116859868604,1350.0,1247.8610042882337,0.5101482309401035,0,0,0.6445936460100665,0.6146054361122714,1138.851432134113,1247.8610042882337,1500.0,-0.721204430796206,0,0,2.2674510602829647,0.5656491459346532,1032.431152333562,1350.0,1500.0,-0.7281242273747921,1008,0,1.4371359705725373,0.5438789647017038,1032.431152333562,1179.5358278389126,1311.7617937215873,0.4736921340227127,1008,0,1.622872149896286,0.5496033218778578,1032.431152333562,1350.0,1311.7617937215873,0.4736921340227127,1008,0,0.6445789103866788,0.6173376356744728,1138.8413374093227,1311.7617937215873,1500.0,-0.7281242273747921,1008,0
Feb2022,550.0,True,0.0,1,96.58333333333333,True,-0.8469470196196012,0.0,0.009364788420498371,2.24802319834876,0.5445560630913445,1009.8172672413891,1350.0,1500.0,-0.42727022618055344,0,0,1.416390949518242,0.5837614260827899,1009.8172672413891,1179.5749504056932,1247.7831078657296,0.5795977152884007,0,0,1.6053809674282769,0.5557003087075596,1009.8172672413891,1350.0,1247.7831078657296,0.5795977152884007,0,0,0.6426422309204831,0.5046229193270577,1138.9388851564086,1247.7831078657296,1500.0,-0.42727022618055344,0,0,2.267062763827532,0.5462327107178684,1032.6522581018241,1350.0,1500.0,-0.4366350146010518,1008,0,1.433597410390041,0.5864203240948129,1032.6522581018241,1179.4230232880334,1309.9877851255858,0.6191224865615368,1008,0,1.624642429818064,0.5590855445310882,1032.6522581018241,1350.0,1309.9877851255858,0.6191224865615368,1008,0,0.6424203340094681,0.49982735251816873,1138.9310989170315,1309.9877851255858,1500.0,-0.4366350146010518,1008,0
Feb2022,550.0,True,0.0,2,96.58333333333333,True,-0.7934072489476356,0.0,0.0013637756928801537,2.2485081491792225,0.4956221997197103,1009.0587571898538,1350.0,1500.0,-0.6018621670082211,0,0,1.4174151579839709,0.4815178301657809,1009.0587571898538,1179.4531466964643,1247.3480114922065,0.5028602397069335,0,0,1.6024824262446442,0.4781233074228592,1009.0587571898538,1350.0,1247.3480114922065,0.5028602397069335,0,0,0.6460257229345783,0.5512389316411823,1139.060714245189,1247.3480114922065,1500.0,-0.6018621670082211,0,0,2.2663479758279887,0.4755967399325493,1032.3734192319012,1350.0,1500.0,-0.6032259427011013,1008,0,1.4332708704317834,0.454039408623335,1032.3734192319012,1179.4346101731805,1311.1927509510438,0.4502096716314554,1008,0,1.6206212483822389,0.4481540086587692,1032.3734192319012,1350.0,1311.1927509510438,0.4502096716314554,1008,0,0.6457267274457499,0.559296658558912,1139.0527581485615,1311.1927509510438,1500.0,-0.6032259427011013,1008,0
Feb2022,550.0,True,0.0,3,96.58333333333333,True,-0.8480734456741384,0.0,0.002009158954024315,2.247532281393111,0.48669454320010674,1009.2580224092062,1350.0,1500.0,-0.3854628736153245,0,0,1.4235630290564356,0.506025518025018,1009.2580224092062,1179.4938676638985,1246.7714363971468,0.7268065409734845,0,0,1.6056030903145624,0.5044974492792044,1009.2580224092062,1350.0,1246.7714363971468,0.7268065409734845,0,0,0.6419291910785487,0.42020918475216706,1139.3339716406545,1246.7714363971468,1500.0,-0.3854628736153245,0,0,2.2665930058545602,0.4928907354515435,1032.2479864617947,1350.0,1500.0,-0.3874720325693488,1008,0,1.4399895030070555,0.5146567408078299,1032.2479864617947,1179.4421449245904,1310.9454326853815,0.681702327914536,1008,0,1.6242477978203407,0.5129090550210043,1032.2479864617947,1350.0,1310.9454326853815,0.681702327914536,1008,0,0.6423452080342196,0.41730442386017097,1139.3304626245756,1310.9454326853815,1500.0,-0.3874720325693488,1008,0
Feb2022,550.0,True,0.0,4,96.58333333333333,True,-0.8361582503267218,0.0,0.00305052287876606,2.254275398440495,0.5470006812357514,1009.5312033061268,1350.0,1500.0,0.31053578667342663,0,0,1.4220374451327256,0.5511140646296344,1009.5312033061268,1179.5060818032682,1247.3628120318206,0.6992659531533718,0,0,1.6043692341307316,0.5416281485324442,1009.5312033061268,1350.0,1247.3628120318206,0.6992659531533718,0,0,0.6499061643097634,0.5649729508958247,1139.3476422077254,1247.3628120318206,1500.0,0.31053578667342663,0,0,2.273124708169641,0.5456952319957181,1032.1531345261553,1350.0,1500.0,0.30748526379466057,1008,0,1.4407406564671292,0.5429115758624691,1032.1531345261553,1179.2440907357638,1311.0119616643744,0.7757450062781572,1008,0,1.6243658944164479,0.5390320197948709,1032.1531345261553,1350.0,1311.0119616643744,0.7757450062781572,1008,0,0.648758813753193,0.5678734026898031,1139.3402155160368,1311.0119616643744,1500.0,0.30748526379466057,1008,0
Feb2022,550.0,True,180.0,0,97.41666666666667,True,-0.5954890961462217,0.0,0.0014627929776906967,2.2622744176969496,0.5582623842371733,953.5230714302457,1350.0,1500.0,-0.8517756229266524,0,0,1.4257675293449819,0.5608769557291626,953.5230714302457,1454.115413250617,1469.9578770281316,0.8063847282901406,0,0,1.6120780599662172,0.5523835109592118,953.5230714302457,1350.0,1469.9578770281316,0.8063847282901406,0,0,0.6501963577307324,0.5772658352615538,1138.9262187450493,1469.9578770281316,1500.0,-0.8517756229266524,0,0,2.2757460151792404,0.5465240075284146,1044.2067737115744,1350.0,1500.0,-0.8503128299489617,1008,0,1.4376517499450703,0.537322847390258,1044.2067737115744,1499.4554357913535,1469.9216717155173,0.5408135773614049,1008,0,1.6242845475800531,0.5365427518832387,1044.2067737115744,1350.0,1469.9216717155173,0.5408135773614049,1008,0,0.6514614675991872,0.5782870092106023,1138.9255721539712,1469.9216717155173,1500.0,-0.8503128299489617,1008,0
Feb2022,550.0,True,180.0,1,97.41666666666667,True,-0.5156570066951711,0.0,0.00744523573666811,2.2610459589283822,0.5592064621012608,954.076881226319,1350.0,1500.0,-0.9405993903055787,0,0,1.4233053458438563,0.6117508923360351,954.076881226319,1454.0323565917402,1469.8760537708577,0.8104862291365862,0,0,1.613912047030374,0.5764148966103027,954.076881226319,1350.0,1469.8760537708577,0.8104862291365862,0,0,0.6471339118980082,0.49812275664044076,1139.6817283971552,1469.8760537708577,1500.0,-0.9405993903055787,0,0,2.2727052008401945,0.5301330974322425,1044.6849019327606,1350.0,1500.0,-0.9480446260422468,1008,0,1.4324256008041858,0.565269357801928,1044.6849019327606,1499.6095948963869,1469.9047396340152,0.5591126773506403,1008,0,1.6232600045192123,0.5379492037921354,1044.6849019327606,1350.0,1469.9047396340152,0.5591126773506403,1008,0,0.6494451963209822,0.5034390092041127,1139.6473507623937,1469.9047396340152,1500.0,-0.9480446260422468,1008,0
Feb2022,550.0,True,180.0,2,97.41666666666667,True,-0.6344344947187808,0.0,0.007501927204430103,2.2699290102294567,0.4823506772717546,954.6397288078962,1350.0,1500.0,0.02179010398685932,0,0,1.4190192831906443,0.472807617968846,954.6397288078962,1454.0342185356337,1470.0,0.31230889819562435,0,0,1.6073014422152898,0.46034821138729165,954.6397288078962,1350.0,1470.0,0.31230889819562435,0,0,0.6626275680141669,0.5488276548043914,1139.29450657288,1470.0,1500.0,0.02179010398685932,0,0,2.284330222875981,0.4761701624327894,1044.9620697718524,1350.0,1500.0,0.014288176782429218,1008,0,1.4353445051852982,0.4606591923002111,1044.9620697718524,1499.6411441872763,1469.9819582098974,0.39533783588558435,1008,0,1.6229707951042902,0.45284656668175216,1044.9620697718524,1350.0,1469.9819582098974,0.39533783588558435,1008,0,0.6613594277716908,0.546213349046143,1139.2845942380038,1469.9819582098974,1500.0,0.014288176782429218,1008,0
Feb2022,550.0,True,180.0,3,97.41666666666667,True,-0.5828846288874139,0.0,0.010871924459934235,2.2663351584397664,0.49936789014362387,954.9763976063292,1350.0,1500.0,-0.32632685359567404,0,0,1.4308545087869444,0.5347101695970721,954.9763976063292,1454.0202571495854,1469.916947310869,0.7894704984501004,0,0,1.6129505154987713,0.5286927801100554,954.9763976063292,1350.0,1469.916947310869,0.7894704984501004,0,0,0.6533846429409951,0.3869527026555978,1139.2701961381147,1469.916947310869,1500.0,-0.32632685359567404,0,0,2.279545277717383,0.4803071558531418,1044.6864608504502,1350.0,1500.0,-0.3371987780556083,1008,0,1.4414535759773015,0.504736300420976,1044.6864608504502,1500.0,1469.9464602930482,0.6045534498989582,1008,0,1.6243799746305785,0.5050446427523013,1044.6864608504502,1350.0,1469.9464602930482,0.6045534498989582,1008,0,0.6551653030868045,0.3874753753453501,1139.2525996528593,1469.9464602930482,1500.0,-0.3371987780556083,1008,0
Feb2022,550.0,True,180.0,4,97.41666666666667,True,-0.5900378494400875,0.0,0.0016884375363588333,2.2710380057609885,0.5598692815726066,954.9481071408927,1350.0,1500.0,-0.014470390975475311,0,0,1.4297016481907063,0.5482509518394553,954.9481071408927,1454.2792151111337,1470.0,0.9064797852188349,0,0,1.6121763508425397,0.5425556168643978,954.9481071408927,1350.0,1470.0,0.9064797852188349,0,0,0.6588616549184487,0.613624178715521,1138.549338343852,1470.0,1500.0,-0.014470390975475311,0,0,2.2844379895701477,0.5512480705980902,1044.5479402403435,1350.0,1500.0,-0.016158828511834145,1008,0,1.4421812921640647,0.533140757628411,1044.5479402403435,1499.862386879266,1469.9974346423933,0.7672902997583151,1008,0,1.624703403354067,0.5302615724302412,1044.5479402403435,1350.0,1469.9974346423933,0.7672902997583151,1008,0,0.6597345862160806,0.6155375625330557,1138.5487320089208,1469.9974346423933,1500.0,-0.016158828511834145,1008,0
Mar2015,400.0,False,0.0,0,96.33333333333333,True,0.5757023962218496,0.0,2.2705644369125366e-06,40.70725691801898,1.541308945745775,1117.5857176624536,1350.0,1500.0,-3.947431460954249,0,0,26.291822969535634,1.5330331674251594,1117.5857176624536,1203.6225843540778,1301.1745792910856,1.7988869873806834,0,0,29.64551971951359,1.510658730348041,1117.5857176624536,1350.0,1301.1745792910856,1.7988869873806834,0,0,11.061737198505387,1.642726525874867,1119.4763460275483,1301.1745792910856,1500.0,-3.947431460954249,0,0,40.47290426450576,1.3954869922687971,1117.5971698908495,1350.0,1500.0,-3.947429190389812,1008,0,26.05356147435958,1.3340838902397105,1117.5971698908495,1233.4325167466711,1300.7318006368696,1.04082418885082,1008,0,29.409838629466233,1.3151753673271946,1117.5971698908495,1350.0,1300.7318006368696,1.04082418885082,1008,0,11.063065635039525,1.6428293673954053,1119.476348362819,1300.7318006368696,1500.0,-3.947429190389812,1008,0
Mar2015,400.0,False,0.0,1,96.33333333333333,True,0.602562500161079,0.0,2.316199243068695e-06,40.71799721761308,1.5855172798785684,1119.257698816919,1350.0,1500.0,-3.1141277449205518,0,0,26.318485530553822,1.5936763948714603,1119.257698816919,1204.112773847834,1299.1800459199806,0.40663341619074345,0,0,29.67765415461112,1.538913189859048,1119.257698816919,1350.0,1299.1800459199806,0.40663341619074345,0,0,11.040343063001963,1.7368140430326935,1119.7707729285423,1299.1800459199806,1500.0,-3.1141277449205518,0,0,40.472645835563114,1.3669479054127875,1118.370682681025,1350.0,1500.0,-3.1141254287213087,1008,0,26.056001756824077,1.2982866745013044,1118.370682681025,1234.3592804515329,1300.21201438205,0.9712864942848682,1008,0,29.417301694132814,1.241737414986153,1118.370682681025,1350.0,1300.21201438205,0.9712864942848682,1008,0,11.0553441414303,1.7309268309791452,1119.7707744616148,1300.21201438205,1500.0,-3.1141254287213087,1008,0
Mar2015,400.0,False,0.0,2,96.33333333333333,True,0.5900250847127023,0.0,1.3969838619232178e-06,40.737902833977664,1.6110307997392384,1116.734277768488,1350.0,1500.0,-1.7929055588319898,0,0,26.284031870534342,1.6245142839105626,1116.9839076122962,1203.751360393896,1301.679950211266,-0.5813673119992018,0,0,29.644209737110906,1.5884225210980412,1116.9839076122962,1350.0,1301.679950211266,-0.5813673119992018,0,0,11.093693096866758,1.6867488329616596,1116.734277768488,1301.679950211266,1500.0,-1.7929055588319898,0,0,40.49753898827131,1.433316995124693,1116.7416814081382,1350.0,1500.0,-1.7929069558158517,1008,0,26.035676139594628,1.3933953304730082,1117.7092951472314,1233.4992513839068,1302.402431592868,-0.43763553630560637,1008,0,29.400933210874122,1.3505952045828282,1117.7092951472314,1350.0,1302.402431592868,-0.43763553630560637,1008,0,11.096605777397187,1.6880082950073667,1116.7416814081382,1302.402431592868,1500.0,-1.7929069558158517,1008,0
Mar2015,400.0,False,0.0,3,96.33333333333333,True,0.6358341204098423,0.0,4.97233122587204e-06,40.75861150581249,1.5922098015614792,1118.820411008534,1350.0,1500.0,1.5167621597647667,0,0,26.312092109028097,1.5901894378783221,1118.820411008534,1204.9747166044617,1302.3733984435146,0.7228038748726249,0,0,29.66551686592639,1.5863959471233842,1118.820411008534,1350.0,1302.3733984435146,0.7228038748726249,0,0,11.0930946398861,1.6121184373736772,1118.9327444792573,1302.3733984435146,1500.0,1.5167621597647667,0,0,40.49945434685324,1.418893353786872,1118.9515700541929,1350.0,1500.0,1.5167571874335408,1008,0,26.058918669204132,1.3626158282791596,1119.6453215720676,1235.356187680834,1302.006919590087,0.9271089909598231,1008,0,29.398104405343002,1.3580114526751843,1119.6453215720676,1350.0,1302.006919590087,0.9271089909598231,1008,0,11.10134994151024,1.6114819052161238,1118.9515700541929,1302.006919590087,1500.0,1.5167571874335408,1008,0
Mar2015,400.0,False,0.0,4,96.33333333333333,True,0.6052939910249512,0.0,1.7909333109855652e-06,40.745323852561654,1.6524406876806847,1118.719602989185,1350.0,1500.0,0.7040975242853165,0,0,26.292730484193207,1.585142461568038,1118.719602989185,1203.947776775087,1304.1402822695254,-0.42128559947013855,0,0,29.63976539631005,1.5613754372608895,1118.719602989185,1350.0,1304.1402822695254,-0.42128559947013855,0,0,11.105558456251604,1.934130979032122,1119.0967994911355,1304.1402822695254,1500.0,0.7040975242853165,0,0,40.49869485565844,1.4966158998780636,1119.0968353786382,1350.0,1500.0,0.7040957333520055,1008,0,26.061830893690612,1.3760090103235378,1119.2387094696733,1234.3213648017065,1302.181192601829,1.5366498101502657,1008,0,29.40435088303355,1.3429014077762713,1119.2387094696733,1350.0,1302.181192601829,1.5366498101502657,1008,0,11.094343972624891,1.9356122113555465,1119.0968353786382,1302.181192601829,1500.0,0.7040957333520055,1008,0
Mar2015,400.0,False,180.0,0,97.08333333333333,True,0.37765620107742437,0.0,1.516193151473999e-06,41.02022632707396,1.5493243797215395,1119.035385960124,1350.0,1500.0,-3.8673765901476145,0,0,26.242408185510413,1.5081414217156843,1119.035385960124,1500.0,1357.8759027734473,1.8733930755406618,0,0,29.621302999325646,1.513945225741878,1119.035385960124,1350.0,1357.8759027734473,1.8733930755406618,0,0,11.398923327748317,1.6623294609533505,1129.50473671209,1357.8759027734473,1500.0,-3.8673765901476145,0,0,40.865310898653775,1.4035005077826326,1115.9705013913253,1350.0,1500.0,-3.867375073954463,1008,0,26.102295604877312,1.3352827687103046,1115.9705013913253,1499.9999999999998,1369.1234172147774,2.3926022965461016,1008,0,29.479847073890493,1.315565451368534,1115.9705013913253,1350.0,1369.1234172147774,2.3926022965461016,1008,0,11.385463824763281,1.6644893309022217,1129.5114438272844,1369.1234172147774,1500.0,-3.867375073954463,1008,0
Mar2015,400.0,False,180.0,1,97.08333333333333,True,0.4606055136545278,0.0,1.8794089555740356e-06,41.05717297319145,1.5624643640049507,1117.3143976769882,1350.0,1500.0,0.06414901278913021,0,0,26.254253357603897,1.543186983669379,1117.3143976769882,1500.0,1360.252759758262,-1.056982632726431,0,0,29.633189883645453,1.4976411368149332,1117.3143976769882,1350.0,1360.252759758262,-1.056982632726431,0,0,11.423983089545995,1.7622684367024568,1130.4514552744467,1360.252759758262,1500.0,0.06414901278913021,0,0,40.86806137072625,1.4040880067229797,1115.985011033048,1350.0,1500.0,0.06414713338017464,1008,0,26.08371391423304,1.3163451563054618,1115.985011033048,1499.9999999999998,1367.316297606098,1.7977690128609538,1008,0,29.456486090690362,1.2766704396318451,1115.985011033048,1350.0,1367.316297606098,1.7977690128609538,1008,0,11.41157528003589,1.7650338832024854,1130.450550435745,1367.316297606098,1500.0,0.06414713338017464,1008,0
Mar2015,400.0,False,180.0,2,97.08333333333333,True,0.48853575206983685,0.0,7.404014468193054e-07,41.05843290902875,1.6098290331283134,1116.6135096107905,1350.0,1500.0,0.8966660965234041,0,0,26.230635522521673,1.6025273233373964,1116.6135096107905,1500.0,1353.677741430337,-1.237638252787292,0,0,29.615019107304583,1.580275276421972,1116.6135096107905,1350.0,1353.677741430337,-1.237638252787292,0,0,11.44341380172417,1.7050737335135937,1128.39290573958,1353.677741430337,1500.0,0.8966660965234041,0,0,40.85784778502854,1.4669798204478992,1115.7725203280957,1350.0,1500.0,0.8966653561219573,1008,0,26.044234751192658,1.4285494774485767,1115.7725203280957,1500.0,1361.3590808654117,0.3407653421163559,1008,0,29.427386831761343,1.387108597171585,1115.7725203280957,1350.0,1361.3590808654117,0.3407653421163559,1008,0,11.430460953267197,1.7074627845952104,1128.4022923153225,1361.3590808654117,1500.0,0.8966653561219573,1008,0
Mar2015,400.0,False,180.0,3,97.08333333333333,True,0.5134173078166178,0.0,2.9243528842926025e-07,41.06155451234544,1.5685970854395712,1116.4772656092973,1350.0,1500.0,-0.8641037307679653,0,0,26.250690535928538,1.5411438710581429,1116.4772656092973,1500.0,1358.2936467479478,-1.6015612166374922,0,0,29.6273276341606,1.535518125447604,1116.4772656092973,1350.0,1358.2936467479478,-1.6015612166374922,0,0,11.434226878184838,1.6746218811033131,1130.7650938412303,1358.2936467479478,1500.0,-0.8641037307679653,0,0,40.8507373846205,1.421477470988439,1116.0864716358049,1350.0,1500.0,-0.8641034383326769,1008,0,26.05849187087066,1.3517064485092458,1116.0864716358049,1499.9999999999998,1363.3119065271242,1.6629290925338864,1008,0,29.428790183014627,1.336148505139855,1116.0864716358049,1350.0,1363.3119065271242,1.6629290925338864,1008,0,11.421947201605875,1.6758871048817359,1130.7650967198686,1363.3119065271242,1500.0,-0.8641034383326769,1008,0
Mar2015,400.0,False,180.0,4,97.08333333333333,True,0.47437437970266355,0.0,9.331852197647095e-07,41.04199134370945,1.6605172404649127,1116.7726746347844,1350.0,1500.0,-0.6723951520398259,0,0,26.24001817216811,1.5698104934767236,1116.7726746347844,1500.0,1356.9841857852668,-0.95573163125664,0,0,29.61660960477819,1.5658572883892785,1116.7726746347844,1350.0,1356.9841857852668,-0.95573163125664,0,0,11.425381738931257,1.9442429670704402,1129.244014230295,1356.9841857852668,1500.0,-0.6723951520398259,0,0,40.847298651855105,1.518690233717882,1115.978290461941,1350.0,1500.0,-0.6723942188546062,1008,0,26.079296601753363,1.3803018900659643,1115.978290461941,1499.9999999999998,1360.736057976789,2.3294799849390984,1008,0,29.448885023531012,1.3642580308801713,1115.978290461941,1350.0,1360.736057976789,2.3294799849390984,1008,0,11.398413628324093,1.9486891747203858,1129.2443299599597,1360.736057976789,1500.0,-0.6723942188546062,1008,0
Mar2015,400.0,True,0.0,0,96.33333333333333,True,0.9629573966093864,0.0,3.851950168609619e-06,41.28653774021453,1.549327613551045,987.9953085557338,1350.0,1500.0,-3.947437070310116,0,0,26.871103692922073,1.5451463158779608,987.9953085557338,1203.6225843540778,1301.174583436325,1.798887625336647,0,0,30.22480044290003,1.5212000557506749,987.9953085557338,1350.0,1301.174583436325,1.798887625336647,0,0,11.061737297314497,1.6427287520828289,1119.4763460432368,1301.174583436325,1500.0,-3.947437070310116,0,0,40.888965971241205,1.40107578403354,1004.0949760285721,1350.0,1500.0,-3.947433218359947,1008,0,26.469623132173993,1.342868022987117,1004.0949760285721,1233.4325167466711,1300.7318015828855,1.04082665219903,1008,0,29.825900287280646,1.3228158242149746,1004.0949760285721,1350.0,1300.7318015828855,1.04082665219903,1008,0,11.06306568396056,1.6428309594992634,1119.4763483716856,1300.7318015828855,1500.0,-3.947433218359947,1008,0
Mar2015,400.0,True,0.0,1,96.33333333333333,True,0.9551133342492165,0.0,3.723427653312683e-06,41.29648675433631,1.595407919655189,990.6527717223727,1350.0,1500.0,-3.114133208990097,0,0,26.896974958828,1.6084587495904568,990.6527717223727,1204.112773847834,1299.1800538883563,0.40663169231265783,0,0,30.256143582885297,1.55203954417758,990.6527717223727,1350.0,1299.1800538883563,0.40663169231265783,0,0,11.04034317145101,1.7368162875376474,1119.7707739487153,1299.1800538883563,1500.0,-3.114133208990097,0,0,40.90205850276918,1.375221999109063,1001.7356465438452,1350.0,1500.0,-3.1141294855624437,1008,0,26.48541438745398,1.311367552136286,1001.7356465438452,1234.3592804515329,1300.2120154072702,0.9712897501885891,1008,0,29.846714324762715,1.2534638897348764,1001.7356465438452,1350.0,1300.2120154072702,0.9712897501885891,1008,0,11.055344178006465,1.7309284805854532,1119.7707752236329,1300.2120154072702,1500.0,-3.1141294855624437,1008,0
Mar2015,400.0,True,0.0,2,96.33333333333333,True,0.9500872429617709,0.0,2.2817403078079224e-06,41.31605491205021,1.6184347879386214,990.9539738240285,1350.0,1500.0,-1.7929022004827857,0,0,26.86218391978376,1.635549280060002,990.9539738240285,1203.751360393896,1301.6799449992518,-0.5813661934807897,0,0,30.222361786360327,1.5980993832841495,990.9539738240285,1350.0,1301.6799449992518,-0.5813661934807897,0,0,11.093693125689885,1.6867508481077287,1116.7342849605316,1301.6799449992518,1500.0,-1.7929022004827857,0,0,40.92351634503574,1.4373708601782187,1001.1909218025837,1350.0,1500.0,-1.7929044822230935,1008,0,26.461653462378223,1.399663809642754,1001.1909218025837,1233.4992513839068,1302.4024302589357,-0.4376365803182125,1008,0,29.826910533657717,1.3561395442701645,1001.1909218025837,1350.0,1302.4024302589357,-0.4376365803182125,1008,0,11.096605811378026,1.6880097985444424,1116.7416866242568,1302.4024302589357,1500.0,-1.7929044822230935,1008,0
Mar2015,400.0,True,0.0,3,96.33333333333333,True,1.0004578190971678,0.0,7.934868335723877e-06,41.33988869581286,1.6000440790826214,983.9691877805544,1350.0,1500.0,1.5167733132839203,0,0,26.89336926329091,1.601976718912033,983.9691877805544,1204.9747166044617,1302.3733990907272,0.7228005528450012,0,0,30.246794020189203,1.5965286657944937,983.9691877805544,1350.0,1302.3733990907272,0.7228005528450012,0,0,11.093094675623657,1.6121205729241075,1118.9327429611265,1302.3733990907272,1500.0,1.5167733132839203,0,0,40.926300546949534,1.4295465293948701,1001.84135663702,1350.0,1500.0,1.5167653784155846,1008,0,26.48576482884163,1.3792672221620108,1001.84135663702,1235.356187680834,1302.006921102787,0.9271071692928672,1008,0,29.824950564980504,1.372344333462186,1001.84135663702,1350.0,1302.006921102787,0.9271071692928672,1008,0,11.10134998196903,1.6114834719568771,1118.9515687202645,1302.006921102787,1500.0,1.5167653784155846,1008,0
Mar2015,400.0,True,0.0,4,96.33333333333333,True,0.9740851457535088,0.0,2.923421561717987e-06,41.32506960031545,1.6597540263960908,991.0949168030854,1350.0,1500.0,0.7041017338633537,0,0,26.87247621114801,1.59659653219932,991.0949168030854,1203.947776775087,1304.140280800954,-0.4212921457365155,0,0,30.219511123264855,1.5713468277500462,991.0949168030854,1350.0,1304.140280800954,-0.4212921457365155,0,0,11.105558477050597,1.9341333380700019,1119.096801596762,1304.140280800954,1500.0,0.7041017338633537,0,0,40.92252823586648,1.5024539886604913,1003.9656469560186,1350.0,1500.0,0.704098810441792,1008,0,26.485664237236037,1.385547849044529,1003.9656469560186,1234.3213648017065,1302.1811953581055,1.536649358458817,1008,0,29.828184226578976,1.3512820161426915,1003.9656469560186,1350.0,1302.1811953581055,1.536649358458817,1008,0,11.094344009287504,1.9356139451199512,1119.096836916995,1302.1811953581055,1500.0,0.704098810441792,1008,0
Mar2015,400.0,True,180.0,0,97.08333333333333,True,0.6975390050440538,0.0,2.8386712074279785e-06,41.59180894182846,1.5573138889560514,933.6880616439009,1350.0,1500.0,-3.867382182739675,0,0,26.813990696861485,1.5205565894743616,933.6880616439009,1500.0,1357.875900493727,1.873393116518855,0,0,30.192885510676717,1.5245524771562198,933.6880616439009,1350.0,1357.875900493727,1.873393116518855,0,0,11.398923431151744,1.6623315638169314,1129.5047340986423,1357.875900493727,1500.0,-3.867382182739675,0,0,41.30168985155581,1.4087284023124835,1013.8798580309591,1350.0,1500.0,-3.8673793440684676,1008,0,26.538674489603117,1.343596845163636,1013.8798580309591,1499.9999999999998,1369.1234094419187,2.3926047049462795,1008,0,29.916225958616298,1.3228012299313674,1013.8798580309591,1350.0,1369.1234094419187,2.3926047049462795,1008,0,11.385463892939509,1.6644909307972373,1129.5114418428363,1369.1234094419187,1500.0,-3.8673793440684676,1008,0
Mar2015,400.0,True,180.0,1,97.08333333333333,True,0.7862401677543213,0.0,3.2549723982810974e-06,41.62537563674674,1.5716666837669413,936.3677138133232,1350.0,1500.0,0.06415466591715813,0,0,26.822455986193045,1.5572794529358536,936.3677138133232,1500.0,1360.2527628056866,-1.0569902043789625,0,0,30.2013925122346,1.5100928160017113,936.3677138133232,1350.0,1360.2527628056866,-1.0569902043789625,0,0,11.423983124512137,1.7622705871873274,1130.451454409,1360.2527628056866,1500.0,0.06415466591715813,0,0,41.298100213512015,1.41218355452431,1019.0159134363879,1350.0,1500.0,0.06415141094475985,1008,0,26.51375272590415,1.329400059202105,1019.0159134363879,1499.9999999999998,1367.3162926443028,1.7977710757404566,1008,0,29.886524902361472,1.288213134610143,1019.0159134363879,1350.0,1367.3162926443028,1.7977710757404566,1008,0,11.411575311150543,1.7650355006368885,1130.4505498534309,1367.3162926443028,1500.0,0.06415141094475985,1008,0
Mar2015,400.0,True,180.0,2,97.08333333333333,True,0.7923881931329797,0.0,1.2228265404701233e-06,41.6292448777817,1.6154992390840577,935.5570252827777,1350.0,1500.0,0.8966682096943259,0,0,26.801447524092758,1.6111483425181887,935.5570252827777,1500.0,1353.6777475038223,-1.2376390099525452,0,0,30.185831108875668,1.5877711512967252,935.5570252827777,1350.0,1353.6777475038223,-1.2376390099525452,0,0,11.443413768906034,1.7050757743974931,1128.392906494372,1353.6777475038223,1500.0,0.8966682096943259,0,0,41.29937965647974,1.4755343769385834,1017.419771606028,1350.0,1500.0,0.8966669868677855,1008,0,26.485766614723797,1.441835049592757,1017.419771606028,1500.0,1361.3590682332645,0.34076374769210815,1008,0,29.868918695292482,1.398841358651843,1017.419771606028,1350.0,1361.3590682332645,0.34076374769210815,1008,0,11.430460961187261,1.707464380890757,1128.4022930061974,1361.3590682332645,1500.0,0.8966669868677855,1008,0
Mar2015,400.0,True,180.0,3,97.08333333333333,True,0.828280204038381,0.0,4.777684807777405e-07,41.62759018827308,1.5767782646572552,943.2418867109346,1350.0,1500.0,-0.8641045158728957,0,0,26.816726215451776,1.5537401538155229,943.2418867109346,1500.0,1358.2936509011276,-1.601569396443665,0,0,30.19336331368384,1.546360501339401,943.2418867109346,1350.0,1358.2936509011276,-1.601569396443665,0,0,11.434226874589243,1.674623997490018,1130.7650892821891,1358.2936509011276,1500.0,-0.8641045158728957,0,0,41.28279709932539,1.4292280783373914,1017.1691844959972,1350.0,1500.0,-0.8641040381044149,1008,0,26.490551537180973,1.3640318624825754,1017.1691844959972,1499.9999999999998,1363.3118836762928,1.662926871329546,1008,0,29.86084984932494,1.3468420942586674,1017.1691844959972,1350.0,1363.3118836762928,1.662926871329546,1008,0,11.421947250000454,1.6758887264910844,1130.7650932420745,1363.3118836762928,1500.0,-0.8641040381044149,1008,0
Mar2015,400.0,True,180.0,4,97.08333333333333,True,0.7845962104446412,0.0,1.5664845705032349e-06,41.60885422702338,1.668768006286738,941.9074542914689,1350.0,1500.0,-0.6723978733643889,0,0,26.80688105074534,1.5830095654935608,941.9074542914689,1500.0,1356.9841777744912,-0.9557396415621042,0,0,30.18347248335542,1.5772058986565736,941.9074542914689,1350.0,1356.9841777744912,-0.9557396415621042,0,0,11.425381743667959,1.9442449892507216,1129.2440147857144,1356.9841777744912,1500.0,-0.6723978733643889,0,0,41.28239273354872,1.5264507497222966,1015.6514743281822,1350.0,1500.0,-0.6723963068798184,1008,0,26.51439063979708,1.3932101854204546,1015.6514743281822,1499.9999999999998,1360.7360439213753,2.3294794764369726,1008,0,29.88397906157473,1.3754587651286723,1015.6514743281822,1350.0,1360.7360439213753,2.3294794764369726,1008,0,11.398413671973987,1.9486906897179281,1129.244330386532,1360.7360439213753,1500.0,-0.6723963068798184,1008,0
Mar2015,550.0,False,0.0,0,96.75,True,-1.4928757479415495,0.0,0.0020998986437916756,3.331495940056293,0.6471820175544228,1137.8562178381533,1350.0,1500.0,-0.28383483551442623,0,0,2.144092109542965,0.6039430380466259,1138.3914523272988,1279.7083627065124,1188.8903392596349,0.501349844969809,0,0,2.3942217747676158,0.5955207602981094,1138.3914523272988,1350.0,1188.8903392596349,0.501349844969809,0,0,0.9372741652886774,0.7979561856978955,1137.8562178381533,1188.8903392596349,1500.0,-0.28383483551442623,0,0,3.381231034989051,0.6225002730003519,1137.8413957669807,1350.0,1500.0,-0.2859347341582179,1008,0,2.1880978824987856,0.558965900977334,1137.8413957669807,1279.5447451385628,1221.3345457762273,0.25435662642121315,1008,0,2.442315888375887,0.559823378647567,1137.8413957669807,1350.0,1221.3345457762273,0.25435662642121315,1008,0,0.938915146613164,0.7993824779923085,1137.8507698782416,1221.3345457762273,1500.0,-0.2859347341582179,1008,0
Mar2015,550.0,False,0.0,1,96.75,True,-1.4588059334458656,0.0,0.003370571881532669,3.328536488409586,0.6351407301807498,1137.9326962208365,1350.0,1500.0,-0.5834242096170783,0,0,2.1380646326854613,0.6642387473224728,1137.9326962208365,1279.7074496035523,1189.045679266678,0.5705116139724851,0,0,2.3962025395798747,0.6377511343966021,1137.9326962208365,1350.0,1189.045679266678,0.5705116139724851,0,0,0.9323339488297111,0.6262000425607689,1138.7979821321608,1189.045679266678,1500.0,-0.5834242096170783,0,0,3.3770933761994155,0.6191001210744584,1138.0479742194668,1350.0,1500.0,-0.586794781498611,1008,0,2.1829897278886854,0.6531434914263401,1138.0479742194668,1279.6562330723298,1221.949887887449,0.4266316695138812,1008,0,2.442758116154266,0.617330701989268,1138.0479742194668,1350.0,1221.949887887449,0.4266316695138812,1008,0,0.9343352600451493,0.6250680757667417,1138.8211956391738,1221.949887887449,1500.0,-0.586794781498611,1008,0
Mar2015,550.0,False,0.0,2,96.75,True,-1.4845308040848106,0.0,0.0027134940028190613,3.3329863367435486,0.6109415785455306,1138.45684885204,1350.0,1500.0,-0.2117453347891569,0,0,2.1406243930392916,0.5990366885157367,1138.45684885204,1279.3819903997066,1189.2176092110203,0.6240115091204643,0,0,2.3939575480569553,0.5797140955039676,1138.45684885204,1350.0,1189.2176092110203,0.6240115091204643,0,0,0.9390287886865933,0.7067108910075596,1138.966764233597,1189.2176092110203,1500.0,-0.2117453347891569,0,0,3.3824655456084445,0.5770632967764961,1138.48099373626,1350.0,1500.0,-0.21445882879197598,1008,0,2.1865717945377985,0.5616281171251537,1138.48099373626,1279.3909643020781,1223.2306229553699,0.45615879632532597,1008,0,2.4424199227289938,0.5312468999047898,1138.48099373626,1350.0,1223.2306229553699,0.45615879632532597,1008,0,0.9400456228794507,0.710874215119209,1138.9564944643864,1223.2306229553699,1500.0,-0.21445882879197598,1008,0
Mar2015,550.0,False,0.0,3,96.75,True,-1.4803267400990328,0.0,0.0018840339034795761,3.3237464353806927,0.6194958663638934,1138.1955367652126,1350.0,1500.0,-1.0654056444764137,0,0,2.1468239251526366,0.660170252145314,1138.663121676434,1279.56613386942,1188.5433392183195,0.8323204228654504,0,0,2.396871649118258,0.6403351557485881,1138.663121676434,1350.0,1188.5433392183195,0.8323204228654504,0,0,0.9268747862624349,0.5428357951137934,1138.1955367652126,1188.5433392183195,1500.0,-1.0654056444764137,0,0,3.3729487426367215,0.6073658241214449,1138.1921315554875,1350.0,1500.0,-1.0672896783798933,1008,0,2.1913892096246603,0.651720342011692,1138.6519420214374,1279.5562229632005,1221.707164172115,0.5893776183947921,1008,0,2.4438112928156857,0.6255948848080708,1138.6519420214374,1350.0,1221.707164172115,0.5893776183947921,1008,0,0.9291374498210359,0.540936251116527,1138.1921315554875,1221.707164172115,1500.0,-1.0672896783798933,1008,0
Mar2015,550.0,False,0.0,4,96.75,True,-1.5041972034581184,0.0,0.0011026021093130112,3.3360074508210715,0.6387799270935489,1137.836427922949,1350.0,1500.0,0.4446738362312317,0,0,2.1437423336874226,0.6314182104994793,1138.3461713188783,1279.8419637840493,1188.9518044172917,0.8639220483601093,0,0,2.395712028633753,0.6154063826955694,1138.3461713188783,1350.0,1188.9518044172917,0.8639220483601093,0,0,0.9402954221873183,0.7124130682908839,1137.836427922949,1188.9518044172917,1500.0,0.4446738362312317,0,0,3.3861875816034765,0.6230181430681696,1137.8669776813815,1350.0,1500.0,0.4457764383405447,1008,0,2.1933726663267756,0.6120942845301558,1137.940914500633,1279.5533274513277,1222.8200994631359,0.7839492838829756,1008,0,2.4456425974991087,0.5939057108439497,1137.940914500633,1350.0,1222.8200994631359,0.7839492838829756,1008,0,0.9405449841043678,0.7130152724377664,1137.8669776813815,1222.8200994631359,1500.0,0.4457764383405447,1008,0
Mar2015,550.0,False,180.0,0,96.0,True,-1.3837886636482402,0.0,0.0006779767572879791,3.2939437568537167,0.6592401607124081,1138.5978652290578,1350.0,1500.0,-1.1685575423762202,0,0,2.1517909357654994,0.623995940306358,1138.5978652290578,1381.3846217899284,1498.0795399000103,0.6466444339603186,0,0,2.3987267390783096,0.6276444946777965,1138.5978652290578,1350.0,1498.0795399000103,0.6466444339603186,0,0,0.8952170177754071,0.7595442790152752,1139.0037076632614,1498.0795399000103,1500.0,-1.1685575423762202,0,0,3.3395249771480073,0.614857926650303,1138.1257000838762,1350.0,1500.0,-1.1678795656189322,1008,0,2.1905742267291735,0.5631577854446739,1138.1257000838762,1450.7590278053563,1500.0,0.21993014495819807,1008,0,2.4424740936985434,0.5673028524506057,1138.1257000838762,1350.0,1500.0,0.21993014495819807,1008,0,0.8970508834494639,0.7581638163656416,1139.0046049997006,1500.0,1500.0,-1.1678795656189322,1008,0
Mar2015,550.0,False,180.0,1,96.0,True,-1.3585063885652866,0.0,0.0038308463990688324,3.2989184829635527,0.6625474409221209,1138.7490556543867,1350.0,1500.0,-1.0640045888721943,0,0,2.1483829471271383,0.7107162678806748,1138.8402675723162,1380.8637537841164,1498.496684387423,0.5376019952818751,0,0,2.400001196010943,0.6703358304585524,1138.8132416651488,1350.0,1498.496684387423,0.5376019952818751,0,0,0.8989172869526096,0.6345357058811432,1138.7490556543867,1498.496684387423,1500.0,-1.0640045888721943,0,0,3.3437345013081736,0.6221198816410142,1138.5120717283012,1350.0,1500.0,-1.0678354352712631,1008,0,2.187492050192831,0.6563067029804782,1138.5120717283012,1452.0713674422868,1500.0,0.3308635726571083,1008,0,2.4436900142994027,0.6179625356402623,1138.5120717283012,1350.0,1500.0,0.3308635726571083,1008,0,0.9000444870087709,0.6364567762278398,1138.7271964537365,1500.0,1500.0,-1.0678354352712631,1008,0
Mar2015,550.0,False,180.0,2,96.0,True,-1.408468217638505,0.0,0.0012654941529035568,3.298010243660549,0.5961593441881948,1137.8600835389461,1350.0,1500.0,-0.08201378770172596,0,0,2.1441274340439658,0.5790030516594334,1138.059498342981,1381.1563239850122,1498.086543049785,0.11486634612083435,0,0,2.3930708127881313,0.5564939436303294,1138.059498342981,1350.0,1498.086543049785,0.11486634612083435,0,0,0.9049394308724179,0.7179328338658959,1137.8600835389461,1498.086543049785,1500.0,-0.08201378770172596,0,0,3.3444616697569702,0.5718912740888638,1137.8612843665073,1350.0,1500.0,-0.08327928185462952,1008,0,2.189021658872953,0.5533140760446461,1137.94826942763,1452.9984668428758,1500.0,0.21771194972097874,1008,0,2.441843204882314,0.5244819324989702,1137.94826942763,1350.0,1500.0,0.21771194972097874,1008,0,0.902618464874656,0.7134309993916281,1137.8612843665073,1500.0,1500.0,-0.08327928185462952,1008,0
Mar2015,550.0,False,180.0,3,96.0,True,-1.4100483446306837,0.0,0.005545699968934059,3.299695756397405,0.6120480297473337,1138.4523175487652,1350.0,1500.0,-0.2659600814804435,0,0,2.1573244840885235,0.6513907125909888,1139.0243992909113,1380.5705369823,1498.8246561382414,0.46016567666083574,0,0,2.399301638142055,0.6301245816883634,1139.0243992909113,1350.0,1498.8246561382414,0.46016567666083574,0,0,0.9003941182553499,0.5440708581254806,1138.4523175487652,1498.8246561382414,1500.0,-0.2659600814804435,0,0,3.3462230617883355,0.5952638119318167,1138.417770658883,1350.0,1500.0,-0.27150578144937754,1008,0,2.1987681715176066,0.632787374901682,1138.7140521768338,1452.5887878968683,1500.0,0.44363283924758434,1008,0,2.445223636185651,0.6086999233299689,1138.7140521768338,1350.0,1500.0,0.44363283924758434,1008,0,0.9009994256026843,0.5456381014587437,1138.417770658883,1500.0,1500.0,-0.27150578144937754,1008,0
Mar2015,550.0,False,180.0,4,96.0,True,-1.37614365688929,0.0,0.001184016466140747,3.3033821708755493,0.6557138199978998,1138.0456482610039,1350.0,1500.0,-0.008514676243066788,0,0,2.1537694654110475,0.6153804746627629,1138.0456482610039,1380.8214689537717,1498.247799407092,0.6629655370488763,0,0,2.396933392152528,0.6036142478584036,1138.0456482610039,1350.0,1498.247799407092,0.6629655370488763,0,0,0.9064487787230213,0.8121558970119219,1139.6081477920504,1498.247799407092,1500.0,-0.008514676243066788,0,0,3.348841455082865,0.6396464854945138,1138.2168425419468,1350.0,1500.0,-0.007330659776926041,1008,0,2.1963881249272617,0.5979023843485927,1138.2168425419468,1452.247263586084,1500.0,0.6576281543821096,1008,0,2.444088709649006,0.5817145137030154,1138.2168425419468,1350.0,1500.0,0.6576281543821096,1008,0,0.9047527454338589,0.8104277294985033,1139.6098887187698,1500.0,1500.0,-0.007330659776926041,1008,0
Mar2015,550.0,True,0.0,0,96.75,True,-1.1932142467458462,0.0,0.0022201770916581154,3.3780582162234682,0.6497151472017546,1005.5842662803764,1350.0,1500.0,-0.28367588855326176,0,0,2.1906381167249545,0.6081654583880932,1005.5842662803764,1279.7083627065124,1188.8920499939838,0.49945116974413395,0,0,2.440767781949605,0.5991926736452183,1005.5842662803764,1350.0,1188.8920499939838,0.49945116974413395,0,0,0.937290434273863,0.7976717764309907,1137.8566202737939,1188.8920499939838,1500.0,-0.28367588855326176,0,0,3.4183656881228153,0.6237632210199908,1018.794739573902,1350.0,1500.0,-0.2858960656449199,1008,0,2.2252254795935835,0.5611551115349223,1018.794739573902,1279.5447451385628,1221.3455901140317,0.25333007983863354,1008,0,2.479443485470685,0.5616975026573912,1018.794739573902,1350.0,1221.3455901140317,0.25333007983863354,1008,0,0.9389222026521304,0.7992462953733598,1137.8508991082942,1221.3455901140317,1500.0,-0.2858960656449199,1008,0
Mar2015,550.0,True,0.0,1,96.75,True,-1.156661075185958,0.0,0.003324124962091446,3.375146611470953,0.6381908737417185,1003.0743938128039,1350.0,1500.0,-0.58338338509202,0,0,2.1846723918710085,0.668641229754393,1003.0743938128039,1279.7074496035523,1189.0459050513161,0.5705960532650352,0,0,2.4428102987654223,0.6416823257285388,1003.0743938128039,1350.0,1189.0459050513161,0.5705960532650352,0,0,0.9323363127055306,0.6261959597776068,1138.798731467875,1189.0459050513161,1500.0,-0.58338338509202,0,0,3.4141856185562953,0.6210013916563031,1018.7100268913516,1350.0,1500.0,-0.5867075100541115,1008,0,2.2200753751135403,0.6558709039922558,1018.7100268913516,1279.6562330723298,1221.959734480749,0.4261919129639864,1008,0,2.479843763379121,0.6198043128043506,1018.7100268913516,1350.0,1221.959734480749,0.4261919129639864,1008,0,0.9343418551771743,0.625047110285749,1138.8224943953996,1221.959734480749,1500.0,-0.5867075100541115,1008,0
Mar2015,550.0,True,0.0,2,96.75,True,-1.1848733885368314,0.0,0.0026976382359862328,3.3795747089669104,0.6145903704860054,1003.4224088616361,1350.0,1500.0,-0.21167690306901932,0,0,2.1872145494278783,0.6046063475168113,1003.4224088616361,1279.3819903997066,1189.2177413677898,0.6243223082274199,0,0,2.4405477044455415,0.5846491396311613,1003.4224088616361,1350.0,1189.2177413677898,0.6243223082274199,0,0,0.9390270045213689,0.7068143398127965,1138.9669668887248,1189.2177413677898,1500.0,-0.21167690306901932,0,0,3.4196183903391804,0.5801779597636378,1018.6151472781904,1350.0,1500.0,-0.21437454130500555,1008,0,2.223721462734474,0.566387517113059,1018.6151472781904,1279.3909643020781,1223.2237383727415,0.4563591219484806,1008,0,2.4795695909256694,0.5355604469265084,1018.6151472781904,1350.0,1223.2237383727415,0.4563591219484806,1008,0,0.9400487994135109,0.7110286676526653,1138.9567472102574,1223.2237383727415,1500.0,-0.21437454130500555,1008,0
Mar2015,550.0,True,0.0,3,96.75,True,-1.1692231797947723,0.0,0.0020232554525136948,3.370365322463436,0.6219714403177319,1003.353127946049,1350.0,1500.0,-1.065229189582169,0,0,2.193427765253988,0.6637105361088467,1003.353127946049,1279.56613386942,1188.5445537145456,0.8312930529937148,0,0,2.443475489219609,0.6434644251858942,1003.353127946049,1350.0,1188.5445537145456,0.8312930529937148,0,0,0.9268898332438269,0.5427155144340149,1138.1960060543197,1188.5445537145456,1500.0,-1.065229189582169,0,0,3.4097724150574433,0.6097614254361797,1018.5580099609367,1350.0,1500.0,-1.0672524450346828,1008,0,2.228210525882686,0.6550897683271468,1018.5580099609367,1279.5562229632005,1221.7060771076845,0.5892596738412976,1008,0,2.4806326090737114,0.6286041136105379,1018.5580099609367,1350.0,1221.7060771076845,0.5892596738412976,1008,0,0.9291398059837319,0.5409384009113759,1138.1922226701117,1221.7060771076845,1500.0,-1.0672524450346828,1008,0
Mar2015,550.0,True,0.0,4,96.75,True,-1.1969764668194645,0.0,0.001077050343155861,3.3825965020214253,0.6423812154868699,1004.6056160488404,1350.0,1500.0,0.44474805146455765,0,0,2.1903301812393754,0.6369094123790175,1004.6056160488404,1279.8419637840493,1188.952144032157,0.8638567132875323,0,0,2.442299876185706,0.6202376237259905,1004.6056160488404,1350.0,1188.952144032157,0.8638567132875323,0,0,0.9402966258357193,0.71242156961963,1137.837438851635,1188.952144032157,1500.0,0.44474805146455765,0,0,3.42308538611808,0.6264836813990938,1018.1627551913783,1350.0,1500.0,0.4458251018077135,1008,0,2.2302698755123442,0.6173922895151563,1018.1627551913783,1279.5533274513277,1222.8146299210994,0.7843398563563824,1008,0,2.4825398066846773,0.5985877319158465,1018.1627551913783,1350.0,1222.8146299210994,0.7843398563563824,1008,0,0.9405455794334028,0.7130694829926796,1137.867718895731,1222.8146299210994,1500.0,0.4458251018077135,1008,0
Mar2015,550.0,True,180.0,0,96.0,True,-1.0907858584837578,0.0,0.000655696727335453,3.3395752445102533,0.6599183953402675,946.1438381456361,1350.0,1500.0,-1.1686062458902597,0,0,2.197416264958728,0.6251297840056593,946.1438381456361,1381.3846217899284,1498.0782765936326,0.6454281061887741,0,0,2.444352068271538,0.6286108450826092,946.1438381456361,1350.0,1498.0782765936326,0.6454281061887741,0,0,0.8952231762387153,0.7593976016185323,1139.0033193328438,1498.0782765936326,1500.0,-1.1686062458902597,0,0,3.3760028590107956,0.6159926941072341,1042.0034507427447,1350.0,1500.0,-1.1679505491629243,1008,0,2.2270443011911514,0.5650764028541735,1042.0034507427447,1450.7590278053563,1500.0,0.21867985557764769,1008,0,2.4789441681605213,0.5689357964435672,1042.0034507427447,1350.0,1500.0,0.21867985557764769,1008,0,0.8970586908502742,0.7580261899885993,1139.0041241552437,1500.0,1500.0,-1.1679505491629243,1008,0
Mar2015,550.0,True,180.0,1,96.0,True,-1.0924477098223189,0.0,0.0039311861619353294,3.344466324936788,0.6654825348749394,948.0216892586153,1350.0,1500.0,-1.0639748005196452,0,0,2.193931964957605,0.7148176116732368,948.0216892586153,1380.8637537841164,1498.4968575744701,0.5377762457355857,0,0,2.44555021384141,0.6740634249877882,948.0216892586153,1350.0,1498.4968575744701,0.5377762457355857,0,0,0.8989161110953781,0.6345362604565244,1138.7492085219753,1498.4968575744701,1500.0,-1.0639748005196452,0,0,3.3810028707093385,0.6248194148152914,1042.890935312053,1350.0,1500.0,-1.0679059866815805,1008,0,2.2247549107487936,0.6601459635380355,1042.890935312053,1452.0713674422868,1500.0,0.33014057017862797,1008,0,2.4809528748553653,0.6214578593890947,1042.890935312053,1350.0,1500.0,0.33014057017862797,1008,0,0.9000499958539732,0.6364450538718082,1138.726811147036,1500.0,1500.0,-1.0679059866815805,1008,0
Mar2015,550.0,True,180.0,2,96.0,True,-1.1124930499974455,0.0,0.0014443835243582726,3.343612875125212,0.5991219400326099,948.1240428389133,1350.0,1500.0,-0.08200321439653635,0,0,2.18973289830716,0.5835835654520812,948.1240428389133,1381.1563239850122,1498.0876490878939,0.11560151167213917,0,0,2.4386762770513255,0.5605800604590131,948.1240428389133,1350.0,1498.0876490878939,0.11560151167213917,0,0,0.9049365980738866,0.7179045416928106,1137.860319218658,1498.0876490878939,1500.0,-0.08200321439653635,0,0,3.3808103359798,0.5759875495491522,1042.776908107253,1350.0,1500.0,-0.08344759792089462,1008,0,2.2253611934283293,0.5595910196803958,1042.776908107253,1452.9984668428758,1500.0,0.21678057592362165,1008,0,2.4781827394376905,0.5301594016320278,1042.776908107253,1350.0,1500.0,0.21678057592362165,1008,0,0.9026275965421093,0.7135726932656988,1137.8606411182784,1500.0,1500.0,-0.08344759792089462,1008,0
Mar2015,550.0,True,180.0,3,96.0,True,-1.1165047345855763,0.0,0.005576754920184612,3.3452365339683907,0.614538705815039,948.687665139614,1350.0,1500.0,-0.26611045375466347,0,0,2.2028536670084966,0.6548952491686545,948.687665139614,1380.5705369823,1498.8219494832367,0.458358027972281,0,0,2.444830821062028,0.6332305471310037,948.687665139614,1350.0,1498.8219494832367,0.458358027972281,0,0,0.9004057129063625,0.5440835908960107,1138.4513425963546,1498.8219494832367,1500.0,-0.26611045375466347,0,0,3.3825862582532342,0.5981217750446909,1042.4109836068844,1350.0,1500.0,-0.2716872086748481,1008,0,2.235118568740246,0.6368085861492708,1042.4109836068844,1452.5887878968683,1500.0,0.4419295862317085,1008,0,2.4815740334082905,0.6122839045018482,1042.4109836068844,1350.0,1500.0,0.4419295862317085,1008,0,0.9010122248449437,0.5456674179659747,1138.4167070316842,1500.0,1500.0,-0.2716872086748481,1008,0
Mar2015,550.0,True,180.0,4,96.0,True,-1.0845127320471202,0.0,0.0010787872597575188,3.348956364597529,0.6583631763397166,948.2101836695555,1350.0,1500.0,-0.008527783676981926,0,0,2.199343452042669,0.6196111511864546,948.2101836695555,1380.8214689537717,1498.2477508650104,0.6629888908937573,0,0,2.4425073787841494,0.6073126074288596,948.2101836695555,1350.0,1498.2477508650104,0.6629888908937573,0,0,0.9064489858133795,0.8121509790817242,1139.6081529045903,1498.2477508650104,1500.0,-0.008527783676981926,0,0,3.3852762227622915,0.6420046440857711,1042.1079836233896,1350.0,1500.0,-0.007448996417224407,1008,0,2.2328163356282724,0.6016837967149238,1042.1079836233896,1452.247263586084,1500.0,0.6569156842306256,1008,0,2.480516920350017,0.5850469099978797,1042.1079836233896,1350.0,1500.0,0.6569156842306256,1008,0,0.9047593024122746,0.8104228707788329,1139.6098230338685,1500.0,1500.0,-0.007448996417224407,1008,0
May2024,400.0,False,0.0,0,96.58333333333333,True,7.963694199246271,0.0,0.00013811979442834854,106.4819105635536,2.3803282816757676,1102.019185760844,1350.0,1500.0,6.196936944499612,0,0,72.98945751048056,2.484048492790168,1102.019185760844,1156.7780028270247,1456.2809390820403,3.2539315223693848,0,0,80.49590810831668,2.416917097624583,1102.019185760844,1350.0,1456.2809390820403,3.2539315223693848,0,0,25.986002455236914,2.2508222772046738,1120.4216416459235,1456.2809390820403,1500.0,6.196936944499612,0,0,98.00201682875728,4.39803274090427,645.837040330187,1350.0,1500.0,6.1967988247051835,1008,0,65.17128108829803,5.18578093868438,645.837040330187,1159.9237339272922,1073.4323503532314,3.395849502645433,1008,0,72.06188609382392,4.8500059209165665,645.837040330187,1350.0,1073.4323503532314,3.395849502645433,1008,0,25.940130734933362,2.2495120153813137,742.1886741315969,1073.4323503532314,1500.0,6.1967988247051835,1008,0
May2024,400.0,False,0.0,1,96.58333333333333,True,7.839707109755199,0.0,8.034612983465195e-05,106.46056270404536,2.382993915568487,1102.0399390759899,1350.0,1500.0,3.583504719659686,0,0,73.00428615299299,2.423166273874802,1102.0399390759899,1159.8159156041486,1453.5310343376195,-0.8639418939128518,0,0,80.51222537276644,2.3434193660780656,1102.0399390759899,1350.0,1453.5310343376195,-0.8639418939128518,0,0,25.94833733127892,2.513520552302623,1116.4481972947171,1453.5310343376195,1500.0,3.583504719659686,0,0,98.11436640065092,4.410270860274867,645.8373641418156,1350.0,1500.0,3.5834243735298514,1008,0,65.32635564371556,5.170541115483499,645.8373641418156,1162.2217842175717,1050.7772097346192,3.097219259478152,1008,0,72.21567078575201,4.8264263446067295,645.8373641418156,1350.0,1050.7772097346192,3.097219259478152,1008,0,25.898695614898912,2.51317940066355,717.9959295097275,1050.7772097346192,1500.0,3.5834243735298514,1008,0
May2024,400.0,False,0.0,2,96.58333333333333,True,7.934043724524223,0.0,3.128219395875931e-05,106.45863567826655,2.443122798525845,1100.5003188986468,1350.0,1500.0,4.10748730506748,0,0,72.96641001518388,2.5030644492573497,1100.5003188986468,1156.7387175239828,1455.30263993087,0.5383989522233605,0,0,80.48122806090109,2.42132689199794,1100.5003188986468,1350.0,1455.30263993087,0.5383989522233605,0,0,25.977407617365458,2.5161739512029437,1118.5908972318775,1455.30263993087,1500.0,4.10748730506748,0,0,98.01216097502093,4.378198874279879,656.3879572082436,1350.0,1500.0,4.107456022873521,1008,0,65.17433966991561,5.1245814190392,656.3879572082436,1159.7124328927346,1087.4393222954602,0.6323476769030094,1008,0,72.0711209937543,4.788214117051963,656.3879572082436,1350.0,1087.4393222954602,0.6323476769030094,1008,0,25.941039981266627,2.5152473932546453,754.7668739768118,1087.4393222954602,1500.0,4.107456022873521,1008,0
May2024,400.0,False,0.0,3,96.58333333333333,True,7.886512201984707,0.0,0.00028199516236782074,106.4179826946723,2.320098620904876,1102.234165184744,1350.0,1500.0,-2.565741702914238,0,0,72.9887586054463,2.4527122408743165,1102.234165184744,1159.6339143850012,1452.9225328132106,-2.0815278040245175,0,0,80.49833243823535,2.3967897875780375,1102.234165184744,1350.0,1452.9225328132106,-2.0815278040245175,0,0,25.919650256436952,2.0363687943512345,1118.7536002191866,1452.9225328132106,1500.0,-2.565741702914238,0,0,98.025315504351,4.346163208823272,660.0950730796732,1350.0,1500.0,-2.56545970775187,1008,0,65.25815183438198,5.131701974046761,660.0950730796732,1162.1742742862077,1070.6746332218067,1.6608326323330402,1008,0,72.13006576159552,4.817084278014646,660.0950730796732,1350.0,1070.6746332218067,1.6608326323330402,1008,0,25.89524974275548,2.0357875117490334,738.6606799253632,1070.6746332218067,1500.0,-2.56545970775187,1008,0
May2024,400.0,False,0.0,4,96.58333333333333,True,7.843981450514625,0.0,0.00014632754027843475,106.4615822240029,2.4637777915859207,1099.7394527591,1350.0,1500.0,1.8611062103882432,0,0,72.9827599504901,2.4438837791443047,1099.7394527591,1162.2056292493294,1455.3167775564516,-1.3120307102799416,0,0,80.48498869428444,2.411554669087462,1099.7394527591,1350.0,1455.3167775564516,-1.3120307102799416,0,0,25.976593529718457,2.6344209294251493,1117.6038940753033,1455.3167775564516,1500.0,1.8611062103882432,0,0,98.11075546242773,4.397050546248858,652.6012631767233,1350.0,1500.0,1.8612525379285216,1008,0,65.27318953211342,5.115727414776175,652.6012631767233,1164.144028810161,1073.334179341208,2.6252720560878515,1008,0,72.183745702033,4.792287437972566,652.6012631767233,1350.0,1073.334179341208,2.6252720560878515,1008,0,25.92700976039474,2.631313830120136,740.6052166345966,1073.334179341208,1500.0,1.8612525379285216,1008,0
May2024,400.0,False,180.0,0,97.33333333333333,True,7.881771456916823,0.0,0.00010066106915473938,107.60273091903001,2.3657224002941413,1028.734158763424,1350.0,1500.0,3.190041451714933,0,0,73.16111760100132,2.4171771997485343,1088.996033621462,1467.1393425285833,1241.3213852466345,2.1617790423333645,0,0,80.7336721264574,2.367253170679418,1028.734158763424,1350.0,1241.3213852466345,2.1617790423333645,0,0,26.869058792572602,2.3606395855339053,1103.2474531142589,1241.3213852466345,1500.0,3.190041451714933,0,0,99.12172958659089,4.4424260439673935,652.5104892300903,1350.0,1500.0,3.189940790645778,1008,0,65.17849748260365,5.216033784220147,652.5104892300903,1388.6043958534485,883.6735172546472,6.258186248131096,1008,0,72.2956889782314,4.8977297549627785,652.5104892300903,1350.0,883.6735172546472,6.258186248131096,1008,0,26.82604060835949,2.3736886172880407,947.3227968291767,883.6735172546472,1500.0,3.189940790645778,1008,0
May2024,400.0,False,180.0,1,97.33333333333333,True,7.934988809783773,0.0,0.0001263367012143135,107.57866538437129,2.3731792556728797,1029.5478412286138,1350.0,1500.0,0.1091958237811923,0,0,73.1868973411923,2.452947182714814,1087.9312442529465,1464.0710643830398,1245.769535096929,-0.6448966823518276,0,0,80.76529396751526,2.374853140439677,1029.5478412286138,1350.0,1245.769535096929,-0.6448966823518276,0,0,26.81337141685603,2.3676205386783358,1102.213273745425,1245.769535096929,1500.0,0.1091958237811923,0,0,99.0423103244067,4.438143363505691,653.9872018731006,1350.0,1500.0,0.10932216048240662,1008,0,65.17755209466888,5.227667421269354,653.9872018731006,1368.9408644589928,876.5853949770751,5.392561166547239,1008,0,72.27076010874192,4.891302548006859,653.9872018731006,1350.0,876.5853949770751,5.392561166547239,1008,0,26.771550215664774,2.3830386994197243,940.3871323504793,876.5853949770751,1500.0,0.10932216048240662,1008,0
May2024,400.0,False,180.0,2,97.33333333333333,True,7.8384372491004735,0.0,0.00010260101407766342,107.56924910708597,2.3820435064467405,1029.5076609108685,1350.0,1500.0,3.796609463170171,0,0,73.14288419027861,2.4342555883110664,1087.736021566535,1464.0796633797484,1242.6808050548163,-0.8939809780567884,0,0,80.71572458368385,2.36160652867246,1029.5076609108685,1350.0,1242.6808050548163,-0.8939809780567884,0,0,26.853524523402115,2.4485880345588242,1101.9219250181777,1242.6808050548163,1500.0,3.796609463170171,0,0,99.13750101649846,4.390974379353332,649.9028832694926,1350.0,1500.0,3.796506862156093,1008,0,65.20964438129982,5.1583612806959165,649.9028832694926,1390.5628850011776,867.6769445743221,3.174331867136061,1008,0,72.31868539766204,4.824671909929146,649.9028832694926,1350.0,867.6769445743221,3.174331867136061,1008,0,26.818815618836425,2.4552186373682314,931.2612314114433,867.6769445743221,1500.0,3.796506862156093,1008,0
May2024,400.0,False,180.0,3,97.33333333333333,True,7.8058072581398035,0.0,9.081419557332993e-05,107.5902180018895,2.277940479848622,1028.1977208889782,1350.0,1500.0,0.5416970066726208,0,0,73.1492307855418,2.3936966659153227,1089.93642306958,1464.2817165164045,1241.6932929347445,-1.6591568365693092,0,0,80.72121304125193,2.3479307148692325,1028.1977208889782,1350.0,1241.6932929347445,-1.6591568365693092,0,0,26.869004960637568,2.0286629976550894,1101.2037702564191,1241.6932929347445,1500.0,0.5416970066726208,0,0,99.19193295604957,4.314153248460883,645.6602585601493,1350.0,1500.0,0.5417878208681941,1008,0,65.23587178479332,5.114735860035758,645.6602585601493,1382.01822983944,899.3423333317138,4.277897320687771,1008,0,72.35760444029297,4.7936276749154265,645.6602585601493,1350.0,899.3423333317138,4.277897320687771,1008,0,26.834328515756596,2.0327414804281165,959.770706290576,899.3423333317138,1500.0,0.5417878208681941,1008,0
May2024,400.0,False,180.0,4,97.33333333333333,True,7.860283945011049,0.0,0.00022290460765361786,107.61192435612786,2.442376810983298,1027.359137165721,1350.0,1500.0,4.4468365935608745,0,0,73.16423932707016,2.3869383214460105,1091.6173929222782,1465.9396104234397,1245.3539621359982,-0.9550156649202108,0,0,80.74126770831712,2.373798177264308,1027.359137165721,1350.0,1245.3539621359982,-0.9550156649202108,0,0,26.870656647810733,2.6571348575983764,1100.3501760029576,1245.3539621359982,1500.0,4.4468365935608745,0,0,99.1533215430457,4.385931632090762,656.5631341723009,1350.0,1500.0,4.446613688953221,1008,0,65.28157256089327,5.08447358823259,656.5631341723009,1361.6939570077286,897.966838788097,5.391518893651664,1008,0,72.33456049823913,4.785071180478207,656.5631341723009,1350.0,897.966838788097,5.391518893651664,1008,0,26.81876104480658,2.664379105427953,958.9086521292904,897.966838788097,1500.0,4.446613688953221,1008,0
May2024,400.0,True,0.0,0,96.58333333333333,True,7.879011169760261,0.0,0.0001386888325214386,108.0721162393978,2.3989952703565294,951.7822306581944,1350.0,1500.0,6.196962843649089,0,0,74.57966341643375,2.510981852888213,951.7822306581944,1156.7780028270247,1456.2809351386222,3.2539132684469223,0,0,82.08611401426987,2.4406561033440863,951.7822306581944,1350.0,1456.2809351386222,3.2539132684469223,0,0,25.986002225127933,2.250830883694866,1120.42164213488,1456.2809351386222,1500.0,6.196962843649089,0,0,99.55710212949936,4.564345315250915,586.6352805980073,1350.0,1500.0,6.196824154816568,1008,0,66.7263667662205,5.398168364515944,586.6352805980073,1159.9237339272922,1073.4316776815697,3.39587574172765,1008,0,73.61697177174638,5.044732592606033,586.6352805980073,1350.0,1073.4316776815697,3.39587574172765,1008,0,25.940130357752977,2.249520327047237,742.1879940299784,1073.4316776815697,1500.0,6.196824154816568,1008,0
May2024,400.0,True,0.0,1,96.58333333333333,True,7.772369747173256,0.0,8.084625005722046e-05,108.05622333012421,2.4058100243181166,953.1128228774282,1350.0,1500.0,3.583520078100264,0,0,74.59994689935593,2.456929183782278,953.1128228774282,1159.8159156041486,1453.5310039262822,-0.8640141012147069,0,0,82.10788611912938,2.373361016931432,953.1128228774282,1350.0,1453.5310039262822,-0.8640141012147069,0,0,25.948337210994836,2.513527431440677,1116.4481525049189,1453.5310039262822,1500.0,3.583520078100264,0,0,99.65769411807567,4.566756015795352,571.5344219936277,1350.0,1500.0,3.583439231850207,1008,0,66.86968329232218,5.371500969016432,571.5344219936277,1162.2217842175717,1050.7767628847664,3.0972460256889462,1008,0,73.75899843435863,5.011015041440946,571.5344219936277,1350.0,1050.7767628847664,3.0972460256889462,1008,0,25.898695683717037,2.5131859192933064,717.9954559037631,1050.7767628847664,1500.0,3.583439231850207,1008,0
May2024,400.0,True,0.0,2,96.58333333333333,True,7.871739964892377,0.0,3.150198608636856e-05,108.04838520027374,2.4609276455998215,953.6712246035131,1350.0,1500.0,4.107493193820119,0,0,74.55615975740277,2.5292296703535206,953.6712246035131,1156.7387175239828,1455.302643785717,0.5383956031873822,0,0,82.07097780311997,2.4445213950193163,953.6712246035131,1350.0,1455.302643785717,0.5383956031873822,0,0,25.97740739715377,2.516179849314563,1118.5909046755305,1455.302643785717,1500.0,4.107493193820119,0,0,99.54309728104293,4.53561542597826,581.5759747824424,1350.0,1500.0,4.1074616918340325,1008,0,66.70527634286167,5.327050432202065,581.5759747824424,1159.7124328927346,1087.4384115742382,0.6323668891564012,1008,0,73.60205766670036,4.974014626555615,581.5759747824424,1350.0,1087.4384115742382,0.6323668891564012,1008,0,25.94103961434257,2.5152530113189386,754.765980274722,1087.4384115742382,1500.0,4.1074616918340325,1008,0
May2024,400.0,True,0.0,3,96.58333333333333,True,7.825419045209105,0.0,0.0002839956432580948,108.00902795008831,2.3467519973358537,957.7361694266602,1350.0,1500.0,-2.5657951636239886,0,0,74.57980389026875,2.490657563490294,957.7361694266602,1159.6339143850012,1452.922514113542,-2.081554777920246,0,0,82.08937772305781,2.4300992211691628,957.7361694266602,1350.0,1452.922514113542,-2.081554777920246,0,0,25.919650227030502,2.0363767011790816,1118.7535969670412,1452.922514113542,1500.0,-2.5657951636239886,0,0,99.55686890633687,4.5042261108191175,582.8972924315443,1350.0,1500.0,-2.5655111679807305,1008,0,66.78970508904263,5.333297826208101,582.8972924315443,1162.1742742862077,1070.6741801115918,1.6608305061236024,1008,0,73.66161901625618,5.001261410971021,582.8972924315443,1350.0,1070.6741801115918,1.6608305061236024,1008,0,25.89524989008069,2.035795140285934,738.6602269722099,1070.6741801115918,1500.0,-2.5655111679807305,1008,0
May2024,400.0,True,0.0,4,96.58333333333333,True,7.769294275501117,0.0,0.00014709122478961945,108.04443358446638,2.4848934361680595,956.4899726499909,1350.0,1500.0,1.8610784718766809,0,0,74.56561156294195,2.475912576209236,956.4899726499909,1162.2056292493294,1455.3167609222537,-1.3120626546442509,0,0,82.06784030673629,2.439397537109206,956.4899726499909,1350.0,1455.3167609222537,-1.3120626546442509,0,0,25.97659327773009,2.6344281630853414,1117.6039046231808,1455.3167609222537,1500.0,1.8610784718766809,0,0,99.65014359099082,4.559166575511866,577.1811422305735,1350.0,1500.0,1.8612255631014705,1008,0,66.81257766108656,5.325442469215178,577.1811422305735,1164.144028810161,1073.3336293636644,2.6252729361876845,1008,0,73.72313383100614,4.984263167794304,577.1811422305735,1350.0,1073.3336293636644,2.6252729361876845,1008,0,25.927009759984685,2.6313207751397543,740.6046382319051,1073.3336293636644,1500.0,1.8612255631014705,1008,0
May2024,400.0,True,180.0,0,97.33333333333333,True,7.748744691552364,0.0,0.00010040774941444397,109.18323136227419,2.3839385913862303,958.9612841546527,1350.0,1500.0,3.1900602066889405,0,0,74.74161822236123,2.44420043797982,958.9612841546527,1467.1393425285833,1241.3213866678575,2.161776908673346,0,0,82.31417274781731,2.390918353593799,958.9612841546527,1350.0,1241.3213866678575,2.161776908673346,0,0,26.869058614456875,2.3606475124343853,1103.2474536081065,1241.3213866678575,1500.0,3.1900602066889405,0,0,100.72290151802463,4.659836967628934,575.2927706236427,1350.0,1500.0,3.189959798939526,1008,0,66.77966950078932,5.496547956832089,575.2927706236427,1388.6043958534485,883.6729777434238,6.2582119926810265,1008,0,73.89686099641708,5.153978813780791,575.2927706236427,1350.0,883.6729777434238,6.2582119926810265,1008,0,26.826040521607553,2.373696392454528,947.32226714667,883.6729777434238,1500.0,3.189959798939526,1008,0
May2024,400.0,True,180.0,1,97.33333333333333,True,7.7767956875463815,0.0,0.00012562237679958344,109.1444646820698,2.3910351026540506,959.8832481366115,1350.0,1500.0,0.10917264875024557,0,0,74.75269661934733,2.4791361973429087,959.8832481366115,1464.0710643830398,1245.7695000659317,-0.6449240939691663,0,0,82.33109324567029,2.3980495197233367,959.8832481366115,1350.0,1245.7695000659317,-0.6449240939691663,0,0,26.813371436399507,2.367628085284172,1102.2132607171795,1245.7695000659317,1500.0,0.10917264875024557,0,0,100.65652265947901,4.680196294394563,594.4638761321688,1350.0,1500.0,0.10929827112704515,1008,0,66.79176435661903,5.53895727503826,594.4638761321688,1368.9408644589928,876.5849544847938,5.392592715099454,1008,0,73.88497237069207,5.1766388775061705,594.4638761321688,1350.0,876.5849544847938,5.392592715099454,1008,0,26.77155028878694,2.3830463557837707,940.3867179573625,876.5849544847938,1500.0,0.10929827112704515,1008,0
May2024,400.0,True,180.0,2,97.33333333333333,True,7.682868949126787,0.0,0.0001020459458231926,109.15747608478246,2.4000270277460083,947.9940960237817,1350.0,1500.0,3.796628786250949,0,0,74.73111148187263,2.4609308160544643,947.9940960237817,1464.0796633797484,1242.6807830399093,-0.893982820212841,0,0,82.30395187527787,2.385185798302745,947.9940960237817,1350.0,1242.6807830399093,-0.893982820212841,0,0,26.853524209504585,2.4485938688620563,1101.9219080277412,1242.6807830399093,1500.0,3.796628786250949,0,0,100.77105024901421,4.62858442817352,578.9551212173917,1350.0,1500.0,3.7965267403051257,1008,0,66.84319380084655,5.464711782614367,578.9551212173917,1390.5628850011776,867.6769554577019,3.1743463538587093,1008,0,73.95223481720876,5.105578403757213,578.9551212173917,1350.0,867.6769554577019,3.1743463538587093,1008,0,26.818815431805447,2.4552248218467176,931.2612403886312,867.6769554577019,1500.0,3.7965267403051257,1008,0
May2024,400.0,True,180.0,3,97.33333333333333,True,7.631719704489628,0.0,9.008869528770447e-05,109.16146733708428,2.3013994149867165,961.6950417866119,1350.0,1500.0,0.5416800146922469,0,0,74.72048026489753,2.4275300533637,961.6950417866119,1464.2817165164045,1241.6933033138946,-1.6591791911050677,0,0,82.29246252060766,2.3775185467867073,961.6950417866119,1350.0,1241.6933033138946,-1.6591791911050677,0,0,26.869004816476618,2.0286704250874785,1101.203750505748,1241.6933033138946,1500.0,0.5416800146922469,0,0,100.83057012461,4.548913531660348,575.8687862376768,1350.0,1500.0,0.5417701033875346,1008,0,66.87450875235301,5.41480262147471,575.8687862376768,1382.01822983944,899.3416958572453,4.277893322519958,1008,0,73.99624140785266,5.068240763668361,575.8687862376768,1350.0,899.3416958572453,4.277893322519958,1008,0,26.83432871675734,2.032749168940624,959.7700781979231,899.3416958572453,1500.0,0.5417701033875346,1008,0
May2024,400.0,True,180.0,4,97.33333333333333,True,7.6897841057114755,0.0,0.0002212468534708023,109.17889340631403,2.463585951867161,957.8332581933574,1350.0,1500.0,4.446877888403833,0,0,74.73120865869343,2.419807181741398,957.8332581933574,1465.9396104234397,1245.353965898031,-0.9550396436825395,0,0,82.3082370399404,2.4021531408063876,957.8332581933574,1350.0,1245.353965898031,-0.9550396436825395,0,0,26.870656366373638,2.6571410141713043,1100.3501907829514,1245.353965898031,1500.0,4.446877888403833,0,0,100.78327221436362,4.62620737653239,579.0660118569748,1350.0,1500.0,4.446656641550362,1008,0,66.91152314470756,5.398153233084568,579.0660118569748,1361.6939570077286,897.9661478398664,5.3915187399834394,1008,0,73.96451108205342,5.07103065554389,579.0660118569748,1350.0,897.9661478398664,5.3915187399834394,1008,0,26.8187611323102,2.6643849328704072,958.9079663722108,897.9661478398664,1500.0,4.446656641550362,1008,0
May2024,550.0,False,0.0,0,97.0,True,-0.541214627575945,0.0,2.2493302822113037e-05,12.746950014931182,0.9597519582757703,1146.660725580407,1350.0,1500.0,-0.2070166738703847,0,0,8.662459206950931,0.9643951614330717,1146.660725580407,1419.368263410894,1235.9972500287718,0.4615408005192876,0,0,9.469068456783864,0.9462991678332373,1146.660725580407,1350.0,1235.9972500287718,0.4615408005192876,0,0,3.2778815581473175,1.0036333766994294,1156.5558286075368,1235.9972500287718,1500.0,-0.2070166738703847,0,0,12.815938372981783,0.9578078582819126,1146.5508529471003,1350.0,1500.0,-0.2070391671732068,1008,0,8.733911195401348,0.9742191032800418,1146.5508529471003,1419.3132787060458,1236.0355627677948,-0.6088915904983878,1008,0,9.53014149927962,0.9432588684198245,1146.5508529471003,1350.0,1236.0355627677948,-0.6088915904983878,1008,0,3.2857968737021626,1.0051511285277508,1156.5533607837353,1236.0355627677948,1500.0,-0.2070391671732068,1008,0
May2024,550.0,False,0.0,1,97.0,True,-0.6217060705344698,0.0,1.1750496923923492e-05,12.753484583614291,0.8800423158859911,1146.9845676003615,1350.0,1500.0,-1.3326165163889527,0,0,8.661405007618425,0.9018822717832066,1146.9845676003615,1419.5152000348874,1236.039937431222,0.2053802814334631,0,0,9.46975725580468,0.8641716751824318,1146.9845676003615,1350.0,1236.039937431222,0.2053802814334631,0,0,3.2837273278096113,0.9313889113144602,1156.248659760449,1236.039937431222,1500.0,-1.3326165163889527,0,0,12.8327737714753,0.8768876455901838,1146.6831620271591,1350.0,1500.0,-1.3326047658920288,1008,0,8.74125085454639,0.9009719635961707,1146.6831620271591,1419.4725807137213,1236.0601453819954,-0.5252909185364842,1008,0,9.54267303748735,0.8601593001142245,1146.6831620271591,1350.0,1236.0601453819954,-0.5252909185364842,1008,0,3.2901007339879484,0.9308955682274243,1156.2512731168317,1236.0601453819954,1500.0,-1.3326047658920288,1008,0
May2024,550.0,False,0.0,2,97.0,True,-0.5002371196783242,0.0,2.581067383289337e-05,12.769014385793119,0.9129096794588091,1147.731806926049,1350.0,1500.0,0.46876866463571787,0,0,8.65219224343809,0.9189094421931434,1147.731806926049,1419.381623355074,1238.4370014778776,-0.3483040649443865,0,0,9.462568438069734,0.8800697441134394,1147.731806926049,1350.0,1238.4370014778776,-0.3483040649443865,0,0,3.3064459477233843,1.0155025091505712,1155.8969498832541,1238.4370014778776,1500.0,0.46876866463571787,0,0,12.832889735567921,0.9147205642388996,1147.0387876948075,1350.0,1500.0,0.468742853961885,1008,0,8.725660491212038,0.9285542719623223,1147.0387876948075,1419.2652629339234,1237.2852748773203,-0.5065583344548941,1008,0,9.524672011008642,0.8819240759565079,1147.0387876948075,1350.0,1237.2852748773203,-0.5065583344548941,1008,0,3.308217724559279,1.0172006310808237,1155.8928487565317,1237.2852748773203,1500.0,0.468742853961885,1008,0
May2024,550.0,False,0.0,3,97.0,True,-0.6684783619832243,0.0,5.6265853345394135e-05,12.754959789193059,0.9291939930470804,1146.5917529403714,1350.0,1500.0,-0.6632581483572721,0,0,8.666517978244736,0.9751779244501584,1146.908531505045,1419.586470815152,1237.142797871695,0.1487026195973158,0,0,9.468419406293966,0.9355582102361926,1146.5917529403714,1350.0,1237.142797871695,0.1487026195973158,0,0,3.2865403828990924,0.9074833579459523,1155.0472764818544,1237.142797871695,1500.0,-0.6632581483572721,0,0,12.840223935463476,0.9198837977062186,1146.8251365902302,1350.0,1500.0,-0.6633144142106175,1008,0,8.758673312338015,0.9686593514581473,1147.04627039554,1419.483605500113,1236.344955103004,-0.18923608027398586,1008,0,9.550201132853642,0.9235058090441975,1146.8251365902302,1350.0,1236.344955103004,-0.18923608027398586,1008,0,3.2900228026098333,0.9076079698935998,1155.0441585950541,1236.344955103004,1500.0,-0.6633144142106175,1008,0
May2024,550.0,False,0.0,4,97.0,True,-0.6050205718883515,0.0,3.8137659430503845e-05,12.763952275125229,0.9579891174373227,1146.8658413755213,1350.0,1500.0,1.0290615251287818,0,0,8.664257538832626,0.9508383187091921,1147.9917482580413,1419.4727421849427,1237.4692967035244,0.45216676965355873,0,0,9.46655507218462,0.9224988292789273,1146.8658413755213,1350.0,1237.4692967035244,0.45216676965355873,0,0,3.2973972029406085,1.0686376316268447,1155.5350084040397,1237.4692967035244,1500.0,1.0290615251287818,0,0,12.841176812175748,0.9780024495744988,1146.981361330864,1350.0,1500.0,1.0290996627882123,1008,0,8.748716527455752,0.9844254355634849,1147.6544797513247,1419.40023566045,1236.477381398576,0.12514051888138056,1008,0,9.542996647939182,0.9491115142074391,1146.981361330864,1350.0,1236.477381398576,0.12514051888138056,1008,0,3.298180164236566,1.0693739155606874,1155.5371565574833,1236.477381398576,1500.0,1.0290996627882123,1008,0
May2024,550.0,False,180.0,0,96.25,True,-0.713667742140083,0.0,8.87550413608551e-05,12.653535335514318,0.9256280644716727,1048.3521852516526,1350.0,1500.0,-0.8035203060135245,0,0,8.68559069038373,0.9263084184088114,1147.2333002507219,1294.848816429652,1413.209895588256,0.5418404843658209,0,0,9.45819714368911,0.9029103272315706,1048.3521852516526,1350.0,1413.209895588256,0.5418404843658209,0,0,3.1953381918252077,1.0003396073703867,1155.1960645405927,1413.209895588256,1500.0,-0.8035203060135245,0,0,12.743839535444181,0.9381958419781582,1047.9695279461066,1350.0,1500.0,-0.8034315509721637,1008,0,8.761071601298413,0.9495071239816665,1147.537815290027,1364.3767341776202,1462.622205820783,0.1136435093358159,1008,0,9.548416663919996,0.9200934584259605,1047.9695279461066,1350.0,1462.622205820783,0.1136435093358159,1008,0,3.195422871524185,0.9983665522172654,1155.1984070913122,1462.622205820783,1500.0,-0.8034315509721637,1008,0
May2024,550.0,False,180.0,1,96.25,True,-0.46582363640750396,0.0,4.408974200487137e-05,12.661497447270936,0.9218151263407739,1048.5041115938952,1350.0,1500.0,-0.4418049566447735,0,0,8.683869382382722,0.9581667442020709,1147.7199737501758,1294.2058539581399,1412.7282795059996,0.2744877627119422,0,0,9.460647475926905,0.9111477200767278,1048.5041115938952,1350.0,1412.7282795059996,0.2744877627119422,0,0,3.200849971344031,0.9578480911515133,1155.2938932754057,1412.7282795059996,1500.0,-0.4418049566447735,0,0,12.720477695103456,0.8995194755624324,1048.1166925802268,1350.0,1500.0,-0.4417608669027686,1008,0,8.733167171429605,0.9353031458032142,1147.3777951744273,1363.0189307212931,1460.708054397495,0.29206926096230745,1008,0,9.521564629732751,0.8824232867402605,1048.1166925802268,1350.0,1460.708054397495,0.29206926096230745,1008,0,3.1989130653707054,0.9563794015344355,1155.2949249128626,1460.708054397495,1500.0,-0.4417608669027686,1008,0
May2024,550.0,False,180.0,2,96.25,True,-0.6309384625807684,0.0,0.0001194411888718605,12.655516707655215,0.9100266987362501,1047.639091044631,1350.0,1500.0,-1.44113939255476,0,0,8.676634367628134,0.9250005846103108,1147.596220976941,1294.5259297903585,1412.4112567467646,-0.20424533169716597,0,0,9.451192278392842,0.8837149715325333,1047.639091044631,1350.0,1412.4112567467646,-0.20424533169716597,0,0,3.204324429262373,0.9958077993698802,1155.4902612309254,1412.4112567467646,1500.0,-1.44113939255476,0,0,12.735365230202147,0.9161429003116047,1047.650512409457,1350.0,1500.0,-1.4410199513658881,1008,0,8.751115494201287,0.9428343888382262,1147.3689336490543,1364.089324920872,1463.0499557128803,0.07953698001801968,1008,0,9.537029897607994,0.8930164006204167,1047.650512409457,1350.0,1463.0499557128803,0.07953698001801968,1008,0,3.1983353325941533,0.992091965175969,1155.493068122028,1463.0499557128803,1500.0,-1.4410199513658881,1008,0
May2024,550.0,False,180.0,3,96.25,True,-0.6107626626164275,0.0,5.8514997363090515e-05,12.666773592961878,0.9210151702342871,1047.808136666058,1350.0,1500.0,-1.2791517805308104,0,0,8.688992204135777,0.9523676906895671,1148.5800362818782,1294.3228359837387,1413.4761415543983,0.0641738809645176,0,0,9.456167080303624,0.9141630986854697,1047.808136666058,1350.0,1413.4761415543983,0.0641738809645176,0,0,3.210606512658254,0.9443658823243553,1154.8389834044442,1413.4761415543983,1500.0,-1.2791517805308104,0,0,12.744137516625846,0.9684434654626365,1047.5489955502553,1350.0,1500.0,-1.2790932655334473,1008,0,8.758188095183995,1.0287423633493205,1147.8822446680053,1361.9620305222813,1462.9791477856174,0.28074949607253075,1008,0,9.537444771684003,0.9755323258017089,1047.5489955502553,1350.0,1462.9791477856174,0.28074949607253075,1008,0,3.2066927449418436,0.9434765380545833,1154.840109498619,1462.9791477856174,1500.0,-1.2790932655334473,1008,0
May2024,550.0,False,180.0,4,96.25,True,-0.6838482326341725,0.0,0.00011637434363365173,12.671878717203969,0.9821250182870732,1048.1088708552659,1350.0,1500.0,0.058686286211013794,0,0,8.683238010122032,0.9690275807498085,1147.7441022909704,1293.58052946405,1413.203861807655,0.41172549221664667,0,0,9.45386022860699,0.9420635861933933,1048.1088708552659,1350.0,1413.203861807655,0.41172549221664667,0,0,3.2180184885969787,1.1097694516501884,1155.379927488618,1413.203861807655,1500.0,0.058686286211013794,0,0,12.758535135853114,1.0038083415530619,1047.9111182898612,1350.0,1500.0,0.058802660554647446,1008,0,8.764613071545348,1.0041479976904721,1147.6034199515004,1361.6650484556046,1462.1751562986958,0.6881963266059756,1008,0,9.547624658944095,0.9709237483516143,1047.9111182898612,1350.0,1462.1751562986958,0.6881963266059756,1008,0,3.210910476909019,1.1102125780814964,1155.3827762127428,1462.1751562986958,1500.0,0.058802660554647446,1008,0
May2024,550.0,True,0.0,0,97.0,True,-0.18369848015275864,0.0,2.25091353058815e-05,12.969857253689847,0.9694499077692845,985.7796306161104,1350.0,1500.0,-0.2070164829492569,0,0,8.885366459970225,0.9789696618117917,985.7796306161104,1419.368263410894,1235.9972495231284,0.4615436131134629,0,0,9.691975709803158,0.9590409073211321,985.7796306161104,1350.0,1235.9972495231284,0.4615436131134629,0,0,3.2778815438866893,1.0036337116610559,1156.5558289146832,1235.9972495231284,1500.0,-0.2070164829492569,0,0,12.993682684342858,0.9685693024546963,1051.498730750255,1350.0,1500.0,-0.20703899208456278,1008,0,8.911655508729586,0.9901951800071312,1051.498730750255,1419.3132787060458,1236.0355664233346,-0.6088899802416563,1008,0,9.70788581260786,0.9574119019411546,1051.498730750255,1350.0,1236.0355664233346,-0.6088899802416563,1008,0,3.2857968717349983,1.005151403729314,1156.5533634721548,1236.0355664233346,1500.0,-0.20703899208456278,1008,0
May2024,550.0,True,0.0,1,97.0,True,-0.3284968506784703,0.0,1.1865980923175812e-05,12.976062633322114,0.8891722690178926,987.0409472461645,1350.0,1500.0,-1.3326171701774001,0,0,8.883983046850743,0.9153386969617181,987.0409472461645,1419.5152000348874,1236.039935894111,0.20537958201020956,0,0,9.692335295036997,0.8762149587292006,987.0409472461645,1350.0,1236.039935894111,0.20537958201020956,0,0,3.283727338285116,0.9313894005685952,1156.2486580992982,1236.039935894111,1500.0,-1.3326171701774001,0,0,13.018688590414643,0.8878142067414468,1051.2665298159857,1350.0,1500.0,-1.332605304196477,1008,0,8.927165624943115,0.917028466045991,1051.2665298159857,1419.4725807137213,1236.0601484873077,-0.525296731851995,1008,0,9.728587807884075,0.8745825552084744,1051.2665298159857,1350.0,1236.0601484873077,-0.525296731851995,1008,0,3.2901007825305673,0.9308959750030777,1156.251272317672,1236.0601484873077,1500.0,-1.332605304196477,1008,0
May2024,550.0,True,0.0,2,97.0,True,-0.16281534795216243,0.0,2.588331699371338e-05,12.99142982412386,0.9212446911826632,987.7135759851246,1350.0,1500.0,0.4687691470608115,0,0,8.874607737298131,0.9314174422416445,987.7135759851246,1419.381623355074,1238.436996241126,-0.348298117518425,0,0,9.684983931929775,0.8912689680681442,987.7135759851246,1350.0,1238.436996241126,-0.348298117518425,0,0,3.306445892194086,1.015502491645369,1155.8969488295372,1238.436996241126,1500.0,0.4687691470608115,0,0,13.012581865795969,0.9266134689451775,1050.8954168527953,1350.0,1500.0,0.4687432637438178,1008,0,8.905352636534731,0.9462373888569962,1050.8954168527953,1419.2652629339234,1237.285275547691,-0.5065565034747124,1008,0,9.704364156331335,0.8978898668394495,1050.8954168527953,1350.0,1237.285275547691,-0.5065565034747124,1008,0,3.3082177094646337,1.0172009217614402,1155.8928501515243,1237.285275547691,1500.0,0.4687432637438178,1008,0
May2024,550.0,True,0.0,3,97.0,True,-0.35513751929696846,0.0,5.6257471442222595e-05,12.977414450079248,0.9432461935266065,986.2840105023954,1350.0,1500.0,-0.6632579872384667,0,0,8.888972702752637,0.9953918199452615,986.2840105023954,1419.586470815152,1237.142786985311,0.14870994724333286,0,0,9.690874130801868,0.9536307685035397,986.2840105023954,1350.0,1237.142786985311,0.14870994724333286,0,0,3.28654031927738,0.9074840078631998,1155.0472716874729,1237.142786985311,1500.0,-0.6632579872384667,0,0,13.023502117826146,0.9386840588619513,1050.4784606143346,1350.0,1500.0,-0.663314244709909,1008,0,8.941951495693917,0.9955894378141187,1050.4784606143346,1419.483605500113,1236.3449535112686,-0.1892361594364047,1008,0,9.733479316209545,0.9477360386345476,1050.4784606143346,1350.0,1236.3449535112686,-0.1892361594364047,1008,0,3.290022801616601,0.9076083690130988,1155.044157666198,1236.3449535112686,1500.0,-0.663314244709909,1008,0
May2024,550.0,True,0.0,4,97.0,True,-0.2815296542356833,0.0,3.8096681237220764e-05,12.986324157134137,0.9660383212326469,988.0116303249371,1350.0,1500.0,1.0290619097650051,0,0,8.886629443400963,0.9630880777910071,988.0116303249371,1419.4727421849427,1237.4692951249008,0.45216915756464005,0,0,9.688926976752958,0.933327339123821,988.0116303249371,1350.0,1237.4692951249008,0.45216915756464005,0,0,3.2973971803811786,1.068638024917867,1155.5350079500984,1237.4692951249008,1500.0,1.0290619097650051,0,0,13.022884510631641,0.9858178672569816,1051.7514494165262,1350.0,1500.0,1.0291000064462423,1008,0,8.930424200279953,0.9961568249127148,1051.7514494165262,1419.40023566045,1236.4773877192283,0.1251385174691677,1008,0,9.724704320763383,0.959545916017639,1051.7514494165262,1350.0,1236.4773877192283,0.1251385174691677,1008,0,3.2981801898682583,1.0693743197115486,1155.537158896193,1236.4773877192283,1500.0,1.0291000064462423,1008,0
May2024,550.0,True,180.0,0,96.25,True,-0.37577637214414267,0.0,8.872523903846741e-05,12.875339900078817,0.9299821926586022,981.7101078867354,1350.0,1500.0,-0.8035201178863645,0,0,8.907395160862396,0.9328421042781875,981.7101078867354,1294.848816429652,1413.2098796215444,0.5418365346267819,0,0,9.680001614167777,0.9086577263936934,981.7101078867354,1350.0,1413.2098796215444,0.5418365346267819,0,0,3.19533828591104,1.0003400465436825,1155.1960633767455,1413.2098796215444,1500.0,-0.8035201178863645,0,0,12.92372238525656,0.9480330376014021,1040.3484632510354,1350.0,1500.0,-0.803431392647326,1008,0,8.940954390851617,0.9640854746931158,1040.3484632510354,1364.3767341776202,1462.6222498501932,0.11364076286554337,1008,0,9.7282994534732,0.9329971635082898,1040.3484632510354,1350.0,1462.6222498501932,0.11364076286554337,1008,0,3.1954229317833605,0.9983668607357171,1155.1984063516109,1462.6222498501932,1500.0,-0.803431392647326,1008,0
May2024,550.0,True,180.0,1,96.25,True,-0.12411889171301521,0.0,4.405435174703598e-05,12.882816063755415,0.9343734572213901,981.8983007354927,1350.0,1500.0,-0.4418047349900007,0,0,8.90518789569184,0.9762836697801637,981.8983007354927,1294.2058539581399,1412.7282672495107,0.2744798185303807,0,0,9.681965989236023,0.9274857672927921,981.8983007354927,1350.0,1412.7282672495107,0.2744798185303807,0,0,3.2008500745193924,0.9578490073048355,1155.2938918141026,1412.7282672495107,1500.0,-0.4418047349900007,0,0,12.898806072275175,0.9177046559335595,1041.0184693717515,1350.0,1500.0,-0.4417606806382537,1008,0,8.911495437419434,0.9614967950898279,1041.0184693717515,1363.0189307212931,1460.708203236151,0.2920587509870529,1008,0,9.69989289572258,0.9062324420669284,1041.0184693717515,1350.0,1460.708203236151,0.2920587509870529,1008,0,3.198913176552594,0.9563801085059174,1155.2949238666308,1460.708203236151,1500.0,-0.4417606806382537,1008,0
May2024,550.0,True,180.0,2,96.25,True,-0.277828073076877,0.0,0.00011954829096794128,12.877813689780748,0.9214123974195736,979.39784249146,1350.0,1500.0,-1.4411399150267243,0,0,8.898931289279517,0.9417940936589858,979.39784249146,1294.5259297903585,1412.4112443740844,-0.20424684789031744,0,0,9.673489200044225,0.8987900800762597,979.39784249146,1350.0,1412.4112443740844,-0.20424684789031744,0,0,3.204324489736523,0.9958088291397614,1155.4902591066975,1412.4112443740844,1500.0,-1.4411399150267243,0,0,12.913591871409496,0.9328889617204613,1040.797000750429,1350.0,1500.0,-1.4410203667357564,1008,0,8.929342080863174,0.967207163677965,1040.797000750429,1364.089324920872,1463.0499852174282,0.07953473739326,1008,0,9.715256484269881,0.9150851731321005,1040.797000750429,1350.0,1463.0499852174282,0.07953473739326,1008,0,3.1983353871396147,0.9920927176422534,1155.4930665269262,1463.0499852174282,1500.0,-1.4410203667357564,1008,0
May2024,550.0,True,180.0,3,96.25,True,-0.2671362272856073,0.0,5.856342613697052e-05,12.888242903307406,0.931214930821617,985.2901579084848,1350.0,1500.0,-1.279152044095099,0,0,8.91046147628069,0.9671649580184992,985.2901579084848,1294.3228359837387,1413.4761364065434,0.06417132075875998,0,0,9.677636352448536,0.9273835871098262,985.2901579084848,1350.0,1413.4761364065434,0.06417132075875998,0,0,3.21060655085887,0.9443662217204755,1154.8389830345545,1413.4761364065434,1500.0,-1.279152044095099,0,0,12.922672069162706,0.9875643909753158,1039.3921473884384,1350.0,1500.0,-1.279093480668962,1008,0,8.936722600901746,1.0557185071690125,1039.3921473884384,1361.9620305222813,1462.979164003443,0.28074588160961866,1008,0,9.715979277401754,0.9999305353134986,1039.3921473884384,1350.0,1462.979164003443,0.28074588160961866,1008,0,3.2066927917609522,0.943476802448849,1154.8401091332612,1462.979164003443,1500.0,-1.279093480668962,1008,0
May2024,550.0,True,180.0,4,96.25,True,-0.3163491276410247,0.0,0.00011633429676294327,12.893544236359626,0.990238038490942,982.7321726042451,1350.0,1500.0,0.05868648178875446,0,0,8.904903448900855,0.9813624020358009,982.7321726042451,1293.58052946405,1413.2038468374637,0.4117213524878025,0,0,9.675525667385813,0.9529452745698316,982.7321726042451,1350.0,1413.2038468374637,0.4117213524878025,0,0,3.2180185689738128,1.1097702301866146,1155.3799271271866,1413.2038468374637,1500.0,0.05868648178875446,0,0,12.934332851073359,1.0167626867966861,1041.5055183776003,1350.0,1500.0,0.058802816085517406,1008,0,8.940410732425086,1.0235557688839352,1041.5055183776003,1361.6650484556046,1462.1751943742365,0.6881940308958292,1008,0,9.723422319823834,0.9881418160431107,1041.5055183776003,1350.0,1462.1751943742365,0.6881940308958292,1008,0,3.2109105312495245,1.1102131628353693,1155.382775974461,1462.1751943742365,1500.0,0.058802816085517406,1008,0
